query_id,query_text,query_type,system,rank,image_id,caption_snippet
q1_1,handover failure call flow between UE and eNodeB,q1,final,1,image_0.png,TNL Update: Unsuccessful operation.
q1_1,handover failure call flow between UE and eNodeB,q1,final,2,image_1466.jpeg,"SgNB Change, unsuccessful operation."
q1_1,handover failure call flow between UE and eNodeB,q1,final,3,image_1465.jpeg,"SgNB initiated SgNB Modification, unsuccessful operation."
q1_1,handover failure call flow between UE and eNodeB,q1,final,4,image_1463.jpeg,"MeNB initiated SgNB Modification Preparation, unsuccessful operation"
q1_1,handover failure call flow between UE and eNodeB,q1,final,5,image_925.jpeg,Service Update
q1_1,handover failure call flow between UE and eNodeB,q1,final,6,image_926.jpeg,Service Update
q1_1,handover failure call flow between UE and eNodeB,q1,final,7,image_927.jpeg,Service Update
q1_1,handover failure call flow between UE and eNodeB,q1,final,8,image_1002.png,Operation description
q1_1,handover failure call flow between UE and eNodeB,q1,final,9,image_1595.jpeg,Procedures for unsuccessful SBI-based SM MO message transfer
q1_1,handover failure call flow between UE and eNodeB,q1,final,10,image_912.png,Video Operation Points
q1_1,handover failure call flow between UE and eNodeB,q1,BM25,1,image_0.png,TNL Update: Unsuccessful operation.
q1_1,handover failure call flow between UE and eNodeB,q1,BM25,2,image_1466.jpeg,"SgNB Change, unsuccessful operation."
q1_1,handover failure call flow between UE and eNodeB,q1,BM25,3,image_1465.jpeg,"SgNB initiated SgNB Modification, unsuccessful operation."
q1_1,handover failure call flow between UE and eNodeB,q1,BM25,4,image_1463.jpeg,"MeNB initiated SgNB Modification Preparation, unsuccessful operation"
q1_1,handover failure call flow between UE and eNodeB,q1,BM25,5,image_1002.png,Operation description
q1_1,handover failure call flow between UE and eNodeB,q1,BM25,6,image_925.jpeg,Service Update
q1_1,handover failure call flow between UE and eNodeB,q1,BM25,7,image_926.jpeg,Service Update
q1_1,handover failure call flow between UE and eNodeB,q1,BM25,8,image_927.jpeg,Service Update
q1_1,handover failure call flow between UE and eNodeB,q1,BM25,9,image_912.png,Video Operation Points
q1_1,handover failure call flow between UE and eNodeB,q1,BM25,10,image_913.png,Audio Operation Points
q1_1,handover failure call flow between UE and eNodeB,q1,BGE,1,image_0.png,TNL Update: Unsuccessful operation.
q1_1,handover failure call flow between UE and eNodeB,q1,BGE,2,image_1466.jpeg,"SgNB Change, unsuccessful operation."
q1_1,handover failure call flow between UE and eNodeB,q1,BGE,3,image_1465.jpeg,"SgNB initiated SgNB Modification, unsuccessful operation."
q1_1,handover failure call flow between UE and eNodeB,q1,BGE,4,image_1463.jpeg,"MeNB initiated SgNB Modification Preparation, unsuccessful operation"
q1_1,handover failure call flow between UE and eNodeB,q1,BGE,5,image_2250.jpeg,MT-SMS Delivery Failure
q1_1,handover failure call flow between UE and eNodeB,q1,BGE,6,image_136.jpeg,HO procedure caused by false base station C
q1_1,handover failure call flow between UE and eNodeB,q1,BGE,7,image_1322.jpeg,Procedure of updating MOI(s) after a VNF is scaled (Triggered by NM)
q1_1,handover failure call flow between UE and eNodeB,q1,BGE,8,image_2570.jpeg,Mobile Terminated NIDD procedure
q1_1,handover failure call flow between UE and eNodeB,q1,BGE,9,image_39.jpeg,UL cell site scenario: Ec/No at serving NB
q1_1,handover failure call flow between UE and eNodeB,q1,BGE,10,image_562.jpeg,SN Modification procedure - SN initiated with MN involvement
q1_2,RRC connection establishment procedure ladder diagram,q1,final,1,image_1.jpeg,1.28Mcps TDD Home NodeB Timing according to Macro Node B’s DwPCH
q1_2,RRC connection establishment procedure ladder diagram,q1,final,2,image_3422.jpeg,IAB architecture; a) IAB-node using SA mode with NGC; b) IAB-node using EN-DC
q1_2,RRC connection establishment procedure ladder diagram,q1,final,3,image_3456.jpeg,Timing offset scheme for PRACH preamble format 0 and 2
q1_2,RRC connection establishment procedure ladder diagram,q1,final,4,image_580.jpeg,eNB to Master Node change
q1_2,RRC connection establishment procedure ladder diagram,q1,final,5,image_1413.jpeg,Frame structure type 2 (for 5 ms switch-point periodicity)
q1_2,RRC connection establishment procedure ladder diagram,q1,final,6,image_3455.jpeg,Timing offset scheme for PRACH preamble format 0 and format 2
q1_2,RRC connection establishment procedure ladder diagram,q1,final,7,image_511.png,Alignment of TD-SCDMA and E-UTRA TDD
q1_2,RRC connection establishment procedure ladder diagram,q1,final,8,image_3357.jpeg,"Roaming architecture for local breakout, with home operator's application functions"
q1_2,RRC connection establishment procedure ladder diagram,q1,final,9,image_578.jpeg,Master Node to eNB Change procedure
q1_2,RRC connection establishment procedure ladder diagram,q1,final,10,image_863.png,FEC Framework configuration information according to TS 26.346 Clause 8A.5
q1_2,RRC connection establishment procedure ladder diagram,q1,BM25,1,image_1.jpeg,1.28Mcps TDD Home NodeB Timing according to Macro Node B’s DwPCH
q1_2,RRC connection establishment procedure ladder diagram,q1,BM25,2,image_3422.jpeg,IAB architecture; a) IAB-node using SA mode with NGC; b) IAB-node using EN-DC
q1_2,RRC connection establishment procedure ladder diagram,q1,BM25,3,image_580.jpeg,eNB to Master Node change
q1_2,RRC connection establishment procedure ladder diagram,q1,BM25,4,image_3357.jpeg,"Roaming architecture for local breakout, with home operator's application functions"
q1_2,RRC connection establishment procedure ladder diagram,q1,BM25,5,image_578.jpeg,Master Node to eNB Change procedure
q1_2,RRC connection establishment procedure ladder diagram,q1,BM25,6,image_863.png,FEC Framework configuration information according to TS 26.346 Clause 8A.5
q1_2,RRC connection establishment procedure ladder diagram,q1,BM25,7,image_511.png,Alignment of TD-SCDMA and E-UTRA TDD
q1_2,RRC connection establishment procedure ladder diagram,q1,BM25,8,image_385.jpeg,Procedure for AAA-S triggered Authorization Revocation to use S-NSSAI for
q1_2,RRC connection establishment procedure ladder diagram,q1,BM25,9,image_386.jpeg,Procedure for AAA-S triggered Authorization Revocation to use S-NSSAI for Relay
q1_2,RRC connection establishment procedure ladder diagram,q1,BM25,10,image_557.jpeg,Secondary Node Addition procedure
q1_2,RRC connection establishment procedure ladder diagram,q1,BGE,1,image_1.jpeg,1.28Mcps TDD Home NodeB Timing according to Macro Node B’s DwPCH
q1_2,RRC connection establishment procedure ladder diagram,q1,BGE,2,image_1413.jpeg,Frame structure type 2 (for 5 ms switch-point periodicity)
q1_2,RRC connection establishment procedure ladder diagram,q1,BGE,3,image_3456.jpeg,Timing offset scheme for PRACH preamble format 0 and 2
q1_2,RRC connection establishment procedure ladder diagram,q1,BGE,4,image_555.jpeg,MBS Measurement Time
q1_2,RRC connection establishment procedure ladder diagram,q1,BGE,5,image_556.jpeg,WLAN Measurement Time
q1_2,RRC connection establishment procedure ladder diagram,q1,BGE,6,image_3455.jpeg,Timing offset scheme for PRACH preamble format 0 and format 2
q1_2,RRC connection establishment procedure ladder diagram,q1,BGE,7,image_2804.jpeg,MCPTT: Ongoing Group Call – Second UE in a cell
q1_2,RRC connection establishment procedure ladder diagram,q1,BGE,8,image_2805.jpeg,MCPTT: Ongoing Group Call – First UE in a cell
q1_2,RRC connection establishment procedure ladder diagram,q1,BGE,9,image_3497.jpeg,Model for Test Mode Control and UE Test Loop Mode B on UE side when NE-DC
q1_2,RRC connection establishment procedure ladder diagram,q1,BGE,10,image_3496.jpeg,Model for Test Mode Control and UE Test Loop Mode B on UE side when NE-DC
q1_3,NAS authentication and key agreement,q1,final,1,image_2.png,UE Registration for non CSG UEs or non CSG HNBs.
q1_3,NAS authentication and key agreement,q1,final,2,image_3.jpeg,UE Registration for CSG UEs and CSG or Hybrid HNBs.
q1_3,NAS authentication and key agreement,q1,final,3,image_3079.jpeg,Non-MSGin5G UE registration
q1_3,NAS authentication and key agreement,q1,final,4,image_4.jpeg,UE Registration to open access HNBs.
q1_3,NAS authentication and key agreement,q1,final,5,image_12.png,Enhanced Relocation from RNC to Hybrid HNB for CSG UEs.
q1_3,NAS authentication and key agreement,q1,final,6,image_11.jpeg,Enhanced Relocation from RNC to Open Access HNB for CSG UEs.
q1_3,NAS authentication and key agreement,q1,final,7,image_3402.jpeg,"Notification of the ECGI, TAI and/or user CSG information changes"
q1_3,NAS authentication and key agreement,q1,final,8,image_1531.jpeg,The Allowed CSG List Management Object
q1_3,NAS authentication and key agreement,q1,final,9,image_1054.jpeg,UE Policy Association Establishment procedure - Non-roaming
q1_3,NAS authentication and key agreement,q1,final,10,image_1377.jpeg,Mobility to HeNB's CSG and hybrid cells.
q1_3,NAS authentication and key agreement,q1,BM25,1,image_2.png,UE Registration for non CSG UEs or non CSG HNBs.
q1_3,NAS authentication and key agreement,q1,BM25,2,image_3.jpeg,UE Registration for CSG UEs and CSG or Hybrid HNBs.
q1_3,NAS authentication and key agreement,q1,BM25,3,image_12.png,Enhanced Relocation from RNC to Hybrid HNB for CSG UEs.
q1_3,NAS authentication and key agreement,q1,BM25,4,image_3079.jpeg,Non-MSGin5G UE registration
q1_3,NAS authentication and key agreement,q1,BM25,5,image_11.jpeg,Enhanced Relocation from RNC to Open Access HNB for CSG UEs.
q1_3,NAS authentication and key agreement,q1,BM25,6,image_4.jpeg,UE Registration to open access HNBs.
q1_3,NAS authentication and key agreement,q1,BM25,7,image_3402.jpeg,"Notification of the ECGI, TAI and/or user CSG information changes"
q1_3,NAS authentication and key agreement,q1,BM25,8,image_1531.jpeg,The Allowed CSG List Management Object
q1_3,NAS authentication and key agreement,q1,BM25,9,image_1377.jpeg,Mobility to HeNB's CSG and hybrid cells.
q1_3,NAS authentication and key agreement,q1,BM25,10,image_2218.jpeg,UE or network requested PDU Session Modification (for non-roaming and roaming
q1_3,NAS authentication and key agreement,q1,BGE,1,image_2.png,UE Registration for non CSG UEs or non CSG HNBs.
q1_3,NAS authentication and key agreement,q1,BGE,2,image_3.jpeg,UE Registration for CSG UEs and CSG or Hybrid HNBs.
q1_3,NAS authentication and key agreement,q1,BGE,3,image_3079.jpeg,Non-MSGin5G UE registration
q1_3,NAS authentication and key agreement,q1,BGE,4,image_4.jpeg,UE Registration to open access HNBs.
q1_3,NAS authentication and key agreement,q1,BGE,5,image_3277.jpeg,UE initiates the registration on behalf of the PNE
q1_3,NAS authentication and key agreement,q1,BGE,6,image_11.jpeg,Enhanced Relocation from RNC to Open Access HNB for CSG UEs.
q1_3,NAS authentication and key agreement,q1,BGE,7,image_1054.jpeg,UE Policy Association Establishment procedure - Non-roaming
q1_3,NAS authentication and key agreement,q1,BGE,8,image_1639.jpeg,Single Registration Procedure between UDM and HSS FE
q1_3,NAS authentication and key agreement,q1,BGE,9,image_2748.jpeg,IMS Termination via CS Access for non ICS UE not registered in IMS
q1_3,NAS authentication and key agreement,q1,BGE,10,image_12.png,Enhanced Relocation from RNC to Hybrid HNB for CSG UEs.
q1_4,5G system architecture block diagram,q1,final,1,image_3.jpeg,UE Registration for CSG UEs and CSG or Hybrid HNBs.
q1_4,5G system architecture block diagram,q1,final,2,image_2.png,UE Registration for non CSG UEs or non CSG HNBs.
q1_4,5G system architecture block diagram,q1,final,3,image_12.png,Enhanced Relocation from RNC to Hybrid HNB for CSG UEs.
q1_4,5G system architecture block diagram,q1,final,4,image_1377.jpeg,Mobility to HeNB's CSG and hybrid cells.
q1_4,5G system architecture block diagram,q1,final,5,image_4.jpeg,UE Registration to open access HNBs.
q1_4,5G system architecture block diagram,q1,final,6,image_11.jpeg,Enhanced Relocation from RNC to Open Access HNB for CSG UEs.
q1_4,5G system architecture block diagram,q1,final,7,image_3402.jpeg,"Notification of the ECGI, TAI and/or user CSG information changes"
q1_4,5G system architecture block diagram,q1,final,8,image_10.jpeg,Enhanced Relocation from Open Access and Hybrid HNBs to RNC.
q1_4,5G system architecture block diagram,q1,final,9,image_1531.jpeg,The Allowed CSG List Management Object
q1_4,5G system architecture block diagram,q1,final,10,image_3079.jpeg,Non-MSGin5G UE registration
q1_4,5G system architecture block diagram,q1,BM25,1,image_3.jpeg,UE Registration for CSG UEs and CSG or Hybrid HNBs.
q1_4,5G system architecture block diagram,q1,BM25,2,image_2.png,UE Registration for non CSG UEs or non CSG HNBs.
q1_4,5G system architecture block diagram,q1,BM25,3,image_12.png,Enhanced Relocation from RNC to Hybrid HNB for CSG UEs.
q1_4,5G system architecture block diagram,q1,BM25,4,image_1377.jpeg,Mobility to HeNB's CSG and hybrid cells.
q1_4,5G system architecture block diagram,q1,BM25,5,image_11.jpeg,Enhanced Relocation from RNC to Open Access HNB for CSG UEs.
q1_4,5G system architecture block diagram,q1,BM25,6,image_3402.jpeg,"Notification of the ECGI, TAI and/or user CSG information changes"
q1_4,5G system architecture block diagram,q1,BM25,7,image_4.jpeg,UE Registration to open access HNBs.
q1_4,5G system architecture block diagram,q1,BM25,8,image_1531.jpeg,The Allowed CSG List Management Object
q1_4,5G system architecture block diagram,q1,BM25,9,image_10.jpeg,Enhanced Relocation from Open Access and Hybrid HNBs to RNC.
q1_4,5G system architecture block diagram,q1,BM25,10,image_1872.jpeg,Procedure for NWDAF assisted misused or hijacked UEs identification
q1_4,5G system architecture block diagram,q1,BGE,1,image_3.jpeg,UE Registration for CSG UEs and CSG or Hybrid HNBs.
q1_4,5G system architecture block diagram,q1,BGE,2,image_2.png,UE Registration for non CSG UEs or non CSG HNBs.
q1_4,5G system architecture block diagram,q1,BGE,3,image_12.png,Enhanced Relocation from RNC to Hybrid HNB for CSG UEs.
q1_4,5G system architecture block diagram,q1,BGE,4,image_4.jpeg,UE Registration to open access HNBs.
q1_4,5G system architecture block diagram,q1,BGE,5,image_11.jpeg,Enhanced Relocation from RNC to Open Access HNB for CSG UEs.
q1_4,5G system architecture block diagram,q1,BGE,6,image_1639.jpeg,Single Registration Procedure between UDM and HSS FE
q1_4,5G system architecture block diagram,q1,BGE,7,image_3277.jpeg,UE initiates the registration on behalf of the PNE
q1_4,5G system architecture block diagram,q1,BGE,8,image_3719.png,HNB Registration procedure flow
q1_4,5G system architecture block diagram,q1,BGE,9,image_1377.jpeg,Mobility to HeNB's CSG and hybrid cells.
q1_4,5G system architecture block diagram,q1,BGE,10,image_3079.jpeg,Non-MSGin5G UE registration
q1_5,dedicated bearer activation call flow,q1,final,1,image_4.jpeg,UE Registration to open access HNBs.
q1_5,dedicated bearer activation call flow,q1,final,2,image_10.jpeg,Enhanced Relocation from Open Access and Hybrid HNBs to RNC.
q1_5,dedicated bearer activation call flow,q1,final,3,image_3.jpeg,UE Registration for CSG UEs and CSG or Hybrid HNBs.
q1_5,dedicated bearer activation call flow,q1,final,4,image_2.png,UE Registration for non CSG UEs or non CSG HNBs.
q1_5,dedicated bearer activation call flow,q1,final,5,image_11.jpeg,Enhanced Relocation from RNC to Open Access HNB for CSG UEs.
q1_5,dedicated bearer activation call flow,q1,final,6,image_14.jpeg,Soft Handover from RNC to Open or Hybrid Access HNB via HNB-GW.
q1_5,dedicated bearer activation call flow,q1,final,7,image_15.jpeg,Soft Handover from RNC to Open or Hybrid Access HNB via HNB-GW.
q1_5,dedicated bearer activation call flow,q1,final,8,image_3079.jpeg,Non-MSGin5G UE registration
q1_5,dedicated bearer activation call flow,q1,final,9,image_3078.jpeg,MSGin5G UE de-registration
q1_5,dedicated bearer activation call flow,q1,final,10,image_1082.png,Subscription to the registration-state event package by the UE-A
q1_5,dedicated bearer activation call flow,q1,BM25,1,image_4.jpeg,UE Registration to open access HNBs.
q1_5,dedicated bearer activation call flow,q1,BM25,2,image_10.jpeg,Enhanced Relocation from Open Access and Hybrid HNBs to RNC.
q1_5,dedicated bearer activation call flow,q1,BM25,3,image_2.png,UE Registration for non CSG UEs or non CSG HNBs.
q1_5,dedicated bearer activation call flow,q1,BM25,4,image_3.jpeg,UE Registration for CSG UEs and CSG or Hybrid HNBs.
q1_5,dedicated bearer activation call flow,q1,BM25,5,image_11.jpeg,Enhanced Relocation from RNC to Open Access HNB for CSG UEs.
q1_5,dedicated bearer activation call flow,q1,BM25,6,image_14.jpeg,Soft Handover from RNC to Open or Hybrid Access HNB via HNB-GW.
q1_5,dedicated bearer activation call flow,q1,BM25,7,image_15.jpeg,Soft Handover from RNC to Open or Hybrid Access HNB via HNB-GW.
q1_5,dedicated bearer activation call flow,q1,BM25,8,image_3078.jpeg,MSGin5G UE de-registration
q1_5,dedicated bearer activation call flow,q1,BM25,9,image_3079.jpeg,Non-MSGin5G UE registration
q1_5,dedicated bearer activation call flow,q1,BM25,10,image_2742.jpeg,Initial IMS Registration via CS Access
q1_5,dedicated bearer activation call flow,q1,BGE,1,image_4.jpeg,UE Registration to open access HNBs.
q1_5,dedicated bearer activation call flow,q1,BGE,2,image_3.jpeg,UE Registration for CSG UEs and CSG or Hybrid HNBs.
q1_5,dedicated bearer activation call flow,q1,BGE,3,image_2.png,UE Registration for non CSG UEs or non CSG HNBs.
q1_5,dedicated bearer activation call flow,q1,BGE,4,image_11.jpeg,Enhanced Relocation from RNC to Open Access HNB for CSG UEs.
q1_5,dedicated bearer activation call flow,q1,BGE,5,image_3719.png,HNB Registration procedure flow
q1_5,dedicated bearer activation call flow,q1,BGE,6,image_6.jpeg,HNB to HNB Handover via Iurh interface – UE involved.
q1_5,dedicated bearer activation call flow,q1,BGE,7,image_10.jpeg,Enhanced Relocation from Open Access and Hybrid HNBs to RNC.
q1_5,dedicated bearer activation call flow,q1,BGE,8,image_3277.jpeg,UE initiates the registration on behalf of the PNE
q1_5,dedicated bearer activation call flow,q1,BGE,9,image_1639.jpeg,Single Registration Procedure between UDM and HSS FE
q1_5,dedicated bearer activation call flow,q1,BGE,10,image_3718.jpeg,HNB-GW discovery via HMS (initial) accessible on the public Internet
q1_6,mobility management entity state machine,q1,final,1,image_5.jpeg,Iuh Disconnect procedure.
q1_6,mobility management entity state machine,q1,final,2,image_17.png,Iuh–Interface Protocol Stack.
q1_6,mobility management entity state machine,q1,final,3,image_1758.jpeg,Chat group call disconnect on MBMS bearer
q1_6,mobility management entity state machine,q1,final,4,image_3168.jpeg,Chat group call disconnect on MBMS bearer
q1_6,mobility management entity state machine,q1,final,5,image_22.png,Release of established signalling connection over Iupc and Iuh connections – HNB
q1_6,mobility management entity state machine,q1,final,6,image_23.jpeg,Release of established signalling connection over Iupc and Iuh connections – HNB
q1_6,mobility management entity state machine,q1,final,7,image_19.png,Establishment of signalling connection over Iuh and Iupc connections between HNB
q1_6,mobility management entity state machine,q1,final,8,image_18.png,Establishment of signalling connection over Iupc and Iuh connections between HNB
q1_6,mobility management entity state machine,q1,final,9,image_24.jpeg,Connectionless data transfer over Iupc and Iuh connections – SAS initiated.
q1_6,mobility management entity state machine,q1,final,10,image_20.jpeg,Transport of PCAP messages via signalling connection over Iuh and Iupc
q1_6,mobility management entity state machine,q1,BM25,1,image_5.jpeg,Iuh Disconnect procedure.
q1_6,mobility management entity state machine,q1,BM25,2,image_17.png,Iuh–Interface Protocol Stack.
q1_6,mobility management entity state machine,q1,BM25,3,image_1758.jpeg,Chat group call disconnect on MBMS bearer
q1_6,mobility management entity state machine,q1,BM25,4,image_3168.jpeg,Chat group call disconnect on MBMS bearer
q1_6,mobility management entity state machine,q1,BM25,5,image_24.jpeg,Connectionless data transfer over Iupc and Iuh connections – SAS initiated.
q1_6,mobility management entity state machine,q1,BM25,6,image_18.png,Establishment of signalling connection over Iupc and Iuh connections between HNB
q1_6,mobility management entity state machine,q1,BM25,7,image_19.png,Establishment of signalling connection over Iuh and Iupc connections between HNB
q1_6,mobility management entity state machine,q1,BM25,8,image_20.jpeg,Transport of PCAP messages via signalling connection over Iuh and Iupc
q1_6,mobility management entity state machine,q1,BM25,9,image_21.jpeg,Transport of PCAP messages via signalling connection over Iuh and Iupc
q1_6,mobility management entity state machine,q1,BM25,10,image_22.png,Release of established signalling connection over Iupc and Iuh connections – HNB
q1_6,mobility management entity state machine,q1,BGE,1,image_5.jpeg,Iuh Disconnect procedure.
q1_6,mobility management entity state machine,q1,BGE,2,image_2467.png,UE/ePDG-initiated detach procedure or UE-requested PDN disconnection procedure
q1_6,mobility management entity state machine,q1,BGE,3,image_3376.jpeg,HSS-Initiated Detach Procedure
q1_6,mobility management entity state machine,q1,BGE,4,image_3375.jpeg,MME-Initiated Detach Procedure
q1_6,mobility management entity state machine,q1,BGE,5,image_1913.png,UE-initiated detach procedure with MIPv4 FACoA
q1_6,mobility management entity state machine,q1,BGE,6,image_3373.jpeg,UE-Initiated Detach Procedure - UE camping on E-UTRAN
q1_6,mobility management entity state machine,q1,BGE,7,image_23.jpeg,Release of established signalling connection over Iupc and Iuh connections – HNB
q1_6,mobility management entity state machine,q1,BGE,8,image_22.png,Release of established signalling connection over Iupc and Iuh connections – HNB
q1_6,mobility management entity state machine,q1,BGE,9,image_1937.png,UE/ePDG-initiated detach procedure with PMIPv6 on S2b
q1_6,mobility management entity state machine,q1,BGE,10,image_33.jpeg,Release of established signalling connection over Iurh and Iur connections – HNB
q1_7,UE context release request message flow,q1,final,1,image_6.jpeg,HNB to HNB Handover via Iurh interface – UE involved.
q1_7,UE context release request message flow,q1,final,2,image_7.jpeg,Soft Handover Initiation HNB to HNB.
q1_7,UE context release request message flow,q1,final,3,image_13.jpeg,Soft Handover HNB to RNC via HNB-GW.
q1_7,UE context release request message flow,q1,final,4,image_14.jpeg,Soft Handover from RNC to Open or Hybrid Access HNB via HNB-GW.
q1_7,UE context release request message flow,q1,final,5,image_15.jpeg,Soft Handover from RNC to Open or Hybrid Access HNB via HNB-GW.
q1_7,UE context release request message flow,q1,final,6,image_34.jpeg,Connectionless data transfer over Iurh and Iur connections – HNB initiated.
q1_7,UE context release request message flow,q1,final,7,image_35.jpeg,Connectionless data transfer over Iurh and Iur connections – HNB initiated.
q1_7,UE context release request message flow,q1,final,8,image_32.jpeg,Release of established signalling connection over Iurh and Iur connections – HNB
q1_7,UE context release request message flow,q1,final,9,image_33.jpeg,Release of established signalling connection over Iurh and Iur connections – HNB
q1_7,UE context release request message flow,q1,final,10,image_8.jpeg,HNB to HNB CELL_FACH/CELL_PCH/URA_PCH mobility
q1_7,UE context release request message flow,q1,BM25,1,image_6.jpeg,HNB to HNB Handover via Iurh interface – UE involved.
q1_7,UE context release request message flow,q1,BM25,2,image_13.jpeg,Soft Handover HNB to RNC via HNB-GW.
q1_7,UE context release request message flow,q1,BM25,3,image_7.jpeg,Soft Handover Initiation HNB to HNB.
q1_7,UE context release request message flow,q1,BM25,4,image_14.jpeg,Soft Handover from RNC to Open or Hybrid Access HNB via HNB-GW.
q1_7,UE context release request message flow,q1,BM25,5,image_15.jpeg,Soft Handover from RNC to Open or Hybrid Access HNB via HNB-GW.
q1_7,UE context release request message flow,q1,BM25,6,image_8.jpeg,HNB to HNB CELL_FACH/CELL_PCH/URA_PCH mobility
q1_7,UE context release request message flow,q1,BM25,7,image_25.png,Iurh–Interface Protocol Stack.
q1_7,UE context release request message flow,q1,BM25,8,image_34.jpeg,Connectionless data transfer over Iurh and Iur connections – HNB initiated.
q1_7,UE context release request message flow,q1,BM25,9,image_35.jpeg,Connectionless data transfer over Iurh and Iur connections – HNB initiated.
q1_7,UE context release request message flow,q1,BM25,10,image_9.png,HNB Configuration Transfer.
q1_7,UE context release request message flow,q1,BGE,1,image_6.jpeg,HNB to HNB Handover via Iurh interface – UE involved.
q1_7,UE context release request message flow,q1,BGE,2,image_35.jpeg,Connectionless data transfer over Iurh and Iur connections – HNB initiated.
q1_7,UE context release request message flow,q1,BGE,3,image_34.jpeg,Connectionless data transfer over Iurh and Iur connections – HNB initiated.
q1_7,UE context release request message flow,q1,BGE,4,image_7.jpeg,Soft Handover Initiation HNB to HNB.
q1_7,UE context release request message flow,q1,BGE,5,image_19.png,Establishment of signalling connection over Iuh and Iupc connections between HNB
q1_7,UE context release request message flow,q1,BGE,6,image_18.png,Establishment of signalling connection over Iupc and Iuh connections between HNB
q1_7,UE context release request message flow,q1,BGE,7,image_33.jpeg,Release of established signalling connection over Iurh and Iur connections – HNB
q1_7,UE context release request message flow,q1,BGE,8,image_32.jpeg,Release of established signalling connection over Iurh and Iur connections – HNB
q1_7,UE context release request message flow,q1,BGE,9,image_3555.jpeg,Inter-gNB handover involving gNB-CU-UP change
q1_7,UE context release request message flow,q1,BGE,10,image_22.png,Release of established signalling connection over Iupc and Iuh connections – HNB
q1_8,gNB CU DU split architecture,q1,final,1,image_7.jpeg,Soft Handover Initiation HNB to HNB.
q1_8,gNB CU DU split architecture,q1,final,2,image_13.jpeg,Soft Handover HNB to RNC via HNB-GW.
q1_8,gNB CU DU split architecture,q1,final,3,image_14.jpeg,Soft Handover from RNC to Open or Hybrid Access HNB via HNB-GW.
q1_8,gNB CU DU split architecture,q1,final,4,image_15.jpeg,Soft Handover from RNC to Open or Hybrid Access HNB via HNB-GW.
q1_8,gNB CU DU split architecture,q1,final,5,image_6.jpeg,HNB to HNB Handover via Iurh interface – UE involved.
q1_8,gNB CU DU split architecture,q1,final,6,image_8.jpeg,HNB to HNB CELL_FACH/CELL_PCH/URA_PCH mobility
q1_8,gNB CU DU split architecture,q1,final,7,image_9.png,HNB Configuration Transfer.
q1_8,gNB CU DU split architecture,q1,final,8,image_3719.png,HNB Registration procedure flow
q1_8,gNB CU DU split architecture,q1,final,9,image_12.png,Enhanced Relocation from RNC to Hybrid HNB for CSG UEs.
q1_8,gNB CU DU split architecture,q1,final,10,image_11.jpeg,Enhanced Relocation from RNC to Open Access HNB for CSG UEs.
q1_8,gNB CU DU split architecture,q1,BM25,1,image_7.jpeg,Soft Handover Initiation HNB to HNB.
q1_8,gNB CU DU split architecture,q1,BM25,2,image_13.jpeg,Soft Handover HNB to RNC via HNB-GW.
q1_8,gNB CU DU split architecture,q1,BM25,3,image_14.jpeg,Soft Handover from RNC to Open or Hybrid Access HNB via HNB-GW.
q1_8,gNB CU DU split architecture,q1,BM25,4,image_15.jpeg,Soft Handover from RNC to Open or Hybrid Access HNB via HNB-GW.
q1_8,gNB CU DU split architecture,q1,BM25,5,image_6.jpeg,HNB to HNB Handover via Iurh interface – UE involved.
q1_8,gNB CU DU split architecture,q1,BM25,6,image_8.jpeg,HNB to HNB CELL_FACH/CELL_PCH/URA_PCH mobility
q1_8,gNB CU DU split architecture,q1,BM25,7,image_9.png,HNB Configuration Transfer.
q1_8,gNB CU DU split architecture,q1,BM25,8,image_3719.png,HNB Registration procedure flow
q1_8,gNB CU DU split architecture,q1,BM25,9,image_2503.jpeg,HNB GW initiated S15 session modification
q1_8,gNB CU DU split architecture,q1,BM25,10,image_12.png,Enhanced Relocation from RNC to Hybrid HNB for CSG UEs.
q1_8,gNB CU DU split architecture,q1,BGE,1,image_7.jpeg,Soft Handover Initiation HNB to HNB.
q1_8,gNB CU DU split architecture,q1,BGE,2,image_13.jpeg,Soft Handover HNB to RNC via HNB-GW.
q1_8,gNB CU DU split architecture,q1,BGE,3,image_14.jpeg,Soft Handover from RNC to Open or Hybrid Access HNB via HNB-GW.
q1_8,gNB CU DU split architecture,q1,BGE,4,image_15.jpeg,Soft Handover from RNC to Open or Hybrid Access HNB via HNB-GW.
q1_8,gNB CU DU split architecture,q1,BGE,5,image_6.jpeg,HNB to HNB Handover via Iurh interface – UE involved.
q1_8,gNB CU DU split architecture,q1,BGE,6,image_3555.jpeg,Inter-gNB handover involving gNB-CU-UP change
q1_8,gNB CU DU split architecture,q1,BGE,7,image_2853.jpeg,Xn Handover
q1_8,gNB CU DU split architecture,q1,BGE,8,image_1374.jpeg,Inter-MeNB handover without SeNB change
q1_8,gNB CU DU split architecture,q1,BGE,9,image_577.jpeg,Inter-MN handover with/without MN initiated SN change procedure
q1_8,gNB CU DU split architecture,q1,BGE,10,image_9.png,HNB Configuration Transfer.
q1_9,AMF SMF UPF session management,q1,final,1,image_8.jpeg,HNB to HNB CELL_FACH/CELL_PCH/URA_PCH mobility
q1_9,AMF SMF UPF session management,q1,final,2,image_16.jpeg,RNC to HNB CELL_FACH/CELL_PCH and URA_PCH mobility
q1_9,AMF SMF UPF session management,q1,final,3,image_7.jpeg,Soft Handover Initiation HNB to HNB.
q1_9,AMF SMF UPF session management,q1,final,4,image_6.jpeg,HNB to HNB Handover via Iurh interface – UE involved.
q1_9,AMF SMF UPF session management,q1,final,5,image_13.jpeg,Soft Handover HNB to RNC via HNB-GW.
q1_9,AMF SMF UPF session management,q1,final,6,image_9.png,HNB Configuration Transfer.
q1_9,AMF SMF UPF session management,q1,final,7,image_3719.png,HNB Registration procedure flow
q1_9,AMF SMF UPF session management,q1,final,8,image_14.jpeg,Soft Handover from RNC to Open or Hybrid Access HNB via HNB-GW.
q1_9,AMF SMF UPF session management,q1,final,9,image_15.jpeg,Soft Handover from RNC to Open or Hybrid Access HNB via HNB-GW.
q1_9,AMF SMF UPF session management,q1,final,10,image_1484.jpeg,Physical-layer model for PCH transmission
q1_9,AMF SMF UPF session management,q1,BM25,1,image_8.jpeg,HNB to HNB CELL_FACH/CELL_PCH/URA_PCH mobility
q1_9,AMF SMF UPF session management,q1,BM25,2,image_16.jpeg,RNC to HNB CELL_FACH/CELL_PCH and URA_PCH mobility
q1_9,AMF SMF UPF session management,q1,BM25,3,image_7.jpeg,Soft Handover Initiation HNB to HNB.
q1_9,AMF SMF UPF session management,q1,BM25,4,image_13.jpeg,Soft Handover HNB to RNC via HNB-GW.
q1_9,AMF SMF UPF session management,q1,BM25,5,image_6.jpeg,HNB to HNB Handover via Iurh interface – UE involved.
q1_9,AMF SMF UPF session management,q1,BM25,6,image_1484.jpeg,Physical-layer model for PCH transmission
q1_9,AMF SMF UPF session management,q1,BM25,7,image_3458.jpeg,Physical-layer model for PCH transmission
q1_9,AMF SMF UPF session management,q1,BM25,8,image_9.png,HNB Configuration Transfer.
q1_9,AMF SMF UPF session management,q1,BM25,9,image_14.jpeg,Soft Handover from RNC to Open or Hybrid Access HNB via HNB-GW.
q1_9,AMF SMF UPF session management,q1,BM25,10,image_15.jpeg,Soft Handover from RNC to Open or Hybrid Access HNB via HNB-GW.
q1_9,AMF SMF UPF session management,q1,BGE,1,image_8.jpeg,HNB to HNB CELL_FACH/CELL_PCH/URA_PCH mobility
q1_9,AMF SMF UPF session management,q1,BGE,2,image_16.jpeg,RNC to HNB CELL_FACH/CELL_PCH and URA_PCH mobility
q1_9,AMF SMF UPF session management,q1,BGE,3,image_6.jpeg,HNB to HNB Handover via Iurh interface – UE involved.
q1_9,AMF SMF UPF session management,q1,BGE,4,image_1377.jpeg,Mobility to HeNB's CSG and hybrid cells.
q1_9,AMF SMF UPF session management,q1,BGE,5,image_7.jpeg,Soft Handover Initiation HNB to HNB.
q1_9,AMF SMF UPF session management,q1,BGE,6,image_13.jpeg,Soft Handover HNB to RNC via HNB-GW.
q1_9,AMF SMF UPF session management,q1,BGE,7,image_11.jpeg,Enhanced Relocation from RNC to Open Access HNB for CSG UEs.
q1_9,AMF SMF UPF session management,q1,BGE,8,image_3719.png,HNB Registration procedure flow
q1_9,AMF SMF UPF session management,q1,BGE,9,image_9.png,HNB Configuration Transfer.
q1_9,AMF SMF UPF session management,q1,BGE,10,image_3537.jpeg,Inter-gNB-DU Mobility for intra-NR
q1_10,paging procedure in idle mode,q1,final,1,image_9.png,HNB Configuration Transfer.
q1_10,paging procedure in idle mode,q1,final,2,image_7.jpeg,Soft Handover Initiation HNB to HNB.
q1_10,paging procedure in idle mode,q1,final,3,image_34.jpeg,Connectionless data transfer over Iurh and Iur connections – HNB initiated.
q1_10,paging procedure in idle mode,q1,final,4,image_35.jpeg,Connectionless data transfer over Iurh and Iur connections – HNB initiated.
q1_10,paging procedure in idle mode,q1,final,5,image_6.jpeg,HNB to HNB Handover via Iurh interface – UE involved.
q1_10,paging procedure in idle mode,q1,final,6,image_13.jpeg,Soft Handover HNB to RNC via HNB-GW.
q1_10,paging procedure in idle mode,q1,final,7,image_3719.png,HNB Registration procedure flow
q1_10,paging procedure in idle mode,q1,final,8,image_8.jpeg,HNB to HNB CELL_FACH/CELL_PCH/URA_PCH mobility
q1_10,paging procedure in idle mode,q1,final,9,image_14.jpeg,Soft Handover from RNC to Open or Hybrid Access HNB via HNB-GW.
q1_10,paging procedure in idle mode,q1,final,10,image_15.jpeg,Soft Handover from RNC to Open or Hybrid Access HNB via HNB-GW.
q1_10,paging procedure in idle mode,q1,BM25,1,image_9.png,HNB Configuration Transfer.
q1_10,paging procedure in idle mode,q1,BM25,2,image_34.jpeg,Connectionless data transfer over Iurh and Iur connections – HNB initiated.
q1_10,paging procedure in idle mode,q1,BM25,3,image_35.jpeg,Connectionless data transfer over Iurh and Iur connections – HNB initiated.
q1_10,paging procedure in idle mode,q1,BM25,4,image_7.jpeg,Soft Handover Initiation HNB to HNB.
q1_10,paging procedure in idle mode,q1,BM25,5,image_13.jpeg,Soft Handover HNB to RNC via HNB-GW.
q1_10,paging procedure in idle mode,q1,BM25,6,image_6.jpeg,HNB to HNB Handover via Iurh interface – UE involved.
q1_10,paging procedure in idle mode,q1,BM25,7,image_8.jpeg,HNB to HNB CELL_FACH/CELL_PCH/URA_PCH mobility
q1_10,paging procedure in idle mode,q1,BM25,8,image_3719.png,HNB Registration procedure flow
q1_10,paging procedure in idle mode,q1,BM25,9,image_14.jpeg,Soft Handover from RNC to Open or Hybrid Access HNB via HNB-GW.
q1_10,paging procedure in idle mode,q1,BM25,10,image_15.jpeg,Soft Handover from RNC to Open or Hybrid Access HNB via HNB-GW.
q1_10,paging procedure in idle mode,q1,BGE,1,image_9.png,HNB Configuration Transfer.
q1_10,paging procedure in idle mode,q1,BGE,2,image_7.jpeg,Soft Handover Initiation HNB to HNB.
q1_10,paging procedure in idle mode,q1,BGE,3,image_6.jpeg,HNB to HNB Handover via Iurh interface – UE involved.
q1_10,paging procedure in idle mode,q1,BGE,4,image_3719.png,HNB Registration procedure flow
q1_10,paging procedure in idle mode,q1,BGE,5,image_11.jpeg,Enhanced Relocation from RNC to Open Access HNB for CSG UEs.
q1_10,paging procedure in idle mode,q1,BGE,6,image_10.jpeg,Enhanced Relocation from Open Access and Hybrid HNBs to RNC.
q1_10,paging procedure in idle mode,q1,BGE,7,image_13.jpeg,Soft Handover HNB to RNC via HNB-GW.
q1_10,paging procedure in idle mode,q1,BGE,8,image_12.png,Enhanced Relocation from RNC to Hybrid HNB for CSG UEs.
q1_10,paging procedure in idle mode,q1,BGE,9,image_35.jpeg,Connectionless data transfer over Iurh and Iur connections – HNB initiated.
q1_10,paging procedure in idle mode,q1,BGE,10,image_34.jpeg,Connectionless data transfer over Iurh and Iur connections – HNB initiated.
q1_11,radio link failure recovery,q1,final,1,image_10.jpeg,Enhanced Relocation from Open Access and Hybrid HNBs to RNC.
q1_11,radio link failure recovery,q1,final,2,image_11.jpeg,Enhanced Relocation from RNC to Open Access HNB for CSG UEs.
q1_11,radio link failure recovery,q1,final,3,image_12.png,Enhanced Relocation from RNC to Hybrid HNB for CSG UEs.
q1_11,radio link failure recovery,q1,final,4,image_14.jpeg,Soft Handover from RNC to Open or Hybrid Access HNB via HNB-GW.
q1_11,radio link failure recovery,q1,final,5,image_15.jpeg,Soft Handover from RNC to Open or Hybrid Access HNB via HNB-GW.
q1_11,radio link failure recovery,q1,final,6,image_4.jpeg,UE Registration to open access HNBs.
q1_11,radio link failure recovery,q1,final,7,image_3.jpeg,UE Registration for CSG UEs and CSG or Hybrid HNBs.
q1_11,radio link failure recovery,q1,final,8,image_13.jpeg,Soft Handover HNB to RNC via HNB-GW.
q1_11,radio link failure recovery,q1,final,9,image_16.jpeg,RNC to HNB CELL_FACH/CELL_PCH and URA_PCH mobility
q1_11,radio link failure recovery,q1,final,10,image_40.png,Interaction between RNC and O&M due to ANR
q1_11,radio link failure recovery,q1,BM25,1,image_10.jpeg,Enhanced Relocation from Open Access and Hybrid HNBs to RNC.
q1_11,radio link failure recovery,q1,BM25,2,image_11.jpeg,Enhanced Relocation from RNC to Open Access HNB for CSG UEs.
q1_11,radio link failure recovery,q1,BM25,3,image_12.png,Enhanced Relocation from RNC to Hybrid HNB for CSG UEs.
q1_11,radio link failure recovery,q1,BM25,4,image_14.jpeg,Soft Handover from RNC to Open or Hybrid Access HNB via HNB-GW.
q1_11,radio link failure recovery,q1,BM25,5,image_15.jpeg,Soft Handover from RNC to Open or Hybrid Access HNB via HNB-GW.
q1_11,radio link failure recovery,q1,BM25,6,image_4.jpeg,UE Registration to open access HNBs.
q1_11,radio link failure recovery,q1,BM25,7,image_3.jpeg,UE Registration for CSG UEs and CSG or Hybrid HNBs.
q1_11,radio link failure recovery,q1,BM25,8,image_1377.jpeg,Mobility to HeNB's CSG and hybrid cells.
q1_11,radio link failure recovery,q1,BM25,9,image_2471.jpeg,Handover from 3GPP Access to Fixed Broadband Access
q1_11,radio link failure recovery,q1,BM25,10,image_2472.png,Handover from Fixed Broadband Access to 3GPP Access
q1_11,radio link failure recovery,q1,BGE,1,image_10.jpeg,Enhanced Relocation from Open Access and Hybrid HNBs to RNC.
q1_11,radio link failure recovery,q1,BGE,2,image_11.jpeg,Enhanced Relocation from RNC to Open Access HNB for CSG UEs.
q1_11,radio link failure recovery,q1,BGE,3,image_12.png,Enhanced Relocation from RNC to Hybrid HNB for CSG UEs.
q1_11,radio link failure recovery,q1,BGE,4,image_15.jpeg,Soft Handover from RNC to Open or Hybrid Access HNB via HNB-GW.
q1_11,radio link failure recovery,q1,BGE,5,image_14.jpeg,Soft Handover from RNC to Open or Hybrid Access HNB via HNB-GW.
q1_11,radio link failure recovery,q1,BGE,6,image_13.jpeg,Soft Handover HNB to RNC via HNB-GW.
q1_11,radio link failure recovery,q1,BGE,7,image_16.jpeg,RNC to HNB CELL_FACH/CELL_PCH and URA_PCH mobility
q1_11,radio link failure recovery,q1,BGE,8,image_4.jpeg,UE Registration to open access HNBs.
q1_11,radio link failure recovery,q1,BGE,9,image_9.png,HNB Configuration Transfer.
q1_11,radio link failure recovery,q1,BGE,10,image_7.jpeg,Soft Handover Initiation HNB to HNB.
q1_12,LTE protocol stack user plane,q1,final,1,image_11.jpeg,Enhanced Relocation from RNC to Open Access HNB for CSG UEs.
q1_12,LTE protocol stack user plane,q1,final,2,image_12.png,Enhanced Relocation from RNC to Hybrid HNB for CSG UEs.
q1_12,LTE protocol stack user plane,q1,final,3,image_10.jpeg,Enhanced Relocation from Open Access and Hybrid HNBs to RNC.
q1_12,LTE protocol stack user plane,q1,final,4,image_14.jpeg,Soft Handover from RNC to Open or Hybrid Access HNB via HNB-GW.
q1_12,LTE protocol stack user plane,q1,final,5,image_15.jpeg,Soft Handover from RNC to Open or Hybrid Access HNB via HNB-GW.
q1_12,LTE protocol stack user plane,q1,final,6,image_13.jpeg,Soft Handover HNB to RNC via HNB-GW.
q1_12,LTE protocol stack user plane,q1,final,7,image_3.jpeg,UE Registration for CSG UEs and CSG or Hybrid HNBs.
q1_12,LTE protocol stack user plane,q1,final,8,image_4.jpeg,UE Registration to open access HNBs.
q1_12,LTE protocol stack user plane,q1,final,9,image_2.png,UE Registration for non CSG UEs or non CSG HNBs.
q1_12,LTE protocol stack user plane,q1,final,10,image_16.jpeg,RNC to HNB CELL_FACH/CELL_PCH and URA_PCH mobility
q1_12,LTE protocol stack user plane,q1,BM25,1,image_11.jpeg,Enhanced Relocation from RNC to Open Access HNB for CSG UEs.
q1_12,LTE protocol stack user plane,q1,BM25,2,image_12.png,Enhanced Relocation from RNC to Hybrid HNB for CSG UEs.
q1_12,LTE protocol stack user plane,q1,BM25,3,image_10.jpeg,Enhanced Relocation from Open Access and Hybrid HNBs to RNC.
q1_12,LTE protocol stack user plane,q1,BM25,4,image_14.jpeg,Soft Handover from RNC to Open or Hybrid Access HNB via HNB-GW.
q1_12,LTE protocol stack user plane,q1,BM25,5,image_15.jpeg,Soft Handover from RNC to Open or Hybrid Access HNB via HNB-GW.
q1_12,LTE protocol stack user plane,q1,BM25,6,image_13.jpeg,Soft Handover HNB to RNC via HNB-GW.
q1_12,LTE protocol stack user plane,q1,BM25,7,image_2.png,UE Registration for non CSG UEs or non CSG HNBs.
q1_12,LTE protocol stack user plane,q1,BM25,8,image_3.jpeg,UE Registration for CSG UEs and CSG or Hybrid HNBs.
q1_12,LTE protocol stack user plane,q1,BM25,9,image_4.jpeg,UE Registration to open access HNBs.
q1_12,LTE protocol stack user plane,q1,BM25,10,image_16.jpeg,RNC to HNB CELL_FACH/CELL_PCH and URA_PCH mobility
q1_12,LTE protocol stack user plane,q1,BGE,1,image_11.jpeg,Enhanced Relocation from RNC to Open Access HNB for CSG UEs.
q1_12,LTE protocol stack user plane,q1,BGE,2,image_12.png,Enhanced Relocation from RNC to Hybrid HNB for CSG UEs.
q1_12,LTE protocol stack user plane,q1,BGE,3,image_10.jpeg,Enhanced Relocation from Open Access and Hybrid HNBs to RNC.
q1_12,LTE protocol stack user plane,q1,BGE,4,image_14.jpeg,Soft Handover from RNC to Open or Hybrid Access HNB via HNB-GW.
q1_12,LTE protocol stack user plane,q1,BGE,5,image_15.jpeg,Soft Handover from RNC to Open or Hybrid Access HNB via HNB-GW.
q1_12,LTE protocol stack user plane,q1,BGE,6,image_13.jpeg,Soft Handover HNB to RNC via HNB-GW.
q1_12,LTE protocol stack user plane,q1,BGE,7,image_4.jpeg,UE Registration to open access HNBs.
q1_12,LTE protocol stack user plane,q1,BGE,8,image_3.jpeg,UE Registration for CSG UEs and CSG or Hybrid HNBs.
q1_12,LTE protocol stack user plane,q1,BGE,9,image_16.jpeg,RNC to HNB CELL_FACH/CELL_PCH and URA_PCH mobility
q1_12,LTE protocol stack user plane,q1,BGE,10,image_6.jpeg,HNB to HNB Handover via Iurh interface – UE involved.
q1_13,S1 release procedure ladder diagram,q1,final,1,image_12.png,Enhanced Relocation from RNC to Hybrid HNB for CSG UEs.
q1_13,S1 release procedure ladder diagram,q1,final,2,image_11.jpeg,Enhanced Relocation from RNC to Open Access HNB for CSG UEs.
q1_13,S1 release procedure ladder diagram,q1,final,3,image_10.jpeg,Enhanced Relocation from Open Access and Hybrid HNBs to RNC.
q1_13,S1 release procedure ladder diagram,q1,final,4,image_14.jpeg,Soft Handover from RNC to Open or Hybrid Access HNB via HNB-GW.
q1_13,S1 release procedure ladder diagram,q1,final,5,image_15.jpeg,Soft Handover from RNC to Open or Hybrid Access HNB via HNB-GW.
q1_13,S1 release procedure ladder diagram,q1,final,6,image_3.jpeg,UE Registration for CSG UEs and CSG or Hybrid HNBs.
q1_13,S1 release procedure ladder diagram,q1,final,7,image_13.jpeg,Soft Handover HNB to RNC via HNB-GW.
q1_13,S1 release procedure ladder diagram,q1,final,8,image_2.png,UE Registration for non CSG UEs or non CSG HNBs.
q1_13,S1 release procedure ladder diagram,q1,final,9,image_1377.jpeg,Mobility to HeNB's CSG and hybrid cells.
q1_13,S1 release procedure ladder diagram,q1,final,10,image_16.jpeg,RNC to HNB CELL_FACH/CELL_PCH and URA_PCH mobility
q1_13,S1 release procedure ladder diagram,q1,BM25,1,image_12.png,Enhanced Relocation from RNC to Hybrid HNB for CSG UEs.
q1_13,S1 release procedure ladder diagram,q1,BM25,2,image_11.jpeg,Enhanced Relocation from RNC to Open Access HNB for CSG UEs.
q1_13,S1 release procedure ladder diagram,q1,BM25,3,image_10.jpeg,Enhanced Relocation from Open Access and Hybrid HNBs to RNC.
q1_13,S1 release procedure ladder diagram,q1,BM25,4,image_3.jpeg,UE Registration for CSG UEs and CSG or Hybrid HNBs.
q1_13,S1 release procedure ladder diagram,q1,BM25,5,image_14.jpeg,Soft Handover from RNC to Open or Hybrid Access HNB via HNB-GW.
q1_13,S1 release procedure ladder diagram,q1,BM25,6,image_15.jpeg,Soft Handover from RNC to Open or Hybrid Access HNB via HNB-GW.
q1_13,S1 release procedure ladder diagram,q1,BM25,7,image_13.jpeg,Soft Handover HNB to RNC via HNB-GW.
q1_13,S1 release procedure ladder diagram,q1,BM25,8,image_1377.jpeg,Mobility to HeNB's CSG and hybrid cells.
q1_13,S1 release procedure ladder diagram,q1,BM25,9,image_2.png,UE Registration for non CSG UEs or non CSG HNBs.
q1_13,S1 release procedure ladder diagram,q1,BM25,10,image_16.jpeg,RNC to HNB CELL_FACH/CELL_PCH and URA_PCH mobility
q1_13,S1 release procedure ladder diagram,q1,BGE,1,image_12.png,Enhanced Relocation from RNC to Hybrid HNB for CSG UEs.
q1_13,S1 release procedure ladder diagram,q1,BGE,2,image_11.jpeg,Enhanced Relocation from RNC to Open Access HNB for CSG UEs.
q1_13,S1 release procedure ladder diagram,q1,BGE,3,image_10.jpeg,Enhanced Relocation from Open Access and Hybrid HNBs to RNC.
q1_13,S1 release procedure ladder diagram,q1,BGE,4,image_14.jpeg,Soft Handover from RNC to Open or Hybrid Access HNB via HNB-GW.
q1_13,S1 release procedure ladder diagram,q1,BGE,5,image_15.jpeg,Soft Handover from RNC to Open or Hybrid Access HNB via HNB-GW.
q1_13,S1 release procedure ladder diagram,q1,BGE,6,image_3.jpeg,UE Registration for CSG UEs and CSG or Hybrid HNBs.
q1_13,S1 release procedure ladder diagram,q1,BGE,7,image_13.jpeg,Soft Handover HNB to RNC via HNB-GW.
q1_13,S1 release procedure ladder diagram,q1,BGE,8,image_16.jpeg,RNC to HNB CELL_FACH/CELL_PCH and URA_PCH mobility
q1_13,S1 release procedure ladder diagram,q1,BGE,9,image_9.png,HNB Configuration Transfer.
q1_13,S1 release procedure ladder diagram,q1,BGE,10,image_6.jpeg,HNB to HNB Handover via Iurh interface – UE involved.
q1_14,random access procedure msg1 to msg4,q1,final,1,image_13.jpeg,Soft Handover HNB to RNC via HNB-GW.
q1_14,random access procedure msg1 to msg4,q1,final,2,image_14.jpeg,Soft Handover from RNC to Open or Hybrid Access HNB via HNB-GW.
q1_14,random access procedure msg1 to msg4,q1,final,3,image_15.jpeg,Soft Handover from RNC to Open or Hybrid Access HNB via HNB-GW.
q1_14,random access procedure msg1 to msg4,q1,final,4,image_7.jpeg,Soft Handover Initiation HNB to HNB.
q1_14,random access procedure msg1 to msg4,q1,final,5,image_6.jpeg,HNB to HNB Handover via Iurh interface – UE involved.
q1_14,random access procedure msg1 to msg4,q1,final,6,image_11.jpeg,Enhanced Relocation from RNC to Open Access HNB for CSG UEs.
q1_14,random access procedure msg1 to msg4,q1,final,7,image_12.png,Enhanced Relocation from RNC to Hybrid HNB for CSG UEs.
q1_14,random access procedure msg1 to msg4,q1,final,8,image_16.jpeg,RNC to HNB CELL_FACH/CELL_PCH and URA_PCH mobility
q1_14,random access procedure msg1 to msg4,q1,final,9,image_8.jpeg,HNB to HNB CELL_FACH/CELL_PCH/URA_PCH mobility
q1_14,random access procedure msg1 to msg4,q1,final,10,image_2503.jpeg,HNB GW initiated S15 session modification
q1_14,random access procedure msg1 to msg4,q1,BM25,1,image_13.jpeg,Soft Handover HNB to RNC via HNB-GW.
q1_14,random access procedure msg1 to msg4,q1,BM25,2,image_14.jpeg,Soft Handover from RNC to Open or Hybrid Access HNB via HNB-GW.
q1_14,random access procedure msg1 to msg4,q1,BM25,3,image_15.jpeg,Soft Handover from RNC to Open or Hybrid Access HNB via HNB-GW.
q1_14,random access procedure msg1 to msg4,q1,BM25,4,image_7.jpeg,Soft Handover Initiation HNB to HNB.
q1_14,random access procedure msg1 to msg4,q1,BM25,5,image_6.jpeg,HNB to HNB Handover via Iurh interface – UE involved.
q1_14,random access procedure msg1 to msg4,q1,BM25,6,image_2503.jpeg,HNB GW initiated S15 session modification
q1_14,random access procedure msg1 to msg4,q1,BM25,7,image_12.png,Enhanced Relocation from RNC to Hybrid HNB for CSG UEs.
q1_14,random access procedure msg1 to msg4,q1,BM25,8,image_11.jpeg,Enhanced Relocation from RNC to Open Access HNB for CSG UEs.
q1_14,random access procedure msg1 to msg4,q1,BM25,9,image_16.jpeg,RNC to HNB CELL_FACH/CELL_PCH and URA_PCH mobility
q1_14,random access procedure msg1 to msg4,q1,BM25,10,image_8.jpeg,HNB to HNB CELL_FACH/CELL_PCH/URA_PCH mobility
q1_14,random access procedure msg1 to msg4,q1,BGE,1,image_13.jpeg,Soft Handover HNB to RNC via HNB-GW.
q1_14,random access procedure msg1 to msg4,q1,BGE,2,image_15.jpeg,Soft Handover from RNC to Open or Hybrid Access HNB via HNB-GW.
q1_14,random access procedure msg1 to msg4,q1,BGE,3,image_14.jpeg,Soft Handover from RNC to Open or Hybrid Access HNB via HNB-GW.
q1_14,random access procedure msg1 to msg4,q1,BGE,4,image_7.jpeg,Soft Handover Initiation HNB to HNB.
q1_14,random access procedure msg1 to msg4,q1,BGE,5,image_11.jpeg,Enhanced Relocation from RNC to Open Access HNB for CSG UEs.
q1_14,random access procedure msg1 to msg4,q1,BGE,6,image_6.jpeg,HNB to HNB Handover via Iurh interface – UE involved.
q1_14,random access procedure msg1 to msg4,q1,BGE,7,image_12.png,Enhanced Relocation from RNC to Hybrid HNB for CSG UEs.
q1_14,random access procedure msg1 to msg4,q1,BGE,8,image_16.jpeg,RNC to HNB CELL_FACH/CELL_PCH and URA_PCH mobility
q1_14,random access procedure msg1 to msg4,q1,BGE,9,image_10.jpeg,Enhanced Relocation from Open Access and Hybrid HNBs to RNC.
q1_14,random access procedure msg1 to msg4,q1,BGE,10,image_3555.jpeg,Inter-gNB handover involving gNB-CU-UP change
q1_15,Xn handover between NG-RAN nodes,q1,final,1,image_14.jpeg,Soft Handover from RNC to Open or Hybrid Access HNB via HNB-GW.
q1_15,Xn handover between NG-RAN nodes,q1,final,2,image_15.jpeg,Soft Handover from RNC to Open or Hybrid Access HNB via HNB-GW.
q1_15,Xn handover between NG-RAN nodes,q1,final,3,image_13.jpeg,Soft Handover HNB to RNC via HNB-GW.
q1_15,Xn handover between NG-RAN nodes,q1,final,4,image_7.jpeg,Soft Handover Initiation HNB to HNB.
q1_15,Xn handover between NG-RAN nodes,q1,final,5,image_11.jpeg,Enhanced Relocation from RNC to Open Access HNB for CSG UEs.
q1_15,Xn handover between NG-RAN nodes,q1,final,6,image_12.png,Enhanced Relocation from RNC to Hybrid HNB for CSG UEs.
q1_15,Xn handover between NG-RAN nodes,q1,final,7,image_10.jpeg,Enhanced Relocation from Open Access and Hybrid HNBs to RNC.
q1_15,Xn handover between NG-RAN nodes,q1,final,8,image_6.jpeg,HNB to HNB Handover via Iurh interface – UE involved.
q1_15,Xn handover between NG-RAN nodes,q1,final,9,image_16.jpeg,RNC to HNB CELL_FACH/CELL_PCH and URA_PCH mobility
q1_15,Xn handover between NG-RAN nodes,q1,final,10,image_8.jpeg,HNB to HNB CELL_FACH/CELL_PCH/URA_PCH mobility
q1_15,Xn handover between NG-RAN nodes,q1,BM25,1,image_14.jpeg,Soft Handover from RNC to Open or Hybrid Access HNB via HNB-GW.
q1_15,Xn handover between NG-RAN nodes,q1,BM25,2,image_15.jpeg,Soft Handover from RNC to Open or Hybrid Access HNB via HNB-GW.
q1_15,Xn handover between NG-RAN nodes,q1,BM25,3,image_13.jpeg,Soft Handover HNB to RNC via HNB-GW.
q1_15,Xn handover between NG-RAN nodes,q1,BM25,4,image_7.jpeg,Soft Handover Initiation HNB to HNB.
q1_15,Xn handover between NG-RAN nodes,q1,BM25,5,image_11.jpeg,Enhanced Relocation from RNC to Open Access HNB for CSG UEs.
q1_15,Xn handover between NG-RAN nodes,q1,BM25,6,image_12.png,Enhanced Relocation from RNC to Hybrid HNB for CSG UEs.
q1_15,Xn handover between NG-RAN nodes,q1,BM25,7,image_10.jpeg,Enhanced Relocation from Open Access and Hybrid HNBs to RNC.
q1_15,Xn handover between NG-RAN nodes,q1,BM25,8,image_6.jpeg,HNB to HNB Handover via Iurh interface – UE involved.
q1_15,Xn handover between NG-RAN nodes,q1,BM25,9,image_2503.jpeg,HNB GW initiated S15 session modification
q1_15,Xn handover between NG-RAN nodes,q1,BM25,10,image_16.jpeg,RNC to HNB CELL_FACH/CELL_PCH and URA_PCH mobility
q1_15,Xn handover between NG-RAN nodes,q1,BGE,1,image_15.jpeg,Soft Handover from RNC to Open or Hybrid Access HNB via HNB-GW.
q1_15,Xn handover between NG-RAN nodes,q1,BGE,2,image_14.jpeg,Soft Handover from RNC to Open or Hybrid Access HNB via HNB-GW.
q1_15,Xn handover between NG-RAN nodes,q1,BGE,3,image_13.jpeg,Soft Handover HNB to RNC via HNB-GW.
q1_15,Xn handover between NG-RAN nodes,q1,BGE,4,image_7.jpeg,Soft Handover Initiation HNB to HNB.
q1_15,Xn handover between NG-RAN nodes,q1,BGE,5,image_10.jpeg,Enhanced Relocation from Open Access and Hybrid HNBs to RNC.
q1_15,Xn handover between NG-RAN nodes,q1,BGE,6,image_11.jpeg,Enhanced Relocation from RNC to Open Access HNB for CSG UEs.
q1_15,Xn handover between NG-RAN nodes,q1,BGE,7,image_12.png,Enhanced Relocation from RNC to Hybrid HNB for CSG UEs.
q1_15,Xn handover between NG-RAN nodes,q1,BGE,8,image_6.jpeg,HNB to HNB Handover via Iurh interface – UE involved.
q1_15,Xn handover between NG-RAN nodes,q1,BGE,9,image_3555.jpeg,Inter-gNB handover involving gNB-CU-UP change
q1_15,Xn handover between NG-RAN nodes,q1,BGE,10,image_16.jpeg,RNC to HNB CELL_FACH/CELL_PCH and URA_PCH mobility
q2_1,how does a UE recover when the radio link fails,q2,BM25,1,image_0.png,TNL Update: Unsuccessful operation.
q2_1,how does a UE recover when the radio link fails,q2,BM25,2,image_1466.jpeg,"SgNB Change, unsuccessful operation."
q2_1,how does a UE recover when the radio link fails,q2,BM25,3,image_1465.jpeg,"SgNB initiated SgNB Modification, unsuccessful operation."
q2_1,how does a UE recover when the radio link fails,q2,BM25,4,image_1463.jpeg,"MeNB initiated SgNB Modification Preparation, unsuccessful operation"
q2_1,how does a UE recover when the radio link fails,q2,BM25,5,image_1495.jpeg,'Floor participant state diagram – basic operation'
q2_1,how does a UE recover when the radio link fails,q2,BM25,6,image_1540.jpeg,'Transmission participant state diagram – basic operation'
q2_1,how does a UE recover when the radio link fails,q2,BM25,7,image_1491.jpeg,Floor participant state transition diagram for basic operation.
q2_1,how does a UE recover when the radio link fails,q2,BM25,8,image_1107.jpeg,Floor control server state transition diagram for 'general floor control operation'
q2_1,how does a UE recover when the radio link fails,q2,BM25,9,image_1108.jpeg,Floor control server state transition diagram for 'dual floor control operation'
q2_1,how does a UE recover when the radio link fails,q2,BM25,10,image_1492.jpeg,Floor control server state transition diagram for 'general floor control operation'
q2_1,how does a UE recover when the radio link fails,q2,BGE,1,image_0.png,TNL Update: Unsuccessful operation.
q2_1,how does a UE recover when the radio link fails,q2,BGE,2,image_1466.jpeg,"SgNB Change, unsuccessful operation."
q2_1,how does a UE recover when the radio link fails,q2,BGE,3,image_1465.jpeg,"SgNB initiated SgNB Modification, unsuccessful operation."
q2_1,how does a UE recover when the radio link fails,q2,BGE,4,image_1463.jpeg,"MeNB initiated SgNB Modification Preparation, unsuccessful operation"
q2_1,how does a UE recover when the radio link fails,q2,BGE,5,image_73.png,Overview diagram of an Operating Room (O.R.)
q2_1,how does a UE recover when the radio link fails,q2,BGE,6,image_419.png,"Detailed flow of operations for scenario 2, 3 and 4 (push message from OP/NAF or"
q2_1,how does a UE recover when the radio link fails,q2,BGE,7,image_834.jpeg,Example signalling diagram for LTE
q2_1,how does a UE recover when the radio link fails,q2,BGE,8,image_835.jpeg,Example signalling diagram for LTE
q2_1,how does a UE recover when the radio link fails,q2,BGE,9,image_833.png,Example signalling diagram for UMTS
q2_1,how does a UE recover when the radio link fails,q2,BGE,10,image_413.png,Detailed flow of operations for scenario 2 and 3 (push message from OP/NAF or BA to
q2_2,what happens when handover from eNB to gNB fails,q2,BM25,1,image_1.jpeg,1.28Mcps TDD Home NodeB Timing according to Macro Node B’s DwPCH
q2_2,what happens when handover from eNB to gNB fails,q2,BM25,2,image_1191.png,Example when the SON for AAS algorithm is located in the eNB(s)
q2_2,what happens when handover from eNB to gNB fails,q2,BM25,3,image_1303.jpeg,The mobile network management architecture mapping relationship between 3GPP
q2_2,what happens when handover from eNB to gNB fails,q2,BM25,4,image_463.jpeg,Authentication and Authorization between the EEC and the EES
q2_2,what happens when handover from eNB to gNB fails,q2,BM25,5,image_464.jpeg,Authentication and Authorization between the EEC and the EES
q2_2,what happens when handover from eNB to gNB fails,q2,BM25,6,image_466.jpeg,Authentication and Authorization between the Edge Enabler Client and the Edge
q2_2,what happens when handover from eNB to gNB fails,q2,BM25,7,image_2681.png,Procedure for authentication between the API invoker and the AEF upon the service
q2_2,what happens when handover from eNB to gNB fails,q2,BM25,8,image_1881.jpeg,Communications between the Presentity Presence Proxy and the Watcher Presence
q2_2,what happens when handover from eNB to gNB fails,q2,BM25,9,image_2056.png,Control Plane protocol stack between the UE and the SMF
q2_2,what happens when handover from eNB to gNB fails,q2,BM25,10,image_3283.jpeg,Initial request to UE-1 and redirected to PNE-1 by the PNM AS in the IM CN subsystem
q2_2,what happens when handover from eNB to gNB fails,q2,BGE,1,image_1.jpeg,1.28Mcps TDD Home NodeB Timing according to Macro Node B’s DwPCH
q2_2,what happens when handover from eNB to gNB fails,q2,BGE,2,image_1413.jpeg,Frame structure type 2 (for 5 ms switch-point periodicity)
q2_2,what happens when handover from eNB to gNB fails,q2,BGE,3,image_3497.jpeg,Model for Test Mode Control and UE Test Loop Mode B on UE side when NE-DC
q2_2,what happens when handover from eNB to gNB fails,q2,BGE,4,image_3496.jpeg,Model for Test Mode Control and UE Test Loop Mode B on UE side when NE-DC
q2_2,what happens when handover from eNB to gNB fails,q2,BGE,5,image_2553.jpeg,Relationships between reference points of MCPTT application and signalling control
q2_2,what happens when handover from eNB to gNB fails,q2,BGE,6,image_3110.jpeg,Relationships between reference points of MCPTT application and signalling control
q2_2,what happens when handover from eNB to gNB fails,q2,BGE,7,image_3303.jpeg,Relationships between reference points of MCPTT application and signalling control
q2_2,what happens when handover from eNB to gNB fails,q2,BGE,8,image_1764.jpeg,Relationships between reference points of MCPTT application and signalling control
q2_2,what happens when handover from eNB to gNB fails,q2,BGE,9,image_3493.jpeg,Model for Test Mode Control and UE Test Loop Mode B on UE side when EN-DC or
q2_2,what happens when handover from eNB to gNB fails,q2,BGE,10,image_3494.jpeg,Model for Test Mode Control and UE Test Loop Mode B on UE side when EN-DC or
q2_3,show me the message sequence for setting up an RRC connection,q2,BM25,1,image_2.png,UE Registration for non CSG UEs or non CSG HNBs.
q2_3,show me the message sequence for setting up an RRC connection,q2,BM25,2,image_3.jpeg,UE Registration for CSG UEs and CSG or Hybrid HNBs.
q2_3,show me the message sequence for setting up an RRC connection,q2,BM25,3,image_1524.jpeg,EAP-5G session when the UE's registration over untrusted non-3GPP access is
q2_3,show me the message sequence for setting up an RRC connection,q2,BM25,4,image_12.png,Enhanced Relocation from RNC to Hybrid HNB for CSG UEs.
q2_3,show me the message sequence for setting up an RRC connection,q2,BM25,5,image_3079.jpeg,Non-MSGin5G UE registration
q2_3,show me the message sequence for setting up an RRC connection,q2,BM25,6,image_1531.jpeg,The Allowed CSG List Management Object
q2_3,show me the message sequence for setting up an RRC connection,q2,BM25,7,image_3402.jpeg,"Notification of the ECGI, TAI and/or user CSG information changes"
q2_3,show me the message sequence for setting up an RRC connection,q2,BM25,8,image_11.jpeg,Enhanced Relocation from RNC to Open Access HNB for CSG UEs.
q2_3,show me the message sequence for setting up an RRC connection,q2,BM25,9,image_4.jpeg,UE Registration to open access HNBs.
q2_3,show me the message sequence for setting up an RRC connection,q2,BM25,10,image_2026.jpeg,Home-routed Roaming architecture for 5G Core Network with untrusted non-3GPP
q2_3,show me the message sequence for setting up an RRC connection,q2,BGE,1,image_2.png,UE Registration for non CSG UEs or non CSG HNBs.
q2_3,show me the message sequence for setting up an RRC connection,q2,BGE,2,image_3.jpeg,UE Registration for CSG UEs and CSG or Hybrid HNBs.
q2_3,show me the message sequence for setting up an RRC connection,q2,BGE,3,image_4.jpeg,UE Registration to open access HNBs.
q2_3,show me the message sequence for setting up an RRC connection,q2,BGE,4,image_1524.jpeg,EAP-5G session when the UE's registration over untrusted non-3GPP access is
q2_3,show me the message sequence for setting up an RRC connection,q2,BGE,5,image_1912.png,UE/ePDG/Trusted Non-3GPP Access Network initiated detach procedure for chained
q2_3,show me the message sequence for setting up an RRC connection,q2,BGE,6,image_11.jpeg,Enhanced Relocation from RNC to Open Access HNB for CSG UEs.
q2_3,show me the message sequence for setting up an RRC connection,q2,BGE,7,image_3719.png,HNB Registration procedure flow
q2_3,show me the message sequence for setting up an RRC connection,q2,BGE,8,image_12.png,Enhanced Relocation from RNC to Hybrid HNB for CSG UEs.
q2_3,show me the message sequence for setting up an RRC connection,q2,BGE,9,image_1117.png,AMF registering for 3GPP access
q2_3,show me the message sequence for setting up an RRC connection,q2,BGE,10,image_1939.jpeg,UE-initiated S2c PDN disconnection procedure in Untrusted Non-3GPP Access
q2_4,how is mutual authentication done between network and UE,q2,BM25,1,image_3.jpeg,UE Registration for CSG UEs and CSG or Hybrid HNBs.
q2_4,how is mutual authentication done between network and UE,q2,BM25,2,image_2.png,UE Registration for non CSG UEs or non CSG HNBs.
q2_4,how is mutual authentication done between network and UE,q2,BM25,3,image_12.png,Enhanced Relocation from RNC to Hybrid HNB for CSG UEs.
q2_4,how is mutual authentication done between network and UE,q2,BM25,4,image_1377.jpeg,Mobility to HeNB's CSG and hybrid cells.
q2_4,how is mutual authentication done between network and UE,q2,BM25,5,image_3402.jpeg,"Notification of the ECGI, TAI and/or user CSG information changes"
q2_4,how is mutual authentication done between network and UE,q2,BM25,6,image_1531.jpeg,The Allowed CSG List Management Object
q2_4,how is mutual authentication done between network and UE,q2,BM25,7,image_11.jpeg,Enhanced Relocation from RNC to Open Access HNB for CSG UEs.
q2_4,how is mutual authentication done between network and UE,q2,BM25,8,image_4.jpeg,UE Registration to open access HNBs.
q2_4,how is mutual authentication done between network and UE,q2,BM25,9,image_10.jpeg,Enhanced Relocation from Open Access and Hybrid HNBs to RNC.
q2_4,how is mutual authentication done between network and UE,q2,BM25,10,image_1642.jpeg,T-ADS Procedure with Single registration and UE is 5GS registered
q2_4,how is mutual authentication done between network and UE,q2,BGE,1,image_3.jpeg,UE Registration for CSG UEs and CSG or Hybrid HNBs.
q2_4,how is mutual authentication done between network and UE,q2,BGE,2,image_2.png,UE Registration for non CSG UEs or non CSG HNBs.
q2_4,how is mutual authentication done between network and UE,q2,BGE,3,image_12.png,Enhanced Relocation from RNC to Hybrid HNB for CSG UEs.
q2_4,how is mutual authentication done between network and UE,q2,BGE,4,image_4.jpeg,UE Registration to open access HNBs.
q2_4,how is mutual authentication done between network and UE,q2,BGE,5,image_3719.png,HNB Registration procedure flow
q2_4,how is mutual authentication done between network and UE,q2,BGE,6,image_11.jpeg,Enhanced Relocation from RNC to Open Access HNB for CSG UEs.
q2_4,how is mutual authentication done between network and UE,q2,BGE,7,image_1639.jpeg,Single Registration Procedure between UDM and HSS FE
q2_4,how is mutual authentication done between network and UE,q2,BGE,8,image_3277.jpeg,UE initiates the registration on behalf of the PNE
q2_4,how is mutual authentication done between network and UE,q2,BGE,9,image_215.jpeg,UUAA Procedure at Registration
q2_4,how is mutual authentication done between network and UE,q2,BGE,10,image_6.jpeg,HNB to HNB Handover via Iurh interface – UE involved.
q2_5,what are the components of the 5G core control plane,q2,BM25,1,image_4.jpeg,UE Registration to open access HNBs.
q2_5,what are the components of the 5G core control plane,q2,BM25,2,image_10.jpeg,Enhanced Relocation from Open Access and Hybrid HNBs to RNC.
q2_5,what are the components of the 5G core control plane,q2,BM25,3,image_2.png,UE Registration for non CSG UEs or non CSG HNBs.
q2_5,what are the components of the 5G core control plane,q2,BM25,4,image_3.jpeg,UE Registration for CSG UEs and CSG or Hybrid HNBs.
q2_5,what are the components of the 5G core control plane,q2,BM25,5,image_1524.jpeg,EAP-5G session when the UE's registration over untrusted non-3GPP access is
q2_5,what are the components of the 5G core control plane,q2,BM25,6,image_11.jpeg,Enhanced Relocation from RNC to Open Access HNB for CSG UEs.
q2_5,what are the components of the 5G core control plane,q2,BM25,7,image_3719.png,HNB Registration procedure flow
q2_5,what are the components of the 5G core control plane,q2,BM25,8,image_1082.png,Subscription to the registration-state event package by the UE-A
q2_5,what are the components of the 5G core control plane,q2,BM25,9,image_1642.jpeg,T-ADS Procedure with Single registration and UE is 5GS registered
q2_5,what are the components of the 5G core control plane,q2,BM25,10,image_1643.jpeg,T-ADS Procedure with Single registration and UE is 5GS registered
q2_5,what are the components of the 5G core control plane,q2,BGE,1,image_4.jpeg,UE Registration to open access HNBs.
q2_5,what are the components of the 5G core control plane,q2,BGE,2,image_3719.png,HNB Registration procedure flow
q2_5,what are the components of the 5G core control plane,q2,BGE,3,image_3.jpeg,UE Registration for CSG UEs and CSG or Hybrid HNBs.
q2_5,what are the components of the 5G core control plane,q2,BGE,4,image_11.jpeg,Enhanced Relocation from RNC to Open Access HNB for CSG UEs.
q2_5,what are the components of the 5G core control plane,q2,BGE,5,image_6.jpeg,HNB to HNB Handover via Iurh interface – UE involved.
q2_5,what are the components of the 5G core control plane,q2,BGE,6,image_10.jpeg,Enhanced Relocation from Open Access and Hybrid HNBs to RNC.
q2_5,what are the components of the 5G core control plane,q2,BGE,7,image_2.png,UE Registration for non CSG UEs or non CSG HNBs.
q2_5,what are the components of the 5G core control plane,q2,BGE,8,image_3536.jpeg,UE Initial Access procedure
q2_5,what are the components of the 5G core control plane,q2,BGE,9,image_1639.jpeg,Single Registration Procedure between UDM and HSS FE
q2_5,what are the components of the 5G core control plane,q2,BGE,10,image_35.jpeg,Connectionless data transfer over Iurh and Iur connections – HNB initiated.
q2_6,explain the steps to activate a dedicated bearer,q2,BM25,1,image_5.jpeg,Iuh Disconnect procedure.
q2_6,explain the steps to activate a dedicated bearer,q2,BM25,2,image_1494.jpeg,The 'floor participant interface state transition' state diagram
q2_6,explain the steps to activate a dedicated bearer,q2,BM25,3,image_1539.jpeg,The 'transmission participant interface state transition' state diagram
q2_6,explain the steps to activate a dedicated bearer,q2,BM25,4,image_3739.png,3GPP Interface IRPs
q2_6,explain the steps to activate a dedicated bearer,q2,BM25,5,image_1758.jpeg,Chat group call disconnect on MBMS bearer
q2_6,explain the steps to activate a dedicated bearer,q2,BM25,6,image_3168.jpeg,Chat group call disconnect on MBMS bearer
q2_6,explain the steps to activate a dedicated bearer,q2,BM25,7,image_3364.jpeg,User Plane for Iu mode
q2_6,explain the steps to activate a dedicated bearer,q2,BM25,8,image_17.png,Iuh–Interface Protocol Stack.
q2_6,explain the steps to activate a dedicated bearer,q2,BM25,9,image_25.png,Iurh–Interface Protocol Stack.
q2_6,explain the steps to activate a dedicated bearer,q2,BM25,10,image_3738.jpeg,Relationship Interface IRP vs NRM IRP
q2_6,explain the steps to activate a dedicated bearer,q2,BGE,1,image_5.jpeg,Iuh Disconnect procedure.
q2_6,explain the steps to activate a dedicated bearer,q2,BGE,2,image_2467.png,UE/ePDG-initiated detach procedure or UE-requested PDN disconnection procedure
q2_6,explain the steps to activate a dedicated bearer,q2,BGE,3,image_3376.jpeg,HSS-Initiated Detach Procedure
q2_6,explain the steps to activate a dedicated bearer,q2,BGE,4,image_1913.png,UE-initiated detach procedure with MIPv4 FACoA
q2_6,explain the steps to activate a dedicated bearer,q2,BGE,5,image_1937.png,UE/ePDG-initiated detach procedure with PMIPv6 on S2b
q2_6,explain the steps to activate a dedicated bearer,q2,BGE,6,image_3373.jpeg,UE-Initiated Detach Procedure - UE camping on E-UTRAN
q2_6,explain the steps to activate a dedicated bearer,q2,BGE,7,image_22.png,Release of established signalling connection over Iupc and Iuh connections – HNB
q2_6,explain the steps to activate a dedicated bearer,q2,BGE,8,image_23.jpeg,Release of established signalling connection over Iupc and Iuh connections – HNB
q2_6,explain the steps to activate a dedicated bearer,q2,BGE,9,image_3375.jpeg,MME-Initiated Detach Procedure
q2_6,explain the steps to activate a dedicated bearer,q2,BGE,10,image_32.jpeg,Release of established signalling connection over Iurh and Iur connections – HNB
q2_7,what are the different MME states and transitions,q2,BM25,1,image_6.jpeg,HNB to HNB Handover via Iurh interface – UE involved.
q2_7,what are the different MME states and transitions,q2,BM25,2,image_13.jpeg,Soft Handover HNB to RNC via HNB-GW.
q2_7,what are the different MME states and transitions,q2,BM25,3,image_7.jpeg,Soft Handover Initiation HNB to HNB.
q2_7,what are the different MME states and transitions,q2,BM25,4,image_14.jpeg,Soft Handover from RNC to Open or Hybrid Access HNB via HNB-GW.
q2_7,what are the different MME states and transitions,q2,BM25,5,image_15.jpeg,Soft Handover from RNC to Open or Hybrid Access HNB via HNB-GW.
q2_7,what are the different MME states and transitions,q2,BM25,6,image_3717.png,HNB-GW discovery via HMS (initial) accessible on the MNO Intranet
q2_7,what are the different MME states and transitions,q2,BM25,7,image_3718.jpeg,HNB-GW discovery via HMS (initial) accessible on the public Internet
q2_7,what are the different MME states and transitions,q2,BM25,8,image_8.jpeg,HNB to HNB CELL_FACH/CELL_PCH/URA_PCH mobility
q2_7,what are the different MME states and transitions,q2,BM25,9,image_32.jpeg,Release of established signalling connection over Iurh and Iur connections – HNB
q2_7,what are the different MME states and transitions,q2,BM25,10,image_33.jpeg,Release of established signalling connection over Iurh and Iur connections – HNB
q2_7,what are the different MME states and transitions,q2,BGE,1,image_6.jpeg,HNB to HNB Handover via Iurh interface – UE involved.
q2_7,what are the different MME states and transitions,q2,BGE,2,image_7.jpeg,Soft Handover Initiation HNB to HNB.
q2_7,what are the different MME states and transitions,q2,BGE,3,image_34.jpeg,Connectionless data transfer over Iurh and Iur connections – HNB initiated.
q2_7,what are the different MME states and transitions,q2,BGE,4,image_35.jpeg,Connectionless data transfer over Iurh and Iur connections – HNB initiated.
q2_7,what are the different MME states and transitions,q2,BGE,5,image_19.png,Establishment of signalling connection over Iuh and Iupc connections between HNB
q2_7,what are the different MME states and transitions,q2,BGE,6,image_33.jpeg,Release of established signalling connection over Iurh and Iur connections – HNB
q2_7,what are the different MME states and transitions,q2,BGE,7,image_32.jpeg,Release of established signalling connection over Iurh and Iur connections – HNB
q2_7,what are the different MME states and transitions,q2,BGE,8,image_18.png,Establishment of signalling connection over Iupc and Iuh connections between HNB
q2_7,what are the different MME states and transitions,q2,BGE,9,image_3555.jpeg,Inter-gNB handover involving gNB-CU-UP change
q2_7,what are the different MME states and transitions,q2,BGE,10,image_23.jpeg,Release of established signalling connection over Iupc and Iuh connections – HNB
q2_8,how does the eNB ask the MME to release UE context,q2,BM25,1,image_7.jpeg,Soft Handover Initiation HNB to HNB.
q2_8,how does the eNB ask the MME to release UE context,q2,BM25,2,image_13.jpeg,Soft Handover HNB to RNC via HNB-GW.
q2_8,how does the eNB ask the MME to release UE context,q2,BM25,3,image_2196.png,MT-LR positioning procedures when UE is served by the two VPLMNs
q2_8,how does the eNB ask the MME to release UE context,q2,BM25,4,image_14.jpeg,Soft Handover from RNC to Open or Hybrid Access HNB via HNB-GW.
q2_8,how does the eNB ask the MME to release UE context,q2,BM25,5,image_15.jpeg,Soft Handover from RNC to Open or Hybrid Access HNB via HNB-GW.
q2_8,how does the eNB ask the MME to release UE context,q2,BM25,6,image_3714.png,Fully pooled radio resources between two POPs
q2_8,how does the eNB ask the MME to release UE context,q2,BM25,7,image_1145.jpeg,C-SON process
q2_8,how does the eNB ask the MME to release UE context,q2,BM25,8,image_1146.jpeg,D-SON process
q2_8,how does the eNB ask the MME to release UE context,q2,BM25,9,image_1147.jpeg,D-SON process
q2_8,how does the eNB ask the MME to release UE context,q2,BM25,10,image_2942.jpeg,Emergency alert initiation
q2_8,how does the eNB ask the MME to release UE context,q2,BGE,1,image_7.jpeg,Soft Handover Initiation HNB to HNB.
q2_8,how does the eNB ask the MME to release UE context,q2,BGE,2,image_6.jpeg,HNB to HNB Handover via Iurh interface – UE involved.
q2_8,how does the eNB ask the MME to release UE context,q2,BGE,3,image_13.jpeg,Soft Handover HNB to RNC via HNB-GW.
q2_8,how does the eNB ask the MME to release UE context,q2,BGE,4,image_3719.png,HNB Registration procedure flow
q2_8,how does the eNB ask the MME to release UE context,q2,BGE,5,image_15.jpeg,Soft Handover from RNC to Open or Hybrid Access HNB via HNB-GW.
q2_8,how does the eNB ask the MME to release UE context,q2,BGE,6,image_14.jpeg,Soft Handover from RNC to Open or Hybrid Access HNB via HNB-GW.
q2_8,how does the eNB ask the MME to release UE context,q2,BGE,7,image_577.jpeg,Inter-MN handover with/without MN initiated SN change procedure
q2_8,how does the eNB ask the MME to release UE context,q2,BGE,8,image_3555.jpeg,Inter-gNB handover involving gNB-CU-UP change
q2_8,how does the eNB ask the MME to release UE context,q2,BGE,9,image_576.jpeg,Inter-MN handover with/without MN initiated SN change
q2_8,how does the eNB ask the MME to release UE context,q2,BGE,10,image_18.png,Establishment of signalling connection over Iupc and Iuh connections between HNB
q2_9,what is the split between central and distributed units in gNB,q2,BM25,1,image_8.jpeg,HNB to HNB CELL_FACH/CELL_PCH/URA_PCH mobility
q2_9,what is the split between central and distributed units in gNB,q2,BM25,2,image_16.jpeg,RNC to HNB CELL_FACH/CELL_PCH and URA_PCH mobility
q2_9,what is the split between central and distributed units in gNB,q2,BM25,3,image_1484.jpeg,Physical-layer model for PCH transmission
q2_9,what is the split between central and distributed units in gNB,q2,BM25,4,image_3458.jpeg,Physical-layer model for PCH transmission
q2_9,what is the split between central and distributed units in gNB,q2,BM25,5,image_1375.jpeg,Addition of a hybrid cell as serving cell of the SeNB
q2_9,what is the split between central and distributed units in gNB,q2,BM25,6,image_3548.png,F1 startup and cell activation
q2_9,what is the split between central and distributed units in gNB,q2,BM25,7,image_238.jpeg,CSP cell database
q2_9,what is the split between central and distributed units in gNB,q2,BM25,8,image_1140.jpeg,Cell relation view
q2_9,what is the split between central and distributed units in gNB,q2,BM25,9,image_1141.png,Cell relation view
q2_9,what is the split between central and distributed units in gNB,q2,BM25,10,image_3509.jpeg,HAPS cell layout
q2_9,what is the split between central and distributed units in gNB,q2,BGE,1,image_8.jpeg,HNB to HNB CELL_FACH/CELL_PCH/URA_PCH mobility
q2_9,what is the split between central and distributed units in gNB,q2,BGE,2,image_16.jpeg,RNC to HNB CELL_FACH/CELL_PCH and URA_PCH mobility
q2_9,what is the split between central and distributed units in gNB,q2,BGE,3,image_1377.jpeg,Mobility to HeNB's CSG and hybrid cells.
q2_9,what is the split between central and distributed units in gNB,q2,BGE,4,image_3557.jpeg,RRC Inactive to RRC Connected state transition.
q2_9,what is the split between central and distributed units in gNB,q2,BGE,5,image_3556.png,RRC Connected to RRC Inactive state transition.
q2_9,what is the split between central and distributed units in gNB,q2,BGE,6,image_6.jpeg,HNB to HNB Handover via Iurh interface – UE involved.
q2_9,what is the split between central and distributed units in gNB,q2,BGE,7,image_32.jpeg,Release of established signalling connection over Iurh and Iur connections – HNB
q2_9,what is the split between central and distributed units in gNB,q2,BGE,8,image_33.jpeg,Release of established signalling connection over Iurh and Iur connections – HNB
q2_9,what is the split between central and distributed units in gNB,q2,BGE,9,image_3719.png,HNB Registration procedure flow
q2_9,what is the split between central and distributed units in gNB,q2,BGE,10,image_1411.jpeg,"Mobility procedures between E-UTRA/EPC, E-UTRA/5GC and NR"
q2_10,how do AMF and SMF interact with UPF for PDU sessions,q2,BM25,1,image_9.png,HNB Configuration Transfer.
q2_10,how do AMF and SMF interact with UPF for PDU sessions,q2,BM25,2,image_266.png,LTKUP key agreement process diagram
q2_10,how do AMF and SMF interact with UPF for PDU sessions,q2,BM25,3,image_1191.png,Example when the SON for AAS algorithm is located in the eNB(s)
q2_10,how do AMF and SMF interact with UPF for PDU sessions,q2,BM25,4,image_784.jpeg,Diagram of the functional reference architecture
q2_10,how do AMF and SMF interact with UPF for PDU sessions,q2,BM25,5,image_3278.jpeg,Successful PN-configuration procedure in the IM CN subsystem
q2_10,how do AMF and SMF interact with UPF for PDU sessions,q2,BM25,6,image_3279.jpeg,PN-configuration procedure for PNE in the IM CN subsystem
q2_10,how do AMF and SMF interact with UPF for PDU sessions,q2,BM25,7,image_2905.jpeg,MC service UE obtains the configuration data
q2_10,how do AMF and SMF interact with UPF for PDU sessions,q2,BM25,8,image_1494.jpeg,The 'floor participant interface state transition' state diagram
q2_10,how do AMF and SMF interact with UPF for PDU sessions,q2,BM25,9,image_1539.jpeg,The 'transmission participant interface state transition' state diagram
q2_10,how do AMF and SMF interact with UPF for PDU sessions,q2,BM25,10,image_34.jpeg,Connectionless data transfer over Iurh and Iur connections – HNB initiated.
q2_10,how do AMF and SMF interact with UPF for PDU sessions,q2,BGE,1,image_9.png,HNB Configuration Transfer.
q2_10,how do AMF and SMF interact with UPF for PDU sessions,q2,BGE,2,image_3719.png,HNB Registration procedure flow
q2_10,how do AMF and SMF interact with UPF for PDU sessions,q2,BGE,3,image_6.jpeg,HNB to HNB Handover via Iurh interface – UE involved.
q2_10,how do AMF and SMF interact with UPF for PDU sessions,q2,BGE,4,image_8.jpeg,HNB to HNB CELL_FACH/CELL_PCH/URA_PCH mobility
q2_10,how do AMF and SMF interact with UPF for PDU sessions,q2,BGE,5,image_7.jpeg,Soft Handover Initiation HNB to HNB.
q2_10,how do AMF and SMF interact with UPF for PDU sessions,q2,BGE,6,image_1462.jpeg,"MeNB initiated SgNB Modification Preparation, successful operation"
q2_10,how do AMF and SMF interact with UPF for PDU sessions,q2,BGE,7,image_12.png,Enhanced Relocation from RNC to Hybrid HNB for CSG UEs.
q2_10,how do AMF and SMF interact with UPF for PDU sessions,q2,BGE,8,image_34.jpeg,Connectionless data transfer over Iurh and Iur connections – HNB initiated.
q2_10,how do AMF and SMF interact with UPF for PDU sessions,q2,BGE,9,image_35.jpeg,Connectionless data transfer over Iurh and Iur connections – HNB initiated.
q2_10,how do AMF and SMF interact with UPF for PDU sessions,q2,BGE,10,image_1540.jpeg,'Transmission participant state diagram – basic operation'
q2_11,how does the network wake up a UE in idle mode,q2,BM25,1,image_10.jpeg,Enhanced Relocation from Open Access and Hybrid HNBs to RNC.
q2_11,how does the network wake up a UE in idle mode,q2,BM25,2,image_11.jpeg,Enhanced Relocation from RNC to Open Access HNB for CSG UEs.
q2_11,how does the network wake up a UE in idle mode,q2,BM25,3,image_12.png,Enhanced Relocation from RNC to Hybrid HNB for CSG UEs.
q2_11,how does the network wake up a UE in idle mode,q2,BM25,4,image_14.jpeg,Soft Handover from RNC to Open or Hybrid Access HNB via HNB-GW.
q2_11,how does the network wake up a UE in idle mode,q2,BM25,5,image_15.jpeg,Soft Handover from RNC to Open or Hybrid Access HNB via HNB-GW.
q2_11,how does the network wake up a UE in idle mode,q2,BM25,6,image_4.jpeg,UE Registration to open access HNBs.
q2_11,how does the network wake up a UE in idle mode,q2,BM25,7,image_3.jpeg,UE Registration for CSG UEs and CSG or Hybrid HNBs.
q2_11,how does the network wake up a UE in idle mode,q2,BM25,8,image_1377.jpeg,Mobility to HeNB's CSG and hybrid cells.
q2_11,how does the network wake up a UE in idle mode,q2,BM25,9,image_2471.jpeg,Handover from 3GPP Access to Fixed Broadband Access
q2_11,how does the network wake up a UE in idle mode,q2,BM25,10,image_2472.png,Handover from Fixed Broadband Access to 3GPP Access
q2_11,how does the network wake up a UE in idle mode,q2,BGE,1,image_10.jpeg,Enhanced Relocation from Open Access and Hybrid HNBs to RNC.
q2_11,how does the network wake up a UE in idle mode,q2,BGE,2,image_11.jpeg,Enhanced Relocation from RNC to Open Access HNB for CSG UEs.
q2_11,how does the network wake up a UE in idle mode,q2,BGE,3,image_12.png,Enhanced Relocation from RNC to Hybrid HNB for CSG UEs.
q2_11,how does the network wake up a UE in idle mode,q2,BGE,4,image_15.jpeg,Soft Handover from RNC to Open or Hybrid Access HNB via HNB-GW.
q2_11,how does the network wake up a UE in idle mode,q2,BGE,5,image_14.jpeg,Soft Handover from RNC to Open or Hybrid Access HNB via HNB-GW.
q2_11,how does the network wake up a UE in idle mode,q2,BGE,6,image_13.jpeg,Soft Handover HNB to RNC via HNB-GW.
q2_11,how does the network wake up a UE in idle mode,q2,BGE,7,image_16.jpeg,RNC to HNB CELL_FACH/CELL_PCH and URA_PCH mobility
q2_11,how does the network wake up a UE in idle mode,q2,BGE,8,image_4.jpeg,UE Registration to open access HNBs.
q2_11,how does the network wake up a UE in idle mode,q2,BGE,9,image_9.png,HNB Configuration Transfer.
q2_11,how does the network wake up a UE in idle mode,q2,BGE,10,image_1294.jpeg,Edge NRM relationship diagram
q2_12,what layers make up the LTE user plane stack,q2,BM25,1,image_11.jpeg,Enhanced Relocation from RNC to Open Access HNB for CSG UEs.
q2_12,what layers make up the LTE user plane stack,q2,BM25,2,image_12.png,Enhanced Relocation from RNC to Hybrid HNB for CSG UEs.
q2_12,what layers make up the LTE user plane stack,q2,BM25,3,image_10.jpeg,Enhanced Relocation from Open Access and Hybrid HNBs to RNC.
q2_12,what layers make up the LTE user plane stack,q2,BM25,4,image_14.jpeg,Soft Handover from RNC to Open or Hybrid Access HNB via HNB-GW.
q2_12,what layers make up the LTE user plane stack,q2,BM25,5,image_15.jpeg,Soft Handover from RNC to Open or Hybrid Access HNB via HNB-GW.
q2_12,what layers make up the LTE user plane stack,q2,BM25,6,image_13.jpeg,Soft Handover HNB to RNC via HNB-GW.
q2_12,what layers make up the LTE user plane stack,q2,BM25,7,image_2.png,UE Registration for non CSG UEs or non CSG HNBs.
q2_12,what layers make up the LTE user plane stack,q2,BM25,8,image_3.jpeg,UE Registration for CSG UEs and CSG or Hybrid HNBs.
q2_12,what layers make up the LTE user plane stack,q2,BM25,9,image_4.jpeg,UE Registration to open access HNBs.
q2_12,what layers make up the LTE user plane stack,q2,BM25,10,image_16.jpeg,RNC to HNB CELL_FACH/CELL_PCH and URA_PCH mobility
q2_12,what layers make up the LTE user plane stack,q2,BGE,1,image_11.jpeg,Enhanced Relocation from RNC to Open Access HNB for CSG UEs.
q2_12,what layers make up the LTE user plane stack,q2,BGE,2,image_12.png,Enhanced Relocation from RNC to Hybrid HNB for CSG UEs.
q2_12,what layers make up the LTE user plane stack,q2,BGE,3,image_10.jpeg,Enhanced Relocation from Open Access and Hybrid HNBs to RNC.
q2_12,what layers make up the LTE user plane stack,q2,BGE,4,image_14.jpeg,Soft Handover from RNC to Open or Hybrid Access HNB via HNB-GW.
q2_12,what layers make up the LTE user plane stack,q2,BGE,5,image_15.jpeg,Soft Handover from RNC to Open or Hybrid Access HNB via HNB-GW.
q2_12,what layers make up the LTE user plane stack,q2,BGE,6,image_13.jpeg,Soft Handover HNB to RNC via HNB-GW.
q2_12,what layers make up the LTE user plane stack,q2,BGE,7,image_16.jpeg,RNC to HNB CELL_FACH/CELL_PCH and URA_PCH mobility
q2_12,what layers make up the LTE user plane stack,q2,BGE,8,image_4.jpeg,UE Registration to open access HNBs.
q2_12,what layers make up the LTE user plane stack,q2,BGE,9,image_3.jpeg,UE Registration for CSG UEs and CSG or Hybrid HNBs.
q2_12,what layers make up the LTE user plane stack,q2,BGE,10,image_3555.jpeg,Inter-gNB handover involving gNB-CU-UP change
q2_13,how is the S1 connection torn down,q2,BM25,1,image_12.png,Enhanced Relocation from RNC to Hybrid HNB for CSG UEs.
q2_13,how is the S1 connection torn down,q2,BM25,2,image_11.jpeg,Enhanced Relocation from RNC to Open Access HNB for CSG UEs.
q2_13,how is the S1 connection torn down,q2,BM25,3,image_10.jpeg,Enhanced Relocation from Open Access and Hybrid HNBs to RNC.
q2_13,how is the S1 connection torn down,q2,BM25,4,image_3.jpeg,UE Registration for CSG UEs and CSG or Hybrid HNBs.
q2_13,how is the S1 connection torn down,q2,BM25,5,image_14.jpeg,Soft Handover from RNC to Open or Hybrid Access HNB via HNB-GW.
q2_13,how is the S1 connection torn down,q2,BM25,6,image_15.jpeg,Soft Handover from RNC to Open or Hybrid Access HNB via HNB-GW.
q2_13,how is the S1 connection torn down,q2,BM25,7,image_2925.jpeg,UE A is moving from a position in MBMS coverage to outside the network
q2_13,how is the S1 connection torn down,q2,BM25,8,image_2926.jpeg,UE A is moving from a position in MBMS coverage to outside the network
q2_13,how is the S1 connection torn down,q2,BM25,9,image_13.jpeg,Soft Handover HNB to RNC via HNB-GW.
q2_13,how is the S1 connection torn down,q2,BM25,10,image_2.png,UE Registration for non CSG UEs or non CSG HNBs.
q2_13,how is the S1 connection torn down,q2,BGE,1,image_12.png,Enhanced Relocation from RNC to Hybrid HNB for CSG UEs.
q2_13,how is the S1 connection torn down,q2,BGE,2,image_11.jpeg,Enhanced Relocation from RNC to Open Access HNB for CSG UEs.
q2_13,how is the S1 connection torn down,q2,BGE,3,image_14.jpeg,Soft Handover from RNC to Open or Hybrid Access HNB via HNB-GW.
q2_13,how is the S1 connection torn down,q2,BGE,4,image_15.jpeg,Soft Handover from RNC to Open or Hybrid Access HNB via HNB-GW.
q2_13,how is the S1 connection torn down,q2,BGE,5,image_10.jpeg,Enhanced Relocation from Open Access and Hybrid HNBs to RNC.
q2_13,how is the S1 connection torn down,q2,BGE,6,image_13.jpeg,Soft Handover HNB to RNC via HNB-GW.
q2_13,how is the S1 connection torn down,q2,BGE,7,image_16.jpeg,RNC to HNB CELL_FACH/CELL_PCH and URA_PCH mobility
q2_13,how is the S1 connection torn down,q2,BGE,8,image_6.jpeg,HNB to HNB Handover via Iurh interface – UE involved.
q2_13,how is the S1 connection torn down,q2,BGE,9,image_3.jpeg,UE Registration for CSG UEs and CSG or Hybrid HNBs.
q2_13,how is the S1 connection torn down,q2,BGE,10,image_7.jpeg,Soft Handover Initiation HNB to HNB.
q2_14,what are the four messages in the RACH process,q2,BM25,1,image_13.jpeg,Soft Handover HNB to RNC via HNB-GW.
q2_14,what are the four messages in the RACH process,q2,BM25,2,image_14.jpeg,Soft Handover from RNC to Open or Hybrid Access HNB via HNB-GW.
q2_14,what are the four messages in the RACH process,q2,BM25,3,image_15.jpeg,Soft Handover from RNC to Open or Hybrid Access HNB via HNB-GW.
q2_14,what are the four messages in the RACH process,q2,BM25,4,image_7.jpeg,Soft Handover Initiation HNB to HNB.
q2_14,what are the four messages in the RACH process,q2,BM25,5,image_6.jpeg,HNB to HNB Handover via Iurh interface – UE involved.
q2_14,what are the four messages in the RACH process,q2,BM25,6,image_3717.png,HNB-GW discovery via HMS (initial) accessible on the MNO Intranet
q2_14,what are the four messages in the RACH process,q2,BM25,7,image_3718.jpeg,HNB-GW discovery via HMS (initial) accessible on the public Internet
q2_14,what are the four messages in the RACH process,q2,BM25,8,image_2503.jpeg,HNB GW initiated S15 session modification
q2_14,what are the four messages in the RACH process,q2,BM25,9,image_16.jpeg,RNC to HNB CELL_FACH/CELL_PCH and URA_PCH mobility
q2_14,what are the four messages in the RACH process,q2,BM25,10,image_12.png,Enhanced Relocation from RNC to Hybrid HNB for CSG UEs.
q2_14,what are the four messages in the RACH process,q2,BGE,1,image_13.jpeg,Soft Handover HNB to RNC via HNB-GW.
q2_14,what are the four messages in the RACH process,q2,BGE,2,image_14.jpeg,Soft Handover from RNC to Open or Hybrid Access HNB via HNB-GW.
q2_14,what are the four messages in the RACH process,q2,BGE,3,image_15.jpeg,Soft Handover from RNC to Open or Hybrid Access HNB via HNB-GW.
q2_14,what are the four messages in the RACH process,q2,BGE,4,image_7.jpeg,Soft Handover Initiation HNB to HNB.
q2_14,what are the four messages in the RACH process,q2,BGE,5,image_11.jpeg,Enhanced Relocation from RNC to Open Access HNB for CSG UEs.
q2_14,what are the four messages in the RACH process,q2,BGE,6,image_3555.jpeg,Inter-gNB handover involving gNB-CU-UP change
q2_14,what are the four messages in the RACH process,q2,BGE,7,image_16.jpeg,RNC to HNB CELL_FACH/CELL_PCH and URA_PCH mobility
q2_14,what are the four messages in the RACH process,q2,BGE,8,image_6.jpeg,HNB to HNB Handover via Iurh interface – UE involved.
q2_14,what are the four messages in the RACH process,q2,BGE,9,image_12.png,Enhanced Relocation from RNC to Hybrid HNB for CSG UEs.
q2_14,what are the four messages in the RACH process,q2,BGE,10,image_10.jpeg,Enhanced Relocation from Open Access and Hybrid HNBs to RNC.
q2_15,how does a UE hand over between two 5G base stations,q2,BM25,1,image_14.jpeg,Soft Handover from RNC to Open or Hybrid Access HNB via HNB-GW.
q2_15,how does a UE hand over between two 5G base stations,q2,BM25,2,image_15.jpeg,Soft Handover from RNC to Open or Hybrid Access HNB via HNB-GW.
q2_15,how does a UE hand over between two 5G base stations,q2,BM25,3,image_13.jpeg,Soft Handover HNB to RNC via HNB-GW.
q2_15,how does a UE hand over between two 5G base stations,q2,BM25,4,image_7.jpeg,Soft Handover Initiation HNB to HNB.
q2_15,how does a UE hand over between two 5G base stations,q2,BM25,5,image_11.jpeg,Enhanced Relocation from RNC to Open Access HNB for CSG UEs.
q2_15,how does a UE hand over between two 5G base stations,q2,BM25,6,image_12.png,Enhanced Relocation from RNC to Hybrid HNB for CSG UEs.
q2_15,how does a UE hand over between two 5G base stations,q2,BM25,7,image_10.jpeg,Enhanced Relocation from Open Access and Hybrid HNBs to RNC.
q2_15,how does a UE hand over between two 5G base stations,q2,BM25,8,image_6.jpeg,HNB to HNB Handover via Iurh interface – UE involved.
q2_15,how does a UE hand over between two 5G base stations,q2,BM25,9,image_3717.png,HNB-GW discovery via HMS (initial) accessible on the MNO Intranet
q2_15,how does a UE hand over between two 5G base stations,q2,BM25,10,image_3718.jpeg,HNB-GW discovery via HMS (initial) accessible on the public Internet
q2_15,how does a UE hand over between two 5G base stations,q2,BGE,1,image_15.jpeg,Soft Handover from RNC to Open or Hybrid Access HNB via HNB-GW.
q2_15,how does a UE hand over between two 5G base stations,q2,BGE,2,image_14.jpeg,Soft Handover from RNC to Open or Hybrid Access HNB via HNB-GW.
q2_15,how does a UE hand over between two 5G base stations,q2,BGE,3,image_13.jpeg,Soft Handover HNB to RNC via HNB-GW.
q2_15,how does a UE hand over between two 5G base stations,q2,BGE,4,image_7.jpeg,Soft Handover Initiation HNB to HNB.
q2_15,how does a UE hand over between two 5G base stations,q2,BGE,5,image_10.jpeg,Enhanced Relocation from Open Access and Hybrid HNBs to RNC.
q2_15,how does a UE hand over between two 5G base stations,q2,BGE,6,image_11.jpeg,Enhanced Relocation from RNC to Open Access HNB for CSG UEs.
q2_15,how does a UE hand over between two 5G base stations,q2,BGE,7,image_12.png,Enhanced Relocation from RNC to Hybrid HNB for CSG UEs.
q2_15,how does a UE hand over between two 5G base stations,q2,BGE,8,image_6.jpeg,HNB to HNB Handover via Iurh interface – UE involved.
q2_15,how does a UE hand over between two 5G base stations,q2,BGE,9,image_3555.jpeg,Inter-gNB handover involving gNB-CU-UP change
q2_15,how does a UE hand over between two 5G base stations,q2,BGE,10,image_16.jpeg,RNC to HNB CELL_FACH/CELL_PCH and URA_PCH mobility
q2_16,what happens if the target cell rejects the handover,q2,BM25,1,image_14.jpeg,Soft Handover from RNC to Open or Hybrid Access HNB via HNB-GW.
q2_16,what happens if the target cell rejects the handover,q2,BM25,2,image_15.jpeg,Soft Handover from RNC to Open or Hybrid Access HNB via HNB-GW.
q2_16,what happens if the target cell rejects the handover,q2,BM25,3,image_13.jpeg,Soft Handover HNB to RNC via HNB-GW.
q2_16,what happens if the target cell rejects the handover,q2,BM25,4,image_7.jpeg,Soft Handover Initiation HNB to HNB.
q2_16,what happens if the target cell rejects the handover,q2,BM25,5,image_11.jpeg,Enhanced Relocation from RNC to Open Access HNB for CSG UEs.
q2_16,what happens if the target cell rejects the handover,q2,BM25,6,image_12.png,Enhanced Relocation from RNC to Hybrid HNB for CSG UEs.
q2_16,what happens if the target cell rejects the handover,q2,BM25,7,image_10.jpeg,Enhanced Relocation from Open Access and Hybrid HNBs to RNC.
q2_16,what happens if the target cell rejects the handover,q2,BM25,8,image_6.jpeg,HNB to HNB Handover via Iurh interface – UE involved.
q2_16,what happens if the target cell rejects the handover,q2,BM25,9,image_3717.png,HNB-GW discovery via HMS (initial) accessible on the MNO Intranet
q2_16,what happens if the target cell rejects the handover,q2,BM25,10,image_3718.jpeg,HNB-GW discovery via HMS (initial) accessible on the public Internet
q2_16,what happens if the target cell rejects the handover,q2,BGE,1,image_15.jpeg,Soft Handover from RNC to Open or Hybrid Access HNB via HNB-GW.
q2_16,what happens if the target cell rejects the handover,q2,BGE,2,image_14.jpeg,Soft Handover from RNC to Open or Hybrid Access HNB via HNB-GW.
q2_16,what happens if the target cell rejects the handover,q2,BGE,3,image_13.jpeg,Soft Handover HNB to RNC via HNB-GW.
q2_16,what happens if the target cell rejects the handover,q2,BGE,4,image_7.jpeg,Soft Handover Initiation HNB to HNB.
q2_16,what happens if the target cell rejects the handover,q2,BGE,5,image_10.jpeg,Enhanced Relocation from Open Access and Hybrid HNBs to RNC.
q2_16,what happens if the target cell rejects the handover,q2,BGE,6,image_11.jpeg,Enhanced Relocation from RNC to Open Access HNB for CSG UEs.
q2_16,what happens if the target cell rejects the handover,q2,BGE,7,image_12.png,Enhanced Relocation from RNC to Hybrid HNB for CSG UEs.
q2_16,what happens if the target cell rejects the handover,q2,BGE,8,image_6.jpeg,HNB to HNB Handover via Iurh interface – UE involved.
q2_16,what happens if the target cell rejects the handover,q2,BGE,9,image_3555.jpeg,Inter-gNB handover involving gNB-CU-UP change
q2_16,what happens if the target cell rejects the handover,q2,BGE,10,image_16.jpeg,RNC to HNB CELL_FACH/CELL_PCH and URA_PCH mobility
q2_17,show the interaction between UE and EPC during attach,q2,BM25,1,image_16.jpeg,RNC to HNB CELL_FACH/CELL_PCH and URA_PCH mobility
q2_17,show the interaction between UE and EPC during attach,q2,BM25,2,image_8.jpeg,HNB to HNB CELL_FACH/CELL_PCH/URA_PCH mobility
q2_17,show the interaction between UE and EPC during attach,q2,BM25,3,image_1484.jpeg,Physical-layer model for PCH transmission
q2_17,show the interaction between UE and EPC during attach,q2,BM25,4,image_3458.jpeg,Physical-layer model for PCH transmission
q2_17,show the interaction between UE and EPC during attach,q2,BM25,5,image_13.jpeg,Soft Handover HNB to RNC via HNB-GW.
q2_17,show the interaction between UE and EPC during attach,q2,BM25,6,image_1375.jpeg,Addition of a hybrid cell as serving cell of the SeNB
q2_17,show the interaction between UE and EPC during attach,q2,BM25,7,image_3548.png,F1 startup and cell activation
q2_17,show the interaction between UE and EPC during attach,q2,BM25,8,image_238.jpeg,CSP cell database
q2_17,show the interaction between UE and EPC during attach,q2,BM25,9,image_1140.jpeg,Cell relation view
q2_17,show the interaction between UE and EPC during attach,q2,BM25,10,image_1141.png,Cell relation view
q2_17,show the interaction between UE and EPC during attach,q2,BGE,1,image_16.jpeg,RNC to HNB CELL_FACH/CELL_PCH and URA_PCH mobility
q2_17,show the interaction between UE and EPC during attach,q2,BGE,2,image_8.jpeg,HNB to HNB CELL_FACH/CELL_PCH/URA_PCH mobility
q2_17,show the interaction between UE and EPC during attach,q2,BGE,3,image_11.jpeg,Enhanced Relocation from RNC to Open Access HNB for CSG UEs.
q2_17,show the interaction between UE and EPC during attach,q2,BGE,4,image_13.jpeg,Soft Handover HNB to RNC via HNB-GW.
q2_17,show the interaction between UE and EPC during attach,q2,BGE,5,image_14.jpeg,Soft Handover from RNC to Open or Hybrid Access HNB via HNB-GW.
q2_17,show the interaction between UE and EPC during attach,q2,BGE,6,image_15.jpeg,Soft Handover from RNC to Open or Hybrid Access HNB via HNB-GW.
q2_17,show the interaction between UE and EPC during attach,q2,BGE,7,image_12.png,Enhanced Relocation from RNC to Hybrid HNB for CSG UEs.
q2_17,show the interaction between UE and EPC during attach,q2,BGE,8,image_10.jpeg,Enhanced Relocation from Open Access and Hybrid HNBs to RNC.
q2_17,show the interaction between UE and EPC during attach,q2,BGE,9,image_3557.jpeg,RRC Inactive to RRC Connected state transition.
q2_17,show the interaction between UE and EPC during attach,q2,BGE,10,image_3556.png,RRC Connected to RRC Inactive state transition.
q2_18,how is QOS managed during dedicated bearer setup,q2,BM25,1,image_17.png,Iuh–Interface Protocol Stack.
q2_18,how is QOS managed during dedicated bearer setup,q2,BM25,2,image_25.png,Iurh–Interface Protocol Stack.
q2_18,how is QOS managed during dedicated bearer setup,q2,BM25,3,image_2056.png,Control Plane protocol stack between the UE and the SMF
q2_18,how is QOS managed during dedicated bearer setup,q2,BM25,4,image_786.jpeg,WebRTC protocol stack
q2_18,how is QOS managed during dedicated bearer setup,q2,BM25,5,image_381.png,Control-plane protocol stack
q2_18,how is QOS managed during dedicated bearer setup,q2,BM25,6,image_1351.jpeg,Radio control plane protocol stack for supporting RNs
q2_18,how is QOS managed during dedicated bearer setup,q2,BM25,7,image_1105.jpeg,MB2-U Protocol stack with DTLS Security
q2_18,how is QOS managed during dedicated bearer setup,q2,BM25,8,image_1106.jpeg,MB2-U Protocol stack with DTLS Security
q2_18,how is QOS managed during dedicated bearer setup,q2,BM25,9,image_3451.png,User plane protocol stack for L2 UE-to-Network Relay
q2_18,how is QOS managed during dedicated bearer setup,q2,BM25,10,image_3452.png,User plane protocol stack for L2 UE-to-Network Relay
q2_18,how is QOS managed during dedicated bearer setup,q2,BGE,1,image_17.png,Iuh–Interface Protocol Stack.
q2_18,how is QOS managed during dedicated bearer setup,q2,BGE,2,image_25.png,Iurh–Interface Protocol Stack.
q2_18,how is QOS managed during dedicated bearer setup,q2,BGE,3,image_1135.jpeg,Protocol stacks for Ethernet PDU type data (user plane) for N6 reference point
q2_18,how is QOS managed during dedicated bearer setup,q2,BGE,4,image_381.png,Control-plane protocol stack
q2_18,how is QOS managed during dedicated bearer setup,q2,BGE,5,image_687.jpeg,Example protocol stacks for different media application flows
q2_18,how is QOS managed during dedicated bearer setup,q2,BGE,6,image_2056.png,Control Plane protocol stack between the UE and the SMF
q2_18,how is QOS managed during dedicated bearer setup,q2,BGE,7,image_20.jpeg,Transport of PCAP messages via signalling connection over Iuh and Iupc
q2_18,how is QOS managed during dedicated bearer setup,q2,BGE,8,image_21.jpeg,Transport of PCAP messages via signalling connection over Iuh and Iupc
q2_18,how is QOS managed during dedicated bearer setup,q2,BGE,9,image_786.jpeg,WebRTC protocol stack
q2_18,how is QOS managed during dedicated bearer setup,q2,BGE,10,image_2780.jpeg,Bearer Independent Core Network with A- and Iu-interfaces from Release 4 onwards
q2_19,what is the functional split in O-RAN architecture,q2,BM25,1,image_18.png,Establishment of signalling connection over Iupc and Iuh connections between HNB
q2_19,what is the functional split in O-RAN architecture,q2,BM25,2,image_19.png,Establishment of signalling connection over Iuh and Iupc connections between HNB
q2_19,what is the functional split in O-RAN architecture,q2,BM25,3,image_22.png,Release of established signalling connection over Iupc and Iuh connections – HNB
q2_19,what is the functional split in O-RAN architecture,q2,BM25,4,image_23.jpeg,Release of established signalling connection over Iupc and Iuh connections – HNB
q2_19,what is the functional split in O-RAN architecture,q2,BM25,5,image_20.jpeg,Transport of PCAP messages via signalling connection over Iuh and Iupc
q2_19,what is the functional split in O-RAN architecture,q2,BM25,6,image_21.jpeg,Transport of PCAP messages via signalling connection over Iuh and Iupc
q2_19,what is the functional split in O-RAN architecture,q2,BM25,7,image_24.jpeg,Connectionless data transfer over Iupc and Iuh connections – SAS initiated.
q2_19,what is the functional split in O-RAN architecture,q2,BM25,8,image_32.jpeg,Release of established signalling connection over Iurh and Iur connections – HNB
q2_19,what is the functional split in O-RAN architecture,q2,BM25,9,image_33.jpeg,Release of established signalling connection over Iurh and Iur connections – HNB
q2_19,what is the functional split in O-RAN architecture,q2,BM25,10,image_27.png,Establishment of signalling connection over Iurh and Iur connections between
q2_19,what is the functional split in O-RAN architecture,q2,BGE,1,image_18.png,Establishment of signalling connection over Iupc and Iuh connections between HNB
q2_19,what is the functional split in O-RAN architecture,q2,BGE,2,image_19.png,Establishment of signalling connection over Iuh and Iupc connections between HNB
q2_19,what is the functional split in O-RAN architecture,q2,BGE,3,image_23.jpeg,Release of established signalling connection over Iupc and Iuh connections – HNB
q2_19,what is the functional split in O-RAN architecture,q2,BGE,4,image_22.png,Release of established signalling connection over Iupc and Iuh connections – HNB
q2_19,what is the functional split in O-RAN architecture,q2,BGE,5,image_33.jpeg,Release of established signalling connection over Iurh and Iur connections – HNB
q2_19,what is the functional split in O-RAN architecture,q2,BGE,6,image_32.jpeg,Release of established signalling connection over Iurh and Iur connections – HNB
q2_19,what is the functional split in O-RAN architecture,q2,BGE,7,image_28.png,Establishment of signalling connection over Iurh and Iur connections between
q2_19,what is the functional split in O-RAN architecture,q2,BGE,8,image_27.png,Establishment of signalling connection over Iurh and Iur connections between
q2_19,what is the functional split in O-RAN architecture,q2,BGE,9,image_29.jpeg,Establishment of signalling connection over Iurh and Iur connections between
q2_19,what is the functional split in O-RAN architecture,q2,BGE,10,image_6.jpeg,HNB to HNB Handover via Iurh interface – UE involved.
q2_20,how are tracking area updates handled in 5G,q2,BM25,1,image_18.png,Establishment of signalling connection over Iupc and Iuh connections between HNB
q2_20,how are tracking area updates handled in 5G,q2,BM25,2,image_19.png,Establishment of signalling connection over Iuh and Iupc connections between HNB
q2_20,how are tracking area updates handled in 5G,q2,BM25,3,image_22.png,Release of established signalling connection over Iupc and Iuh connections – HNB
q2_20,how are tracking area updates handled in 5G,q2,BM25,4,image_23.jpeg,Release of established signalling connection over Iupc and Iuh connections – HNB
q2_20,how are tracking area updates handled in 5G,q2,BM25,5,image_20.jpeg,Transport of PCAP messages via signalling connection over Iuh and Iupc
q2_20,how are tracking area updates handled in 5G,q2,BM25,6,image_21.jpeg,Transport of PCAP messages via signalling connection over Iuh and Iupc
q2_20,how are tracking area updates handled in 5G,q2,BM25,7,image_24.jpeg,Connectionless data transfer over Iupc and Iuh connections – SAS initiated.
q2_20,how are tracking area updates handled in 5G,q2,BM25,8,image_32.jpeg,Release of established signalling connection over Iurh and Iur connections – HNB
q2_20,how are tracking area updates handled in 5G,q2,BM25,9,image_33.jpeg,Release of established signalling connection over Iurh and Iur connections – HNB
q2_20,how are tracking area updates handled in 5G,q2,BM25,10,image_27.png,Establishment of signalling connection over Iurh and Iur connections between
q2_20,how are tracking area updates handled in 5G,q2,BGE,1,image_18.png,Establishment of signalling connection over Iupc and Iuh connections between HNB
q2_20,how are tracking area updates handled in 5G,q2,BGE,2,image_19.png,Establishment of signalling connection over Iuh and Iupc connections between HNB
q2_20,how are tracking area updates handled in 5G,q2,BGE,3,image_23.jpeg,Release of established signalling connection over Iupc and Iuh connections – HNB
q2_20,how are tracking area updates handled in 5G,q2,BGE,4,image_22.png,Release of established signalling connection over Iupc and Iuh connections – HNB
q2_20,how are tracking area updates handled in 5G,q2,BGE,5,image_32.jpeg,Release of established signalling connection over Iurh and Iur connections – HNB
q2_20,how are tracking area updates handled in 5G,q2,BGE,6,image_33.jpeg,Release of established signalling connection over Iurh and Iur connections – HNB
q2_20,how are tracking area updates handled in 5G,q2,BGE,7,image_29.jpeg,Establishment of signalling connection over Iurh and Iur connections between
q2_20,how are tracking area updates handled in 5G,q2,BGE,8,image_28.png,Establishment of signalling connection over Iurh and Iur connections between
q2_20,how are tracking area updates handled in 5G,q2,BGE,9,image_27.png,Establishment of signalling connection over Iurh and Iur connections between
q2_20,how are tracking area updates handled in 5G,q2,BGE,10,image_6.jpeg,HNB to HNB Handover via Iurh interface – UE involved.
q3_1,"When the UE experiences deteriorating signal conditions from the serving eNodeB, it sends a measurement report indicating that a neighbor cell is stronger. The serving eNodeB makes a handover decision and attempts to prepare the target eNodeB. However, if the target eNodeB cannot admit the UE due to lack of resources, it sends a Handover Preparation Failure message back to the source eNodeB.",q3,BM25,1,image_0.png,TNL Update: Unsuccessful operation.
q3_1,"When the UE experiences deteriorating signal conditions from the serving eNodeB, it sends a measurement report indicating that a neighbor cell is stronger. The serving eNodeB makes a handover decision and attempts to prepare the target eNodeB. However, if the target eNodeB cannot admit the UE due to lack of resources, it sends a Handover Preparation Failure message back to the source eNodeB.",q3,BM25,2,image_1592.png,Procedure for alert
q3_1,"When the UE experiences deteriorating signal conditions from the serving eNodeB, it sends a measurement report indicating that a neighbor cell is stronger. The serving eNodeB makes a handover decision and attempts to prepare the target eNodeB. However, if the target eNodeB cannot admit the UE due to lack of resources, it sends a Handover Preparation Failure message back to the source eNodeB.",q3,BM25,3,image_1466.jpeg,"SgNB Change, unsuccessful operation."
q3_1,"When the UE experiences deteriorating signal conditions from the serving eNodeB, it sends a measurement report indicating that a neighbor cell is stronger. The serving eNodeB makes a handover decision and attempts to prepare the target eNodeB. However, if the target eNodeB cannot admit the UE due to lack of resources, it sends a Handover Preparation Failure message back to the source eNodeB.",q3,BM25,4,image_1465.jpeg,"SgNB initiated SgNB Modification, unsuccessful operation."
q3_1,"When the UE experiences deteriorating signal conditions from the serving eNodeB, it sends a measurement report indicating that a neighbor cell is stronger. The serving eNodeB makes a handover decision and attempts to prepare the target eNodeB. However, if the target eNodeB cannot admit the UE due to lack of resources, it sends a Handover Preparation Failure message back to the source eNodeB.",q3,BM25,5,image_1463.jpeg,"MeNB initiated SgNB Modification Preparation, unsuccessful operation"
q3_1,"When the UE experiences deteriorating signal conditions from the serving eNodeB, it sends a measurement report indicating that a neighbor cell is stronger. The serving eNodeB makes a handover decision and attempts to prepare the target eNodeB. However, if the target eNodeB cannot admit the UE due to lack of resources, it sends a Handover Preparation Failure message back to the source eNodeB.",q3,BM25,6,image_1595.jpeg,Procedures for unsuccessful SBI-based SM MO message transfer
q3_1,"When the UE experiences deteriorating signal conditions from the serving eNodeB, it sends a measurement report indicating that a neighbor cell is stronger. The serving eNodeB makes a handover decision and attempts to prepare the target eNodeB. However, if the target eNodeB cannot admit the UE due to lack of resources, it sends a Handover Preparation Failure message back to the source eNodeB.",q3,BM25,7,image_2254.jpeg,MT SMS delivery failure in 5GC only deployments supporting SMSoIP
q3_1,"When the UE experiences deteriorating signal conditions from the serving eNodeB, it sends a measurement report indicating that a neighbor cell is stronger. The serving eNodeB makes a handover decision and attempts to prepare the target eNodeB. However, if the target eNodeB cannot admit the UE due to lack of resources, it sends a Handover Preparation Failure message back to the source eNodeB.",q3,BM25,8,image_3552.jpeg,Bearer context setup over F1-U
q3_1,"When the UE experiences deteriorating signal conditions from the serving eNodeB, it sends a measurement report indicating that a neighbor cell is stronger. The serving eNodeB makes a handover decision and attempts to prepare the target eNodeB. However, if the target eNodeB cannot admit the UE due to lack of resources, it sends a Handover Preparation Failure message back to the source eNodeB.",q3,BM25,9,image_557.jpeg,Secondary Node Addition procedure
q3_1,"When the UE experiences deteriorating signal conditions from the serving eNodeB, it sends a measurement report indicating that a neighbor cell is stronger. The serving eNodeB makes a handover decision and attempts to prepare the target eNodeB. However, if the target eNodeB cannot admit the UE due to lack of resources, it sends a Handover Preparation Failure message back to the source eNodeB.",q3,BM25,10,image_558.jpeg,Conditional Secondary Node Addition procedure
q3_1,"When the UE experiences deteriorating signal conditions from the serving eNodeB, it sends a measurement report indicating that a neighbor cell is stronger. The serving eNodeB makes a handover decision and attempts to prepare the target eNodeB. However, if the target eNodeB cannot admit the UE due to lack of resources, it sends a Handover Preparation Failure message back to the source eNodeB.",q3,BGE,1,image_0.png,TNL Update: Unsuccessful operation.
q3_1,"When the UE experiences deteriorating signal conditions from the serving eNodeB, it sends a measurement report indicating that a neighbor cell is stronger. The serving eNodeB makes a handover decision and attempts to prepare the target eNodeB. However, if the target eNodeB cannot admit the UE due to lack of resources, it sends a Handover Preparation Failure message back to the source eNodeB.",q3,BGE,2,image_1466.jpeg,"SgNB Change, unsuccessful operation."
q3_1,"When the UE experiences deteriorating signal conditions from the serving eNodeB, it sends a measurement report indicating that a neighbor cell is stronger. The serving eNodeB makes a handover decision and attempts to prepare the target eNodeB. However, if the target eNodeB cannot admit the UE due to lack of resources, it sends a Handover Preparation Failure message back to the source eNodeB.",q3,BGE,3,image_1465.jpeg,"SgNB initiated SgNB Modification, unsuccessful operation."
q3_1,"When the UE experiences deteriorating signal conditions from the serving eNodeB, it sends a measurement report indicating that a neighbor cell is stronger. The serving eNodeB makes a handover decision and attempts to prepare the target eNodeB. However, if the target eNodeB cannot admit the UE due to lack of resources, it sends a Handover Preparation Failure message back to the source eNodeB.",q3,BGE,4,image_1463.jpeg,"MeNB initiated SgNB Modification Preparation, unsuccessful operation"
q3_1,"When the UE experiences deteriorating signal conditions from the serving eNodeB, it sends a measurement report indicating that a neighbor cell is stronger. The serving eNodeB makes a handover decision and attempts to prepare the target eNodeB. However, if the target eNodeB cannot admit the UE due to lack of resources, it sends a Handover Preparation Failure message back to the source eNodeB.",q3,BGE,5,image_3574.jpeg,UL-TDOA/UL-AoA positioning procedure
q3_1,"When the UE experiences deteriorating signal conditions from the serving eNodeB, it sends a measurement report indicating that a neighbor cell is stronger. The serving eNodeB makes a handover decision and attempts to prepare the target eNodeB. However, if the target eNodeB cannot admit the UE due to lack of resources, it sends a Handover Preparation Failure message back to the source eNodeB.",q3,BGE,6,image_1595.jpeg,Procedures for unsuccessful SBI-based SM MO message transfer
q3_1,"When the UE experiences deteriorating signal conditions from the serving eNodeB, it sends a measurement report indicating that a neighbor cell is stronger. The serving eNodeB makes a handover decision and attempts to prepare the target eNodeB. However, if the target eNodeB cannot admit the UE due to lack of resources, it sends a Handover Preparation Failure message back to the source eNodeB.",q3,BGE,7,image_3688.png,UL-TDOA positioning procedure
q3_1,"When the UE experiences deteriorating signal conditions from the serving eNodeB, it sends a measurement report indicating that a neighbor cell is stronger. The serving eNodeB makes a handover decision and attempts to prepare the target eNodeB. However, if the target eNodeB cannot admit the UE due to lack of resources, it sends a Handover Preparation Failure message back to the source eNodeB.",q3,BGE,8,image_1592.png,Procedure for alert
q3_1,"When the UE experiences deteriorating signal conditions from the serving eNodeB, it sends a measurement report indicating that a neighbor cell is stronger. The serving eNodeB makes a handover decision and attempts to prepare the target eNodeB. However, if the target eNodeB cannot admit the UE due to lack of resources, it sends a Handover Preparation Failure message back to the source eNodeB.",q3,BGE,9,image_1021.png,Subscription to NF Instances in the same PLMN
q3_1,"When the UE experiences deteriorating signal conditions from the serving eNodeB, it sends a measurement report indicating that a neighbor cell is stronger. The serving eNodeB makes a handover decision and attempts to prepare the target eNodeB. However, if the target eNodeB cannot admit the UE due to lack of resources, it sends a Handover Preparation Failure message back to the source eNodeB.",q3,BGE,10,image_1122.jpeg,NF service consumer updates subscription data
q3_2,"During the initial access, the UE needs to transition from RRC_IDLE to RRC_CONNECTED. It starts by sending an RRC Connection Request. The network responds with an RRC Connection Setup message, establishing the SRB1. Finally, the UE confirms the successful establishment by sending the RRC Connection Setup Complete message.",q3,BM25,1,image_1.jpeg,1.28Mcps TDD Home NodeB Timing according to Macro Node B’s DwPCH
q3_2,"During the initial access, the UE needs to transition from RRC_IDLE to RRC_CONNECTED. It starts by sending an RRC Connection Request. The network responds with an RRC Connection Setup message, establishing the SRB1. Finally, the UE confirms the successful establishment by sending the RRC Connection Setup Complete message.",q3,BM25,2,image_1017.jpeg,Resource URI structure of the <xyz > API
q3_2,"During the initial access, the UE needs to transition from RRC_IDLE to RRC_CONNECTED. It starts by sending an RRC Connection Request. The network responds with an RRC Connection Setup message, establishing the SRB1. Finally, the UE confirms the successful establishment by sending the RRC Connection Setup Complete message.",q3,BM25,3,image_3422.jpeg,IAB architecture; a) IAB-node using SA mode with NGC; b) IAB-node using EN-DC
q3_2,"During the initial access, the UE needs to transition from RRC_IDLE to RRC_CONNECTED. It starts by sending an RRC Connection Request. The network responds with an RRC Connection Setup message, establishing the SRB1. Finally, the UE confirms the successful establishment by sending the RRC Connection Setup Complete message.",q3,BM25,4,image_3401.jpeg,Inter RAT handover Cancel
q3_2,"During the initial access, the UE needs to transition from RRC_IDLE to RRC_CONNECTED. It starts by sending an RRC Connection Request. The network responds with an RRC Connection Setup message, establishing the SRB1. Finally, the UE confirms the successful establishment by sending the RRC Connection Setup Complete message.",q3,BM25,5,image_3444.jpeg,Automatic Neighbour Relation Function in case of E-UTRAN detected cell
q3_2,"During the initial access, the UE needs to transition from RRC_IDLE to RRC_CONNECTED. It starts by sending an RRC Connection Request. The network responds with an RRC Connection Setup message, establishing the SRB1. Finally, the UE confirms the successful establishment by sending the RRC Connection Setup Complete message.",q3,BM25,6,image_1250.jpeg,gNB capacity booster cell fully overlaid by candidate cell(s)
q3_2,"During the initial access, the UE needs to transition from RRC_IDLE to RRC_CONNECTED. It starts by sending an RRC Connection Request. The network responds with an RRC Connection Setup message, establishing the SRB1. Finally, the UE confirms the successful establishment by sending the RRC Connection Setup Complete message.",q3,BM25,7,image_2887.jpeg,Warning message delivery procedure in UTRAN
q3_2,"During the initial access, the UE needs to transition from RRC_IDLE to RRC_CONNECTED. It starts by sending an RRC Connection Request. The network responds with an RRC Connection Setup message, establishing the SRB1. Finally, the UE confirms the successful establishment by sending the RRC Connection Setup Complete message.",q3,BM25,8,image_13.jpeg,Soft Handover HNB to RNC via HNB-GW.
q3_2,"During the initial access, the UE needs to transition from RRC_IDLE to RRC_CONNECTED. It starts by sending an RRC Connection Request. The network responds with an RRC Connection Setup message, establishing the SRB1. Finally, the UE confirms the successful establishment by sending the RRC Connection Setup Complete message.",q3,BM25,9,image_1696.jpeg,Xn based handover with MBS Session
q3_2,"During the initial access, the UE needs to transition from RRC_IDLE to RRC_CONNECTED. It starts by sending an RRC Connection Request. The network responds with an RRC Connection Setup message, establishing the SRB1. Finally, the UE confirms the successful establishment by sending the RRC Connection Setup Complete message.",q3,BM25,10,image_500.jpeg,A simplified illustration of backhaul-RLF recovery
q3_2,"During the initial access, the UE needs to transition from RRC_IDLE to RRC_CONNECTED. It starts by sending an RRC Connection Request. The network responds with an RRC Connection Setup message, establishing the SRB1. Finally, the UE confirms the successful establishment by sending the RRC Connection Setup Complete message.",q3,BGE,1,image_1.jpeg,1.28Mcps TDD Home NodeB Timing according to Macro Node B’s DwPCH
q3_2,"During the initial access, the UE needs to transition from RRC_IDLE to RRC_CONNECTED. It starts by sending an RRC Connection Request. The network responds with an RRC Connection Setup message, establishing the SRB1. Finally, the UE confirms the successful establishment by sending the RRC Connection Setup Complete message.",q3,BGE,2,image_39.jpeg,UL cell site scenario: Ec/No at serving NB
q3_2,"During the initial access, the UE needs to transition from RRC_IDLE to RRC_CONNECTED. It starts by sending an RRC Connection Request. The network responds with an RRC Connection Setup message, establishing the SRB1. Finally, the UE confirms the successful establishment by sending the RRC Connection Setup Complete message.",q3,BGE,3,image_37.jpeg,UL cell edge scenario: Ec/No at serving NB
q3_2,"During the initial access, the UE needs to transition from RRC_IDLE to RRC_CONNECTED. It starts by sending an RRC Connection Request. The network responds with an RRC Connection Setup message, establishing the SRB1. Finally, the UE confirms the successful establishment by sending the RRC Connection Setup Complete message.",q3,BGE,4,image_38.jpeg,UL cell site scenario: noise rise contribution of non-associated UEs
q3_2,"During the initial access, the UE needs to transition from RRC_IDLE to RRC_CONNECTED. It starts by sending an RRC Connection Request. The network responds with an RRC Connection Setup message, establishing the SRB1. Finally, the UE confirms the successful establishment by sending the RRC Connection Setup Complete message.",q3,BGE,5,image_3455.jpeg,Timing offset scheme for PRACH preamble format 0 and format 2
q3_2,"During the initial access, the UE needs to transition from RRC_IDLE to RRC_CONNECTED. It starts by sending an RRC Connection Request. The network responds with an RRC Connection Setup message, establishing the SRB1. Finally, the UE confirms the successful establishment by sending the RRC Connection Setup Complete message.",q3,BGE,6,image_1377.jpeg,Mobility to HeNB's CSG and hybrid cells.
q3_2,"During the initial access, the UE needs to transition from RRC_IDLE to RRC_CONNECTED. It starts by sending an RRC Connection Request. The network responds with an RRC Connection Setup message, establishing the SRB1. Finally, the UE confirms the successful establishment by sending the RRC Connection Setup Complete message.",q3,BGE,7,image_878.jpeg,BD-Rate Gain computation example
q3_2,"During the initial access, the UE needs to transition from RRC_IDLE to RRC_CONNECTED. It starts by sending an RRC Connection Request. The network responds with an RRC Connection Setup message, establishing the SRB1. Finally, the UE confirms the successful establishment by sending the RRC Connection Setup Complete message.",q3,BGE,8,image_36.jpeg,UL cell edge scenario: noise rise contribution of non-associated UEs
q3_2,"During the initial access, the UE needs to transition from RRC_IDLE to RRC_CONNECTED. It starts by sending an RRC Connection Request. The network responds with an RRC Connection Setup message, establishing the SRB1. Finally, the UE confirms the successful establishment by sending the RRC Connection Setup Complete message.",q3,BGE,9,image_136.jpeg,HO procedure caused by false base station C
q3_2,"During the initial access, the UE needs to transition from RRC_IDLE to RRC_CONNECTED. It starts by sending an RRC Connection Request. The network responds with an RRC Connection Setup message, establishing the SRB1. Finally, the UE confirms the successful establishment by sending the RRC Connection Setup Complete message.",q3,BGE,10,image_1393.jpeg,Automatic Neighbour Relation Function in case of e.g. UTRAN detected cell
q3_3,"The 5G system architecture consists of several key network functions. The AMF handles connection and mobility management, while the SMF is responsible for session management. The UPF routes and forwards user plane data. These functions interact via service-based interfaces to provide end-to-end connectivity for the UE.",q3,BM25,1,image_2.png,UE Registration for non CSG UEs or non CSG HNBs.
q3_3,"The 5G system architecture consists of several key network functions. The AMF handles connection and mobility management, while the SMF is responsible for session management. The UPF routes and forwards user plane data. These functions interact via service-based interfaces to provide end-to-end connectivity for the UE.",q3,BM25,2,image_3.jpeg,UE Registration for CSG UEs and CSG or Hybrid HNBs.
q3_3,"The 5G system architecture consists of several key network functions. The AMF handles connection and mobility management, while the SMF is responsible for session management. The UPF routes and forwards user plane data. These functions interact via service-based interfaces to provide end-to-end connectivity for the UE.",q3,BM25,3,image_1906.jpeg,Notification of the ECGI/TAI information changes
q3_3,"The 5G system architecture consists of several key network functions. The AMF handles connection and mobility management, while the SMF is responsible for session management. The UPF routes and forwards user plane data. These functions interact via service-based interfaces to provide end-to-end connectivity for the UE.",q3,BM25,4,image_1531.jpeg,The Allowed CSG List Management Object
q3_3,"The 5G system architecture consists of several key network functions. The AMF handles connection and mobility management, while the SMF is responsible for session management. The UPF routes and forwards user plane data. These functions interact via service-based interfaces to provide end-to-end connectivity for the UE.",q3,BM25,5,image_1377.jpeg,Mobility to HeNB's CSG and hybrid cells.
q3_3,"The 5G system architecture consists of several key network functions. The AMF handles connection and mobility management, while the SMF is responsible for session management. The UPF routes and forwards user plane data. These functions interact via service-based interfaces to provide end-to-end connectivity for the UE.",q3,BM25,6,image_6.jpeg,HNB to HNB Handover via Iurh interface – UE involved.
q3_3,"The 5G system architecture consists of several key network functions. The AMF handles connection and mobility management, while the SMF is responsible for session management. The UPF routes and forwards user plane data. These functions interact via service-based interfaces to provide end-to-end connectivity for the UE.",q3,BM25,7,image_3385.png,X2-based handover without Serving GW relocation
q3_3,"The 5G system architecture consists of several key network functions. The AMF handles connection and mobility management, while the SMF is responsible for session management. The UPF routes and forwards user plane data. These functions interact via service-based interfaces to provide end-to-end connectivity for the UE.",q3,BM25,8,image_1903.png,Inter-RAT TAU/RAU or Handover with Serving GW Relocation
q3_3,"The 5G system architecture consists of several key network functions. The AMF handles connection and mobility management, while the SMF is responsible for session management. The UPF routes and forwards user plane data. These functions interact via service-based interfaces to provide end-to-end connectivity for the UE.",q3,BM25,9,image_3386.jpeg,X2-based handover with Serving GW relocation
q3_3,"The 5G system architecture consists of several key network functions. The AMF handles connection and mobility management, while the SMF is responsible for session management. The UPF routes and forwards user plane data. These functions interact via service-based interfaces to provide end-to-end connectivity for the UE.",q3,BM25,10,image_3375.jpeg,MME-Initiated Detach Procedure
q3_3,"The 5G system architecture consists of several key network functions. The AMF handles connection and mobility management, while the SMF is responsible for session management. The UPF routes and forwards user plane data. These functions interact via service-based interfaces to provide end-to-end connectivity for the UE.",q3,BGE,1,image_2.png,UE Registration for non CSG UEs or non CSG HNBs.
q3_3,"The 5G system architecture consists of several key network functions. The AMF handles connection and mobility management, while the SMF is responsible for session management. The UPF routes and forwards user plane data. These functions interact via service-based interfaces to provide end-to-end connectivity for the UE.",q3,BGE,2,image_3.jpeg,UE Registration for CSG UEs and CSG or Hybrid HNBs.
q3_3,"The 5G system architecture consists of several key network functions. The AMF handles connection and mobility management, while the SMF is responsible for session management. The UPF routes and forwards user plane data. These functions interact via service-based interfaces to provide end-to-end connectivity for the UE.",q3,BGE,3,image_4.jpeg,UE Registration to open access HNBs.
q3_3,"The 5G system architecture consists of several key network functions. The AMF handles connection and mobility management, while the SMF is responsible for session management. The UPF routes and forwards user plane data. These functions interact via service-based interfaces to provide end-to-end connectivity for the UE.",q3,BGE,4,image_3079.jpeg,Non-MSGin5G UE registration
q3_3,"The 5G system architecture consists of several key network functions. The AMF handles connection and mobility management, while the SMF is responsible for session management. The UPF routes and forwards user plane data. These functions interact via service-based interfaces to provide end-to-end connectivity for the UE.",q3,BGE,5,image_3077.jpeg,MSGin5G Client registration
q3_3,"The 5G system architecture consists of several key network functions. The AMF handles connection and mobility management, while the SMF is responsible for session management. The UPF routes and forwards user plane data. These functions interact via service-based interfaces to provide end-to-end connectivity for the UE.",q3,BGE,6,image_3277.jpeg,UE initiates the registration on behalf of the PNE
q3_3,"The 5G system architecture consists of several key network functions. The AMF handles connection and mobility management, while the SMF is responsible for session management. The UPF routes and forwards user plane data. These functions interact via service-based interfaces to provide end-to-end connectivity for the UE.",q3,BGE,7,image_12.png,Enhanced Relocation from RNC to Hybrid HNB for CSG UEs.
q3_3,"The 5G system architecture consists of several key network functions. The AMF handles connection and mobility management, while the SMF is responsible for session management. The UPF routes and forwards user plane data. These functions interact via service-based interfaces to provide end-to-end connectivity for the UE.",q3,BGE,8,image_1240.png,5GC NRM containment/naming relationship
q3_3,"The 5G system architecture consists of several key network functions. The AMF handles connection and mobility management, while the SMF is responsible for session management. The UPF routes and forwards user plane data. These functions interact via service-based interfaces to provide end-to-end connectivity for the UE.",q3,BGE,9,image_1054.jpeg,UE Policy Association Establishment procedure - Non-roaming
q3_3,"The 5G system architecture consists of several key network functions. The AMF handles connection and mobility management, while the SMF is responsible for session management. The UPF routes and forwards user plane data. These functions interact via service-based interfaces to provide end-to-end connectivity for the UE.",q3,BGE,10,image_2235.jpeg,Mobility from EPC to 5GC
q3_4,"To establish a dedicated bearer for a specific QoS flow, the network initiates the process. The MME sends a Bearer Setup Request to the eNodeB, which in turn sends an RRC Connection Reconfiguration message to the UE. The UE applies the new configuration and responds with an RRC Connection Reconfiguration Complete message.",q3,BM25,1,image_3.jpeg,UE Registration for CSG UEs and CSG or Hybrid HNBs.
q3_4,"To establish a dedicated bearer for a specific QoS flow, the network initiates the process. The MME sends a Bearer Setup Request to the eNodeB, which in turn sends an RRC Connection Reconfiguration message to the UE. The UE applies the new configuration and responds with an RRC Connection Reconfiguration Complete message.",q3,BM25,2,image_2224.jpeg,Distributed gNB with stationary Tracking Area TA
q3_4,"To establish a dedicated bearer for a specific QoS flow, the network initiates the process. The MME sends a Bearer Setup Request to the eNodeB, which in turn sends an RRC Connection Reconfiguration message to the UE. The UE applies the new configuration and responds with an RRC Connection Reconfiguration Complete message.",q3,BM25,3,image_1769.jpeg,Group call release involving groups from multiple MCPTT systems
q3_4,"To establish a dedicated bearer for a specific QoS flow, the network initiates the process. The MME sends a Bearer Setup Request to the eNodeB, which in turn sends an RRC Connection Reconfiguration message to the UE. The UE applies the new configuration and responds with an RRC Connection Reconfiguration Complete message.",q3,BM25,4,image_3114.jpeg,Group call release involving groups from multiple MCPTT systems
q3_4,"To establish a dedicated bearer for a specific QoS flow, the network initiates the process. The MME sends a Bearer Setup Request to the eNodeB, which in turn sends an RRC Connection Reconfiguration message to the UE. The UE applies the new configuration and responds with an RRC Connection Reconfiguration Complete message.",q3,BM25,5,image_2585.jpeg,Gateway Control Session Establishment during Attach
q3_4,"To establish a dedicated bearer for a specific QoS flow, the network initiates the process. The MME sends a Bearer Setup Request to the eNodeB, which in turn sends an RRC Connection Reconfiguration message to the UE. The UE applies the new configuration and responds with an RRC Connection Reconfiguration Complete message.",q3,BM25,6,image_2047.jpeg,Architecture for migration scenario for EPC and 5G CN
q3_4,"To establish a dedicated bearer for a specific QoS flow, the network initiates the process. The MME sends a Bearer Setup Request to the eNodeB, which in turn sends an RRC Connection Reconfiguration message to the UE. The UE applies the new configuration and responds with an RRC Connection Reconfiguration Complete message.",q3,BM25,7,image_3692.jpeg,Overview of signaling activation for 5GS
q3_4,"To establish a dedicated bearer for a specific QoS flow, the network initiates the process. The MME sends a Bearer Setup Request to the eNodeB, which in turn sends an RRC Connection Reconfiguration message to the UE. The UE applies the new configuration and responds with an RRC Connection Reconfiguration Complete message.",q3,BM25,8,image_2084.jpeg,Attach Procedure
q3_4,"To establish a dedicated bearer for a specific QoS flow, the network initiates the process. The MME sends a Bearer Setup Request to the eNodeB, which in turn sends an RRC Connection Reconfiguration message to the UE. The UE applies the new configuration and responds with an RRC Connection Reconfiguration Complete message.",q3,BM25,9,image_676.jpeg,Call flow for provisioning network slices and Operation Points
q3_4,"To establish a dedicated bearer for a specific QoS flow, the network initiates the process. The MME sends a Bearer Setup Request to the eNodeB, which in turn sends an RRC Connection Reconfiguration message to the UE. The UE applies the new configuration and responds with an RRC Connection Reconfiguration Complete message.",q3,BM25,10,image_2235.jpeg,Mobility from EPC to 5GC
q3_4,"To establish a dedicated bearer for a specific QoS flow, the network initiates the process. The MME sends a Bearer Setup Request to the eNodeB, which in turn sends an RRC Connection Reconfiguration message to the UE. The UE applies the new configuration and responds with an RRC Connection Reconfiguration Complete message.",q3,BGE,1,image_3.jpeg,UE Registration for CSG UEs and CSG or Hybrid HNBs.
q3_4,"To establish a dedicated bearer for a specific QoS flow, the network initiates the process. The MME sends a Bearer Setup Request to the eNodeB, which in turn sends an RRC Connection Reconfiguration message to the UE. The UE applies the new configuration and responds with an RRC Connection Reconfiguration Complete message.",q3,BGE,2,image_440.jpeg,"Authorization and service invocation procedure, for indirect communication"
q3_4,"To establish a dedicated bearer for a specific QoS flow, the network initiates the process. The MME sends a Bearer Setup Request to the eNodeB, which in turn sends an RRC Connection Reconfiguration message to the UE. The UE applies the new configuration and responds with an RRC Connection Reconfiguration Complete message.",q3,BGE,3,image_441.jpeg,"Authorization and service invocation procedure, for indirect communication"
q3_4,"To establish a dedicated bearer for a specific QoS flow, the network initiates the process. The MME sends a Bearer Setup Request to the eNodeB, which in turn sends an RRC Connection Reconfiguration message to the UE. The UE applies the new configuration and responds with an RRC Connection Reconfiguration Complete message.",q3,BGE,4,image_3559.jpeg,UE Initial Access procedure and network sharing with multiple cell-ID broadcast
q3_4,"To establish a dedicated bearer for a specific QoS flow, the network initiates the process. The MME sends a Bearer Setup Request to the eNodeB, which in turn sends an RRC Connection Reconfiguration message to the UE. The UE applies the new configuration and responds with an RRC Connection Reconfiguration Complete message.",q3,BGE,5,image_1081.png,Message flow for Registration via IC SIP proxy
q3_4,"To establish a dedicated bearer for a specific QoS flow, the network initiates the process. The MME sends a Bearer Setup Request to the eNodeB, which in turn sends an RRC Connection Reconfiguration message to the UE. The UE applies the new configuration and responds with an RRC Connection Reconfiguration Complete message.",q3,BGE,6,image_3289.jpeg,PN access control Procedure in CS domain
q3_4,"To establish a dedicated bearer for a specific QoS flow, the network initiates the process. The MME sends a Bearer Setup Request to the eNodeB, which in turn sends an RRC Connection Reconfiguration message to the UE. The UE applies the new configuration and responds with an RRC Connection Reconfiguration Complete message.",q3,BGE,7,image_442.jpeg,"Authorization and service invocation procedure, for indirect communication with"
q3_4,"To establish a dedicated bearer for a specific QoS flow, the network initiates the process. The MME sends a Bearer Setup Request to the eNodeB, which in turn sends an RRC Connection Reconfiguration message to the UE. The UE applies the new configuration and responds with an RRC Connection Reconfiguration Complete message.",q3,BGE,8,image_2480.jpeg,Network-initiated dynamic policy control procedure in Trusted BBF IP Access for
q3_4,"To establish a dedicated bearer for a specific QoS flow, the network initiates the process. The MME sends a Bearer Setup Request to the eNodeB, which in turn sends an RRC Connection Reconfiguration message to the UE. The UE applies the new configuration and responds with an RRC Connection Reconfiguration Complete message.",q3,BGE,9,image_2509.jpeg,Inter-NG-RAN mobility
q3_4,"To establish a dedicated bearer for a specific QoS flow, the network initiates the process. The MME sends a Bearer Setup Request to the eNodeB, which in turn sends an RRC Connection Reconfiguration message to the UE. The UE applies the new configuration and responds with an RRC Connection Reconfiguration Complete message.",q3,BGE,10,image_1919.png,Network-initiated dynamic policy control for S2c over Trusted Non-3GPP IP Access
q3_5,"In 5G NR, the gNB can be split into a Central Unit (CU) and one or more Distributed Units (DUs). The CU handles higher layer protocols like RRC and PDCP, while the DU handles lower layers like RLC, MAC, and PHY. They communicate over the F1 interface, allowing for flexible deployment scenarios.",q3,BM25,1,image_4.jpeg,UE Registration to open access HNBs.
q3_5,"In 5G NR, the gNB can be split into a Central Unit (CU) and one or more Distributed Units (DUs). The CU handles higher layer protocols like RRC and PDCP, while the DU handles lower layers like RLC, MAC, and PHY. They communicate over the F1 interface, allowing for flexible deployment scenarios.",q3,BM25,2,image_10.jpeg,Enhanced Relocation from Open Access and Hybrid HNBs to RNC.
q3_5,"In 5G NR, the gNB can be split into a Central Unit (CU) and one or more Distributed Units (DUs). The CU handles higher layer protocols like RRC and PDCP, while the DU handles lower layers like RLC, MAC, and PHY. They communicate over the F1 interface, allowing for flexible deployment scenarios.",q3,BM25,3,image_3.jpeg,UE Registration for CSG UEs and CSG or Hybrid HNBs.
q3_5,"In 5G NR, the gNB can be split into a Central Unit (CU) and one or more Distributed Units (DUs). The CU handles higher layer protocols like RRC and PDCP, while the DU handles lower layers like RLC, MAC, and PHY. They communicate over the F1 interface, allowing for flexible deployment scenarios.",q3,BM25,4,image_13.jpeg,Soft Handover HNB to RNC via HNB-GW.
q3_5,"In 5G NR, the gNB can be split into a Central Unit (CU) and one or more Distributed Units (DUs). The CU handles higher layer protocols like RRC and PDCP, while the DU handles lower layers like RLC, MAC, and PHY. They communicate over the F1 interface, allowing for flexible deployment scenarios.",q3,BM25,5,image_2.png,UE Registration for non CSG UEs or non CSG HNBs.
q3_5,"In 5G NR, the gNB can be split into a Central Unit (CU) and one or more Distributed Units (DUs). The CU handles higher layer protocols like RRC and PDCP, while the DU handles lower layers like RLC, MAC, and PHY. They communicate over the F1 interface, allowing for flexible deployment scenarios.",q3,BM25,6,image_6.jpeg,HNB to HNB Handover via Iurh interface – UE involved.
q3_5,"In 5G NR, the gNB can be split into a Central Unit (CU) and one or more Distributed Units (DUs). The CU handles higher layer protocols like RRC and PDCP, while the DU handles lower layers like RLC, MAC, and PHY. They communicate over the F1 interface, allowing for flexible deployment scenarios.",q3,BM25,7,image_9.png,HNB Configuration Transfer.
q3_5,"In 5G NR, the gNB can be split into a Central Unit (CU) and one or more Distributed Units (DUs). The CU handles higher layer protocols like RRC and PDCP, while the DU handles lower layers like RLC, MAC, and PHY. They communicate over the F1 interface, allowing for flexible deployment scenarios.",q3,BM25,8,image_7.jpeg,Soft Handover Initiation HNB to HNB.
q3_5,"In 5G NR, the gNB can be split into a Central Unit (CU) and one or more Distributed Units (DUs). The CU handles higher layer protocols like RRC and PDCP, while the DU handles lower layers like RLC, MAC, and PHY. They communicate over the F1 interface, allowing for flexible deployment scenarios.",q3,BM25,9,image_8.jpeg,HNB to HNB CELL_FACH/CELL_PCH/URA_PCH mobility
q3_5,"In 5G NR, the gNB can be split into a Central Unit (CU) and one or more Distributed Units (DUs). The CU handles higher layer protocols like RRC and PDCP, while the DU handles lower layers like RLC, MAC, and PHY. They communicate over the F1 interface, allowing for flexible deployment scenarios.",q3,BM25,10,image_14.jpeg,Soft Handover from RNC to Open or Hybrid Access HNB via HNB-GW.
q3_5,"In 5G NR, the gNB can be split into a Central Unit (CU) and one or more Distributed Units (DUs). The CU handles higher layer protocols like RRC and PDCP, while the DU handles lower layers like RLC, MAC, and PHY. They communicate over the F1 interface, allowing for flexible deployment scenarios.",q3,BGE,1,image_4.jpeg,UE Registration to open access HNBs.
q3_5,"In 5G NR, the gNB can be split into a Central Unit (CU) and one or more Distributed Units (DUs). The CU handles higher layer protocols like RRC and PDCP, while the DU handles lower layers like RLC, MAC, and PHY. They communicate over the F1 interface, allowing for flexible deployment scenarios.",q3,BGE,2,image_2.png,UE Registration for non CSG UEs or non CSG HNBs.
q3_5,"In 5G NR, the gNB can be split into a Central Unit (CU) and one or more Distributed Units (DUs). The CU handles higher layer protocols like RRC and PDCP, while the DU handles lower layers like RLC, MAC, and PHY. They communicate over the F1 interface, allowing for flexible deployment scenarios.",q3,BGE,3,image_3.jpeg,UE Registration for CSG UEs and CSG or Hybrid HNBs.
q3_5,"In 5G NR, the gNB can be split into a Central Unit (CU) and one or more Distributed Units (DUs). The CU handles higher layer protocols like RRC and PDCP, while the DU handles lower layers like RLC, MAC, and PHY. They communicate over the F1 interface, allowing for flexible deployment scenarios.",q3,BGE,4,image_3718.jpeg,HNB-GW discovery via HMS (initial) accessible on the public Internet
q3_5,"In 5G NR, the gNB can be split into a Central Unit (CU) and one or more Distributed Units (DUs). The CU handles higher layer protocols like RRC and PDCP, while the DU handles lower layers like RLC, MAC, and PHY. They communicate over the F1 interface, allowing for flexible deployment scenarios.",q3,BGE,5,image_2245.jpeg,UE reachability notification for 5G subscriber
q3_5,"In 5G NR, the gNB can be split into a Central Unit (CU) and one or more Distributed Units (DUs). The CU handles higher layer protocols like RRC and PDCP, while the DU handles lower layers like RLC, MAC, and PHY. They communicate over the F1 interface, allowing for flexible deployment scenarios.",q3,BGE,6,image_3719.png,HNB Registration procedure flow
q3_5,"In 5G NR, the gNB can be split into a Central Unit (CU) and one or more Distributed Units (DUs). The CU handles higher layer protocols like RRC and PDCP, while the DU handles lower layers like RLC, MAC, and PHY. They communicate over the F1 interface, allowing for flexible deployment scenarios.",q3,BGE,7,image_2244.jpeg,Subscription to UE reachability for 5G subscriber
q3_5,"In 5G NR, the gNB can be split into a Central Unit (CU) and one or more Distributed Units (DUs). The CU handles higher layer protocols like RRC and PDCP, while the DU handles lower layers like RLC, MAC, and PHY. They communicate over the F1 interface, allowing for flexible deployment scenarios.",q3,BGE,8,image_3717.png,HNB-GW discovery via HMS (initial) accessible on the MNO Intranet
q3_5,"In 5G NR, the gNB can be split into a Central Unit (CU) and one or more Distributed Units (DUs). The CU handles higher layer protocols like RRC and PDCP, while the DU handles lower layers like RLC, MAC, and PHY. They communicate over the F1 interface, allowing for flexible deployment scenarios.",q3,BGE,9,image_6.jpeg,HNB to HNB Handover via Iurh interface – UE involved.
q3_5,"In 5G NR, the gNB can be split into a Central Unit (CU) and one or more Distributed Units (DUs). The CU handles higher layer protocols like RRC and PDCP, while the DU handles lower layers like RLC, MAC, and PHY. They communicate over the F1 interface, allowing for flexible deployment scenarios.",q3,BGE,10,image_7.jpeg,Soft Handover Initiation HNB to HNB.
q3_6,"When the network needs to reach a UE in CM-IDLE state, the AMF initiates a paging procedure. It sends a Paging message to all gNBs within the UE's tracking area. The gNBs broadcast the Paging message over the radio interface. Upon receiving the page, the UE initiates the RRC connection establishment procedure to transition to CM-CONNECTED state.",q3,BM25,1,image_5.jpeg,Iuh Disconnect procedure.
q3_6,"When the network needs to reach a UE in CM-IDLE state, the AMF initiates a paging procedure. It sends a Paging message to all gNBs within the UE's tracking area. The gNBs broadcast the Paging message over the radio interface. Upon receiving the page, the UE initiates the RRC connection establishment procedure to transition to CM-CONNECTED state.",q3,BM25,2,image_22.png,Release of established signalling connection over Iupc and Iuh connections – HNB
q3_6,"When the network needs to reach a UE in CM-IDLE state, the AMF initiates a paging procedure. It sends a Paging message to all gNBs within the UE's tracking area. The gNBs broadcast the Paging message over the radio interface. Upon receiving the page, the UE initiates the RRC connection establishment procedure to transition to CM-CONNECTED state.",q3,BM25,3,image_23.jpeg,Release of established signalling connection over Iupc and Iuh connections – HNB
q3_6,"When the network needs to reach a UE in CM-IDLE state, the AMF initiates a paging procedure. It sends a Paging message to all gNBs within the UE's tracking area. The gNBs broadcast the Paging message over the radio interface. Upon receiving the page, the UE initiates the RRC connection establishment procedure to transition to CM-CONNECTED state.",q3,BM25,4,image_19.png,Establishment of signalling connection over Iuh and Iupc connections between HNB
q3_6,"When the network needs to reach a UE in CM-IDLE state, the AMF initiates a paging procedure. It sends a Paging message to all gNBs within the UE's tracking area. The gNBs broadcast the Paging message over the radio interface. Upon receiving the page, the UE initiates the RRC connection establishment procedure to transition to CM-CONNECTED state.",q3,BM25,5,image_3756.jpeg,Offline Charging for ProSe one-to-one Direct Communication (under coverage)
q3_6,"When the network needs to reach a UE in CM-IDLE state, the AMF initiates a paging procedure. It sends a Paging message to all gNBs within the UE's tracking area. The gNBs broadcast the Paging message over the radio interface. Upon receiving the page, the UE initiates the RRC connection establishment procedure to transition to CM-CONNECTED state.",q3,BM25,6,image_3168.jpeg,Chat group call disconnect on MBMS bearer
q3_6,"When the network needs to reach a UE in CM-IDLE state, the AMF initiates a paging procedure. It sends a Paging message to all gNBs within the UE's tracking area. The gNBs broadcast the Paging message over the radio interface. Upon receiving the page, the UE initiates the RRC connection establishment procedure to transition to CM-CONNECTED state.",q3,BM25,7,image_3757.jpeg,Offline Charging for ProSe one-to-one Direct Communication (out of coverage)
q3_6,"When the network needs to reach a UE in CM-IDLE state, the AMF initiates a paging procedure. It sends a Paging message to all gNBs within the UE's tracking area. The gNBs broadcast the Paging message over the radio interface. Upon receiving the page, the UE initiates the RRC connection establishment procedure to transition to CM-CONNECTED state.",q3,BM25,8,image_11.jpeg,Enhanced Relocation from RNC to Open Access HNB for CSG UEs.
q3_6,"When the network needs to reach a UE in CM-IDLE state, the AMF initiates a paging procedure. It sends a Paging message to all gNBs within the UE's tracking area. The gNBs broadcast the Paging message over the radio interface. Upon receiving the page, the UE initiates the RRC connection establishment procedure to transition to CM-CONNECTED state.",q3,BM25,9,image_3760.jpeg,Message flows for ProSe Unicast Direct Communication - SCUR
q3_6,"When the network needs to reach a UE in CM-IDLE state, the AMF initiates a paging procedure. It sends a Paging message to all gNBs within the UE's tracking area. The gNBs broadcast the Paging message over the radio interface. Upon receiving the page, the UE initiates the RRC connection establishment procedure to transition to CM-CONNECTED state.",q3,BM25,10,image_2767.png,Addition of video media flow for ICS UE via the MSC Server enhanced for ICS
q3_6,"When the network needs to reach a UE in CM-IDLE state, the AMF initiates a paging procedure. It sends a Paging message to all gNBs within the UE's tracking area. The gNBs broadcast the Paging message over the radio interface. Upon receiving the page, the UE initiates the RRC connection establishment procedure to transition to CM-CONNECTED state.",q3,BGE,1,image_5.jpeg,Iuh Disconnect procedure.
q3_6,"When the network needs to reach a UE in CM-IDLE state, the AMF initiates a paging procedure. It sends a Paging message to all gNBs within the UE's tracking area. The gNBs broadcast the Paging message over the radio interface. Upon receiving the page, the UE initiates the RRC connection establishment procedure to transition to CM-CONNECTED state.",q3,BGE,2,image_22.png,Release of established signalling connection over Iupc and Iuh connections – HNB
q3_6,"When the network needs to reach a UE in CM-IDLE state, the AMF initiates a paging procedure. It sends a Paging message to all gNBs within the UE's tracking area. The gNBs broadcast the Paging message over the radio interface. Upon receiving the page, the UE initiates the RRC connection establishment procedure to transition to CM-CONNECTED state.",q3,BGE,3,image_23.jpeg,Release of established signalling connection over Iupc and Iuh connections – HNB
q3_6,"When the network needs to reach a UE in CM-IDLE state, the AMF initiates a paging procedure. It sends a Paging message to all gNBs within the UE's tracking area. The gNBs broadcast the Paging message over the radio interface. Upon receiving the page, the UE initiates the RRC connection establishment procedure to transition to CM-CONNECTED state.",q3,BGE,4,image_1913.png,UE-initiated detach procedure with MIPv4 FACoA
q3_6,"When the network needs to reach a UE in CM-IDLE state, the AMF initiates a paging procedure. It sends a Paging message to all gNBs within the UE's tracking area. The gNBs broadcast the Paging message over the radio interface. Upon receiving the page, the UE initiates the RRC connection establishment procedure to transition to CM-CONNECTED state.",q3,BGE,5,image_1895.jpeg,E-UTRAN Detach Procedure for PMIP-based S5/S8
q3_6,"When the network needs to reach a UE in CM-IDLE state, the AMF initiates a paging procedure. It sends a Paging message to all gNBs within the UE's tracking area. The gNBs broadcast the Paging message over the radio interface. Upon receiving the page, the UE initiates the RRC connection establishment procedure to transition to CM-CONNECTED state.",q3,BGE,6,image_2467.png,UE/ePDG-initiated detach procedure or UE-requested PDN disconnection procedure
q3_6,"When the network needs to reach a UE in CM-IDLE state, the AMF initiates a paging procedure. It sends a Paging message to all gNBs within the UE's tracking area. The gNBs broadcast the Paging message over the radio interface. Upon receiving the page, the UE initiates the RRC connection establishment procedure to transition to CM-CONNECTED state.",q3,BGE,7,image_32.jpeg,Release of established signalling connection over Iurh and Iur connections – HNB
q3_6,"When the network needs to reach a UE in CM-IDLE state, the AMF initiates a paging procedure. It sends a Paging message to all gNBs within the UE's tracking area. The gNBs broadcast the Paging message over the radio interface. Upon receiving the page, the UE initiates the RRC connection establishment procedure to transition to CM-CONNECTED state.",q3,BGE,8,image_33.jpeg,Release of established signalling connection over Iurh and Iur connections – HNB
q3_6,"When the network needs to reach a UE in CM-IDLE state, the AMF initiates a paging procedure. It sends a Paging message to all gNBs within the UE's tracking area. The gNBs broadcast the Paging message over the radio interface. Upon receiving the page, the UE initiates the RRC connection establishment procedure to transition to CM-CONNECTED state.",q3,BGE,9,image_17.png,Iuh–Interface Protocol Stack.
q3_6,"When the network needs to reach a UE in CM-IDLE state, the AMF initiates a paging procedure. It sends a Paging message to all gNBs within the UE's tracking area. The gNBs broadcast the Paging message over the radio interface. Upon receiving the page, the UE initiates the RRC connection establishment procedure to transition to CM-CONNECTED state.",q3,BGE,10,image_3404.jpeg,UE or MME requested PDN disconnection
q3_7,"If the UE detects a radio link failure, it starts a timer and attempts to re-establish the connection. It selects a suitable cell and sends an RRC Reestablishment Request. If the network has the UE context, it responds with an RRC Reestablishment message. Otherwise, the re-establishment fails, and the UE goes to RRC_IDLE.",q3,BM25,1,image_6.jpeg,HNB to HNB Handover via Iurh interface – UE involved.
q3_7,"If the UE detects a radio link failure, it starts a timer and attempts to re-establish the connection. It selects a suitable cell and sends an RRC Reestablishment Request. If the network has the UE context, it responds with an RRC Reestablishment message. Otherwise, the re-establishment fails, and the UE goes to RRC_IDLE.",q3,BM25,2,image_12.png,Enhanced Relocation from RNC to Hybrid HNB for CSG UEs.
q3_7,"If the UE detects a radio link failure, it starts a timer and attempts to re-establish the connection. It selects a suitable cell and sends an RRC Reestablishment Request. If the network has the UE context, it responds with an RRC Reestablishment message. Otherwise, the re-establishment fails, and the UE goes to RRC_IDLE.",q3,BM25,3,image_11.jpeg,Enhanced Relocation from RNC to Open Access HNB for CSG UEs.
q3_7,"If the UE detects a radio link failure, it starts a timer and attempts to re-establish the connection. It selects a suitable cell and sends an RRC Reestablishment Request. If the network has the UE context, it responds with an RRC Reestablishment message. Otherwise, the re-establishment fails, and the UE goes to RRC_IDLE.",q3,BM25,4,image_10.jpeg,Enhanced Relocation from Open Access and Hybrid HNBs to RNC.
q3_7,"If the UE detects a radio link failure, it starts a timer and attempts to re-establish the connection. It selects a suitable cell and sends an RRC Reestablishment Request. If the network has the UE context, it responds with an RRC Reestablishment message. Otherwise, the re-establishment fails, and the UE goes to RRC_IDLE.",q3,BM25,5,image_2100.png,Overall high level concepts for SRVCC from UTRAN (HSPA) to UTRAN/GERAN
q3_7,"If the UE detects a radio link failure, it starts a timer and attempts to re-establish the connection. It selects a suitable cell and sends an RRC Reestablishment Request. If the network has the UE context, it responds with an RRC Reestablishment message. Otherwise, the re-establishment fails, and the UE goes to RRC_IDLE.",q3,BM25,6,image_2114.jpeg,SRVCC from UTRAN (HSPA) to UTRAN or GERAN with DTM HO support
q3_7,"If the UE detects a radio link failure, it starts a timer and attempts to re-establish the connection. It selects a suitable cell and sends an RRC Reestablishment Request. If the network has the UE context, it responds with an RRC Reestablishment message. Otherwise, the re-establishment fails, and the UE goes to RRC_IDLE.",q3,BM25,7,image_2111.jpeg,SRVCC from E-UTRAN to UTRAN with PS HO or GERAN with DTM HO support
q3_7,"If the UE detects a radio link failure, it starts a timer and attempts to re-establish the connection. It selects a suitable cell and sends an RRC Reestablishment Request. If the network has the UE context, it responds with an RRC Reestablishment message. Otherwise, the re-establishment fails, and the UE goes to RRC_IDLE.",q3,BM25,8,image_2112.jpeg,vSRVCC handover procedure
q3_7,"If the UE detects a radio link failure, it starts a timer and attempts to re-establish the connection. It selects a suitable cell and sends an RRC Reestablishment Request. If the network has the UE context, it responds with an RRC Reestablishment message. Otherwise, the re-establishment fails, and the UE goes to RRC_IDLE.",q3,BM25,9,image_2501.jpeg,Service Request and Handover Procedures for EPS-connected 3G access
q3_7,"If the UE detects a radio link failure, it starts a timer and attempts to re-establish the connection. It selects a suitable cell and sends an RRC Reestablishment Request. If the network has the UE context, it responds with an RRC Reestablishment message. Otherwise, the re-establishment fails, and the UE goes to RRC_IDLE.",q3,BM25,10,image_1903.png,Inter-RAT TAU/RAU or Handover with Serving GW Relocation
q3_7,"If the UE detects a radio link failure, it starts a timer and attempts to re-establish the connection. It selects a suitable cell and sends an RRC Reestablishment Request. If the network has the UE context, it responds with an RRC Reestablishment message. Otherwise, the re-establishment fails, and the UE goes to RRC_IDLE.",q3,BGE,1,image_6.jpeg,HNB to HNB Handover via Iurh interface – UE involved.
q3_7,"If the UE detects a radio link failure, it starts a timer and attempts to re-establish the connection. It selects a suitable cell and sends an RRC Reestablishment Request. If the network has the UE context, it responds with an RRC Reestablishment message. Otherwise, the re-establishment fails, and the UE goes to RRC_IDLE.",q3,BGE,2,image_10.jpeg,Enhanced Relocation from Open Access and Hybrid HNBs to RNC.
q3_7,"If the UE detects a radio link failure, it starts a timer and attempts to re-establish the connection. It selects a suitable cell and sends an RRC Reestablishment Request. If the network has the UE context, it responds with an RRC Reestablishment message. Otherwise, the re-establishment fails, and the UE goes to RRC_IDLE.",q3,BGE,3,image_12.png,Enhanced Relocation from RNC to Hybrid HNB for CSG UEs.
q3_7,"If the UE detects a radio link failure, it starts a timer and attempts to re-establish the connection. It selects a suitable cell and sends an RRC Reestablishment Request. If the network has the UE context, it responds with an RRC Reestablishment message. Otherwise, the re-establishment fails, and the UE goes to RRC_IDLE.",q3,BGE,4,image_11.jpeg,Enhanced Relocation from RNC to Open Access HNB for CSG UEs.
q3_7,"If the UE detects a radio link failure, it starts a timer and attempts to re-establish the connection. It selects a suitable cell and sends an RRC Reestablishment Request. If the network has the UE context, it responds with an RRC Reestablishment message. Otherwise, the re-establishment fails, and the UE goes to RRC_IDLE.",q3,BGE,5,image_16.jpeg,RNC to HNB CELL_FACH/CELL_PCH and URA_PCH mobility
q3_7,"If the UE detects a radio link failure, it starts a timer and attempts to re-establish the connection. It selects a suitable cell and sends an RRC Reestablishment Request. If the network has the UE context, it responds with an RRC Reestablishment message. Otherwise, the re-establishment fails, and the UE goes to RRC_IDLE.",q3,BGE,6,image_2847.jpeg,Enhancement on Handover procedure.
q3_7,"If the UE detects a radio link failure, it starts a timer and attempts to re-establish the connection. It selects a suitable cell and sends an RRC Reestablishment Request. If the network has the UE context, it responds with an RRC Reestablishment message. Otherwise, the re-establishment fails, and the UE goes to RRC_IDLE.",q3,BGE,7,image_2108.jpeg,CS to PS SRVCC architecture for 3GPP GERAN to UTRAN (HSPA) with S4 based
q3_7,"If the UE detects a radio link failure, it starts a timer and attempts to re-establish the connection. It selects a suitable cell and sends an RRC Reestablishment Request. If the network has the UE context, it responds with an RRC Reestablishment message. Otherwise, the re-establishment fails, and the UE goes to RRC_IDLE.",q3,BGE,8,image_2501.jpeg,Service Request and Handover Procedures for EPS-connected 3G access
q3_7,"If the UE detects a radio link failure, it starts a timer and attempts to re-establish the connection. It selects a suitable cell and sends an RRC Reestablishment Request. If the network has the UE context, it responds with an RRC Reestablishment message. Otherwise, the re-establishment fails, and the UE goes to RRC_IDLE.",q3,BGE,9,image_2107.jpeg,CS to PS SRVCC architecture for 3GPP GERAN to UTRAN (HSPA) with Gn based
q3_7,"If the UE detects a radio link failure, it starts a timer and attempts to re-establish the connection. It selects a suitable cell and sends an RRC Reestablishment Request. If the network has the UE context, it responds with an RRC Reestablishment message. Otherwise, the re-establishment fails, and the UE goes to RRC_IDLE.",q3,BGE,10,image_2311.jpeg,Procedure of preventing packet loss in uplink
q3_8,The LTE user plane protocol stack consists of several layers between the UE and the eNodeB. The Packet Data Convergence Protocol (PDCP) handles IP header compression and ciphering. The Radio Link Control (RLC) handles segmentation and reassembly. The Medium Access Control (MAC) handles multiplexing and HARQ. The Physical layer (PHY) handles modulation and coding.,q3,BM25,1,image_7.jpeg,Soft Handover Initiation HNB to HNB.
q3_8,The LTE user plane protocol stack consists of several layers between the UE and the eNodeB. The Packet Data Convergence Protocol (PDCP) handles IP header compression and ciphering. The Radio Link Control (RLC) handles segmentation and reassembly. The Medium Access Control (MAC) handles multiplexing and HARQ. The Physical layer (PHY) handles modulation and coding.,q3,BM25,2,image_6.jpeg,HNB to HNB Handover via Iurh interface – UE involved.
q3_8,The LTE user plane protocol stack consists of several layers between the UE and the eNodeB. The Packet Data Convergence Protocol (PDCP) handles IP header compression and ciphering. The Radio Link Control (RLC) handles segmentation and reassembly. The Medium Access Control (MAC) handles multiplexing and HARQ. The Physical layer (PHY) handles modulation and coding.,q3,BM25,3,image_13.jpeg,Soft Handover HNB to RNC via HNB-GW.
q3_8,The LTE user plane protocol stack consists of several layers between the UE and the eNodeB. The Packet Data Convergence Protocol (PDCP) handles IP header compression and ciphering. The Radio Link Control (RLC) handles segmentation and reassembly. The Medium Access Control (MAC) handles multiplexing and HARQ. The Physical layer (PHY) handles modulation and coding.,q3,BM25,4,image_9.png,HNB Configuration Transfer.
q3_8,The LTE user plane protocol stack consists of several layers between the UE and the eNodeB. The Packet Data Convergence Protocol (PDCP) handles IP header compression and ciphering. The Radio Link Control (RLC) handles segmentation and reassembly. The Medium Access Control (MAC) handles multiplexing and HARQ. The Physical layer (PHY) handles modulation and coding.,q3,BM25,5,image_8.jpeg,HNB to HNB CELL_FACH/CELL_PCH/URA_PCH mobility
q3_8,The LTE user plane protocol stack consists of several layers between the UE and the eNodeB. The Packet Data Convergence Protocol (PDCP) handles IP header compression and ciphering. The Radio Link Control (RLC) handles segmentation and reassembly. The Medium Access Control (MAC) handles multiplexing and HARQ. The Physical layer (PHY) handles modulation and coding.,q3,BM25,6,image_14.jpeg,Soft Handover from RNC to Open or Hybrid Access HNB via HNB-GW.
q3_8,The LTE user plane protocol stack consists of several layers between the UE and the eNodeB. The Packet Data Convergence Protocol (PDCP) handles IP header compression and ciphering. The Radio Link Control (RLC) handles segmentation and reassembly. The Medium Access Control (MAC) handles multiplexing and HARQ. The Physical layer (PHY) handles modulation and coding.,q3,BM25,7,image_15.jpeg,Soft Handover from RNC to Open or Hybrid Access HNB via HNB-GW.
q3_8,The LTE user plane protocol stack consists of several layers between the UE and the eNodeB. The Packet Data Convergence Protocol (PDCP) handles IP header compression and ciphering. The Radio Link Control (RLC) handles segmentation and reassembly. The Medium Access Control (MAC) handles multiplexing and HARQ. The Physical layer (PHY) handles modulation and coding.,q3,BM25,8,image_3441.jpeg,Intra-AMF/UPF Conditional Handover
q3_8,The LTE user plane protocol stack consists of several layers between the UE and the eNodeB. The Packet Data Convergence Protocol (PDCP) handles IP header compression and ciphering. The Radio Link Control (RLC) handles segmentation and reassembly. The Medium Access Control (MAC) handles multiplexing and HARQ. The Physical layer (PHY) handles modulation and coding.,q3,BM25,9,image_2471.jpeg,Handover from 3GPP Access to Fixed Broadband Access
q3_8,The LTE user plane protocol stack consists of several layers between the UE and the eNodeB. The Packet Data Convergence Protocol (PDCP) handles IP header compression and ciphering. The Radio Link Control (RLC) handles segmentation and reassembly. The Medium Access Control (MAC) handles multiplexing and HARQ. The Physical layer (PHY) handles modulation and coding.,q3,BM25,10,image_3652.jpeg,A scheme of HST FR2 opposite uni-directional Scenario-A.
q3_8,The LTE user plane protocol stack consists of several layers between the UE and the eNodeB. The Packet Data Convergence Protocol (PDCP) handles IP header compression and ciphering. The Radio Link Control (RLC) handles segmentation and reassembly. The Medium Access Control (MAC) handles multiplexing and HARQ. The Physical layer (PHY) handles modulation and coding.,q3,BGE,1,image_7.jpeg,Soft Handover Initiation HNB to HNB.
q3_8,The LTE user plane protocol stack consists of several layers between the UE and the eNodeB. The Packet Data Convergence Protocol (PDCP) handles IP header compression and ciphering. The Radio Link Control (RLC) handles segmentation and reassembly. The Medium Access Control (MAC) handles multiplexing and HARQ. The Physical layer (PHY) handles modulation and coding.,q3,BGE,2,image_14.jpeg,Soft Handover from RNC to Open or Hybrid Access HNB via HNB-GW.
q3_8,The LTE user plane protocol stack consists of several layers between the UE and the eNodeB. The Packet Data Convergence Protocol (PDCP) handles IP header compression and ciphering. The Radio Link Control (RLC) handles segmentation and reassembly. The Medium Access Control (MAC) handles multiplexing and HARQ. The Physical layer (PHY) handles modulation and coding.,q3,BGE,3,image_15.jpeg,Soft Handover from RNC to Open or Hybrid Access HNB via HNB-GW.
q3_8,The LTE user plane protocol stack consists of several layers between the UE and the eNodeB. The Packet Data Convergence Protocol (PDCP) handles IP header compression and ciphering. The Radio Link Control (RLC) handles segmentation and reassembly. The Medium Access Control (MAC) handles multiplexing and HARQ. The Physical layer (PHY) handles modulation and coding.,q3,BGE,4,image_13.jpeg,Soft Handover HNB to RNC via HNB-GW.
q3_8,The LTE user plane protocol stack consists of several layers between the UE and the eNodeB. The Packet Data Convergence Protocol (PDCP) handles IP header compression and ciphering. The Radio Link Control (RLC) handles segmentation and reassembly. The Medium Access Control (MAC) handles multiplexing and HARQ. The Physical layer (PHY) handles modulation and coding.,q3,BGE,5,image_6.jpeg,HNB to HNB Handover via Iurh interface – UE involved.
q3_8,The LTE user plane protocol stack consists of several layers between the UE and the eNodeB. The Packet Data Convergence Protocol (PDCP) handles IP header compression and ciphering. The Radio Link Control (RLC) handles segmentation and reassembly. The Medium Access Control (MAC) handles multiplexing and HARQ. The Physical layer (PHY) handles modulation and coding.,q3,BGE,6,image_26.jpeg,Signalling Connection Establishment – Direct Iurh-connectivity.
q3_8,The LTE user plane protocol stack consists of several layers between the UE and the eNodeB. The Packet Data Convergence Protocol (PDCP) handles IP header compression and ciphering. The Radio Link Control (RLC) handles segmentation and reassembly. The Medium Access Control (MAC) handles multiplexing and HARQ. The Physical layer (PHY) handles modulation and coding.,q3,BGE,7,image_4.jpeg,UE Registration to open access HNBs.
q3_8,The LTE user plane protocol stack consists of several layers between the UE and the eNodeB. The Packet Data Convergence Protocol (PDCP) handles IP header compression and ciphering. The Radio Link Control (RLC) handles segmentation and reassembly. The Medium Access Control (MAC) handles multiplexing and HARQ. The Physical layer (PHY) handles modulation and coding.,q3,BGE,8,image_8.jpeg,HNB to HNB CELL_FACH/CELL_PCH/URA_PCH mobility
q3_8,The LTE user plane protocol stack consists of several layers between the UE and the eNodeB. The Packet Data Convergence Protocol (PDCP) handles IP header compression and ciphering. The Radio Link Control (RLC) handles segmentation and reassembly. The Medium Access Control (MAC) handles multiplexing and HARQ. The Physical layer (PHY) handles modulation and coding.,q3,BGE,9,image_9.png,HNB Configuration Transfer.
q3_8,The LTE user plane protocol stack consists of several layers between the UE and the eNodeB. The Packet Data Convergence Protocol (PDCP) handles IP header compression and ciphering. The Radio Link Control (RLC) handles segmentation and reassembly. The Medium Access Control (MAC) handles multiplexing and HARQ. The Physical layer (PHY) handles modulation and coding.,q3,BGE,10,image_34.jpeg,Connectionless data transfer over Iurh and Iur connections – HNB initiated.
q3_9,"To execute an Xn handover in 5G, the source NG-RAN node sends a Handover Request to the target NG-RAN node over the Xn interface. The target node performs admission control and responds with a Handover Request Acknowledge, including the RRC configuration for the UE. The source node then sends the Handover Command to the UE.",q3,BM25,1,image_8.jpeg,HNB to HNB CELL_FACH/CELL_PCH/URA_PCH mobility
q3_9,"To execute an Xn handover in 5G, the source NG-RAN node sends a Handover Request to the target NG-RAN node over the Xn interface. The target node performs admission control and responds with a Handover Request Acknowledge, including the RRC configuration for the UE. The source node then sends the Handover Command to the UE.",q3,BM25,2,image_16.jpeg,RNC to HNB CELL_FACH/CELL_PCH and URA_PCH mobility
q3_9,"To execute an Xn handover in 5G, the source NG-RAN node sends a Handover Request to the target NG-RAN node over the Xn interface. The target node performs admission control and responds with a Handover Request Acknowledge, including the RRC configuration for the UE. The source node then sends the Handover Command to the UE.",q3,BM25,3,image_9.png,HNB Configuration Transfer.
q3_9,"To execute an Xn handover in 5G, the source NG-RAN node sends a Handover Request to the target NG-RAN node over the Xn interface. The target node performs admission control and responds with a Handover Request Acknowledge, including the RRC configuration for the UE. The source node then sends the Handover Command to the UE.",q3,BM25,4,image_1377.jpeg,Mobility to HeNB's CSG and hybrid cells.
q3_9,"To execute an Xn handover in 5G, the source NG-RAN node sends a Handover Request to the target NG-RAN node over the Xn interface. The target node performs admission control and responds with a Handover Request Acknowledge, including the RRC configuration for the UE. The source node then sends the Handover Command to the UE.",q3,BM25,5,image_3.jpeg,UE Registration for CSG UEs and CSG or Hybrid HNBs.
q3_9,"To execute an Xn handover in 5G, the source NG-RAN node sends a Handover Request to the target NG-RAN node over the Xn interface. The target node performs admission control and responds with a Handover Request Acknowledge, including the RRC configuration for the UE. The source node then sends the Handover Command to the UE.",q3,BM25,6,image_13.jpeg,Soft Handover HNB to RNC via HNB-GW.
q3_9,"To execute an Xn handover in 5G, the source NG-RAN node sends a Handover Request to the target NG-RAN node over the Xn interface. The target node performs admission control and responds with a Handover Request Acknowledge, including the RRC configuration for the UE. The source node then sends the Handover Command to the UE.",q3,BM25,7,image_3458.jpeg,Physical-layer model for PCH transmission
q3_9,"To execute an Xn handover in 5G, the source NG-RAN node sends a Handover Request to the target NG-RAN node over the Xn interface. The target node performs admission control and responds with a Handover Request Acknowledge, including the RRC configuration for the UE. The source node then sends the Handover Command to the UE.",q3,BM25,8,image_1362.png,Layer 2 Structure for DL with CA and DC configured
q3_9,"To execute an Xn handover in 5G, the source NG-RAN node sends a Handover Request to the target NG-RAN node over the Xn interface. The target node performs admission control and responds with a Handover Request Acknowledge, including the RRC configuration for the UE. The source node then sends the Handover Command to the UE.",q3,BM25,9,image_1363.png,Layer 2 Structure for DL with CA and DC configured
q3_9,"To execute an Xn handover in 5G, the source NG-RAN node sends a Handover Request to the target NG-RAN node over the Xn interface. The target node performs admission control and responds with a Handover Request Acknowledge, including the RRC configuration for the UE. The source node then sends the Handover Command to the UE.",q3,BM25,10,image_1484.jpeg,Physical-layer model for PCH transmission
q3_9,"To execute an Xn handover in 5G, the source NG-RAN node sends a Handover Request to the target NG-RAN node over the Xn interface. The target node performs admission control and responds with a Handover Request Acknowledge, including the RRC configuration for the UE. The source node then sends the Handover Command to the UE.",q3,BGE,1,image_8.jpeg,HNB to HNB CELL_FACH/CELL_PCH/URA_PCH mobility
q3_9,"To execute an Xn handover in 5G, the source NG-RAN node sends a Handover Request to the target NG-RAN node over the Xn interface. The target node performs admission control and responds with a Handover Request Acknowledge, including the RRC configuration for the UE. The source node then sends the Handover Command to the UE.",q3,BGE,2,image_16.jpeg,RNC to HNB CELL_FACH/CELL_PCH and URA_PCH mobility
q3_9,"To execute an Xn handover in 5G, the source NG-RAN node sends a Handover Request to the target NG-RAN node over the Xn interface. The target node performs admission control and responds with a Handover Request Acknowledge, including the RRC configuration for the UE. The source node then sends the Handover Command to the UE.",q3,BGE,3,image_3762.png,Message flows for ProSe Broadcast Direct Communication – SCUR
q3_9,"To execute an Xn handover in 5G, the source NG-RAN node sends a Handover Request to the target NG-RAN node over the Xn interface. The target node performs admission control and responds with a Handover Request Acknowledge, including the RRC configuration for the UE. The source node then sends the Handover Command to the UE.",q3,BGE,4,image_3560.jpeg,RRC Connection Reestablishment and network sharing with multiple cell-ID
q3_9,"To execute an Xn handover in 5G, the source NG-RAN node sends a Handover Request to the target NG-RAN node over the Xn interface. The target node performs admission control and responds with a Handover Request Acknowledge, including the RRC configuration for the UE. The source node then sends the Handover Command to the UE.",q3,BGE,5,image_3761.png,Message flows for ProSe Broadcast Direct Communication – PEC
q3_9,"To execute an Xn handover in 5G, the source NG-RAN node sends a Handover Request to the target NG-RAN node over the Xn interface. The target node performs admission control and responds with a Handover Request Acknowledge, including the RRC configuration for the UE. The source node then sends the Handover Command to the UE.",q3,BGE,6,image_3559.jpeg,UE Initial Access procedure and network sharing with multiple cell-ID broadcast
q3_9,"To execute an Xn handover in 5G, the source NG-RAN node sends a Handover Request to the target NG-RAN node over the Xn interface. The target node performs admission control and responds with a Handover Request Acknowledge, including the RRC configuration for the UE. The source node then sends the Handover Command to the UE.",q3,BGE,7,image_1330.jpeg,Message flow for traffic forwarding
q3_9,"To execute an Xn handover in 5G, the source NG-RAN node sends a Handover Request to the target NG-RAN node over the Xn interface. The target node performs admission control and responds with a Handover Request Acknowledge, including the RRC configuration for the UE. The source node then sends the Handover Command to the UE.",q3,BGE,8,image_3760.jpeg,Message flows for ProSe Unicast Direct Communication - SCUR
q3_9,"To execute an Xn handover in 5G, the source NG-RAN node sends a Handover Request to the target NG-RAN node over the Xn interface. The target node performs admission control and responds with a Handover Request Acknowledge, including the RRC configuration for the UE. The source node then sends the Handover Command to the UE.",q3,BGE,9,image_1142.jpeg,Roaming Registration – PEC in VPLMN
q3_9,"To execute an Xn handover in 5G, the source NG-RAN node sends a Handover Request to the target NG-RAN node over the Xn interface. The target node performs admission control and responds with a Handover Request Acknowledge, including the RRC configuration for the UE. The source node then sends the Handover Command to the UE.",q3,BGE,10,image_2116.jpeg,5G-SRVCC from NG-RAN to 3GPP UTRAN call flow
q3_10,"The random access procedure in LTE consists of four steps. First, the UE transmits a preamble (Msg1). The eNodeB responds with a Random Access Response (Msg2) containing an uplink grant. The UE transmits its RRC Connection Request (Msg3) using the grant. Finally, the eNodeB sends a Contention Resolution message (Msg4).",q3,BM25,1,image_9.png,HNB Configuration Transfer.
q3_10,"The random access procedure in LTE consists of four steps. First, the UE transmits a preamble (Msg1). The eNodeB responds with a Random Access Response (Msg2) containing an uplink grant. The UE transmits its RRC Connection Request (Msg3) using the grant. Finally, the eNodeB sends a Contention Resolution message (Msg4).",q3,BM25,2,image_6.jpeg,HNB to HNB Handover via Iurh interface – UE involved.
q3_10,"The random access procedure in LTE consists of four steps. First, the UE transmits a preamble (Msg1). The eNodeB responds with a Random Access Response (Msg2) containing an uplink grant. The UE transmits its RRC Connection Request (Msg3) using the grant. Finally, the eNodeB sends a Contention Resolution message (Msg4).",q3,BM25,3,image_8.jpeg,HNB to HNB CELL_FACH/CELL_PCH/URA_PCH mobility
q3_10,"The random access procedure in LTE consists of four steps. First, the UE transmits a preamble (Msg1). The eNodeB responds with a Random Access Response (Msg2) containing an uplink grant. The UE transmits its RRC Connection Request (Msg3) using the grant. Finally, the eNodeB sends a Contention Resolution message (Msg4).",q3,BM25,4,image_7.jpeg,Soft Handover Initiation HNB to HNB.
q3_10,"The random access procedure in LTE consists of four steps. First, the UE transmits a preamble (Msg1). The eNodeB responds with a Random Access Response (Msg2) containing an uplink grant. The UE transmits its RRC Connection Request (Msg3) using the grant. Finally, the eNodeB sends a Contention Resolution message (Msg4).",q3,BM25,5,image_3.jpeg,UE Registration for CSG UEs and CSG or Hybrid HNBs.
q3_10,"The random access procedure in LTE consists of four steps. First, the UE transmits a preamble (Msg1). The eNodeB responds with a Random Access Response (Msg2) containing an uplink grant. The UE transmits its RRC Connection Request (Msg3) using the grant. Finally, the eNodeB sends a Contention Resolution message (Msg4).",q3,BM25,6,image_4.jpeg,UE Registration to open access HNBs.
q3_10,"The random access procedure in LTE consists of four steps. First, the UE transmits a preamble (Msg1). The eNodeB responds with a Random Access Response (Msg2) containing an uplink grant. The UE transmits its RRC Connection Request (Msg3) using the grant. Finally, the eNodeB sends a Contention Resolution message (Msg4).",q3,BM25,7,image_2.png,UE Registration for non CSG UEs or non CSG HNBs.
q3_10,"The random access procedure in LTE consists of four steps. First, the UE transmits a preamble (Msg1). The eNodeB responds with a Random Access Response (Msg2) containing an uplink grant. The UE transmits its RRC Connection Request (Msg3) using the grant. Finally, the eNodeB sends a Contention Resolution message (Msg4).",q3,BM25,8,image_29.jpeg,Establishment of signalling connection over Iurh and Iur connections between
q3_10,"The random access procedure in LTE consists of four steps. First, the UE transmits a preamble (Msg1). The eNodeB responds with a Random Access Response (Msg2) containing an uplink grant. The UE transmits its RRC Connection Request (Msg3) using the grant. Finally, the eNodeB sends a Contention Resolution message (Msg4).",q3,BM25,9,image_16.jpeg,RNC to HNB CELL_FACH/CELL_PCH and URA_PCH mobility
q3_10,"The random access procedure in LTE consists of four steps. First, the UE transmits a preamble (Msg1). The eNodeB responds with a Random Access Response (Msg2) containing an uplink grant. The UE transmits its RRC Connection Request (Msg3) using the grant. Finally, the eNodeB sends a Contention Resolution message (Msg4).",q3,BM25,10,image_3719.png,HNB Registration procedure flow
q3_10,"The random access procedure in LTE consists of four steps. First, the UE transmits a preamble (Msg1). The eNodeB responds with a Random Access Response (Msg2) containing an uplink grant. The UE transmits its RRC Connection Request (Msg3) using the grant. Finally, the eNodeB sends a Contention Resolution message (Msg4).",q3,BGE,1,image_9.png,HNB Configuration Transfer.
q3_10,"The random access procedure in LTE consists of four steps. First, the UE transmits a preamble (Msg1). The eNodeB responds with a Random Access Response (Msg2) containing an uplink grant. The UE transmits its RRC Connection Request (Msg3) using the grant. Finally, the eNodeB sends a Contention Resolution message (Msg4).",q3,BGE,2,image_6.jpeg,HNB to HNB Handover via Iurh interface – UE involved.
q3_10,"The random access procedure in LTE consists of four steps. First, the UE transmits a preamble (Msg1). The eNodeB responds with a Random Access Response (Msg2) containing an uplink grant. The UE transmits its RRC Connection Request (Msg3) using the grant. Finally, the eNodeB sends a Contention Resolution message (Msg4).",q3,BGE,3,image_7.jpeg,Soft Handover Initiation HNB to HNB.
q3_10,"The random access procedure in LTE consists of four steps. First, the UE transmits a preamble (Msg1). The eNodeB responds with a Random Access Response (Msg2) containing an uplink grant. The UE transmits its RRC Connection Request (Msg3) using the grant. Finally, the eNodeB sends a Contention Resolution message (Msg4).",q3,BGE,4,image_34.jpeg,Connectionless data transfer over Iurh and Iur connections – HNB initiated.
q3_10,"The random access procedure in LTE consists of four steps. First, the UE transmits a preamble (Msg1). The eNodeB responds with a Random Access Response (Msg2) containing an uplink grant. The UE transmits its RRC Connection Request (Msg3) using the grant. Finally, the eNodeB sends a Contention Resolution message (Msg4).",q3,BGE,5,image_35.jpeg,Connectionless data transfer over Iurh and Iur connections – HNB initiated.
q3_10,"The random access procedure in LTE consists of four steps. First, the UE transmits a preamble (Msg1). The eNodeB responds with a Random Access Response (Msg2) containing an uplink grant. The UE transmits its RRC Connection Request (Msg3) using the grant. Finally, the eNodeB sends a Contention Resolution message (Msg4).",q3,BGE,6,image_27.png,Establishment of signalling connection over Iurh and Iur connections between
q3_10,"The random access procedure in LTE consists of four steps. First, the UE transmits a preamble (Msg1). The eNodeB responds with a Random Access Response (Msg2) containing an uplink grant. The UE transmits its RRC Connection Request (Msg3) using the grant. Finally, the eNodeB sends a Contention Resolution message (Msg4).",q3,BGE,7,image_33.jpeg,Release of established signalling connection over Iurh and Iur connections – HNB
q3_10,"The random access procedure in LTE consists of four steps. First, the UE transmits a preamble (Msg1). The eNodeB responds with a Random Access Response (Msg2) containing an uplink grant. The UE transmits its RRC Connection Request (Msg3) using the grant. Finally, the eNodeB sends a Contention Resolution message (Msg4).",q3,BGE,8,image_32.jpeg,Release of established signalling connection over Iurh and Iur connections – HNB
q3_10,"The random access procedure in LTE consists of four steps. First, the UE transmits a preamble (Msg1). The eNodeB responds with a Random Access Response (Msg2) containing an uplink grant. The UE transmits its RRC Connection Request (Msg3) using the grant. Finally, the eNodeB sends a Contention Resolution message (Msg4).",q3,BGE,9,image_31.jpeg,Transport of RNSAP messages via signalling connection over Iurh and Iur
q3_10,"The random access procedure in LTE consists of four steps. First, the UE transmits a preamble (Msg1). The eNodeB responds with a Random Access Response (Msg2) containing an uplink grant. The UE transmits its RRC Connection Request (Msg3) using the grant. Finally, the eNodeB sends a Contention Resolution message (Msg4).",q3,BGE,10,image_30.jpeg,Transport of RNSAP messages via signalling connection over Iurh and Iur
q3_11,"During the NAS authentication and key agreement procedure, the MME sends an Authentication Request to the UE containing a random challenge (RAND) and an authentication token (AUTN). The UE verifies the AUTN to authenticate the network. It then computes a response (RES) and sends it back in an Authentication Response message.",q3,BM25,1,image_10.jpeg,Enhanced Relocation from Open Access and Hybrid HNBs to RNC.
q3_11,"During the NAS authentication and key agreement procedure, the MME sends an Authentication Request to the UE containing a random challenge (RAND) and an authentication token (AUTN). The UE verifies the AUTN to authenticate the network. It then computes a response (RES) and sends it back in an Authentication Response message.",q3,BM25,2,image_12.png,Enhanced Relocation from RNC to Hybrid HNB for CSG UEs.
q3_11,"During the NAS authentication and key agreement procedure, the MME sends an Authentication Request to the UE containing a random challenge (RAND) and an authentication token (AUTN). The UE verifies the AUTN to authenticate the network. It then computes a response (RES) and sends it back in an Authentication Response message.",q3,BM25,3,image_11.jpeg,Enhanced Relocation from RNC to Open Access HNB for CSG UEs.
q3_11,"During the NAS authentication and key agreement procedure, the MME sends an Authentication Request to the UE containing a random challenge (RAND) and an authentication token (AUTN). The UE verifies the AUTN to authenticate the network. It then computes a response (RES) and sends it back in an Authentication Response message.",q3,BM25,4,image_29.jpeg,Establishment of signalling connection over Iurh and Iur connections between
q3_11,"During the NAS authentication and key agreement procedure, the MME sends an Authentication Request to the UE containing a random challenge (RAND) and an authentication token (AUTN). The UE verifies the AUTN to authenticate the network. It then computes a response (RES) and sends it back in an Authentication Response message.",q3,BM25,5,image_6.jpeg,HNB to HNB Handover via Iurh interface – UE involved.
q3_11,"During the NAS authentication and key agreement procedure, the MME sends an Authentication Request to the UE containing a random challenge (RAND) and an authentication token (AUTN). The UE verifies the AUTN to authenticate the network. It then computes a response (RES) and sends it back in an Authentication Response message.",q3,BM25,6,image_16.jpeg,RNC to HNB CELL_FACH/CELL_PCH and URA_PCH mobility
q3_11,"During the NAS authentication and key agreement procedure, the MME sends an Authentication Request to the UE containing a random challenge (RAND) and an authentication token (AUTN). The UE verifies the AUTN to authenticate the network. It then computes a response (RES) and sends it back in an Authentication Response message.",q3,BM25,7,image_28.png,Establishment of signalling connection over Iurh and Iur connections between
q3_11,"During the NAS authentication and key agreement procedure, the MME sends an Authentication Request to the UE containing a random challenge (RAND) and an authentication token (AUTN). The UE verifies the AUTN to authenticate the network. It then computes a response (RES) and sends it back in an Authentication Response message.",q3,BM25,8,image_27.png,Establishment of signalling connection over Iurh and Iur connections between
q3_11,"During the NAS authentication and key agreement procedure, the MME sends an Authentication Request to the UE containing a random challenge (RAND) and an authentication token (AUTN). The UE verifies the AUTN to authenticate the network. It then computes a response (RES) and sends it back in an Authentication Response message.",q3,BM25,9,image_8.jpeg,HNB to HNB CELL_FACH/CELL_PCH/URA_PCH mobility
q3_11,"During the NAS authentication and key agreement procedure, the MME sends an Authentication Request to the UE containing a random challenge (RAND) and an authentication token (AUTN). The UE verifies the AUTN to authenticate the network. It then computes a response (RES) and sends it back in an Authentication Response message.",q3,BM25,10,image_9.png,HNB Configuration Transfer.
q3_11,"During the NAS authentication and key agreement procedure, the MME sends an Authentication Request to the UE containing a random challenge (RAND) and an authentication token (AUTN). The UE verifies the AUTN to authenticate the network. It then computes a response (RES) and sends it back in an Authentication Response message.",q3,BGE,1,image_10.jpeg,Enhanced Relocation from Open Access and Hybrid HNBs to RNC.
q3_11,"During the NAS authentication and key agreement procedure, the MME sends an Authentication Request to the UE containing a random challenge (RAND) and an authentication token (AUTN). The UE verifies the AUTN to authenticate the network. It then computes a response (RES) and sends it back in an Authentication Response message.",q3,BGE,2,image_11.jpeg,Enhanced Relocation from RNC to Open Access HNB for CSG UEs.
q3_11,"During the NAS authentication and key agreement procedure, the MME sends an Authentication Request to the UE containing a random challenge (RAND) and an authentication token (AUTN). The UE verifies the AUTN to authenticate the network. It then computes a response (RES) and sends it back in an Authentication Response message.",q3,BGE,3,image_12.png,Enhanced Relocation from RNC to Hybrid HNB for CSG UEs.
q3_11,"During the NAS authentication and key agreement procedure, the MME sends an Authentication Request to the UE containing a random challenge (RAND) and an authentication token (AUTN). The UE verifies the AUTN to authenticate the network. It then computes a response (RES) and sends it back in an Authentication Response message.",q3,BGE,4,image_16.jpeg,RNC to HNB CELL_FACH/CELL_PCH and URA_PCH mobility
q3_11,"During the NAS authentication and key agreement procedure, the MME sends an Authentication Request to the UE containing a random challenge (RAND) and an authentication token (AUTN). The UE verifies the AUTN to authenticate the network. It then computes a response (RES) and sends it back in an Authentication Response message.",q3,BGE,5,image_6.jpeg,HNB to HNB Handover via Iurh interface – UE involved.
q3_11,"During the NAS authentication and key agreement procedure, the MME sends an Authentication Request to the UE containing a random challenge (RAND) and an authentication token (AUTN). The UE verifies the AUTN to authenticate the network. It then computes a response (RES) and sends it back in an Authentication Response message.",q3,BGE,6,image_8.jpeg,HNB to HNB CELL_FACH/CELL_PCH/URA_PCH mobility
q3_11,"During the NAS authentication and key agreement procedure, the MME sends an Authentication Request to the UE containing a random challenge (RAND) and an authentication token (AUTN). The UE verifies the AUTN to authenticate the network. It then computes a response (RES) and sends it back in an Authentication Response message.",q3,BGE,7,image_29.jpeg,Establishment of signalling connection over Iurh and Iur connections between
q3_11,"During the NAS authentication and key agreement procedure, the MME sends an Authentication Request to the UE containing a random challenge (RAND) and an authentication token (AUTN). The UE verifies the AUTN to authenticate the network. It then computes a response (RES) and sends it back in an Authentication Response message.",q3,BGE,8,image_27.png,Establishment of signalling connection over Iurh and Iur connections between
q3_11,"During the NAS authentication and key agreement procedure, the MME sends an Authentication Request to the UE containing a random challenge (RAND) and an authentication token (AUTN). The UE verifies the AUTN to authenticate the network. It then computes a response (RES) and sends it back in an Authentication Response message.",q3,BGE,9,image_28.png,Establishment of signalling connection over Iurh and Iur connections between
q3_11,"During the NAS authentication and key agreement procedure, the MME sends an Authentication Request to the UE containing a random challenge (RAND) and an authentication token (AUTN). The UE verifies the AUTN to authenticate the network. It then computes a response (RES) and sends it back in an Authentication Response message.",q3,BGE,10,image_13.jpeg,Soft Handover HNB to RNC via HNB-GW.
q3_12,"When the eNodeB detects that a UE has been inactive for a certain period, it can initiate the S1 release procedure to free up resources. It sends a UE Context Release Request to the MME. The MME asks the SGW to release the access bearers. Then, the MME sends a UE Context Release Command to the eNodeB, which releases the RRC connection and responds with a Complete message.",q3,BM25,1,image_10.jpeg,Enhanced Relocation from Open Access and Hybrid HNBs to RNC.
q3_12,"When the eNodeB detects that a UE has been inactive for a certain period, it can initiate the S1 release procedure to free up resources. It sends a UE Context Release Request to the MME. The MME asks the SGW to release the access bearers. Then, the MME sends a UE Context Release Command to the eNodeB, which releases the RRC connection and responds with a Complete message.",q3,BM25,2,image_11.jpeg,Enhanced Relocation from RNC to Open Access HNB for CSG UEs.
q3_12,"When the eNodeB detects that a UE has been inactive for a certain period, it can initiate the S1 release procedure to free up resources. It sends a UE Context Release Request to the MME. The MME asks the SGW to release the access bearers. Then, the MME sends a UE Context Release Command to the eNodeB, which releases the RRC connection and responds with a Complete message.",q3,BM25,3,image_1034.jpeg,PCF-initiated AM Policy Association Termination procedure
q3_12,"When the eNodeB detects that a UE has been inactive for a certain period, it can initiate the S1 release procedure to free up resources. It sends a UE Context Release Request to the MME. The MME asks the SGW to release the access bearers. Then, the MME sends a UE Context Release Command to the eNodeB, which releases the RRC connection and responds with a Complete message.",q3,BM25,4,image_2326.jpeg,Procedure for edge relocation with PSA change triggered by the application
q3_12,"When the eNodeB detects that a UE has been inactive for a certain period, it can initiate the S1 release procedure to free up resources. It sends a UE Context Release Request to the MME. The MME asks the SGW to release the access bearers. Then, the MME sends a UE Context Release Command to the eNodeB, which releases the RRC connection and responds with a Complete message.",q3,BM25,5,image_2594.jpeg,UUAA-MM procedure
q3_12,"When the eNodeB detects that a UE has been inactive for a certain period, it can initiate the S1 release procedure to free up resources. It sends a UE Context Release Request to the MME. The MME asks the SGW to release the access bearers. Then, the MME sends a UE Context Release Command to the eNodeB, which releases the RRC connection and responds with a Complete message.",q3,BM25,6,image_2341.png,UE-initiated IP flow mobility within a PDN connection via E-UTRAN using GTP
q3_12,"When the eNodeB detects that a UE has been inactive for a certain period, it can initiate the S1 release procedure to free up resources. It sends a UE Context Release Request to the MME. The MME asks the SGW to release the access bearers. Then, the MME sends a UE Context Release Command to the eNodeB, which releases the RRC connection and responds with a Complete message.",q3,BM25,7,image_2342.png,UE-initiated IP flow mobility within a PDN connection via GERAN/UTRAN using GTP
q3_12,"When the eNodeB detects that a UE has been inactive for a certain period, it can initiate the S1 release procedure to free up resources. It sends a UE Context Release Request to the MME. The MME asks the SGW to release the access bearers. Then, the MME sends a UE Context Release Command to the eNodeB, which releases the RRC connection and responds with a Complete message.",q3,BM25,8,image_978.png,Analytics aggregation without provisioning of Area of Interest
q3_12,"When the eNodeB detects that a UE has been inactive for a certain period, it can initiate the S1 release procedure to free up resources. It sends a UE Context Release Request to the MME. The MME asks the SGW to release the access bearers. Then, the MME sends a UE Context Release Command to the eNodeB, which releases the RRC connection and responds with a Complete message.",q3,BM25,9,image_1142.jpeg,Roaming Registration – PEC in VPLMN
q3_12,"When the eNodeB detects that a UE has been inactive for a certain period, it can initiate the S1 release procedure to free up resources. It sends a UE Context Release Request to the MME. The MME asks the SGW to release the access bearers. Then, the MME sends a UE Context Release Command to the eNodeB, which releases the RRC connection and responds with a Complete message.",q3,BM25,10,image_2004.png,FN-RG related Configuration Update procedure for access and mobility management
q3_12,"When the eNodeB detects that a UE has been inactive for a certain period, it can initiate the S1 release procedure to free up resources. It sends a UE Context Release Request to the MME. The MME asks the SGW to release the access bearers. Then, the MME sends a UE Context Release Command to the eNodeB, which releases the RRC connection and responds with a Complete message.",q3,BGE,1,image_2201.png,UE Assisted and UE Based Positioning Procedure
q3_12,"When the eNodeB detects that a UE has been inactive for a certain period, it can initiate the S1 release procedure to free up resources. It sends a UE Context Release Request to the MME. The MME asks the SGW to release the access bearers. Then, the MME sends a UE Context Release Command to the eNodeB, which releases the RRC connection and responds with a Complete message.",q3,BGE,2,image_2884.jpeg,Procedure of Connected mode mobility from 5GS to EPS
q3_12,"When the eNodeB detects that a UE has been inactive for a certain period, it can initiate the S1 release procedure to free up resources. It sends a UE Context Release Request to the MME. The MME asks the SGW to release the access bearers. Then, the MME sends a UE Context Release Command to the eNodeB, which releases the RRC connection and responds with a Complete message.",q3,BGE,3,image_2369.png,Procedure for Access Stratum indication move-to-WLAN via UTRAN using GTP
q3_12,"When the eNodeB detects that a UE has been inactive for a certain period, it can initiate the S1 release procedure to free up resources. It sends a UE Context Release Request to the MME. The MME asks the SGW to release the access bearers. Then, the MME sends a UE Context Release Command to the eNodeB, which releases the RRC connection and responds with a Complete message.",q3,BGE,4,image_3385.png,X2-based handover without Serving GW relocation
q3_12,"When the eNodeB detects that a UE has been inactive for a certain period, it can initiate the S1 release procedure to free up resources. It sends a UE Context Release Request to the MME. The MME asks the SGW to release the access bearers. Then, the MME sends a UE Context Release Command to the eNodeB, which releases the RRC connection and responds with a Complete message.",q3,BGE,5,image_12.png,Enhanced Relocation from RNC to Hybrid HNB for CSG UEs.
q3_12,"When the eNodeB detects that a UE has been inactive for a certain period, it can initiate the S1 release procedure to free up resources. It sends a UE Context Release Request to the MME. The MME asks the SGW to release the access bearers. Then, the MME sends a UE Context Release Command to the eNodeB, which releases the RRC connection and responds with a Complete message.",q3,BGE,6,image_11.jpeg,Enhanced Relocation from RNC to Open Access HNB for CSG UEs.
q3_12,"When the eNodeB detects that a UE has been inactive for a certain period, it can initiate the S1 release procedure to free up resources. It sends a UE Context Release Request to the MME. The MME asks the SGW to release the access bearers. Then, the MME sends a UE Context Release Command to the eNodeB, which releases the RRC connection and responds with a Complete message.",q3,BGE,7,image_10.jpeg,Enhanced Relocation from Open Access and Hybrid HNBs to RNC.
q3_12,"When the eNodeB detects that a UE has been inactive for a certain period, it can initiate the S1 release procedure to free up resources. It sends a UE Context Release Request to the MME. The MME asks the SGW to release the access bearers. Then, the MME sends a UE Context Release Command to the eNodeB, which releases the RRC connection and responds with a Complete message.",q3,BGE,8,image_2368.png,Procedure for Access Stratum indication move-to-WLAN via E-UTRAN using GTP
q3_12,"When the eNodeB detects that a UE has been inactive for a certain period, it can initiate the S1 release procedure to free up resources. It sends a UE Context Release Request to the MME. The MME asks the SGW to release the access bearers. Then, the MME sends a UE Context Release Command to the eNodeB, which releases the RRC connection and responds with a Complete message.",q3,BGE,9,image_2202.png,Network Assisted Positioning Procedure
q3_12,"When the eNodeB detects that a UE has been inactive for a certain period, it can initiate the S1 release procedure to free up resources. It sends a UE Context Release Request to the MME. The MME asks the SGW to release the access bearers. Then, the MME sends a UE Context Release Command to the eNodeB, which releases the RRC connection and responds with a Complete message.",q3,BGE,10,image_3386.jpeg,X2-based handover with Serving GW relocation
q3_13,"The mobility management entity (MME) manages the UE's state. When a UE is powered on, it is in the EMM-DEREGISTERED state. After a successful attach procedure, it transitions to EMM-REGISTERED. Within the registered state, the UE can be either in ECM-IDLE (no NAS signaling connection) or ECM-CONNECTED (active NAS signaling connection).",q3,BM25,1,image_10.jpeg,Enhanced Relocation from Open Access and Hybrid HNBs to RNC.
q3_13,"The mobility management entity (MME) manages the UE's state. When a UE is powered on, it is in the EMM-DEREGISTERED state. After a successful attach procedure, it transitions to EMM-REGISTERED. Within the registered state, the UE can be either in ECM-IDLE (no NAS signaling connection) or ECM-CONNECTED (active NAS signaling connection).",q3,BM25,2,image_1034.jpeg,PCF-initiated AM Policy Association Termination procedure
q3_13,"The mobility management entity (MME) manages the UE's state. When a UE is powered on, it is in the EMM-DEREGISTERED state. After a successful attach procedure, it transitions to EMM-REGISTERED. Within the registered state, the UE can be either in ECM-IDLE (no NAS signaling connection) or ECM-CONNECTED (active NAS signaling connection).",q3,BM25,3,image_2341.png,UE-initiated IP flow mobility within a PDN connection via E-UTRAN using GTP
q3_13,"The mobility management entity (MME) manages the UE's state. When a UE is powered on, it is in the EMM-DEREGISTERED state. After a successful attach procedure, it transitions to EMM-REGISTERED. Within the registered state, the UE can be either in ECM-IDLE (no NAS signaling connection) or ECM-CONNECTED (active NAS signaling connection).",q3,BM25,4,image_2342.png,UE-initiated IP flow mobility within a PDN connection via GERAN/UTRAN using GTP
q3_13,"The mobility management entity (MME) manages the UE's state. When a UE is powered on, it is in the EMM-DEREGISTERED state. After a successful attach procedure, it transitions to EMM-REGISTERED. Within the registered state, the UE can be either in ECM-IDLE (no NAS signaling connection) or ECM-CONNECTED (active NAS signaling connection).",q3,BM25,5,image_2326.jpeg,Procedure for edge relocation with PSA change triggered by the application
q3_13,"The mobility management entity (MME) manages the UE's state. When a UE is powered on, it is in the EMM-DEREGISTERED state. After a successful attach procedure, it transitions to EMM-REGISTERED. Within the registered state, the UE can be either in ECM-IDLE (no NAS signaling connection) or ECM-CONNECTED (active NAS signaling connection).",q3,BM25,6,image_11.jpeg,Enhanced Relocation from RNC to Open Access HNB for CSG UEs.
q3_13,"The mobility management entity (MME) manages the UE's state. When a UE is powered on, it is in the EMM-DEREGISTERED state. After a successful attach procedure, it transitions to EMM-REGISTERED. Within the registered state, the UE can be either in ECM-IDLE (no NAS signaling connection) or ECM-CONNECTED (active NAS signaling connection).",q3,BM25,7,image_978.png,Analytics aggregation without provisioning of Area of Interest
q3_13,"The mobility management entity (MME) manages the UE's state. When a UE is powered on, it is in the EMM-DEREGISTERED state. After a successful attach procedure, it transitions to EMM-REGISTERED. Within the registered state, the UE can be either in ECM-IDLE (no NAS signaling connection) or ECM-CONNECTED (active NAS signaling connection).",q3,BM25,8,image_2594.jpeg,UUAA-MM procedure
q3_13,"The mobility management entity (MME) manages the UE's state. When a UE is powered on, it is in the EMM-DEREGISTERED state. After a successful attach procedure, it transitions to EMM-REGISTERED. Within the registered state, the UE can be either in ECM-IDLE (no NAS signaling connection) or ECM-CONNECTED (active NAS signaling connection).",q3,BM25,9,image_2004.png,FN-RG related Configuration Update procedure for access and mobility management
q3_13,"The mobility management entity (MME) manages the UE's state. When a UE is powered on, it is in the EMM-DEREGISTERED state. After a successful attach procedure, it transitions to EMM-REGISTERED. Within the registered state, the UE can be either in ECM-IDLE (no NAS signaling connection) or ECM-CONNECTED (active NAS signaling connection).",q3,BM25,10,image_12.png,Enhanced Relocation from RNC to Hybrid HNB for CSG UEs.
q3_13,"The mobility management entity (MME) manages the UE's state. When a UE is powered on, it is in the EMM-DEREGISTERED state. After a successful attach procedure, it transitions to EMM-REGISTERED. Within the registered state, the UE can be either in ECM-IDLE (no NAS signaling connection) or ECM-CONNECTED (active NAS signaling connection).",q3,BGE,1,image_2201.png,UE Assisted and UE Based Positioning Procedure
q3_13,"The mobility management entity (MME) manages the UE's state. When a UE is powered on, it is in the EMM-DEREGISTERED state. After a successful attach procedure, it transitions to EMM-REGISTERED. Within the registered state, the UE can be either in ECM-IDLE (no NAS signaling connection) or ECM-CONNECTED (active NAS signaling connection).",q3,BGE,2,image_2884.jpeg,Procedure of Connected mode mobility from 5GS to EPS
q3_13,"The mobility management entity (MME) manages the UE's state. When a UE is powered on, it is in the EMM-DEREGISTERED state. After a successful attach procedure, it transitions to EMM-REGISTERED. Within the registered state, the UE can be either in ECM-IDLE (no NAS signaling connection) or ECM-CONNECTED (active NAS signaling connection).",q3,BGE,3,image_12.png,Enhanced Relocation from RNC to Hybrid HNB for CSG UEs.
q3_13,"The mobility management entity (MME) manages the UE's state. When a UE is powered on, it is in the EMM-DEREGISTERED state. After a successful attach procedure, it transitions to EMM-REGISTERED. Within the registered state, the UE can be either in ECM-IDLE (no NAS signaling connection) or ECM-CONNECTED (active NAS signaling connection).",q3,BGE,4,image_10.jpeg,Enhanced Relocation from Open Access and Hybrid HNBs to RNC.
q3_13,"The mobility management entity (MME) manages the UE's state. When a UE is powered on, it is in the EMM-DEREGISTERED state. After a successful attach procedure, it transitions to EMM-REGISTERED. Within the registered state, the UE can be either in ECM-IDLE (no NAS signaling connection) or ECM-CONNECTED (active NAS signaling connection).",q3,BGE,5,image_11.jpeg,Enhanced Relocation from RNC to Open Access HNB for CSG UEs.
q3_13,"The mobility management entity (MME) manages the UE's state. When a UE is powered on, it is in the EMM-DEREGISTERED state. After a successful attach procedure, it transitions to EMM-REGISTERED. Within the registered state, the UE can be either in ECM-IDLE (no NAS signaling connection) or ECM-CONNECTED (active NAS signaling connection).",q3,BGE,6,image_2369.png,Procedure for Access Stratum indication move-to-WLAN via UTRAN using GTP
q3_13,"The mobility management entity (MME) manages the UE's state. When a UE is powered on, it is in the EMM-DEREGISTERED state. After a successful attach procedure, it transitions to EMM-REGISTERED. Within the registered state, the UE can be either in ECM-IDLE (no NAS signaling connection) or ECM-CONNECTED (active NAS signaling connection).",q3,BGE,7,image_2202.png,Network Assisted Positioning Procedure
q3_13,"The mobility management entity (MME) manages the UE's state. When a UE is powered on, it is in the EMM-DEREGISTERED state. After a successful attach procedure, it transitions to EMM-REGISTERED. Within the registered state, the UE can be either in ECM-IDLE (no NAS signaling connection) or ECM-CONNECTED (active NAS signaling connection).",q3,BGE,8,image_2368.png,Procedure for Access Stratum indication move-to-WLAN via E-UTRAN using GTP
q3_13,"The mobility management entity (MME) manages the UE's state. When a UE is powered on, it is in the EMM-DEREGISTERED state. After a successful attach procedure, it transitions to EMM-REGISTERED. Within the registered state, the UE can be either in ECM-IDLE (no NAS signaling connection) or ECM-CONNECTED (active NAS signaling connection).",q3,BGE,9,image_433.jpeg,Idle mode mobility from 5G to 4G
q3_13,"The mobility management entity (MME) manages the UE's state. When a UE is powered on, it is in the EMM-DEREGISTERED state. After a successful attach procedure, it transitions to EMM-REGISTERED. Within the registered state, the UE can be either in ECM-IDLE (no NAS signaling connection) or ECM-CONNECTED (active NAS signaling connection).",q3,BGE,10,image_3385.png,X2-based handover without Serving GW relocation
q3_14,"When a UE moves out of 5G coverage into an LTE coverage area, an inter-system handover from 5GS to EPS may be triggered. The source AMF communicates with the target MME over the N26 interface to transfer the UE context and prepare the target eNodeB. If the N26 interface is not supported, the UE must perform a registration procedure in the new system.",q3,BM25,1,image_14.jpeg,Soft Handover from RNC to Open or Hybrid Access HNB via HNB-GW.
q3_14,"When a UE moves out of 5G coverage into an LTE coverage area, an inter-system handover from 5GS to EPS may be triggered. The source AMF communicates with the target MME over the N26 interface to transfer the UE context and prepare the target eNodeB. If the N26 interface is not supported, the UE must perform a registration procedure in the new system.",q3,BM25,2,image_15.jpeg,Soft Handover from RNC to Open or Hybrid Access HNB via HNB-GW.
q3_14,"When a UE moves out of 5G coverage into an LTE coverage area, an inter-system handover from 5GS to EPS may be triggered. The source AMF communicates with the target MME over the N26 interface to transfer the UE context and prepare the target eNodeB. If the N26 interface is not supported, the UE must perform a registration procedure in the new system.",q3,BM25,3,image_13.jpeg,Soft Handover HNB to RNC via HNB-GW.
q3_14,"When a UE moves out of 5G coverage into an LTE coverage area, an inter-system handover from 5GS to EPS may be triggered. The source AMF communicates with the target MME over the N26 interface to transfer the UE context and prepare the target eNodeB. If the N26 interface is not supported, the UE must perform a registration procedure in the new system.",q3,BM25,4,image_11.jpeg,Enhanced Relocation from RNC to Open Access HNB for CSG UEs.
q3_14,"When a UE moves out of 5G coverage into an LTE coverage area, an inter-system handover from 5GS to EPS may be triggered. The source AMF communicates with the target MME over the N26 interface to transfer the UE context and prepare the target eNodeB. If the N26 interface is not supported, the UE must perform a registration procedure in the new system.",q3,BM25,5,image_12.png,Enhanced Relocation from RNC to Hybrid HNB for CSG UEs.
q3_14,"When a UE moves out of 5G coverage into an LTE coverage area, an inter-system handover from 5GS to EPS may be triggered. The source AMF communicates with the target MME over the N26 interface to transfer the UE context and prepare the target eNodeB. If the N26 interface is not supported, the UE must perform a registration procedure in the new system.",q3,BM25,6,image_27.png,Establishment of signalling connection over Iurh and Iur connections between
q3_14,"When a UE moves out of 5G coverage into an LTE coverage area, an inter-system handover from 5GS to EPS may be triggered. The source AMF communicates with the target MME over the N26 interface to transfer the UE context and prepare the target eNodeB. If the N26 interface is not supported, the UE must perform a registration procedure in the new system.",q3,BM25,7,image_10.jpeg,Enhanced Relocation from Open Access and Hybrid HNBs to RNC.
q3_14,"When a UE moves out of 5G coverage into an LTE coverage area, an inter-system handover from 5GS to EPS may be triggered. The source AMF communicates with the target MME over the N26 interface to transfer the UE context and prepare the target eNodeB. If the N26 interface is not supported, the UE must perform a registration procedure in the new system.",q3,BM25,8,image_28.png,Establishment of signalling connection over Iurh and Iur connections between
q3_14,"When a UE moves out of 5G coverage into an LTE coverage area, an inter-system handover from 5GS to EPS may be triggered. The source AMF communicates with the target MME over the N26 interface to transfer the UE context and prepare the target eNodeB. If the N26 interface is not supported, the UE must perform a registration procedure in the new system.",q3,BM25,9,image_29.jpeg,Establishment of signalling connection over Iurh and Iur connections between
q3_14,"When a UE moves out of 5G coverage into an LTE coverage area, an inter-system handover from 5GS to EPS may be triggered. The source AMF communicates with the target MME over the N26 interface to transfer the UE context and prepare the target eNodeB. If the N26 interface is not supported, the UE must perform a registration procedure in the new system.",q3,BM25,10,image_16.jpeg,RNC to HNB CELL_FACH/CELL_PCH and URA_PCH mobility
q3_14,"When a UE moves out of 5G coverage into an LTE coverage area, an inter-system handover from 5GS to EPS may be triggered. The source AMF communicates with the target MME over the N26 interface to transfer the UE context and prepare the target eNodeB. If the N26 interface is not supported, the UE must perform a registration procedure in the new system.",q3,BGE,1,image_13.jpeg,Soft Handover HNB to RNC via HNB-GW.
q3_14,"When a UE moves out of 5G coverage into an LTE coverage area, an inter-system handover from 5GS to EPS may be triggered. The source AMF communicates with the target MME over the N26 interface to transfer the UE context and prepare the target eNodeB. If the N26 interface is not supported, the UE must perform a registration procedure in the new system.",q3,BGE,2,image_14.jpeg,Soft Handover from RNC to Open or Hybrid Access HNB via HNB-GW.
q3_14,"When a UE moves out of 5G coverage into an LTE coverage area, an inter-system handover from 5GS to EPS may be triggered. The source AMF communicates with the target MME over the N26 interface to transfer the UE context and prepare the target eNodeB. If the N26 interface is not supported, the UE must perform a registration procedure in the new system.",q3,BGE,3,image_15.jpeg,Soft Handover from RNC to Open or Hybrid Access HNB via HNB-GW.
q3_14,"When a UE moves out of 5G coverage into an LTE coverage area, an inter-system handover from 5GS to EPS may be triggered. The source AMF communicates with the target MME over the N26 interface to transfer the UE context and prepare the target eNodeB. If the N26 interface is not supported, the UE must perform a registration procedure in the new system.",q3,BGE,4,image_7.jpeg,Soft Handover Initiation HNB to HNB.
q3_14,"When a UE moves out of 5G coverage into an LTE coverage area, an inter-system handover from 5GS to EPS may be triggered. The source AMF communicates with the target MME over the N26 interface to transfer the UE context and prepare the target eNodeB. If the N26 interface is not supported, the UE must perform a registration procedure in the new system.",q3,BGE,5,image_10.jpeg,Enhanced Relocation from Open Access and Hybrid HNBs to RNC.
q3_14,"When a UE moves out of 5G coverage into an LTE coverage area, an inter-system handover from 5GS to EPS may be triggered. The source AMF communicates with the target MME over the N26 interface to transfer the UE context and prepare the target eNodeB. If the N26 interface is not supported, the UE must perform a registration procedure in the new system.",q3,BGE,6,image_11.jpeg,Enhanced Relocation from RNC to Open Access HNB for CSG UEs.
q3_14,"When a UE moves out of 5G coverage into an LTE coverage area, an inter-system handover from 5GS to EPS may be triggered. The source AMF communicates with the target MME over the N26 interface to transfer the UE context and prepare the target eNodeB. If the N26 interface is not supported, the UE must perform a registration procedure in the new system.",q3,BGE,7,image_12.png,Enhanced Relocation from RNC to Hybrid HNB for CSG UEs.
q3_14,"When a UE moves out of 5G coverage into an LTE coverage area, an inter-system handover from 5GS to EPS may be triggered. The source AMF communicates with the target MME over the N26 interface to transfer the UE context and prepare the target eNodeB. If the N26 interface is not supported, the UE must perform a registration procedure in the new system.",q3,BGE,8,image_6.jpeg,HNB to HNB Handover via Iurh interface – UE involved.
q3_14,"When a UE moves out of 5G coverage into an LTE coverage area, an inter-system handover from 5GS to EPS may be triggered. The source AMF communicates with the target MME over the N26 interface to transfer the UE context and prepare the target eNodeB. If the N26 interface is not supported, the UE must perform a registration procedure in the new system.",q3,BGE,9,image_1377.jpeg,Mobility to HeNB's CSG and hybrid cells.
q3_14,"When a UE moves out of 5G coverage into an LTE coverage area, an inter-system handover from 5GS to EPS may be triggered. The source AMF communicates with the target MME over the N26 interface to transfer the UE context and prepare the target eNodeB. If the N26 interface is not supported, the UE must perform a registration procedure in the new system.",q3,BGE,10,image_16.jpeg,RNC to HNB CELL_FACH/CELL_PCH and URA_PCH mobility
q3_15,"During a network-triggered service request, the network has downlink data for a UE in IDLE mode. The UPF notifies the SMF, which informs the AMF. The AMF pages the UE. The UE responds with a Service Request message. The network then establishes the necessary user plane resources and delivers the downlink data.",q3,BM25,1,image_14.jpeg,Soft Handover from RNC to Open or Hybrid Access HNB via HNB-GW.
q3_15,"During a network-triggered service request, the network has downlink data for a UE in IDLE mode. The UPF notifies the SMF, which informs the AMF. The AMF pages the UE. The UE responds with a Service Request message. The network then establishes the necessary user plane resources and delivers the downlink data.",q3,BM25,2,image_15.jpeg,Soft Handover from RNC to Open or Hybrid Access HNB via HNB-GW.
q3_15,"During a network-triggered service request, the network has downlink data for a UE in IDLE mode. The UPF notifies the SMF, which informs the AMF. The AMF pages the UE. The UE responds with a Service Request message. The network then establishes the necessary user plane resources and delivers the downlink data.",q3,BM25,3,image_13.jpeg,Soft Handover HNB to RNC via HNB-GW.
q3_15,"During a network-triggered service request, the network has downlink data for a UE in IDLE mode. The UPF notifies the SMF, which informs the AMF. The AMF pages the UE. The UE responds with a Service Request message. The network then establishes the necessary user plane resources and delivers the downlink data.",q3,BM25,4,image_11.jpeg,Enhanced Relocation from RNC to Open Access HNB for CSG UEs.
q3_15,"During a network-triggered service request, the network has downlink data for a UE in IDLE mode. The UPF notifies the SMF, which informs the AMF. The AMF pages the UE. The UE responds with a Service Request message. The network then establishes the necessary user plane resources and delivers the downlink data.",q3,BM25,5,image_12.png,Enhanced Relocation from RNC to Hybrid HNB for CSG UEs.
q3_15,"During a network-triggered service request, the network has downlink data for a UE in IDLE mode. The UPF notifies the SMF, which informs the AMF. The AMF pages the UE. The UE responds with a Service Request message. The network then establishes the necessary user plane resources and delivers the downlink data.",q3,BM25,6,image_1377.jpeg,Mobility to HeNB's CSG and hybrid cells.
q3_15,"During a network-triggered service request, the network has downlink data for a UE in IDLE mode. The UPF notifies the SMF, which informs the AMF. The AMF pages the UE. The UE responds with a Service Request message. The network then establishes the necessary user plane resources and delivers the downlink data.",q3,BM25,7,image_27.png,Establishment of signalling connection over Iurh and Iur connections between
q3_15,"During a network-triggered service request, the network has downlink data for a UE in IDLE mode. The UPF notifies the SMF, which informs the AMF. The AMF pages the UE. The UE responds with a Service Request message. The network then establishes the necessary user plane resources and delivers the downlink data.",q3,BM25,8,image_10.jpeg,Enhanced Relocation from Open Access and Hybrid HNBs to RNC.
q3_15,"During a network-triggered service request, the network has downlink data for a UE in IDLE mode. The UPF notifies the SMF, which informs the AMF. The AMF pages the UE. The UE responds with a Service Request message. The network then establishes the necessary user plane resources and delivers the downlink data.",q3,BM25,9,image_28.png,Establishment of signalling connection over Iurh and Iur connections between
q3_15,"During a network-triggered service request, the network has downlink data for a UE in IDLE mode. The UPF notifies the SMF, which informs the AMF. The AMF pages the UE. The UE responds with a Service Request message. The network then establishes the necessary user plane resources and delivers the downlink data.",q3,BM25,10,image_29.jpeg,Establishment of signalling connection over Iurh and Iur connections between
q3_15,"During a network-triggered service request, the network has downlink data for a UE in IDLE mode. The UPF notifies the SMF, which informs the AMF. The AMF pages the UE. The UE responds with a Service Request message. The network then establishes the necessary user plane resources and delivers the downlink data.",q3,BGE,1,image_15.jpeg,Soft Handover from RNC to Open or Hybrid Access HNB via HNB-GW.
q3_15,"During a network-triggered service request, the network has downlink data for a UE in IDLE mode. The UPF notifies the SMF, which informs the AMF. The AMF pages the UE. The UE responds with a Service Request message. The network then establishes the necessary user plane resources and delivers the downlink data.",q3,BGE,2,image_14.jpeg,Soft Handover from RNC to Open or Hybrid Access HNB via HNB-GW.
q3_15,"During a network-triggered service request, the network has downlink data for a UE in IDLE mode. The UPF notifies the SMF, which informs the AMF. The AMF pages the UE. The UE responds with a Service Request message. The network then establishes the necessary user plane resources and delivers the downlink data.",q3,BGE,3,image_13.jpeg,Soft Handover HNB to RNC via HNB-GW.
q3_15,"During a network-triggered service request, the network has downlink data for a UE in IDLE mode. The UPF notifies the SMF, which informs the AMF. The AMF pages the UE. The UE responds with a Service Request message. The network then establishes the necessary user plane resources and delivers the downlink data.",q3,BGE,4,image_7.jpeg,Soft Handover Initiation HNB to HNB.
q3_15,"During a network-triggered service request, the network has downlink data for a UE in IDLE mode. The UPF notifies the SMF, which informs the AMF. The AMF pages the UE. The UE responds with a Service Request message. The network then establishes the necessary user plane resources and delivers the downlink data.",q3,BGE,5,image_12.png,Enhanced Relocation from RNC to Hybrid HNB for CSG UEs.
q3_15,"During a network-triggered service request, the network has downlink data for a UE in IDLE mode. The UPF notifies the SMF, which informs the AMF. The AMF pages the UE. The UE responds with a Service Request message. The network then establishes the necessary user plane resources and delivers the downlink data.",q3,BGE,6,image_1377.jpeg,Mobility to HeNB's CSG and hybrid cells.
q3_15,"During a network-triggered service request, the network has downlink data for a UE in IDLE mode. The UPF notifies the SMF, which informs the AMF. The AMF pages the UE. The UE responds with a Service Request message. The network then establishes the necessary user plane resources and delivers the downlink data.",q3,BGE,7,image_6.jpeg,HNB to HNB Handover via Iurh interface – UE involved.
q3_15,"During a network-triggered service request, the network has downlink data for a UE in IDLE mode. The UPF notifies the SMF, which informs the AMF. The AMF pages the UE. The UE responds with a Service Request message. The network then establishes the necessary user plane resources and delivers the downlink data.",q3,BGE,8,image_11.jpeg,Enhanced Relocation from RNC to Open Access HNB for CSG UEs.
q3_15,"During a network-triggered service request, the network has downlink data for a UE in IDLE mode. The UPF notifies the SMF, which informs the AMF. The AMF pages the UE. The UE responds with a Service Request message. The network then establishes the necessary user plane resources and delivers the downlink data.",q3,BGE,9,image_10.jpeg,Enhanced Relocation from Open Access and Hybrid HNBs to RNC.
q3_15,"During a network-triggered service request, the network has downlink data for a UE in IDLE mode. The UPF notifies the SMF, which informs the AMF. The AMF pages the UE. The UE responds with a Service Request message. The network then establishes the necessary user plane resources and delivers the downlink data.",q3,BGE,10,image_3538.jpeg,Inter-gNB-DU Conditional Handover or Conditional PSCell Change for intra-NR
