{
  "B1": {
    "Q1": {
      "recall@1": 0.796601,
      "recall@2": 0.962029,
      "recall@3": 0.983271,
      "recall@5": 0.998141,
      "recall@10": 1.0,
      "dup_recall@1": 0.859798,
      "dup_recall@2": 0.971853,
      "dup_recall@3": 0.989113,
      "dup_recall@5": 0.999203,
      "dup_recall@10": 1.0,
      "mrr@10": 0.890277,
      "dup_mrr@10": 0.924128,
      "num_queries": 3766
    },
    "Q2": {
      "recall@1": 0.756771,
      "recall@2": 0.929102,
      "recall@3": 0.960967,
      "recall@5": 0.986989,
      "recall@10": 0.99522,
      "dup_recall@1": 0.814126,
      "dup_recall@2": 0.942379,
      "dup_recall@3": 0.970526,
      "dup_recall@5": 0.990706,
      "dup_recall@10": 0.99522,
      "mrr@10": 0.860859,
      "dup_mrr@10": 0.892926,
      "num_queries": 3766
    },
    "Q3": {
      "recall@1": 0.300113,
      "recall@2": 0.41502,
      "recall@3": 0.462733,
      "recall@5": 0.521739,
      "recall@10": 0.592885,
      "dup_recall@1": 0.323264,
      "dup_recall@2": 0.421513,
      "dup_recall@3": 0.470638,
      "dup_recall@5": 0.527668,
      "dup_recall@10": 0.595426,
      "mrr@10": 0.39651,
      "dup_mrr@10": 0.410769,
      "num_queries": 3542
    }
  },
  "B2": {
    "Q1": {
      "recall@1": 0.665959,
      "recall@2": 0.848911,
      "recall@3": 0.90308,
      "recall@5": 0.950345,
      "recall@10": 0.979554,
      "dup_recall@1": 0.720393,
      "dup_recall@2": 0.865374,
      "dup_recall@3": 0.920871,
      "dup_recall@5": 0.960701,
      "dup_recall@10": 0.984068,
      "mrr@10": 0.79066,
      "dup_mrr@10": 0.823883,
      "num_queries": 3766
    },
    "Q2": {
      "recall@1": 0.552576,
      "recall@2": 0.729421,
      "recall@3": 0.794742,
      "recall@5": 0.861922,
      "recall@10": 0.90547,
      "dup_recall@1": 0.594796,
      "dup_recall@2": 0.749336,
      "dup_recall@3": 0.817313,
      "dup_recall@5": 0.87573,
      "dup_recall@10": 0.917685,
      "mrr@10": 0.684314,
      "dup_mrr@10": 0.714006,
      "num_queries": 3766
    },
    "Q3": {
      "recall@1": 0.630435,
      "recall@2": 0.819876,
      "recall@3": 0.883399,
      "recall@5": 0.932806,
      "recall@10": 0.970638,
      "dup_recall@1": 0.67476,
      "dup_recall@2": 0.824958,
      "dup_recall@3": 0.889893,
      "dup_recall@5": 0.935347,
      "dup_recall@10": 0.971485,
      "mrr@10": 0.763086,
      "dup_mrr@10": 0.786971,
      "num_queries": 3542
    }
  },
  "D1": {
    "Q1": {
      "recall@1": 0.793415,
      "recall@2": 0.958311,
      "recall@3": 0.982475,
      "recall@5": 0.998141,
      "recall@10": 1.0,
      "dup_recall@1": 0.854488,
      "dup_recall@2": 0.967605,
      "dup_recall@3": 0.988051,
      "dup_recall@5": 0.998938,
      "dup_recall@10": 1.0,
      "mrr@10": 0.887998,
      "dup_mrr@10": 0.920654,
      "num_queries": 3766
    },
    "Q2": {
      "recall@1": 0.761551,
      "recall@2": 0.925119,
      "recall@3": 0.956452,
      "recall@5": 0.981944,
      "recall@10": 0.991768,
      "dup_recall@1": 0.819172,
      "dup_recall@2": 0.935475,
      "dup_recall@3": 0.964153,
      "dup_recall@5": 0.983537,
      "dup_recall@10": 0.991768,
      "mrr@10": 0.861269,
      "dup_mrr@10": 0.89259,
      "num_queries": 3766
    },
    "Q3": {
      "recall@1": 0.362789,
      "recall@2": 0.481649,
      "recall@3": 0.537832,
      "recall@5": 0.599661,
      "recall@10": 0.658103,
      "dup_recall@1": 0.392151,
      "dup_recall@2": 0.488425,
      "dup_recall@3": 0.547995,
      "dup_recall@5": 0.604461,
      "dup_recall@10": 0.660079,
      "mrr@10": 0.463127,
      "dup_mrr@10": 0.480547,
      "num_queries": 3542
    }
  },
  "D2": {
    "Q1": {
      "recall@1": 0.720393,
      "recall@2": 0.905204,
      "recall@3": 0.946628,
      "recall@5": 0.974774,
      "recall@10": 0.98991,
      "dup_recall@1": 0.779341,
      "dup_recall@2": 0.922199,
      "dup_recall@3": 0.958311,
      "dup_recall@5": 0.981678,
      "dup_recall@10": 0.993627,
      "mrr@10": 0.835367,
      "dup_mrr@10": 0.869985,
      "num_queries": 3766
    },
    "Q2": {
      "recall@1": 0.661445,
      "recall@2": 0.846522,
      "recall@3": 0.892193,
      "recall@5": 0.933086,
      "recall@10": 0.958577,
      "dup_recall@1": 0.712958,
      "dup_recall@2": 0.862985,
      "dup_recall@3": 0.907063,
      "dup_recall@5": 0.941848,
      "dup_recall@10": 0.963356,
      "mrr@10": 0.782247,
      "dup_mrr@10": 0.813694,
      "num_queries": 3766
    },
    "Q3": {
      "recall@1": 0.614342,
      "recall@2": 0.793619,
      "recall@3": 0.855449,
      "recall@5": 0.910785,
      "recall@10": 0.94664,
      "dup_recall@1": 0.659232,
      "dup_recall@2": 0.798419,
      "dup_recall@3": 0.862507,
      "dup_recall@5": 0.914173,
      "dup_recall@10": 0.947205,
      "mrr@10": 0.742345,
      "dup_mrr@10": 0.766608,
      "num_queries": 3542
    }
  },
  "H1c_k10": {
    "Q1": {
      "recall@1": 0.776155,
      "recall@2": 0.948221,
      "recall@3": 0.974774,
      "recall@5": 0.994955,
      "recall@10": 0.999734,
      "dup_recall@1": 0.838024,
      "dup_recall@2": 0.96256,
      "dup_recall@3": 0.984068,
      "dup_recall@5": 0.998938,
      "dup_recall@10": 1.0,
      "mrr@10": 0.876538,
      "dup_mrr@10": 0.911083,
      "num_queries": 3766
    },
    "Q2": {
      "recall@1": 0.744822,
      "recall@2": 0.925119,
      "recall@3": 0.960967,
      "recall@5": 0.988317,
      "recall@10": 0.997876,
      "dup_recall@1": 0.806957,
      "dup_recall@2": 0.943176,
      "dup_recall@3": 0.973181,
      "dup_recall@5": 0.9923,
      "dup_recall@10": 0.997876,
      "mrr@10": 0.854761,
      "dup_mrr@10": 0.890408,
      "num_queries": 3766
    },
    "Q3": {
      "recall@1": 0.509317,
      "recall@2": 0.700452,
      "recall@3": 0.775268,
      "recall@5": 0.856296,
      "recall@10": 0.938171,
      "dup_recall@1": 0.54856,
      "dup_recall@2": 0.710333,
      "dup_recall@3": 0.783456,
      "dup_recall@5": 0.860813,
      "dup_recall@10": 0.940429,
      "mrr@10": 0.659668,
      "dup_mrr@10": 0.682393,
      "num_queries": 3542
    }
  },
  "H1c_k30": {
    "Q1": {
      "recall@1": 0.780935,
      "recall@2": 0.944238,
      "recall@3": 0.972384,
      "recall@5": 0.992831,
      "recall@10": 0.999203,
      "dup_recall@1": 0.842539,
      "dup_recall@2": 0.958311,
      "dup_recall@3": 0.981944,
      "dup_recall@5": 0.997345,
      "dup_recall@10": 0.999469,
      "mrr@10": 0.877745,
      "dup_mrr@10": 0.912265,
      "num_queries": 3766
    },
    "Q2": {
      "recall@1": 0.739777,
      "recall@2": 0.911312,
      "recall@3": 0.951938,
      "recall@5": 0.979554,
      "recall@10": 0.994158,
      "dup_recall@1": 0.802177,
      "dup_recall@2": 0.929634,
      "dup_recall@3": 0.966012,
      "dup_recall@5": 0.986989,
      "dup_recall@10": 0.995486,
      "mrr@10": 0.847677,
      "dup_mrr@10": 0.884175,
      "num_queries": 3766
    },
    "Q3": {
      "recall@1": 0.478826,
      "recall@2": 0.645116,
      "recall@3": 0.718238,
      "recall@5": 0.789949,
      "recall@10": 0.883964,
      "dup_recall@1": 0.516093,
      "dup_recall@2": 0.652739,
      "dup_recall@3": 0.726426,
      "dup_recall@5": 0.793337,
      "dup_recall@10": 0.885375,
      "mrr@10": 0.615684,
      "dup_mrr@10": 0.636813,
      "num_queries": 3542
    }
  },
  "H1c_k60": {
    "Q1": {
      "recall@1": 0.779341,
      "recall@2": 0.94291,
      "recall@3": 0.971057,
      "recall@5": 0.992034,
      "recall@10": 0.998141,
      "dup_recall@1": 0.840945,
      "dup_recall@2": 0.956984,
      "dup_recall@3": 0.980616,
      "dup_recall@5": 0.996548,
      "dup_recall@10": 0.999203,
      "mrr@10": 0.876337,
      "dup_mrr@10": 0.910976,
      "num_queries": 3766
    },
    "Q2": {
      "recall@1": 0.733935,
      "recall@2": 0.906001,
      "recall@3": 0.946097,
      "recall@5": 0.974509,
      "recall@10": 0.991237,
      "dup_recall@1": 0.79607,
      "dup_recall@2": 0.925119,
      "dup_recall@3": 0.96017,