query_id,query_type,original_query,expanded_query,rr_orig,rr_fuse_10,delta,helped
q1_2234,q1,Mobility from 5GC to EPC,Mobility from 5GC to EPC Evolved Packet Core LTE core network MME 5G Core AMF SMF,0.16666666666666666,1.0,0.8333333333333334,True
q2_1240,q2,What is the containment and naming relationship in the 5GC NRM?,What is the containment and naming relationship in the 5GC NRM? 5G Core AMF SMF,0.2,1.0,0.8,True
q1_3240,q1,Shared PLMN operator and MC service provider based deployment of MC service -,Shared PLMN operator and MC service provider based deployment of MC service - Public Land Mobile Network mobile network operator network,0.25,1.0,0.75,True
q2_3199,q2,What is the interaction between CP and UP functions during PDN connection modification in 3GPP?,What is the interaction between CP and UP functions during PDN connection modification in 3GPP? Packet Data Network PDN connection packet data,0.25,1.0,0.75,True
q3_1421,q3,The UE test loop function provides access to isolated functions of the UE via the radio interface without introducing wherever possible new physical interfaces just for the reason of conformance testing.,The UE test loop function provides access to isolated functions of the UE via the radio interface without introducing wherever possible new physical interfaces just for the reason of conformance testing. User Equipment mobile terminal device,0.25,1.0,0.75,True
q3_2929,q3,The procedure in this sub clause may be used when two MC service servers are serving users in the same area and are configured to share MBMS bearers for that specific area.,The procedure in this sub clause may be used when two MC service servers are serving users in the same area and are configured to share MBMS bearers for that specific area. Multimedia Broadcast Multicast Service broadcast service multicast service,0.25,1.0,0.75,True
q2_2234,q2,What is the mobility process diagram from 5GC to EPC?,What is the mobility process diagram from 5GC to EPC? Evolved Packet Core LTE core network MME 5G Core AMF SMF,0.3333333333333333,1.0,0.6666666666666667,True
q1_2035,q1,Non-roaming architecture for interworking between 5GS and EPC/E-UTRAN,Non-roaming architecture for interworking between 5GS and EPC/E-UTRAN Evolved Universal Terrestrial Radio Access Network LTE radio access network eNB Evolved Packet Core LTE core network MME,0.3333333333333333,1.0,0.6666666666666667,True
q1_1712,q1,MCVideo emergency group call,MCVideo emergency group call Mission Critical Video mission critical service video service,0.3333333333333333,1.0,0.6666666666666667,True
q1_2612,q1,MCVideo emergency group call,MCVideo emergency group call Mission Critical Video mission critical service video service,0.3333333333333333,1.0,0.6666666666666667,True
q3_2035,q3,Figure 4.3.1-1 represents the non-roaming architecture for interworking between 5GS and EPC/E-UTRAN.,Figure 4.3.1-1 represents the non-roaming architecture for interworking between 5GS and EPC/E-UTRAN. Evolved Universal Terrestrial Radio Access Network LTE radio access network eNB Evolved Packet Core LTE core network MME,0.3333333333333333,1.0,0.6666666666666667,True
q2_1742,q2,What controls the transmission during an MCVideo session?,What controls the transmission during an MCVideo session? Mission Critical Video mission critical service video service,0.3333333333333333,1.0,0.6666666666666667,True
q2_2642,q2,What is the transmission control mechanism during an MCVideo session?,What is the transmission control mechanism during an MCVideo session? Mission Critical Video mission critical service video service,0.3333333333333333,1.0,0.6666666666666667,True
q2_3237,q2,Where are the MC service user database and SIP database located in relation to HSS?,Where are the MC service user database and SIP database located in relation to HSS? Home Subscriber Server subscriber database EPC Session Initiation Protocol IMS signaling multimedia session,0.3333333333333333,1.0,0.6666666666666667,True
q3_2236,q3,"When the UE is connected to 5GS or 5GC-N3IWF, the PGW-C+SMF may store in UDM the PGW-C+SMF FQDN for S5/S8/S2b interface, within the UE context in SMF data, when the PWG-C+SMF registers in UDM.","When the UE is connected to 5GS or 5GC-N3IWF, the PGW-C+SMF may store in UDM the PGW-C+SMF FQDN for S5/S8/S2b interface, within the UE context in SMF data, when the PWG-C+SMF registers in UDM. Unified Data Management subscriber data 5G core Session Management Function PDU session session management User Equipment mobile terminal device",0.3333333333333333,1.0,0.6666666666666667,True
q2_719,q2,What are the UE 5G downlink media streaming functions focused on from a Media Player perspective?,What are the UE 5G downlink media streaming functions focused on from a Media Player perspective? User Equipment mobile terminal device,0.3333333333333333,1.0,0.6666666666666667,True
q2_1650,q2,What is the coexistence architecture between existing HSS and Combined HSS/UDM with separate repositories?,What is the coexistence architecture between existing HSS and Combined HSS/UDM with separate repositories? Unified Data Management subscriber data 5G core Home Subscriber Server subscriber database EPC,0.3333333333333333,1.0,0.6666666666666667,True
q2_1817,q2,What is the process for floor override when floor is revoked or rejected during an MCPTT session?,What is the process for floor override when floor is revoked or rejected during an MCPTT session? Mission Critical Push To Talk mission critical service push to talk,0.3333333333333333,1.0,0.6666666666666667,True
q2_2035,q2,What is the non-roaming architecture for interworking between 5GS and EPC/E-UTRAN?,What is the non-roaming architecture for interworking between 5GS and EPC/E-UTRAN? Evolved Universal Terrestrial Radio Access Network LTE radio access network eNB Evolved Packet Core LTE core network MME,0.3333333333333333,1.0,0.6666666666666667,True
q2_1450,q2,"What is the structure of the AMD PDU with a 10-bit SN and an 11-bit LI field length for odd values of K (K = 1, 3, ...)?","What is the structure of the AMD PDU with a 10-bit SN and an 11-bit LI field length for odd values of K (K = 1, 3, ...)? Protocol Data Unit PDU session data unit",0.5,1.0,0.5,True
q2_1345,q2,What is the MAC structure overview from the UE side?,What is the MAC structure overview from the UE side? User Equipment mobile terminal device,0.5,1.0,0.5,True
q2_1451,q2,"What is the AMD PDU structure with a 10-bit SN and an 11-bit LI field length for odd numbers of LIs (K = 1, 3, ...)?","What is the AMD PDU structure with a 10-bit SN and an 11-bit LI field length for odd numbers of LIs (K = 1, 3, ...)? Protocol Data Unit PDU session data unit",0.5,1.0,0.5,True
q2_1441,q2,What is the architecture for delivering QoS for DASH using PCC?,What is the architecture for delivering QoS for DASH using PCC? Quality of Service priority bearer,0.5,1.0,0.5,True
q3_489,q3,The architecture proposed by this solution supports co-existence with EPC.,The architecture proposed by this solution supports co-existence with EPC. Evolved Packet Core LTE core network MME,0.5,1.0,0.5,True
q3_487,q3,The architecture proposed by this solution is similar to the existing one in EPC.,The architecture proposed by this solution is similar to the existing one in EPC. Evolved Packet Core LTE core network MME,0.5,1.0,0.5,True
q1_3209,q1,Roaming 5G System architecture for V2X communication over PC5 and Uu reference,Roaming 5G System architecture for V2X communication over PC5 and Uu reference PC5 interface sidelink direct communication Vehicle to Everything vehicle communication sidelink,0.5,1.0,0.5,True
q2_1341,q2,What is an example of updating TAC and PLMN ID in real-time for LEO with moving beams?,What is an example of updating TAC and PLMN ID in real-time for LEO with moving beams? Public Land Mobile Network mobile network operator network,0.5,1.0,0.5,True
q3_383,q3,The procedure for PC5 link establishment with L3 UE-to-Network relay to use an S-NSSAI subject to NSSAA is depicted in Figure 6.24.2-1.,The procedure for PC5 link establishment with L3 UE-to-Network relay to use an S-NSSAI subject to NSSAA is depicted in Figure 6.24.2-1. PC5 interface sidelink direct communication,0.5,1.0,0.5,True
q1_3378,q1,HSS Initiated Subscribed QoS Modification,HSS Initiated Subscribed QoS Modification Home Subscriber Server subscriber database EPC Quality of Service priority bearer,0.5,1.0,0.5,True
q1_3363,q1,User Plane for UTRAN mode and Direct Tunnel on S12,User Plane for UTRAN mode and Direct Tunnel on S12 Universal Terrestrial Radio Access Network 3G radio access network NodeB,0.5,1.0,0.5,True
q1_3492,q1,Model for Test Mode Control and UE Test Loop Mode A on UE side when NE-DC with,Model for Test Mode Control and UE Test Loop Mode A on UE side when NE-DC with User Equipment mobile terminal device,0.5,1.0,0.5,True
q1_3421,q1,Functional Split between NG-RAN and 5GC,Functional Split between NG-RAN and 5GC 5G Core AMF SMF Next Generation Radio Access Network 5G radio access network gNB,0.5,1.0,0.5,True
q1_3612,q1,PDCP Data PDU format for sidelink DRBs for unicast with 18 bits PDCP SN,PDCP Data PDU format for sidelink DRBs for unicast with 18 bits PDCP SN Protocol Data Unit PDU session data unit,0.5,1.0,0.5,True
q1_3556,q1,RRC Connected to RRC Inactive state transition.,RRC Connected to RRC Inactive state transition. Radio Resource Control connection setup connection release,0.5,1.0,0.5,True
q1_3496,q1,Model for Test Mode Control and UE Test Loop Mode B on UE side when NE-DC,Model for Test Mode Control and UE Test Loop Mode B on UE side when NE-DC User Equipment mobile terminal device,0.5,1.0,0.5,True
q3_789,q3,"Figure 6.2.3.1-1 provides a basic extension of 5G Media Streaming for immersive media downlink using a STAR UE, when all essential AR/MR functions in a UE are available for typical media processing use cases.","Figure 6.2.3.1-1 provides a basic extension of 5G Media Streaming for immersive media downlink using a STAR UE, when all essential AR/MR functions in a UE are available for typical media processing use cases. User Equipment mobile terminal device",0.5,1.0,0.5,True
q2_2612,q2,What is the technical diagram for a MCVideo emergency group call in 3GPP standards?,What is the technical diagram for a MCVideo emergency group call in 3GPP standards? Mission Critical Video mission critical service video service,0.5,1.0,0.5,True
q2_2903,q2,What is the shared PLMN operator and MC service provider deployment model for the MC service?,What is the shared PLMN operator and MC service provider deployment model for the MC service? Public Land Mobile Network mobile network operator network,0.5,1.0,0.5,True
q2_2747,q2,What is the process for ICS UE origination with CS media using the Gm reference point when involving an MSC?,What is the process for ICS UE origination with CS media using the Gm reference point when involving an MSC? User Equipment mobile terminal device,0.5,1.0,0.5,True
q2_754,q2,What is the process flow for RAN signalling-based uplink network assistance?,What is the process flow for RAN signalling-based uplink network assistance? Radio Access Network radio access base station,0.5,1.0,0.5,True
q2_583,q2,What does the 3GPP technical diagram illustrate about activity notification in EN-DC with a suspended RRC connection for SCG?,What does the 3GPP technical diagram illustrate about activity notification in EN-DC with a suspended RRC connection for SCG? Radio Resource Control connection setup connection release,0.5,1.0,0.5,True
q2_1262,q2,What is the diagram showing LTE coverage overlap with UTRAN/GERAN underlay?,What is the diagram showing LTE coverage overlap with UTRAN/GERAN underlay? Universal Terrestrial Radio Access Network 3G radio access network NodeB,0.5,1.0,0.5,True
q2_1408,q2,What is the mobility procedure diagram between E-UTRA/EPC and CDMA2000 interfaces?,What is the mobility procedure diagram between E-UTRA/EPC and CDMA2000 interfaces? Evolved Packet Core LTE core network MME,0.5,1.0,0.5,True
q2_358,q2,What is the format of the PDCP data PDU as specified in TS33.381?,What is the format of the PDCP data PDU as specified in TS33.381? Protocol Data Unit PDU session data unit,0.5,1.0,0.5,True
q2_23,q2,What is the process for releasing an established signalling connection over Iupc and Iuh connections from an HNB?,What is the process for releasing an established signalling connection over Iupc and Iuh connections from an HNB? Home NodeB femtocell home base station,0.5,1.0,0.5,True
q2_35,q2,What diagram shows connectionless data transfer over Iurh and Iur connections initiated by an HNB?,What diagram shows connectionless data transfer over Iurh and Iur connections initiated by an HNB? Home NodeB femtocell home base station,0.5,1.0,0.5,True
q2_125,q2,What is the procedure for handling the SUCI parameter in the UDM?,What is the procedure for handling the SUCI parameter in the UDM? Unified Data Management subscriber data 5G core,0.5,1.0,0.5,True
q1_775,q1,Functional structure for Type 1: 5G STandalone AR (STAR) UE,Functional structure for Type 1: 5G STandalone AR (STAR) UE User Equipment mobile terminal device,0.5,1.0,0.5,True
q3_3711,q3,"Various network sharing scenarios exist, amongst which one category is RAN sharing which can be divided into the following (non exhaustive) list of sub-categories:","Various network sharing scenarios exist, amongst which one category is RAN sharing which can be divided into the following (non exhaustive) list of sub-categories: Radio Access Network radio access base station",0.5,1.0,0.5,True
q3_3612,q3,Figure 6.2.2.7-1 shows the format of the PDCP Data PDU with 18 bits PDCP SN.,Figure 6.2.2.7-1 shows the format of the PDCP Data PDU with 18 bits PDCP SN. Protocol Data Unit PDU session data unit,0.5,1.0,0.5,True
q1_15,q1,Soft Handover from RNC to Open or Hybrid Access HNB via HNB-GW.,Soft Handover from RNC to Open or Hybrid Access HNB via HNB-GW. Home NodeB femtocell home base station,0.5,1.0,0.5,True
q3_754,q3,Figure 6.7-1 depicts an uplink streaming architecture where RAN signalling is employed to support uplink Network Assistance functionality.,Figure 6.7-1 depicts an uplink streaming architecture where RAN signalling is employed to support uplink Network Assistance functionality. Radio Access Network radio access base station,0.5,1.0,0.5,True
q1_33,q1,Release of established signalling connection over Iurh and Iur connections – HNB,Release of established signalling connection over Iurh and Iur connections – HNB Home NodeB femtocell home base station,0.5,1.0,0.5,True
q1_1451,q1,"AMD PDU with 10 bit SN (length of LI field is 11 bits) (Odd number of LIs, i.e. K = 1, 3,","AMD PDU with 10 bit SN (length of LI field is 11 bits) (Odd number of LIs, i.e. K = 1, 3, Protocol Data Unit PDU session data unit",0.5,1.0,0.5,True
q1_1453,q1,"AMD PDU with 10 bit SN (length of LI field is 11 bits) (Even number of LIs, i.e. K = 2,","AMD PDU with 10 bit SN (length of LI field is 11 bits) (Even number of LIs, i.e. K = 2, Protocol Data Unit PDU session data unit",0.5,1.0,0.5,True
q1_3734,q1,the NS actural duration from NWDAF,the NS actural duration from NWDAF Network Data Analytics Function analytics 5G core,0.5,1.0,0.5,True
q2_15,q2,What is the soft handover process from RNC to open or hybrid access HNB via HNB-GW?,What is the soft handover process from RNC to open or hybrid access HNB via HNB-GW? Home NodeB femtocell home base station,0.5,1.0,0.5,True
q2_3208,q2,What is the roaming 5G system architecture for V2X communication over PC5 and Uu interfaces?,What is the roaming 5G system architecture for V2X communication over PC5 and Uu interfaces? PC5 interface sidelink direct communication Vehicle to Everything vehicle communication sidelink,0.5,1.0,0.5,True
q1_1111,q1,Requesting a UE's NSSAI,Requesting a UE's NSSAI User Equipment mobile terminal device,0.5,1.0,0.5,True
q1_1302,q1,EAS to connect to UPF,EAS to connect to UPF User Plane Function user plane packet forwarding,0.5,1.0,0.5,True
q3_3608,q3,Figure 6.2.2.2-1 shows the format of the PDCP Data PDU with 12 bits PDCP SN.,Figure 6.2.2.2-1 shows the format of the PDCP Data PDU with 12 bits PDCP SN. Protocol Data Unit PDU session data unit,0.5,1.0,0.5,True
q2_1410,q2,What is the mobility procedure diagram between E-UTRA/5GC and CDMA2000?,What is the mobility procedure diagram between E-UTRA/5GC and CDMA2000? 5G Core AMF SMF,0.5,1.0,0.5,True
q2_1243,q2,What is the transport view of the SMF NRM interface?,What is the transport view of the SMF NRM interface? Session Management Function PDU session session management,0.5,1.0,0.5,True
q3_30,q3,Figure 7.3.3.3.1-1: Transport of RNSAP messages via signalling connection over Iurh and Iur connections – HNB initiated.,Figure 7.3.3.3.1-1: Transport of RNSAP messages via signalling connection over Iurh and Iur connections – HNB initiated. Home NodeB femtocell home base station,0.5,1.0,0.5,True
q3_49,q3,Each wagon to be tracked is equipped with a battery-powered IoT type UE including a 5G communication module.,Each wagon to be tracked is equipped with a battery-powered IoT type UE including a 5G communication module. User Equipment mobile terminal device,0.5,1.0,0.5,True
q3_126,q3,"When a UDM receives a SUCI from the AUSF, the UDM de-conceals the SUCI to SUPI.","When a UDM receives a SUCI from the AUSF, the UDM de-conceals the SUCI to SUPI. Unified Data Management subscriber data 5G core",0.5,1.0,0.5,True
q3_300,q3,Figure 4.2.1-1 shows the EPS architecture of the extended user plane protection service for the case where the UE’s PDN connection terminates at the P-GW.,Figure 4.2.1-1 shows the EPS architecture of the extended user plane protection service for the case where the UE’s PDN connection terminates at the P-GW. Packet Data Network PDN connection packet data User Equipment mobile terminal device Evolved Packet System LTE system EPC,0.5,1.0,0.5,True
q2_3608,q2,What is the format of the PDCP Data PDU with a 12-bit PDCP SN?,What is the format of the PDCP Data PDU with a 12-bit PDCP SN? Protocol Data Unit PDU session data unit,0.5,1.0,0.5,True
q2_3702,q2,What is the sequence or process described when a UE or network requests a PDU Session release charging involving an I-SMF?,What is the sequence or process described when a UE or network requests a PDU Session release charging involving an I-SMF? Protocol Data Unit PDU session data unit User Equipment mobile terminal device,0.5,1.0,0.5,True
q2_357,q2,What is the format of the PDCP data PDU as specified in TS331?,What is the format of the PDCP data PDU as specified in TS331? Protocol Data Unit PDU session data unit,0.5,1.0,0.5,True
q2_3494,q2,What is the model for Test Mode Control and UE Test Loop Mode B on the UE side when using EN-DC?,What is the model for Test Mode Control and UE Test Loop Mode B on the UE side when using EN-DC? User Equipment mobile terminal device,0.5,1.0,0.5,True
q2_382,q2,What is the secure PC5 link establishment procedure for UE-to-network relay?,What is the secure PC5 link establishment procedure for UE-to-network relay? PC5 interface sidelink direct communication,0.5,1.0,0.5,True
q2_3194,q2,What is the interaction between the CP and UP functions during PDN connection deactivation?,What is the interaction between the CP and UP functions during PDN connection deactivation? Packet Data Network PDN connection packet data,0.5,1.0,0.5,True
q2_2925,q2,What diagram shows UE A moving from MBMS coverage to outside the network?,What diagram shows UE A moving from MBMS coverage to outside the network? Multimedia Broadcast Multicast Service broadcast service multicast service User Equipment mobile terminal device,0.5,1.0,0.5,True
q2_1424,q2,What is the model for UE test loop mode E on the UE side for ProSe Direct or V2X when the UE is in-in-?,What is the model for UE test loop mode E on the UE side for ProSe Direct or V2X when the UE is in-in-? User Equipment mobile terminal device Vehicle to Everything vehicle communication sidelink Proximity Services device to device direct communication,0.5,1.0,0.5,True
q2_1426,q2,What is the model for UE test loop mode G configured on the UE side to return downlink User data?,What is the model for UE test loop mode G configured on the UE side to return downlink User data? User Equipment mobile terminal device,0.5,1.0,0.5,True
q2_488,q2,What is the process for NSWO access authentication using credentials retrieved from UDM/ARPF?,What is the process for NSWO access authentication using credentials retrieved from UDM/ARPF? Unified Data Management subscriber data 5G core,0.5,1.0,0.5,True
q2_299,q2,What is the architecture of the extended user plane protection service where P-GW terminates the PDN?,What is the architecture of the extended user plane protection service where P-GW terminates the PDN? Packet Data Network PDN connection packet data,0.5,1.0,0.5,True
q3_21,q3,Figure 7.2.2.4.1-1: Transport of PCAP messages via signalling connection over Iuh and Iupc connections – HNB initiated.,Figure 7.2.2.4.1-1: Transport of PCAP messages via signalling connection over Iuh and Iupc connections – HNB initiated. Home NodeB femtocell home base station,0.5,1.0,0.5,True
q3_3499,q3,UE test loop mode E is mandatory to all 5GS UEs supporting NR sidelink.,UE test loop mode E is mandatory to all 5GS UEs supporting NR sidelink. User Equipment mobile terminal device,0.5,1.0,0.5,True
q3_2465,q3,This clause describes how to detect and classify IP packets for the purpose of QoS treatment in the Fixed Broadband Access network.,This clause describes how to detect and classify IP packets for the purpose of QoS treatment in the Fixed Broadband Access network. Quality of Service priority bearer,0.5,1.0,0.5,True
q1_1514,q1,"IMS session setup, resource reservation only on terminating side","IMS session setup, resource reservation only on terminating side IP Multimedia Subsystem SIP multimedia service",0.5,1.0,0.5,True
q1_1651,q1,Coexistence of existing HSS and Combined HSS/UDM using a common repository,Coexistence of existing HSS and Combined HSS/UDM using a common repository Unified Data Management subscriber data 5G core Home Subscriber Server subscriber database EPC,0.5,1.0,0.5,True
q1_1649,q1,Coexistence of existing HSS and Combined HSS/UDM with separate repositories,Coexistence of existing HSS and Combined HSS/UDM with separate repositories Unified Data Management subscriber data 5G core Home Subscriber Server subscriber database EPC,0.5,1.0,0.5,True
q1_1963,q1,Architecture for optimised handovers between E-UTRAN access and cdma2000 HRPD,Architecture for optimised handovers between E-UTRAN access and cdma2000 HRPD Evolved Universal Terrestrial Radio Access Network LTE radio access network eNB,0.5,1.0,0.5,True
q1_1894,q1,Initial E-UTRAN attach with PMIP-based S5 or S8,Initial E-UTRAN attach with PMIP-based S5 or S8 Evolved Universal Terrestrial Radio Access Network LTE radio access network eNB,0.5,1.0,0.5,True
q1_1780,q1,MCPTT emergency group call,MCPTT emergency group call Mission Critical Push To Talk mission critical service push to talk,0.5,1.0,0.5,True
q1_1441,q1,An example policy and charging control (PCC) architecture to deliver QoS for DASH,An example policy and charging control (PCC) architecture to deliver QoS for DASH Quality of Service priority bearer,0.5,1.0,0.5,True
q3_3383,q3,"When SCG bearer option is applied to support dual connectivity operation, this procedure is used to transfer bearer contexts to and from Secondary eNodeB (see TS 36.300 [5]) or Secondary gNodeB (see TS 37.340 [85]).","When SCG bearer option is applied to support dual connectivity operation, this procedure is used to transfer bearer contexts to and from Secondary eNodeB (see TS 36.300 [5]) or Secondary gNodeB (see TS 37.340 [85]). next generation NodeB 5G base station NG-RAN E-UTRAN NodeB LTE base station E-UTRAN",0.5,1.0,0.5,True
q3_3255,q3,The procedure in this sub clause may be used when two or more MC service servers are serving users in the same area and are configured to share MBMS bearers for that specific area.,The procedure in this sub clause may be used when two or more MC service servers are serving users in the same area and are configured to share MBMS bearers for that specific area. Multimedia Broadcast Multicast Service broadcast service multicast service,0.5,1.0,0.5,True
q1_2032,q1,Roaming with Home-routed architecture for ATSSS support (UE registered to the,Roaming with Home-routed architecture for ATSSS support (UE registered to the User Equipment mobile terminal device,0.5,1.0,0.5,True
q1_1997,q1,Non-roaming architecture for UE behind 5G-RG using trusted N3GPP access,Non-roaming architecture for UE behind 5G-RG using trusted N3GPP access User Equipment mobile terminal device,0.5,1.0,0.5,True
q1_1978,q1,UE/TWAN Initiated Detach and UE/ TWAN requested PDN Disconnection on PMIP,UE/TWAN Initiated Detach and UE/ TWAN requested PDN Disconnection on PMIP User Equipment mobile terminal device Packet Data Network PDN connection packet data,0.5,1.0,0.5,True
q3_2590,q3,Figure 4.2.2-1: Logical 5GS and EPS architecture for UAV,Figure 4.2.2-1: Logical 5GS and EPS architecture for UAV Evolved Packet System LTE system EPC,0.5,1.0,0.5,True
q2_1712,q2,What is the technical diagram for MCVideo emergency group call in 3GPP standards?,What is the technical diagram for MCVideo emergency group call in 3GPP standards? Mission Critical Video mission critical service video service,0.5,1.0,0.5,True
q3_3080,q3,Figure 8.3.2-1 shows the procedure for an MSGin5G UE that initiates an MSGin5G message request.,Figure 8.3.2-1 shows the procedure for an MSGin5G UE that initiates an MSGin5G message request. User Equipment mobile terminal device,0.5,1.0,0.5,True
q3_2926,q3,This procedure handles a scenario when UE is moving from a location when the UE is experiencing good reception of the MBMS bearer to a location outside the MBMS service coverage.,This procedure handles a scenario when UE is moving from a location when the UE is experiencing good reception of the MBMS bearer to a location outside the MBMS service coverage. Multimedia Broadcast Multicast Service broadcast service multicast service User Equipment mobile terminal device,0.5,1.0,0.5,True
q1_1423,q1,"Model for UE test loop mode E on UE side ProSe Direct, or, V2X when UE is in in-","Model for UE test loop mode E on UE side ProSe Direct, or, V2X when UE is in in- User Equipment mobile terminal device Vehicle to Everything vehicle communication sidelink Proximity Services device to device direct communication",0.5,1.0,0.5,True
q1_1422,q1,Model for UE test loop mode D on UE side,Model for UE test loop mode D on UE side User Equipment mobile terminal device,0.5,1.0,0.5,True
q1_1409,q1,Mobility procedures between E-UTRA/5GC and CDMA2000,Mobility procedures between E-UTRA/5GC and CDMA2000 5G Core AMF SMF,0.5,1.0,0.5,True
q1_1393,q1,Automatic Neighbour Relation Function in case of e.g. UTRAN detected cell,Automatic Neighbour Relation Function in case of e.g. UTRAN detected cell Universal Terrestrial Radio Access Network 3G radio access network NodeB,0.5,1.0,0.5,True
q1_1341,q1,An example of updating TAC and PLMN ID in real-time for LEO with moving beams,An example of updating TAC and PLMN ID in real-time for LEO with moving beams Public Land Mobile Network mobile network operator network,0.5,1.0,0.5,True
q3_3194,q3,This clause defines interactions between the CP and UP function during the following procedures related to the deactivation of a PDN connection:,This clause defines interactions between the CP and UP function during the following procedures related to the deactivation of a PDN connection: Packet Data Network PDN connection packet data,0.5,1.0,0.5,True
q1_303,q1,BEST Key Hierarchy for EPS networks and legacy UEs,BEST Key Hierarchy for EPS networks and legacy UEs User Equipment mobile terminal device Evolved Packet System LTE system EPC,0.5,1.0,0.5,True
q1_300,q1,The architecture of the extended user plane protection service (P-GW Terminated PDN,The architecture of the extended user plane protection service (P-GW Terminated PDN Packet Data Network PDN connection packet data,0.5,1.0,0.5,True
q3_3516,q3,The MAC entity of the UE handles the following transport channels:,The MAC entity of the UE handles the following transport channels: User Equipment mobile terminal device,0.5,1.0,0.5,True
q3_3602,q3,"For L2 UE-to-UE Relay architecture, the protocol stacks are similar to L2 UE-to-Network Relay other than the fact that the termination points are two Remote UEs.","For L2 UE-to-UE Relay architecture, the protocol stacks are similar to L2 UE-to-Network Relay other than the fact that the termination points are two Remote UEs. User Equipment mobile terminal device",0.5,1.0,0.5,True
q1_488,q1,NSWO access authentication using credentials retrieved from UDM/ARPF,NSWO access authentication using credentials retrieved from UDM/ARPF Unified Data Management subscriber data 5G core,0.5,1.0,0.5,True
q1_382,q1,Secure PC5 link establishment procedure for UE-to-network relay,Secure PC5 link establishment procedure for UE-to-network relay PC5 interface sidelink direct communication,0.5,1.0,0.5,True
q1_358,q1,PDCP data PDU format (refer to TS38.331),PDCP data PDU format (refer to TS38.331) Protocol Data Unit PDU session data unit,0.5,1.0,0.5,True
q3_2861,q3,"Figure 6.28.2.6-1 shows the procedure of mode switch with delivery method change from ""shared"" to ""individual"" triggered by UE.","Figure 6.28.2.6-1 shows the procedure of mode switch with delivery method change from ""shared"" to ""individual"" triggered by UE. User Equipment mobile terminal device",0.5,1.0,0.5,True
q3_1363,q3,"In case of DC, the UE is configured with two MAC entities: one MAC entity for MeNB and one MAC entity for SeNB.","In case of DC, the UE is configured with two MAC entities: one MAC entity for MeNB and one MAC entity for SeNB. User Equipment mobile terminal device",0.5,1.0,0.5,True
q3_1345,q3,E-UTRA defines two MAC entities; one in the UE and one in the E-UTRAN.,E-UTRA defines two MAC entities; one in the UE and one in the E-UTRAN. Evolved Universal Terrestrial Radio Access Network LTE radio access network eNB User Equipment mobile terminal device,0.5,1.0,0.5,True
q3_1255,q3,"As description in 3GPP TS 38.300 [4], an NG-RAN node is either a gNB or an ng-eNB which are interconnected with each other by means of the Xn interface and connected with 5GC by means of the NG interface, more specifically to the AMF by means of the NG-C interface and to the UPF by means of the NG-U interface.","As description in 3GPP TS 38.300 [4], an NG-RAN node is either a gNB or an ng-eNB which are interconnected with each other by means of the Xn interface and connected with 5GC by means of the NG interface, more specifically to the AMF by means of the NG-C interface and to the UPF by means of the NG-U interface. Access and Mobility Management Function 5G core registration Next Generation Radio Access Network 5G radio access network gNB 5G Core User Plane Function next generation NodeB",0.5,1.0,0.5,True
q1_1327,q1,"Example of coordination between NWDAF, gNB and MDAS producer for data analytics","Example of coordination between NWDAF, gNB and MDAS producer for data analytics Network Data Analytics Function analytics 5G core next generation NodeB 5G base station NG-RAN",0.5,1.0,0.5,True
q2_1643,q2,What is the T-ADS procedure for single registration where the UE is already 5GS registered?,What is the T-ADS procedure for single registration where the UE is already 5GS registered? User Equipment mobile terminal device,0.5,1.0,0.5,True
q2_1848,q2,What is the procedure for analytics subscription and unsubscription initiated by AFs through NEF?,What is the procedure for analytics subscription and unsubscription initiated by AFs through NEF? Network Exposure Function service exposure 5G core,0.5,1.0,0.5,True
q2_1827,q2,What is the MBMS bearer decision flow process?,What is the MBMS bearer decision flow process? Multimedia Broadcast Multicast Service broadcast service multicast service,0.5,1.0,0.5,True
q2_1633,q2,What is the architecture for direct interworking between UDM and HSS with independent UDRs?,What is the architecture for direct interworking between UDM and HSS with independent UDRs? Unified Data Management subscriber data 5G core Home Subscriber Server subscriber database EPC,0.5,1.0,0.5,True
q3_1452,q3,AMD PDU consists of a Data field and an AMD PDU header.,AMD PDU consists of a Data field and an AMD PDU header. Protocol Data Unit PDU session data unit,0.5,1.0,0.5,True
q1_2862,q1,Shared to individual delivery method triggered by UE,Shared to individual delivery method triggered by UE User Equipment mobile terminal device,0.5,1.0,0.5,True
q1_2749,q1,ICS UE Terminations with CS media information flows using I1 reference point,ICS UE Terminations with CS media information flows using I1 reference point User Equipment mobile terminal device,0.5,1.0,0.5,True
q1_2746,q1,ICS UE Origination with CS media using Gm reference point when using an MSC,ICS UE Origination with CS media using Gm reference point when using an MSC User Equipment mobile terminal device,0.5,1.0,0.5,True
q1_2745,q1,IMS Origination via CS Access for non ICS UE,IMS Origination via CS Access for non ICS UE IP Multimedia Subsystem SIP multimedia service User Equipment mobile terminal device,0.5,1.0,0.5,True
q1_3193,q1,Interaction between CP and UP function with PDN connection deactivation Group,Interaction between CP and UP function with PDN connection deactivation Group Packet Data Network PDN connection packet data,0.5,1.0,0.5,True
q2_2237,q2,What is the notification process for PGW-C+SMF FQDN from UDM to HSS?,What is the notification process for PGW-C+SMF FQDN from UDM to HSS? Home Subscriber Server subscriber database EPC Unified Data Management subscriber data 5G core Session Management Function PDU session session management,0.5,1.0,0.5,True
q3_3502,q3,The UE Power Limit Function is intended for the SS to communicate to the UE to apply a backoff of transmitted power on the NR primary component carrier when in FR2 carrier aggregation mode.,The UE Power Limit Function is intended for the SS to communicate to the UE to apply a backoff of transmitted power on the NR primary component carrier when in FR2 carrier aggregation mode. User Equipment mobile terminal device,0.5,1.0,0.5,True
q3_3433,q3,The following figure describes the UE triggered transition from RRC_INACTIVE to RRC_CONNECTED in case of UE context retrieval success:,The following figure describes the UE triggered transition from RRC_INACTIVE to RRC_CONNECTED in case of UE context retrieval success: User Equipment mobile terminal device,0.5,1.0,0.5,True
q3_3446,q3,"When new PDU sessions need to be established, the 5GC requests the NG-RAN to allocate/ resources relative to the relevant PDU sessions by means of the PDU Session Resource Setup procedures over NG-C.","When new PDU sessions need to be established, the 5GC requests the NG-RAN to allocate/ resources relative to the relevant PDU sessions by means of the PDU Session Resource Setup procedures over NG-C. Next Generation Radio Access Network 5G radio access network gNB Protocol Data Unit PDU session data unit 5G Core AMF",0.5,1.0,0.5,True
q2_2032,q2,What is the roaming architecture with home-routed support for ATSSS where the UE is registered to the?,What is the roaming architecture with home-routed support for ATSSS where the UE is registered to the? User Equipment mobile terminal device,0.5,1.0,0.5,True
q2_1950,q2,What diagram shows trusted and untrusted Non-3GPP IP access to GERAN/UTRAN via PMIP-based S2a interface?,What diagram shows trusted and untrusted Non-3GPP IP access to GERAN/UTRAN via PMIP-based S2a interface? Universal Terrestrial Radio Access Network 3G radio access network NodeB,0.5,1.0,0.5,True
q2_1962,q2,What is the architecture for optimized handovers between E-UTRAN and cdma2000 HRPD access points?,What is the architecture for optimized handovers between E-UTRAN and cdma2000 HRPD access points? Evolved Universal Terrestrial Radio Access Network LTE radio access network eNB,0.5,1.0,0.5,True
q3_2213,q3,The telecommunication regulations of the country in which the UE is physically located can be expected to be applicable to that UE's telecommunications operator.,The telecommunication regulations of the country in which the UE is physically located can be expected to be applicable to that UE's telecommunications operator. User Equipment mobile terminal device,0.5,1.0,0.5,True
q3_2300,q3,This solution provides a solution for local DN notification to the UE for KI#2.,This solution provides a solution for local DN notification to the UE for KI#2. User Equipment mobile terminal device,0.5,1.0,0.5,True
q2_2209,q2,What is the architecture of satellite and terrestrial 3GPP access networks within a PLMN?,What is the architecture of satellite and terrestrial 3GPP access networks within a PLMN? Public Land Mobile Network mobile network operator network,0.5,1.0,0.5,True
q3_2108,q3,This specification introduces an additional function to those defined in the UTRAN architecture TS 23.060 [10] for CS to PS SRVCC.,This specification introduces an additional function to those defined in the UTRAN architecture TS 23.060 [10] for CS to PS SRVCC. Universal Terrestrial Radio Access Network 3G radio access network NodeB,0.5,1.0,0.5,True
q3_2209,q3,A PLMN may have both terrestrial 3GPP access and satellite 3GPP access.,A PLMN may have both terrestrial 3GPP access and satellite 3GPP access. Public Land Mobile Network mobile network operator network,0.5,1.0,0.5,True
q3_1782,q3,"NOTE 1: In Rel-14 and Rel-13 versions of this specification the title of this subclause is ""MCPTT emergency group call cancel"".","NOTE 1: In Rel-14 and Rel-13 versions of this specification the title of this subclause is ""MCPTT emergency group call cancel"". Mission Critical Push To Talk mission critical service push to talk",0.5,1.0,0.5,True
q3_1900,q3,The UE requested PDN connectivity procedure for E-UTRAN is depicted in figure 5.6.1-1.,The UE requested PDN connectivity procedure for E-UTRAN is depicted in figure 5.6.1-1. Evolved Universal Terrestrial Radio Access Network LTE radio access network eNB User Equipment mobile terminal device Packet Data Network,0.5,1.0,0.5,True
q3_1917,q3,The PDN Disconnection procedure when initiated by the PDN GW is illustrated in Figure 6.5.4-1.,The PDN Disconnection procedure when initiated by the PDN GW is illustrated in Figure 6.5.4-1. Packet Data Network PDN connection packet data,0.5,1.0,0.5,True
q1_3123,q1,MCPTT emergency group call,MCPTT emergency group call Mission Critical Push To Talk mission critical service push to talk,0.5,1.0,0.5,True
q1_3168,q1,Chat group call disconnect on MBMS bearer,Chat group call disconnect on MBMS bearer Multimedia Broadcast Multicast Service broadcast service multicast service,0.5,1.0,0.5,True
q1_3169,q1,MBMS bearer decision flow,MBMS bearer decision flow Multimedia Broadcast Multicast Service broadcast service multicast service,0.5,1.0,0.5,True
q3_2349,q3,"In the case of E-UTRAN, when the UE removes the 3GPP access for the multi-access PDN connection and the multiple-access PDN connection is not the last PDN connection for 3GPP access, procedures as described in TS 23.401 [4] clause 5.10.3 are referred with the following modifications.","In the case of E-UTRAN, when the UE removes the 3GPP access for the multi-access PDN connection and the multiple-access PDN connection is not the last PDN connection for 3GPP access, procedures as described in TS 23.401 [4] clause 5.10.3 are referred with the following modifications. Packet Data Network PDN connection packet data Evolved Universal Terrestrial Radio Access Network LTE radio access network eNB User Equipment",0.5,1.0,0.5,True
q2_2929,q2,What is the multiple server MBMS procedure diagram showing?,What is the multiple server MBMS procedure diagram showing? Multimedia Broadcast Multicast Service broadcast service multicast service,0.2,0.5,0.3,True
q2_3123,q2,What is the MCPTT emergency group call process diagram showing?,What is the MCPTT emergency group call process diagram showing? Mission Critical Push To Talk mission critical service push to talk,0.25,0.5,0.25,True
q3_2238,q3,"When the UE is connected to 5GS or 5GC-N3IWF, the PGW-C+SMF may store in UDM the PGW-C+SMF FQDN for S5/S8/S2b interface, within the UE context in SMF data, when the PWG-C+SMF registers in UDM.","When the UE is connected to 5GS or 5GC-N3IWF, the PGW-C+SMF may store in UDM the PGW-C+SMF FQDN for S5/S8/S2b interface, within the UE context in SMF data, when the PWG-C+SMF registers in UDM. Unified Data Management subscriber data 5G core Session Management Function PDU session session management User Equipment mobile terminal device",0.25,0.5,0.25,True
q2_1780,q2,What is the MCPTT emergency group call process diagram showing?,What is the MCPTT emergency group call process diagram showing? Mission Critical Push To Talk mission critical service push to talk,0.25,0.5,0.25,True
q2_1605,q2,What is the procedure for UAV authentication and authorization with USS/UTM in the EPS?,What is the procedure for UAV authentication and authorization with USS/UTM in the EPS? Evolved Packet System LTE system EPC,0.25,0.5,0.25,True
q3_3498,q3,UE test loop mode E is mandatory to all 5GS UEs supporting NR sidelink.,UE test loop mode E is mandatory to all 5GS UEs supporting NR sidelink. User Equipment mobile terminal device,0.25,0.5,0.25,True
q2_3240,q2,What is the deployment model shown in the diagram where a shared PLMN operator and an MC service provider collaborate to offer an MC service?,What is the deployment model shown in the diagram where a shared PLMN operator and an MC service provider collaborate to offer an MC service? Public Land Mobile Network mobile network operator network,0.25,0.5,0.25,True
q1_2803,q1,MCPTT: New Group Call,MCPTT: New Group Call Mission Critical Push To Talk mission critical service push to talk,0.1111111111111111,0.3333333333333333,0.2222222222222222,True
q2_1718,q2,What is the process for setting up MCVideo group communication?,What is the process for setting up MCVideo group communication? Mission Critical Video mission critical service video service,0.14285714285714285,0.3333333333333333,0.19047619047619047,True
q2_2618,q2,What is the process for setting up MCVideo group communication?,What is the process for setting up MCVideo group communication? Mission Critical Video mission critical service video service,0.14285714285714285,0.3333333333333333,0.19047619047619047,True
q2_2922,q2,What does the diagram illustrate regarding MBMS bearers and MBSFN areas?,What does the diagram illustrate regarding MBMS bearers and MBSFN areas? Multimedia Broadcast Multicast Service broadcast service multicast service,0.3333333333333333,0.5,0.16666666666666669,True
q3_3256,q3,The procedure in this sub clause may be used when two MC service servers are serving users in the same area and are configured to share MBMS bearers for that specific area.,The procedure in this sub clause may be used when two MC service servers are serving users in the same area and are configured to share MBMS bearers for that specific area. Multimedia Broadcast Multicast Service broadcast service multicast service,0.3333333333333333,0.5,0.16666666666666669,True
q3_2486,q3,The procedure in this clause applies to PDN disconnection procedure initiated by PDN GW.,The procedure in this clause applies to PDN disconnection procedure initiated by PDN GW. Packet Data Network Gateway PDN gateway EPC gateway Packet Data Network PDN connection packet data,0.3333333333333333,0.5,0.16666666666666669,True
q2_3198,q2,What is the interaction between the CP and UP functions during PDN connection modification in 3GPP?,What is the interaction between the CP and UP functions during PDN connection modification in 3GPP? Packet Data Network PDN connection packet data,0.3333333333333333,0.5,0.16666666666666669,True
q2_2560,q2,What is the process for group message delivery using MBMS?,What is the process for group message delivery using MBMS? Multimedia Broadcast Multicast Service broadcast service multicast service,0.3333333333333333,0.5,0.16666666666666669,True
q1_1326,q1,"Example of coordination between NWDAF, gNB and MDAS producer for data analytics","Example of coordination between NWDAF, gNB and MDAS producer for data analytics Network Data Analytics Function analytics 5G core next generation NodeB 5G base station NG-RAN",0.3333333333333333,0.5,0.16666666666666669,True
q3_3238,q3,"Figures 9.2.2.2-1 to 9.2.2.2-4 show the possible deployment scenarios of the MC service user database and SIP database, including collocation with the HSS.","Figures 9.2.2.2-1 to 9.2.2.2-4 show the possible deployment scenarios of the MC service user database and SIP database, including collocation with the HSS. Home Subscriber Server subscriber database EPC Session Initiation Protocol IMS signaling multimedia session",0.3333333333333333,0.5,0.16666666666666669,True
q3_3086,q3,Figure 8.3.4-1 shows the procedure for an MSGin5G UE that initiates an MSGin5G message delivery status report.,Figure 8.3.4-1 shows the procedure for an MSGin5G UE that initiates an MSGin5G message delivery status report. User Equipment mobile terminal device,0.3333333333333333,0.5,0.16666666666666669,True
q3_1971,q3,"When the WLAN is considered as trusted by the operator, the Trusted WLAN Access Network (TWAN) is interfaced with the EPC as a trusted non-3GPP access via the STa interface to the 3GPP AAA Server/Proxy and the S2a interface to the PDN GW.","When the WLAN is considered as trusted by the operator, the Trusted WLAN Access Network (TWAN) is interfaced with the EPC as a trusted non-3GPP access via the STa interface to the 3GPP AAA Server/Proxy and the S2a interface to the PDN GW. Evolved Packet Core LTE core network MME Packet Data Network PDN connection packet data",0.3333333333333333,0.5,0.16666666666666669,True
q1_2507,q1,ProSe Direct Discovery procedure,ProSe Direct Discovery procedure Proximity Services device to device direct communication,0.3333333333333333,0.5,0.16666666666666669,True
q2_2167,q2,What is the procedure for deactivating an MBMS bearer?,What is the procedure for deactivating an MBMS bearer? Multimedia Broadcast Multicast Service broadcast service multicast service,0.3333333333333333,0.5,0.16666666666666669,True
q1_3433,q1,UE triggered transition from RRC_INACTIVE to RRC_CONNECTED,UE triggered transition from RRC_INACTIVE to RRC_CONNECTED User Equipment mobile terminal device,0.3333333333333333,0.5,0.16666666666666669,True
q2_3447,q2,What is the process for setting up a PDU session resource with network slice awareness?,What is the process for setting up a PDU session resource with network slice awareness? Protocol Data Unit PDU session data unit,0.3333333333333333,0.5,0.16666666666666669,True
q2_2719,q2,What does the diagram illustrate regarding MBMS bearers and MBSFN areas?,What does the diagram illustrate regarding MBMS bearers and MBSFN areas? Multimedia Broadcast Multicast Service broadcast service multicast service,0.3333333333333333,0.5,0.16666666666666669,True
q3_767,q3,The simulation results in this clause demonstrate EVS and AMR-WB performance on the downlink MBMS bearer and compare this to the reference.,The simulation results in this clause demonstrate EVS and AMR-WB performance on the downlink MBMS bearer and compare this to the reference. Multimedia Broadcast Multicast Service broadcast service multicast service,0.3333333333333333,0.5,0.16666666666666669,True
q2_1917,q2,What is the procedure for PDN GW-initiated PDN disconnection in Trusted Non-3GPP access?,What is the procedure for PDN GW-initiated PDN disconnection in Trusted Non-3GPP access? Packet Data Network Gateway PDN gateway EPC gateway Packet Data Network PDN connection packet data,0.3333333333333333,0.5,0.16666666666666669,True
q3_3491,q3,UE test loop mode A provides loopback of PDCP SDUs for bi-directional data radio bearers while UE is operating in NR.,UE test loop mode A provides loopback of PDCP SDUs for bi-directional data radio bearers while UE is operating in NR. User Equipment mobile terminal device,0.3333333333333333,0.5,0.16666666666666669,True
q3_1388,q3,This clause complements TR 25.922 [27] clause 5.1.7.2 regarding the E-UTRAN handling of containers.,This clause complements TR 25.922 [27] clause 5.1.7.2 regarding the E-UTRAN handling of containers. Evolved Universal Terrestrial Radio Access Network LTE radio access network eNB,0.3333333333333333,0.5,0.16666666666666669,True
q2_3403,q2,What diagram shows the process of UE requesting PDN connectivity?,What diagram shows the process of UE requesting PDN connectivity? User Equipment mobile terminal device Packet Data Network PDN connection packet data,0.16666666666666666,0.3333333333333333,0.16666666666666666,True
q2_3256,q2,What is the multiple server MBMS procedure diagram showing?,What is the multiple server MBMS procedure diagram showing? Multimedia Broadcast Multicast Service broadcast service multicast service,0.16666666666666666,0.3333333333333333,0.16666666666666666,True
q1_3198,q1,"Interaction between CP and UP function with PDN connection modification, Group","Interaction between CP and UP function with PDN connection modification, Group Packet Data Network PDN connection packet data",0.2,0.3333333333333333,0.1333333333333333,True
q3_1814,q3,Figure 10.9.1.3.1-1 shows the high level procedure that the floor control is conducted for the MCPTT session already established between the floor participant and the floor control server.,Figure 10.9.1.3.1-1 shows the high level procedure that the floor control is conducted for the MCPTT session already established between the floor participant and the floor control server. Mission Critical Push To Talk mission critical service push to talk,0.2,0.3333333333333333,0.1333333333333333,True
q2_3200,q2,What is the interaction between CP and UP functions during PDN connection modification in 3GPP?,What is the interaction between CP and UP functions during PDN connection modification in 3GPP? Packet Data Network PDN connection packet data,0.2,0.3333333333333333,0.1333333333333333,True
q1_3700,q1,PDU Session Release,PDU Session Release Protocol Data Unit PDU session data unit,0.25,0.3333333333333333,0.08333333333333331,True
q1_298,q1,PC5 security establishment procedure for 5G ProSe UE-to-Network relay,PC5 security establishment procedure for 5G ProSe UE-to-Network relay PC5 interface sidelink direct communication Proximity Services device to device direct communication,0.25,0.3333333333333333,0.08333333333333331,True
q3_2922,q3,The service continuity solution described in this subclause is suitable in the scenario when multiple MBMS bearers are used with the purpose to cover a larger area.,The service continuity solution described in this subclause is suitable in the scenario when multiple MBMS bearers are used with the purpose to cover a larger area. Multimedia Broadcast Multicast Service broadcast service multicast service,0.25,0.3333333333333333,0.08333333333333331,True
q3_2719,q3,The service continuity solution described in this subclause is suitable in the scenario when multiple MBMS bearers are used with the purpose to cover a larger area.,The service continuity solution described in this subclause is suitable in the scenario when multiple MBMS bearers are used with the purpose to cover a larger area. Multimedia Broadcast Multicast Service broadcast service multicast service,0.25,0.3333333333333333,0.08333333333333331,True
q1_3500,q1,Model for Test Mode Control and UE Test Loop Mode E on UE side when UE is in,Model for Test Mode Control and UE Test Loop Mode E on UE side when UE is in User Equipment mobile terminal device,0.25,0.3333333333333333,0.08333333333333331,True
q1_3256,q1,Multiple server MBMS procedure,Multiple server MBMS procedure Multimedia Broadcast Multicast Service broadcast service multicast service,0.25,0.3333333333333333,0.08333333333333331,True
q3_2787,q3,"UE A in the coverage area of an RNC connected via Iu interface to a MGW, calls UE B which is in the coverage area of a BSC connected via A interface to a different MGW.","UE A in the coverage area of an RNC connected via Iu interface to a MGW, calls UE B which is in the coverage area of a BSC connected via A interface to a different MGW. User Equipment mobile terminal device",0.25,0.3333333333333333,0.08333333333333331,True
q2_2507,q2,What is the ProSe Direct Discovery procedure used for in 3GPP standards?,What is the ProSe Direct Discovery procedure used for in 3GPP standards? Proximity Services device to device direct communication,0.25,0.3333333333333333,0.08333333333333331,True
q2_3239,q2,What is the shared PLMN operator and MC service provider deployment model for the MC service?,What is the shared PLMN operator and MC service provider deployment model for the MC service? Public Land Mobile Network mobile network operator network,0.25,0.3333333333333333,0.08333333333333331,True
q3_3396,q3,"Figure 5.5.2.3.3-1: E-UTRAN to GERAN A/Gb mode Inter RAT HO, execution phase","Figure 5.5.2.3.3-1: E-UTRAN to GERAN A/Gb mode Inter RAT HO, execution phase Evolved Universal Terrestrial Radio Access Network LTE radio access network eNB",0.25,0.3333333333333333,0.08333333333333331,True
q2_2235,q2,What is the mobility process diagram from EPC to 5GC?,What is the mobility process diagram from EPC to 5GC? Evolved Packet Core LTE core network MME 5G Core AMF SMF,0.07142857142857142,0.14285714285714285,0.07142857142857142,True
q3_1036,q3,This procedure is performed when the AF/NEF requests to create an AF application session context for the requested service.,This procedure is performed when the AF/NEF requests to create an AF application session context for the requested service. Application Function policy authorization application server Network Exposure Function service exposure 5G core,0.14285714285714285,0.2,0.05714285714285716,True
q3_1509,q3,"Figure 5.1.2.2-1: IMS session setup, resource reservation on both sides","Figure 5.1.2.2-1: IMS session setup, resource reservation on both sides IP Multimedia Subsystem SIP multimedia service",0.1111111111111111,0.16666666666666666,0.05555555555555555,True
q3_3420,q3,An NG-RAN node is either:,An NG-RAN node is either: Next Generation Radio Access Network 5G radio access network gNB,0.1111111111111111,0.16666666666666666,0.05555555555555555,True
q3_3492,q3,UE test loop mode A provides loopback of PDCP SDUs for bi-directional data radio bearers while UE is operating in NR.,UE test loop mode A provides loopback of PDCP SDUs for bi-directional data radio bearers while UE is operating in NR. User Equipment mobile terminal device,0.2,0.25,0.04999999999999999,True
q3_2560,q3,Figure 5.5.1-1: Group message delivery using MBMS,Figure 5.5.1-1: Group message delivery using MBMS Multimedia Broadcast Multicast Service broadcast service multicast service,0.2,0.25,0.04999999999999999,True
q2_3393,q2,What is the execution phase of the UTRAN Iu mode to E-UTRAN inter RAT handover process?,What is the execution phase of the UTRAN Iu mode to E-UTRAN inter RAT handover process? Evolved Universal Terrestrial Radio Access Network LTE radio access network eNB Universal Terrestrial Radio Access Network 3G radio access network,0.2,0.25,0.04999999999999999,True
q3_1457,q3,AMD PDU segment consists of a Data field and an AMD PDU segment header.,AMD PDU segment consists of a Data field and an AMD PDU segment header. Protocol Data Unit PDU session data unit,0.2,0.25,0.04999999999999999,True
q2_380,q2,What is the process for authorization and secure PC5 link establishment in UE-to-network relay?,What is the process for authorization and secure PC5 link establishment in UE-to-network relay? PC5 interface sidelink direct communication,0.2,0.25,0.04999999999999999,True
q3_2477,q3,The procedure in this clause applies to PDN disconnection procedure initiated by PDN GW.,The procedure in this clause applies to PDN disconnection procedure initiated by PDN GW. Packet Data Network Gateway PDN gateway EPC gateway Packet Data Network PDN connection packet data,0.2,0.25,0.04999999999999999,True
q2_1894,q2,What is the initial E-UTRAN attach process involving PMIP-based S5 or S8?,What is the initial E-UTRAN attach process involving PMIP-based S5 or S8? Evolved Universal Terrestrial Radio Access Network LTE radio access network eNB,0.2,0.25,0.04999999999999999,True
q1_2325,q1,Procedure for edge relocation triggered by the 5GC,Procedure for edge relocation triggered by the 5GC 5G Core AMF SMF,0.2,0.25,0.04999999999999999,True
q1_3380,q1,PDN GW Initiated Bearer Deactivation,PDN GW Initiated Bearer Deactivation Packet Data Network Gateway PDN gateway EPC gateway Packet Data Network PDN connection packet data,0.2,0.25,0.04999999999999999,True
q3_3367,q3,Figure 5.3.3.2-1: E-UTRAN Tracking Area Update without S-GW change,Figure 5.3.3.2-1: E-UTRAN Tracking Area Update without S-GW change Evolved Universal Terrestrial Radio Access Network LTE radio access network eNB,0.2,0.25,0.04999999999999999,True
q3_1407,q3,A UE is in RRC_CONNECTED when an RRC connection has been established or in RRC_INACTIVE (if the UE is connected to 5GC) when RRC connection is suspended.,A UE is in RRC_CONNECTED when an RRC connection has been established or in RRC_INACTIVE (if the UE is connected to 5GC) when RRC connection is suspended. Radio Resource Control connection setup connection release 5G Core AMF SMF User Equipment mobile terminal device,0.2,0.25,0.04999999999999999,True
q3_3294,q3,Information flows for generic MBMS procedures are defined in 3GPP TS 23.280 [5].,Information flows for generic MBMS procedures are defined in 3GPP TS 23.280 [5]. Multimedia Broadcast Multicast Service broadcast service multicast service,0.1,0.14285714285714285,0.042857142857142844,True
q3_2544,q3,Information flows for generic MBMS procedures are defined in 3GPP TS 23.280 [5].,Information flows for generic MBMS procedures are defined in 3GPP TS 23.280 [5]. Multimedia Broadcast Multicast Service broadcast service multicast service,0.1,0.14285714285714285,0.042857142857142844,True
q2_1519,q2,What is the process for IMS session setup and resource reservation on both sides?,What is the process for IMS session setup and resource reservation on both sides? IP Multimedia Subsystem SIP multimedia service,0.1,0.14285714285714285,0.042857142857142844,True
q3_3234,q3,Information flows for generic MBMS procedures are defined in 3GPP TS 23.280 [5].,Information flows for generic MBMS procedures are defined in 3GPP TS 23.280 [5]. Multimedia Broadcast Multicast Service broadcast service multicast service,0.1,0.14285714285714285,0.042857142857142844,True
q2_2344,q2,What is the process of IP flow mobility within a PDN connection initiated over a WLAN access point?,What is the process of IP flow mobility within a PDN connection initiated over a WLAN access point? Packet Data Network PDN connection packet data,0.16666666666666666,0.2,0.033333333333333354,True
q3_3390,q3,"Figure 5.5.2.1.3-1: E-UTRAN to UTRAN Iu mode Inter RAT HO, execution phase","Figure 5.5.2.1.3-1: E-UTRAN to UTRAN Iu mode Inter RAT HO, execution phase Evolved Universal Terrestrial Radio Access Network LTE radio access network eNB Universal Terrestrial Radio Access Network 3G radio access network",0.16666666666666666,0.2,0.033333333333333354,True
q3_3239,q3,"Figures 9.2.2.2-1 to 9.2.2.2-4 show the possible deployment scenarios of the MC service user database and SIP database, including collocation with the HSS.","Figures 9.2.2.2-1 to 9.2.2.2-4 show the possible deployment scenarios of the MC service user database and SIP database, including collocation with the HSS. Home Subscriber Server subscriber database EPC Session Initiation Protocol IMS signaling multimedia session",0.16666666666666666,0.2,0.033333333333333354,True
q2_3390,q2,What is the execution phase of E-UTRAN to UTRAN Iu mode inter-RAT handover?,What is the execution phase of E-UTRAN to UTRAN Iu mode inter-RAT handover? Evolved Universal Terrestrial Radio Access Network LTE radio access network eNB Universal Terrestrial Radio Access Network 3G radio access network,0.16666666666666666,0.2,0.033333333333333354,True
q3_1518,q3,"Figure 5.4.3-1: IMS session setup, resource reservation on both sides","Figure 5.4.3-1: IMS session setup, resource reservation on both sides IP Multimedia Subsystem SIP multimedia service",0.037037037037037035,0.06666666666666667,0.02962962962962963,True
q2_3399,q2,What is the execution phase of the GERAN A/Gb to E-UTRAN inter-RAT handover process?,What is the execution phase of the GERAN A/Gb to E-UTRAN inter-RAT handover process? Evolved Universal Terrestrial Radio Access Network LTE radio access network eNB,0.1,0.125,0.024999999999999994,True
q2_3293,q2,What is the functional model for signalling in the control plane using EPS?,What is the functional model for signalling in the control plane using EPS? Evolved Packet System LTE system EPC,0.1,0.125,0.024999999999999994,True
q2_2543,q2,What is the functional model for signalling in the control plane using EPS?,What is the functional model for signalling in the control plane using EPS? Evolved Packet System LTE system EPC,0.1,0.125,0.024999999999999994,True
q1_3403,q1,UE requested PDN connectivity,UE requested PDN connectivity User Equipment mobile terminal device Packet Data Network PDN connection packet data,0.14285714285714285,0.16666666666666666,0.023809523809523808,True
q3_2755,q3,"For IMS sessions established by UEs using CS media, the MSC Server enhanced for ICS shall perform the necessary interworking between the I2 reference point and CS signalling (e.g.","For IMS sessions established by UEs using CS media, the MSC Server enhanced for ICS shall perform the necessary interworking between the I2 reference point and CS signalling (e.g. User Equipment mobile terminal device IP Multimedia Subsystem SIP multimedia service",0.14285714285714285,0.16666666666666666,0.023809523809523808,True
q2_3081,q2,What is the message request from UE in the context of MSGin5G?,What is the message request from UE in the context of MSGin5G? User Equipment mobile terminal device,0.125,0.14285714285714285,0.01785714285714285,True
q2_2168,q2,What is the process for modifying an MBMS bearer?,What is the process for modifying an MBMS bearer? Multimedia Broadcast Multicast Service broadcast service multicast service,0.125,0.14285714285714285,0.01785714285714285,True
q3_2904,q3,"Figures 9.2.2.2-1 to 9.2.2.2-4 show the possible deployment scenarios of the MC service user database and SIP database, including collocation with the HSS.","Figures 9.2.2.2-1 to 9.2.2.2-4 show the possible deployment scenarios of the MC service user database and SIP database, including collocation with the HSS. Home Subscriber Server subscriber database EPC Session Initiation Protocol IMS signaling multimedia session",0.125,0.14285714285714285,0.01785714285714285,True
q1_3699,q1,PDU Session Modification,PDU Session Modification Protocol Data Unit PDU session data unit,0.125,0.14285714285714285,0.01785714285714285,True
q3_1427,q3,The UE test loop function provides access to isolated functions of the UE via the radio interface without introducing wherever possible new physical interfaces just for the reason of conformance testing.,The UE test loop function provides access to isolated functions of the UE via the radio interface without introducing wherever possible new physical interfaces just for the reason of conformance testing. User Equipment mobile terminal device,0.1111111111111111,0.125,0.013888888888888895,True
q2_1518,q2,What is the process for IMS session setup and resource reservation on both sides?,What is the process for IMS session setup and resource reservation on both sides? IP Multimedia Subsystem SIP multimedia service,0.011764705882352941,0.024390243902439025,0.012625538020086084,True
q3_3389,q3,"Figure 5.5.2.1.2-1: E-UTRAN to UTRAN Iu mode Inter RAT HO, preparation phase","Figure 5.5.2.1.2-1: E-UTRAN to UTRAN Iu mode Inter RAT HO, preparation phase Evolved Universal Terrestrial Radio Access Network LTE radio access network eNB Universal Terrestrial Radio Access Network 3G radio access network",0.058823529411764705,0.07142857142857142,0.01260504201680672,True
q2_3499,q2,What is the model for Test Mode Control and UE Test Loop Mode E on the UE side when the UE is in what state?,What is the model for Test Mode Control and UE Test Loop Mode E on the UE side when the UE is in what state? User Equipment mobile terminal device,0.05263157894736842,0.0625,0.009868421052631582,True
q3_1428,q3,The UE test loop function provides access to isolated functions of the UE via the radio interface without introducing wherever possible new physical interfaces just for the reason of conformance testing.,The UE test loop function provides access to isolated functions of the UE via the radio interface without introducing wherever possible new physical interfaces just for the reason of conformance testing. User Equipment mobile terminal device,0.09090909090909091,0.1,0.009090909090909094,True
q1_213,q1,Handover from UTRAN to E-UTRAN,Handover from UTRAN to E-UTRAN Evolved Universal Terrestrial Radio Access Network LTE radio access network eNB Universal Terrestrial Radio Access Network 3G radio access network,0.0625,0.07142857142857142,0.008928571428571425,True
q2_456,q2,What is the process or scenario described when the AMF re-allocation occurs?,What is the process or scenario described when the AMF re-allocation occurs? Access and Mobility Management Function 5G core registration,0.05,0.058823529411764705,0.008823529411764702,True
q1_3707,q1,PDU session establishment,PDU session establishment Protocol Data Unit PDU session data unit,0.058823529411764705,0.06666666666666667,0.00784313725490196,True
q3_993,q3,This procedure is used by the NWDAF service consumer (may be an NF e.g.,This procedure is used by the NWDAF service consumer (may be an NF e.g. Network Data Analytics Function analytics 5G core,0.04,0.047619047619047616,0.007619047619047616,True
q1_3392,q1,"UTRAN Iu mode to E-UTRAN Inter RAT HO, preparation phase","UTRAN Iu mode to E-UTRAN Inter RAT HO, preparation phase Evolved Universal Terrestrial Radio Access Network LTE radio access network eNB Universal Terrestrial Radio Access Network 3G radio access network",0.08333333333333333,0.09090909090909091,0.007575757575757583,True
q1_1518,q1,"IMS session setup, resource reservation on both sides","IMS session setup, resource reservation on both sides IP Multimedia Subsystem SIP multimedia service",0.022727272727272728,0.030303030303030304,0.007575757575757576,True
q3_3395,q3,"Figure 5.5.2.3.2-1: E-UTRAN to GERAN A/Gb Inter RAT HO, preparation phase","Figure 5.5.2.3.2-1: E-UTRAN to GERAN A/Gb Inter RAT HO, preparation phase Evolved Universal Terrestrial Radio Access Network LTE radio access network eNB",0.034482758620689655,0.041666666666666664,0.00718390804597701,True
q1_3196,q1,"Interaction between CP and UP function with PDN connection modification, Group","Interaction between CP and UP function with PDN connection modification, Group Packet Data Network PDN connection packet data",0.07692307692307693,0.08333333333333333,0.006410256410256401,True
q1_2083,q1,Removal of one access from the PDN connection,Removal of one access from the PDN connection Packet Data Network PDN connection packet data,0.07692307692307693,0.08333333333333333,0.006410256410256401,True
q1_1509,q1,"IMS session setup, resource reservation on both sides","IMS session setup, resource reservation on both sides IP Multimedia Subsystem SIP multimedia service",0.041666666666666664,0.047619047619047616,0.005952380952380952,True
q1_1511,q1,"IMS session setup, resource reservation on both sides","IMS session setup, resource reservation on both sides IP Multimedia Subsystem SIP multimedia service",0.041666666666666664,0.047619047619047616,0.005952380952380952,True
q1_1510,q1,"IMS session setup, resource reservation on both sides","IMS session setup, resource reservation on both sides IP Multimedia Subsystem SIP multimedia service",0.041666666666666664,0.047619047619047616,0.005952380952380952,True
q3_997,q3,This procedure is used by the NWDAF service consumer e.g.,This procedure is used by the NWDAF service consumer e.g. Network Data Analytics Function analytics 5G core,0.07142857142857142,0.07692307692307693,0.005494505494505503,True
q2_1509,q2,What is the process for IMS session setup and resource reservation on both sides?,What is the process for IMS session setup and resource reservation on both sides? IP Multimedia Subsystem SIP multimedia service,0.019230769230769232,0.023255813953488372,0.00402504472271914,True
q2_1511,q2,What is the process for IMS session setup and resource reservation on both sides?,What is the process for IMS session setup and resource reservation on both sides? IP Multimedia Subsystem SIP multimedia service,0.019230769230769232,0.023255813953488372,0.00402504472271914,True
q2_1510,q2,What is the process for IMS session setup and resource reservation on both sides?,What is the process for IMS session setup and resource reservation on both sides? IP Multimedia Subsystem SIP multimedia service,0.019230769230769232,0.023255813953488372,0.00402504472271914,True
q3_3403,q3,The UE requested PDN connectivity procedure for an E-UTRAN is depicted in figure 5.10.2-1.,The UE requested PDN connectivity procedure for an E-UTRAN is depicted in figure 5.10.2-1. Evolved Universal Terrestrial Radio Access Network LTE radio access network eNB User Equipment mobile terminal device Packet Data Network,0.034482758620689655,0.038461538461538464,0.003978779840848809,True
q2_3197,q2,What is the interaction between the CP and UP functions during PDN connection modification in 3GPP?,What is the interaction between the CP and UP functions during PDN connection modification in 3GPP? Packet Data Network PDN connection packet data,0.05555555555555555,0.058823529411764705,0.0032679738562091526,True
q3_3196,q3,This clause defines interactions between the CP and UP function during the following procedures related to the modification of a PDN connection.,This clause defines interactions between the CP and UP function during the following procedures related to the modification of a PDN connection. Packet Data Network PDN connection packet data,0.038461538461538464,0.041666666666666664,0.0032051282051282007,True
q2_1513,q2,What does the 3GPP technical diagram illustrate regarding IMS session setup and resource reservation?,What does the 3GPP technical diagram illustrate regarding IMS session setup and resource reservation? IP Multimedia Subsystem SIP multimedia service,0.014084507042253521,0.017241379310344827,0.003156872268091306,True
q2_2150,q2,What is the process for locally initiating an addition of PS media to an IMS session while maintaining CS media?,What is the process for locally initiating an addition of PS media to an IMS session while maintaining CS media? IP Multimedia Subsystem SIP multimedia service,0.05263157894736842,0.05555555555555555,0.0029239766081871343,True
q1_2535,q1,ProSe 5G UE-to-Network Relay,ProSe 5G UE-to-Network Relay Proximity Services device to device direct communication,0.043478260869565216,0.045454545454545456,0.0019762845849802396,True
q2_2451,q2,What is the IMS multi-party call procedure diagram?,What is the IMS multi-party call procedure diagram? IP Multimedia Subsystem SIP multimedia service,0.043478260869565216,0.045454545454545456,0.0019762845849802396,True
q2_2535,q2,What is the ProSe 5G UE-to-Network Relay process diagram?,What is the ProSe 5G UE-to-Network Relay process diagram? Proximity Services device to device direct communication,0.043478260869565216,0.045454545454545456,0.0019762845849802396,True
q3_3366,q3,A UE/user needs to register with the network to receive services that require registration.,A UE/user needs to register with the network to receive services that require registration. User Equipment mobile terminal device,0.023255813953488372,0.024390243902439025,0.0011344299489506535,True
q3_998,q3,This procedure is used by the NWDAF service consumer (may be an NF e.g.,This procedure is used by the NWDAF service consumer (may be an NF e.g. Network Data Analytics Function analytics 5G core,0.02631578947368421,0.02702702702702703,0.0007112375533428195,True
q1_3370,q1,UE triggered Service Request procedure,UE triggered Service Request procedure User Equipment mobile terminal device,0.017857142857142856,0.01818181818181818,0.0003246753246753248,True
q2_2082,q2,What does the 3GPP technical diagram show regarding the removal of one access from a PDN connection?,What does the 3GPP technical diagram show regarding the removal of one access from a PDN connection? Packet Data Network PDN connection packet data,0.0136986301369863,0.013513513513513514,-0.00018511662347278635,False
q2_2178,q2,What 3GPP technical diagram shows the process of a user adding an IMS session to an ongoing CS call?,What 3GPP technical diagram shows the process of a user adding an IMS session to an ongoing CS call? IP Multimedia Subsystem SIP multimedia service,0.011904761904761904,0.011627906976744186,-0.0002768549280177182,False
q3_1054,q3,Figure 5.6.1.2-1: UE Policy Association Establishment procedure - Non-roaming,Figure 5.6.1.2-1: UE Policy Association Establishment procedure - Non-roaming User Equipment mobile terminal device,0.015384615384615385,0.014925373134328358,-0.00045924225028702755,False
q2_2880,q2,What is the process for connected mode mobility from 5GC to EPC?,What is the process for connected mode mobility from 5GC to EPC? Evolved Packet Core LTE core network MME 5G Core AMF SMF,0.023809523809523808,0.023255813953488372,-0.0005537098560354364,False
q2_2179,q2,What diagram shows the process of adding an IMS session to an ongoing CS call?,What diagram shows the process of adding an IMS session to an ongoing CS call? IP Multimedia Subsystem SIP multimedia service,0.020833333333333332,0.02,-0.0008333333333333318,False
q2_1021,q2,What is the process for subscribing to Network Function instances within the same PLMN?,What is the process for subscribing to Network Function instances within the same PLMN? Public Land Mobile Network mobile network operator network,0.01818181818181818,0.017241379310344827,-0.0009404388714733536,False
q2_3536,q2,What is the initial access procedure for a User Equipment (UE) in 3GPP standards?,What is the initial access procedure for a User Equipment (UE) in 3GPP standards? User Equipment mobile terminal device,0.02,0.018867924528301886,-0.0011320754716981143,False
q1_1054,q1,UE Policy Association Establishment procedure - Non-roaming,UE Policy Association Establishment procedure - Non-roaming User Equipment mobile terminal device,0.034482758620689655,0.03333333333333333,-0.0011494252873563218,False
q2_213,q2,What is the process flow for handover from UTRAN to E-UTRAN?,What is the process flow for handover from UTRAN to E-UTRAN? Evolved Universal Terrestrial Radio Access Network LTE radio access network eNB Universal Terrestrial Radio Access Network 3G radio access network,0.03571428571428571,0.034482758620689655,-0.0012315270935960576,False
q2_3104,q2,What is the message delivery process between MSGin5G User Equipment (UE) in different Public Land Mobile Networks (PLMNs)?,What is the message delivery process between MSGin5G User Equipment (UE) in different Public Land Mobile Networks (PLMNs)? User Equipment mobile terminal device,0.02702702702702703,0.02564102564102564,-0.0013860013860013884,False
q2_2527,q2,What is the secondary authentication procedure for a Remote UE before setting up the PC5 link?,What is the secondary authentication procedure for a Remote UE before setting up the PC5 link? User Equipment mobile terminal device PC5 interface sidelink direct communication,0.03333333333333333,0.03125,-0.002083333333333333,False
q2_2394,q2,What is the process described when a group re-registers to an IWF in 3GPP terminology?,What is the process described when a group re-registers to an IWF in 3GPP terminology? Interworking Function interworking network interworking,0.021739130434782608,0.0196078431372549,-0.0021312872975277064,False
q3_3392,q3,"Figure 5.5.2.2.2-1: UTRAN Iu mode to E-UTRAN Inter RAT HO, preparation phase","Figure 5.5.2.2.2-1: UTRAN Iu mode to E-UTRAN Inter RAT HO, preparation phase Evolved Universal Terrestrial Radio Access Network LTE radio access network eNB Universal Terrestrial Radio Access Network 3G radio access network",0.047619047619047616,0.045454545454545456,-0.0021645021645021606,False
q1_1513,q1,"IMS session setup, resource reservation on originating side only","IMS session setup, resource reservation on originating side only IP Multimedia Subsystem SIP multimedia service",0.047619047619047616,0.045454545454545456,-0.0021645021645021606,False
q2_2513,q2,What is the operation of 5G ProSe UE-to-UE Relay?,What is the operation of 5G ProSe UE-to-UE Relay? Proximity Services device to device direct communication,0.030303030303030304,0.027777777777777776,-0.0025252525252525276,False
q3_3197,q3,This clause defines interactions between the CP and UP function during the following procedures related to the modification of a PDN connection.,This clause defines interactions between the CP and UP function during the following procedures related to the modification of a PDN connection. Packet Data Network PDN connection packet data,0.041666666666666664,0.038461538461538464,-0.0032051282051282007,False
q2_3335,q2,What is the process for floor control in a group call within the MCPTT system?,What is the process for floor control in a group call within the MCPTT system? Mission Critical Push To Talk mission critical service push to talk,0.043478260869565216,0.04,-0.0034782608695652154,False
q2_2420,q2,What is the process for floor control in a group call within the MCPTT system?,What is the process for floor control in a group call within the MCPTT system? Mission Critical Push To Talk mission critical service push to talk,0.043478260869565216,0.04,-0.0034782608695652154,False
q2_3101,q2,What message does a Non-3GPP UE send in response to an Application Server?,What message does a Non-3GPP UE send in response to an Application Server? User Equipment mobile terminal device,0.0625,0.058823529411764705,-0.003676470588235295,False
q2_247,q2,What is the EPS architecture related to device triggering?,What is the EPS architecture related to device triggering? Evolved Packet System LTE system EPC,0.0625,0.058823529411764705,-0.003676470588235295,False
q3_3398,q3,"Figure 5.5.2.4.2-1: GERAN A/Gb mode to E-UTRAN inter RAT HO, preparation phase","Figure 5.5.2.4.2-1: GERAN A/Gb mode to E-UTRAN inter RAT HO, preparation phase Evolved Universal Terrestrial Radio Access Network LTE radio access network eNB",0.0625,0.058823529411764705,-0.003676470588235295,False
q2_2079,q2,What is the process for adding 3GPP access to a PDN connection?,What is the process for adding 3GPP access to a PDN connection? Packet Data Network PDN connection packet data,0.03225806451612903,0.02702702702702703,-0.005231037489102003,False
q2_3083,q2,What is MSGin5G and what does the message towards UE represent in 5G?,What is MSGin5G and what does the message towards UE represent in 5G? User Equipment mobile terminal device,0.07692307692307693,0.07142857142857142,-0.005494505494505503,False
q2_430,q2,What is the procedure for updating UE parameters in 3GPP?,What is the procedure for updating UE parameters in 3GPP? User Equipment mobile terminal device,0.037037037037037035,0.03125,-0.005787037037037035,False
q2_943,q2,What is the process flow for ProSe Authentication in 3GPP standards?,What is the process flow for ProSe Authentication in 3GPP standards? Proximity Services device to device direct communication,0.058823529411764705,0.05263157894736842,-0.006191950464396287,False
q2_2526,q2,What is the secondary authentication procedure for a Remote UE after the PC5 link setup?,What is the secondary authentication procedure for a Remote UE after the PC5 link setup? User Equipment mobile terminal device PC5 interface sidelink direct communication,0.058823529411764705,0.05263157894736842,-0.006191950464396287,False
q1_3197,q1,"Interaction between CP and UP function with PDN connection modification, Group","Interaction between CP and UP function with PDN connection modification, Group Packet Data Network PDN connection packet data",0.08333333333333333,0.07692307692307693,-0.006410256410256401,False
q1_2082,q1,Removal of one access from the PDN connection,Removal of one access from the PDN connection Packet Data Network PDN connection packet data,0.08333333333333333,0.07692307692307693,-0.006410256410256401,False
q2_235,q2,What is the LI architecture used for LI communication from HSS?,What is the LI architecture used for LI communication from HSS? Home Subscriber Server subscriber database EPC,0.08333333333333333,0.07692307692307693,-0.006410256410256401,False
q2_3498,q2,What is the model for test mode control and UE test loop mode E on the UE side when the UE is in what state?,What is the model for test mode control and UE test loop mode E on the UE side when the UE is in what state? User Equipment mobile terminal device,0.0625,0.05555555555555555,-0.0069444444444444475,False
q1_2470,q1,PDN GW Initiated Bearer Deactivation,PDN GW Initiated Bearer Deactivation Packet Data Network Gateway PDN gateway EPC gateway Packet Data Network PDN connection packet data,0.09090909090909091,0.08333333333333333,-0.007575757575757583,False
q3_1600,q3,Figure 6.4.2.1-1: 5GC UAV Authentication and Authorization,Figure 6.4.2.1-1: 5GC UAV Authentication and Authorization 5G Core AMF SMF,0.09090909090909091,0.08333333333333333,-0.007575757575757583,False
q2_1901,q2,"What is the PDN disconnection procedure initiated by UE, MME, or S-GW for PMIP-based S5/S8?","What is the PDN disconnection procedure initiated by UE, MME, or S-GW for PMIP-based S5/S8? Packet Data Network PDN connection packet data Mobility Management Entity EPC mobility management User Equipment mobile terminal device",0.07142857142857142,0.0625,-0.008928571428571425,False
q3_3399,q3,"Figure 5.5.2.4.3-1: GERAN A/Gb mode to E-UTRAN Inter RAT HO, execution phase","Figure 5.5.2.4.3-1: GERAN A/Gb mode to E-UTRAN Inter RAT HO, execution phase Evolved Universal Terrestrial Radio Access Network LTE radio access network eNB",0.1,0.09090909090909091,-0.009090909090909094,False
q3_351,q3,Step 1: UE registers in the PLMN (see clause 4.2.2.2 of TS 23.502 [11]) and request the establishment of a PDU session (see clause 4.3.2.2 of TS 23.502 [11]).,Step 1: UE registers in the PLMN (see clause 4.2.2.2 of TS 23.502 [11]) and request the establishment of a PDU session (see clause 4.3.2.2 of TS 23.502 [11]). Public Land Mobile Network mobile network operator network Protocol Data Unit PDU session data unit User Equipment mobile terminal device,0.1,0.09090909090909091,-0.009090909090909094,False
q2_248,q2,What is the EPS architecture for an MSISDN-less mobile originated SMS?,What is the EPS architecture for an MSISDN-less mobile originated SMS? Evolved Packet System LTE system EPC,0.1,0.09090909090909091,-0.009090909090909094,False
q1_3395,q1,"E-UTRAN to GERAN A/Gb Inter RAT HO, preparation phase","E-UTRAN to GERAN A/Gb Inter RAT HO, preparation phase Evolved Universal Terrestrial Radio Access Network LTE radio access network eNB",0.1,0.09090909090909091,-0.009090909090909094,False
q2_2795,q2,What is the process for handling location information in IMS emergency calls?,What is the process for handling location information in IMS emergency calls? IP Multimedia Subsystem SIP multimedia service,0.1,0.09090909090909091,-0.009090909090909094,False
q3_1429,q3,The UE test loop function provides access to isolated functions of the UE via the radio interface without introducing wherever possible new physical interfaces just for the reason of conformance testing.,The UE test loop function provides access to isolated functions of the UE via the radio interface without introducing wherever possible new physical interfaces just for the reason of conformance testing. User Equipment mobile terminal device,0.1,0.09090909090909091,-0.009090909090909094,False
q2_2443,q2,What is the process by which the Access and Mobility Management Function (AMF) affects Usage Rule Selection Policy (URSP) rules for network slicing selection?,What is the process by which the Access and Mobility Management Function (AMF) affects Usage Rule Selection Policy (URSP) rules for network slicing selection? Access and Mobility Management Function 5G core registration,0.1,0.09090909090909091,-0.009090909090909094,False
q2_3729,q2,What process does this diagram illustrate regarding UE registration and charging in relation to network slices?,What process does this diagram illustrate regarding UE registration and charging in relation to network slices? User Equipment mobile terminal device,0.0625,0.05263157894736842,-0.009868421052631582,False
q1_2077,q1,PDN connection procedure over non-3GPP access,PDN connection procedure over non-3GPP access Packet Data Network PDN connection packet data,0.05555555555555555,0.045454545454545456,-0.010101010101010097,False
q2_1516,q2,What does the IMS session setup look like when resource reservation is only performed on the terminating side and the initiation comes from the network?,What does the IMS session setup look like when resource reservation is only performed on the terminating side and the initiation comes from the network? IP Multimedia Subsystem SIP multimedia service,0.010638297872340425,0.0,-0.010638297872340425,False
q3_1430,q3,The UE test loop function provides access to isolated functions of the UE via the radio interface without introducing wherever possible new physical interfaces just for the reason of conformance testing.,The UE test loop function provides access to isolated functions of the UE via the radio interface without introducing wherever possible new physical interfaces just for the reason of conformance testing. User Equipment mobile terminal device,0.125,0.1111111111111111,-0.013888888888888895,False
q2_1576,q2,What is the process flow for ProSe UE-to-Network Relay in 3GPP?,What is the process flow for ProSe UE-to-Network Relay in 3GPP? Proximity Services device to device direct communication,0.09090909090909091,0.07692307692307693,-0.013986013986013984,False
q3_3155,q3,Figure 10.9.1.3.1-1 shows the high level procedure that the floor control is conducted for the MCPTT session already established between the floor participant and the floor control server.,Figure 10.9.1.3.1-1 shows the high level procedure that the floor control is conducted for the MCPTT session already established between the floor participant and the floor control server. Mission Critical Push To Talk mission critical service push to talk,0.1,0.08333333333333333,-0.016666666666666677,False
q2_2166,q2,What is the process flow for activating an MBMS bearer procedure?,What is the process flow for activating an MBMS bearer procedure? Multimedia Broadcast Multicast Service broadcast service multicast service,0.14285714285714285,0.125,-0.01785714285714285,False
q3_2903,q3,"Figures 9.2.2.2-1 to 9.2.2.2-4 show the possible deployment scenarios of the MC service user database and SIP database, including collocation with the HSS.","Figures 9.2.2.2-1 to 9.2.2.2-4 show the possible deployment scenarios of the MC service user database and SIP database, including collocation with the HSS. Home Subscriber Server subscriber database EPC Session Initiation Protocol IMS signaling multimedia session",0.14285714285714285,0.125,-0.01785714285714285,False
q2_1942,q2,What is the process for PDN GW initiated resource allocation deactivation with PMIPv6 on the S2b interface?,What is the process for PDN GW initiated resource allocation deactivation with PMIPv6 on the S2b interface? Packet Data Network Gateway PDN gateway EPC gateway Packet Data Network PDN connection packet data,0.09090909090909091,0.07142857142857142,-0.019480519480519487,False
q3_2754,q3,"For IMS sessions established by UEs using CS media, the MSC Server enhanced for ICS shall perform the necessary interworking between the I2 reference point and CS signalling (e.g.","For IMS sessions established by UEs using CS media, the MSC Server enhanced for ICS shall perform the necessary interworking between the I2 reference point and CS signalling (e.g. User Equipment mobile terminal device IP Multimedia Subsystem SIP multimedia service",0.16666666666666666,0.14285714285714285,-0.023809523809523808,False
q2_2078,q2,What is the process for adding WLAN access to a PDN connection?,What is the process for adding WLAN access to a PDN connection? Packet Data Network PDN connection packet data,0.16666666666666666,0.14285714285714285,-0.023809523809523808,False
q2_1520,q2,What is the process for IMS session setup and resource reservation on the terminating side?,What is the process for IMS session setup and resource reservation on the terminating side? IP Multimedia Subsystem SIP multimedia service,0.14285714285714285,0.1111111111111111,-0.031746031746031744,False
q1_1600,q1,5GC UAV Authentication and Authorization,5GC UAV Authentication and Authorization 5G Core AMF SMF,0.14285714285714285,0.1111111111111111,-0.031746031746031744,False
q2_1521,q2,What is the IMS session setup process that does not involve resource reservation and uses preconditions?,What is the IMS session setup process that does not involve resource reservation and uses preconditions? IP Multimedia Subsystem SIP multimedia service,0.2,0.16666666666666666,-0.033333333333333354,False
q2_1396,q2,What does the Location Service Support by E-UTRAN diagram illustrate?,What does the Location Service Support by E-UTRAN diagram illustrate? Evolved Universal Terrestrial Radio Access Network LTE radio access network eNB,0.2,0.16666666666666666,-0.033333333333333354,False
q1_2923,q1,Two MBMS bearer using overlapping MBSFN areas,Two MBMS bearer using overlapping MBSFN areas Multimedia Broadcast Multicast Service broadcast service multicast service,0.2,0.16666666666666666,-0.033333333333333354,False
q3_3240,q3,"Figures 9.2.2.2-1 to 9.2.2.2-4 show the possible deployment scenarios of the MC service user database and SIP database, including collocation with the HSS.","Figures 9.2.2.2-1 to 9.2.2.2-4 show the possible deployment scenarios of the MC service user database and SIP database, including collocation with the HSS. Home Subscriber Server subscriber database EPC Session Initiation Protocol IMS signaling multimedia session",0.2,0.16666666666666666,-0.033333333333333354,False
q2_3397,q2,What is the process or message involved in rejecting an inter-RAT handover from E-UTRAN to GERAN on the A/Gb interface?,What is the process or message involved in rejecting an inter-RAT handover from E-UTRAN to GERAN on the A/Gb interface? Evolved Universal Terrestrial Radio Access Network LTE radio access network eNB,0.1111111111111111,0.07692307692307693,-0.03418803418803418,False
q1_2588,q1,Gateway Control and QoS Rules Request,Gateway Control and QoS Rules Request Quality of Service priority bearer,0.16666666666666666,0.125,-0.04166666666666666,False
q3_1764,q3,Information flows for generic MBMS procedures are defined in 3GPP TS 23.280 [5].,Information flows for generic MBMS procedures are defined in 3GPP TS 23.280 [5]. Multimedia Broadcast Multicast Service broadcast service multicast service,0.14285714285714285,0.1,-0.042857142857142844,False
q3_2553,q3,Information flows for generic MBMS procedures are defined in 3GPP TS 23.280 [5].,Information flows for generic MBMS procedures are defined in 3GPP TS 23.280 [5]. Multimedia Broadcast Multicast Service broadcast service multicast service,0.14285714285714285,0.1,-0.042857142857142844,False
q3_3303,q3,Information flows for generic MBMS procedures are defined in 3GPP TS 23.280 [5].,Information flows for generic MBMS procedures are defined in 3GPP TS 23.280 [5]. Multimedia Broadcast Multicast Service broadcast service multicast service,0.14285714285714285,0.1,-0.042857142857142844,False
q3_3488,q3,UE test loop mode A provides loopback of PDCP SDUs for bi-directional data radio bearers while UE is operating in NR.,UE test loop mode A provides loopback of PDCP SDUs for bi-directional data radio bearers while UE is operating in NR. User Equipment mobile terminal device,0.25,0.2,-0.04999999999999999,False
q1_322,q1,UAV Authentication and Authorization procedure for EPS,UAV Authentication and Authorization procedure for EPS Evolved Packet System LTE system EPC,0.25,0.2,-0.04999999999999999,False
q3_1408,q3,A UE is in RRC_CONNECTED when an RRC connection has been established or in RRC_INACTIVE (if the UE is connected to 5GC) when RRC connection is suspended.,A UE is in RRC_CONNECTED when an RRC connection has been established or in RRC_INACTIVE (if the UE is connected to 5GC) when RRC connection is suspended. Radio Resource Control connection setup connection release 5G Core AMF SMF User Equipment mobile terminal device,0.25,0.2,-0.04999999999999999,False
q3_1456,q3,AMD PDU segment consists of a Data field and an AMD PDU segment header.,AMD PDU segment consists of a Data field and an AMD PDU segment header. Protocol Data Unit PDU session data unit,0.25,0.2,-0.04999999999999999,False
q2_3380,q2,What is the process or message flow for PDN GW initiated bearer deactivation?,What is the process or message flow for PDN GW initiated bearer deactivation? Packet Data Network Gateway PDN gateway EPC gateway Packet Data Network PDN connection packet data,0.25,0.2,-0.04999999999999999,False
q2_1515,q2,What is the process for IMS session setup with resource reservation only on the terminating side?,What is the process for IMS session setup with resource reservation only on the terminating side? IP Multimedia Subsystem SIP multimedia service,0.25,0.2,-0.04999999999999999,False
q1_3200,q1,"Interaction between CP and UP function with PDN connection modification, Group","Interaction between CP and UP function with PDN connection modification, Group Packet Data Network PDN connection packet data",0.25,0.2,-0.04999999999999999,False
q3_3382,q3,The UE requested bearer resource modification procedure for an E-UTRAN is depicted in figure 5.4.5-1.,The UE requested bearer resource modification procedure for an E-UTRAN is depicted in figure 5.4.5-1. Evolved Universal Terrestrial Radio Access Network LTE radio access network eNB User Equipment mobile terminal device,0.2,0.125,-0.07500000000000001,False
q1_3199,q1,"Interaction between CP and UP function with PDN connection modification, Group","Interaction between CP and UP function with PDN connection modification, Group Packet Data Network PDN connection packet data",0.3333333333333333,0.25,-0.08333333333333331,False
q3_2788,q3,"UE A in the coverage area of an RNC connected via Iu interface to a MGW, calls UE B which is in the coverage area of a BSC connected via A interface to a different MGW.","UE A in the coverage area of an RNC connected via Iu interface to a MGW, calls UE B which is in the coverage area of a BSC connected via A interface to a different MGW. User Equipment mobile terminal device",0.3333333333333333,0.25,-0.08333333333333331,False
q2_3168,q2,What is the process for disconnecting a chat group call on the MBMS bearer?,What is the process for disconnecting a chat group call on the MBMS bearer? Multimedia Broadcast Multicast Service broadcast service multicast service,0.3333333333333333,0.25,-0.08333333333333331,False
q1_3239,q1,Shared PLMN operator and MC service provider based deployment of MC service -,Shared PLMN operator and MC service provider based deployment of MC service - Public Land Mobile Network mobile network operator network,0.3333333333333333,0.25,-0.08333333333333331,False
q2_1647,q2,What diagram shows the coexistence of existing HSS and Combined HSS/UDM using a common repository?,What diagram shows the coexistence of existing HSS and Combined HSS/UDM using a common repository? Unified Data Management subscriber data 5G core Home Subscriber Server subscriber database EPC,0.3333333333333333,0.25,-0.08333333333333331,False
q1_3499,q1,Model for Test Mode Control and UE Test Loop Mode E on UE side when UE is in,Model for Test Mode Control and UE Test Loop Mode E on UE side when UE is in User Equipment mobile terminal device,0.3333333333333333,0.25,-0.08333333333333331,False
q2_2323,q2,What is the solution for inserting an I-SMF in an existing PDU session?,What is the solution for inserting an I-SMF in an existing PDU session? Protocol Data Unit PDU session data unit,0.3333333333333333,0.25,-0.08333333333333331,False
q3_3500,q3,UE test loop mode E is mandatory to all 5GS UEs supporting NR sidelink.,UE test loop mode E is mandatory to all 5GS UEs supporting NR sidelink. User Equipment mobile terminal device,0.3333333333333333,0.25,-0.08333333333333331,False
q1_2929,q1,Multiple server MBMS procedure,Multiple server MBMS procedure Multimedia Broadcast Multicast Service broadcast service multicast service,0.3333333333333333,0.25,-0.08333333333333331,False
q2_425,q2,What 3GPP technical diagram shows the protection of the initial NAS message?,What 3GPP technical diagram shows the protection of the initial NAS message? Non Access Stratum registration mobility management,0.3333333333333333,0.25,-0.08333333333333331,False
q1_1605,q1,Procedure for UAV Authentication and Authorization with USS/UTM in EPS.,Procedure for UAV Authentication and Authorization with USS/UTM in EPS. Evolved Packet System LTE system EPC,0.3333333333333333,0.25,-0.08333333333333331,False
q3_2720,q3,The service continuity solution described in this subclause is suitable in the scenario when multiple MBMS bearers are used with the purpose to cover a larger area.,The service continuity solution described in this subclause is suitable in the scenario when multiple MBMS bearers are used with the purpose to cover a larger area. Multimedia Broadcast Multicast Service broadcast service multicast service,0.3333333333333333,0.25,-0.08333333333333331,False
q2_1599,q2,What is the 3GPP reference architecture for UAV remote identification using 5GC?,What is the 3GPP reference architecture for UAV remote identification using 5GC? 5G Core AMF SMF,0.25,0.14285714285714285,-0.10714285714285715,False
q1_1742,q1,Transmission control during an MCVideo session,Transmission control during an MCVideo session Mission Critical Video mission critical service video service,0.3333333333333333,0.2,-0.1333333333333333,False
q3_1642,q3,The procedure of the interaction between UDM and HSS FE is shown in Figure 6.2.3.3-1.,The procedure of the interaction between UDM and HSS FE is shown in Figure 6.2.3.3-1. Unified Data Management subscriber data 5G core Home Subscriber Server subscriber database EPC,0.3333333333333333,0.2,-0.1333333333333333,False
q2_3255,q2,What is the multiple server MBMS procedure diagram showing?,What is the multiple server MBMS procedure diagram showing? Multimedia Broadcast Multicast Service broadcast service multicast service,0.3333333333333333,0.2,-0.1333333333333333,False
q1_2642,q1,Transmission control during an MCVideo session,Transmission control during an MCVideo session Mission Critical Video mission critical service video service,0.3333333333333333,0.2,-0.1333333333333333,False
q2_2524,q2,What is the QoS control process for L3 UE-to-Network Relay involving AF?,What is the QoS control process for L3 UE-to-Network Relay involving AF? Application Function policy authorization application server Quality of Service priority bearer,0.3333333333333333,0.2,-0.1333333333333333,False
q2_2720,q2,What does the diagram illustrate regarding MBMS bearers and MBSFN areas?,What does the diagram illustrate regarding MBMS bearers and MBSFN areas? Multimedia Broadcast Multicast Service broadcast service multicast service,0.5,0.3333333333333333,-0.16666666666666669,False
q2_2901,q2,What is the collocation arrangement of the MC service user database and SIP database with respect to HSS?,What is the collocation arrangement of the MC service user database and SIP database with respect to HSS? Home Subscriber Server subscriber database EPC Session Initiation Protocol IMS signaling multimedia session,0.5,0.3333333333333333,-0.16666666666666669,False
q1_2903,q1,Shared PLMN operator and MC service provider based deployment of MC service -,Shared PLMN operator and MC service provider based deployment of MC service - Public Land Mobile Network mobile network operator network,0.5,0.3333333333333333,-0.16666666666666669,False
q1_1576,q1,ProSe UE-to-Network Relay,ProSe UE-to-Network Relay Proximity Services device to device direct communication,0.5,0.3333333333333333,-0.16666666666666669,False
q3_2103,q3,"For facilitating session transfer (SRVCC) of the voice component from the CS domain, the voice session shall be anchored in the IMS.","For facilitating session transfer (SRVCC) of the voice component from the CS domain, the voice session shall be anchored in the IMS. IP Multimedia Subsystem SIP multimedia service",0.5,0.3333333333333333,-0.16666666666666669,False
q2_2153,q2,What is the process flow for remote end initiation in adding PS media to an IMS session that already includes CS media?,What is the process flow for remote end initiation in adding PS media to an IMS session that already includes CS media? IP Multimedia Subsystem SIP multimedia service,0.5,0.3333333333333333,-0.16666666666666669,False
q2_3446,q2,What is the process for setting up a PDU session resource with network slice awareness?,What is the process for setting up a PDU session resource with network slice awareness? Protocol Data Unit PDU session data unit,0.5,0.3333333333333333,-0.16666666666666669,False
q2_378,q2,What is the secondary authentication procedure for a Remote UE before setting up the PC5 link?,What is the secondary authentication procedure for a Remote UE before setting up the PC5 link? User Equipment mobile terminal device PC5 interface sidelink direct communication,0.5,0.3333333333333333,-0.16666666666666669,False
q3_2237,q3,"When the UE is connected to 5GS or 5GC-N3IWF, the PGW-C+SMF may store in UDM the PGW-C+SMF FQDN for S5/S8/S2b interface, within the UE context in SMF data, when the PWG-C+SMF registers in UDM.","When the UE is connected to 5GS or 5GC-N3IWF, the PGW-C+SMF may store in UDM the PGW-C+SMF FQDN for S5/S8/S2b interface, within the UE context in SMF data, when the PWG-C+SMF registers in UDM. Unified Data Management subscriber data 5G core Session Management Function PDU session session management User Equipment mobile terminal device",0.5,0.3333333333333333,-0.16666666666666669,False
q2_2528,q2,What is the QoS control mechanism for Layer 3 UE-to-UE Relay in 3GPP?,What is the QoS control mechanism for Layer 3 UE-to-UE Relay in 3GPP? Quality of Service priority bearer,0.5,0.3333333333333333,-0.16666666666666669,False
q1_3434,q1,UE triggered transition from RRC_INACTIVE to RRC_CONNECTED,UE triggered transition from RRC_INACTIVE to RRC_CONNECTED User Equipment mobile terminal device,0.5,0.3333333333333333,-0.16666666666666669,False
q2_1326,q2,"What is the example process showing coordination between NWDAF, gNB, and MDAS producer for data analytics?","What is the example process showing coordination between NWDAF, gNB, and MDAS producer for data analytics? Network Data Analytics Function analytics 5G core next generation NodeB 5G base station NG-RAN",0.5,0.3333333333333333,-0.16666666666666669,False
q2_1325,q2,"What is the example of coordination between NWDAF, gNB, and MDAS producer for data analytics?","What is the example of coordination between NWDAF, gNB, and MDAS producer for data analytics? Network Data Analytics Function analytics 5G core next generation NodeB 5G base station NG-RAN",0.5,0.3333333333333333,-0.16666666666666669,False
q3_1389,q3,This clause complements TR 25.922 [27] clause 5.1.7.2 regarding the E-UTRAN handling of containers.,This clause complements TR 25.922 [27] clause 5.1.7.2 regarding the E-UTRAN handling of containers. Evolved Universal Terrestrial Radio Access Network LTE radio access network eNB,0.5,0.3333333333333333,-0.16666666666666669,False
q3_768,q3,The simulation results in this clause demonstrate EVS and AMR-WB performance on the downlink MBMS bearer and compare this to the reference.,The simulation results in this clause demonstrate EVS and AMR-WB performance on the downlink MBMS bearer and compare this to the reference. Multimedia Broadcast Multicast Service broadcast service multicast service,0.5,0.3333333333333333,-0.16666666666666669,False
q2_1648,q2,What is the coexistence architecture between existing HSS and Combined HSS/UDM with separate repositories?,What is the coexistence architecture between existing HSS and Combined HSS/UDM with separate repositories? Unified Data Management subscriber data 5G core Home Subscriber Server subscriber database EPC,0.5,0.3333333333333333,-0.16666666666666669,False
q2_2335,q2,What is the process for UE-initiated connectivity to a PDN via WLAN using GTP S2a?,What is the process for UE-initiated connectivity to a PDN via WLAN using GTP S2a? Packet Data Network PDN connection packet data,0.5,0.3333333333333333,-0.16666666666666669,False
q3_1970,q3,"When the WLAN is considered as trusted by the operator, the Trusted WLAN Access Network (TWAN) is interfaced with the EPC as a trusted non-3GPP access via the STa interface to the 3GPP AAA Server/Proxy and the S2a interface to the PDN GW.","When the WLAN is considered as trusted by the operator, the Trusted WLAN Access Network (TWAN) is interfaced with the EPC as a trusted non-3GPP access via the STa interface to the 3GPP AAA Server/Proxy and the S2a interface to the PDN GW. Evolved Packet Core LTE core network MME Packet Data Network PDN connection packet data",0.5,0.3333333333333333,-0.16666666666666669,False
q2_1967,q2,What message does the SGSN/MME send to the PDN GW for address notification?,What message does the SGSN/MME send to the PDN GW for address notification? Packet Data Network Gateway PDN gateway EPC gateway Mobility Management Entity EPC mobility management Packet Data Network PDN connection Serving GPRS Support Node,0.5,0.3333333333333333,-0.16666666666666669,False
q2_2239,q2,What is the message flow for notifying the PGW-C+SMF Fully Qualified Domain Name from HSS to UDM?,What is the message flow for notifying the PGW-C+SMF Fully Qualified Domain Name from HSS to UDM? Unified Data Management subscriber data 5G core Session Management Function PDU session session management Home Subscriber Server subscriber database EPC,0.5,0.3333333333333333,-0.16666666666666669,False
q3_3489,q3,UE test loop mode A provides loopback of PDCP SDUs for bi-directional data radio bearers while UE is operating in NR.,UE test loop mode A provides loopback of PDCP SDUs for bi-directional data radio bearers while UE is operating in NR. User Equipment mobile terminal device,0.5,0.3333333333333333,-0.16666666666666669,False
q1_371,q1,Procedures for key management in ProSe UE-to-Network Relay,Procedures for key management in ProSe UE-to-Network Relay Proximity Services device to device direct communication,0.5,0.3333333333333333,-0.16666666666666669,False
q1_2590,q1,Non-roaming architecture for interworking between 5GS and EPC/E-UTRAN,Non-roaming architecture for interworking between 5GS and EPC/E-UTRAN Evolved Universal Terrestrial Radio Access Network LTE radio access network eNB Evolved Packet Core LTE core network MME,0.5,0.3333333333333333,-0.16666666666666669,False
q2_3169,q2,What is the flow for deciding the MBMS bearer?,What is the flow for deciding the MBMS bearer? Multimedia Broadcast Multicast Service broadcast service multicast service,0.5,0.3333333333333333,-0.16666666666666669,False
q3_2902,q3,"Figures 9.2.2.2-1 to 9.2.2.2-4 show the possible deployment scenarios of the MC service user database and SIP database, including collocation with the HSS.","Figures 9.2.2.2-1 to 9.2.2.2-4 show the possible deployment scenarios of the MC service user database and SIP database, including collocation with the HSS. Home Subscriber Server subscriber database EPC Session Initiation Protocol IMS signaling multimedia session",0.5,0.3333333333333333,-0.16666666666666669,False
q3_3085,q3,Figure 8.3.4-1 shows the procedure for an MSGin5G UE that initiates an MSGin5G message delivery status report.,Figure 8.3.4-1 shows the procedure for an MSGin5G UE that initiates an MSGin5G message delivery status report. User Equipment mobile terminal device,0.5,0.3333333333333333,-0.16666666666666669,False
q2_1986,q2,What is the process for HSS/AAA-initiated detach in WLAN using GTP S2a interface?,What is the process for HSS/AAA-initiated detach in WLAN using GTP S2a interface? Home Subscriber Server subscriber database EPC,0.5,0.25,-0.25,False
q3_1643,q3,The procedure of the interaction between UDM and HSS FE is shown in Figure 6.2.3.3-1.,The procedure of the interaction between UDM and HSS FE is shown in Figure 6.2.3.3-1. Unified Data Management subscriber data 5G core Home Subscriber Server subscriber database EPC,0.5,0.25,-0.25,False
q2_239,q2,What is the high-level logical interface architecture for EPS/5GS-anchored IMS?,What is the high-level logical interface architecture for EPS/5GS-anchored IMS? IP Multimedia Subsystem SIP multimedia service Evolved Packet System LTE system EPC,0.5,0.25,-0.25,False
q2_2902,q2,Where are the MC service user database and SIP database colocated in relation to HSS?,Where are the MC service user database and SIP database colocated in relation to HSS? Home Subscriber Server subscriber database EPC Session Initiation Protocol IMS signaling multimedia session,0.5,0.25,-0.25,False
q2_2918,q2,What is the process for using pre-established MBMS bearers in 3GPP networks?,What is the process for using pre-established MBMS bearers in 3GPP networks? Multimedia Broadcast Multicast Service broadcast service multicast service,0.5,0.25,-0.25,False
q1_3746,q1,Message flow for ProSe Direct Communication (session based),Message flow for ProSe Direct Communication (session based) Proximity Services device to device direct communication,0.5,0.25,-0.25,False
q2_1649,q2,What is the coexistence architecture between existing HSS and Combined HSS/UDM with separate repositories?,What is the coexistence architecture between existing HSS and Combined HSS/UDM with separate repositories? Unified Data Management subscriber data 5G core Home Subscriber Server subscriber database EPC,1.0,0.5,-0.5,False
q2_1983,q2,What is the HSS initiated subscribed QoS modification procedure in 3GPP?,What is the HSS initiated subscribed QoS modification procedure in 3GPP? Home Subscriber Server subscriber database EPC Quality of Service priority bearer,1.0,0.5,-0.5,False
q2_1963,q2,What is the architecture for optimized handovers between E-UTRAN and cdma2000 HRPD access points?,What is the architecture for optimized handovers between E-UTRAN and cdma2000 HRPD access points? Evolved Universal Terrestrial Radio Access Network LTE radio access network eNB,1.0,0.5,-0.5,False
q3_3503,q3,The UE Power Limit Function is intended for the SS to communicate to the UE to apply a backoff of transmitted power on the NR primary component carrier when in FR2 carrier aggregation mode.,The UE Power Limit Function is intended for the SS to communicate to the UE to apply a backoff of transmitted power on the NR primary component carrier when in FR2 carrier aggregation mode. User Equipment mobile terminal device,1.0,0.5,-0.5,False
q3_2212,q3,The telecommunication regulations of the country in which the UE is physically located can be expected to be applicable to that UE's telecommunications operator.,The telecommunication regulations of the country in which the UE is physically located can be expected to be applicable to that UE's telecommunications operator. User Equipment mobile terminal device,1.0,0.5,-0.5,False
q3_2210,q3,A PLMN may have both terrestrial 3GPP access and satellite 3GPP access.,A PLMN may have both terrestrial 3GPP access and satellite 3GPP access. Public Land Mobile Network mobile network operator network,1.0,0.5,-0.5,False
q3_2107,q3,This specification introduces an additional function to those defined in the UTRAN architecture TS 23.060 [10] for CS to PS SRVCC.,This specification introduces an additional function to those defined in the UTRAN architecture TS 23.060 [10] for CS to PS SRVCC. Universal Terrestrial Radio Access Network 3G radio access network NodeB,1.0,0.5,-0.5,False
q2_1652,q2,What diagram shows the coexistence of existing HSS and Combined HSS/UDM using a common repository?,What diagram shows the coexistence of existing HSS and Combined HSS/UDM using a common repository? Unified Data Management subscriber data 5G core Home Subscriber Server subscriber database EPC,1.0,0.5,-0.5,False
q2_2122,q2,What is the NAS leaving procedure in 5GS?,What is the NAS leaving procedure in 5GS? Non Access Stratum registration mobility management,1.0,0.5,-0.5,False
q2_2114,q2,What does the SRVCC handover process from UTRAN (HSPA) to UTRAN or GERAN with DTM support look like?,What does the SRVCC handover process from UTRAN (HSPA) to UTRAN or GERAN with DTM support look like? Universal Terrestrial Radio Access Network 3G radio access network NodeB,1.0,0.5,-0.5,False
q2_2033,q2,What is the roaming architecture with home-routed support for ATSSS where the UE is registered to the?,What is the roaming architecture with home-routed support for ATSSS where the UE is registered to the? User Equipment mobile terminal device,1.0,0.5,-0.5,False
q2_1997,q2,What is the non-roaming architecture for a UE behind 5G-RG using trusted N3GPP access?,What is the non-roaming architecture for a UE behind 5G-RG using trusted N3GPP access? User Equipment mobile terminal device,1.0,0.5,-0.5,False
q1_2904,q1,Shared PLMN operator and MC service provider based deployment of MC service -,Shared PLMN operator and MC service provider based deployment of MC service - Public Land Mobile Network mobile network operator network,1.0,0.5,-0.5,False
q1_2750,q1,ICS UE Terminations with CS media information flows using I1 reference point,ICS UE Terminations with CS media information flows using I1 reference point User Equipment mobile terminal device,1.0,0.5,-0.5,False
q3_3384,q3,"When SCG bearer option is applied to support dual connectivity operation, this procedure is used to transfer bearer contexts to and from Secondary eNodeB (see TS 36.300 [5]) or Secondary gNodeB (see TS 37.340 [85]).","When SCG bearer option is applied to support dual connectivity operation, this procedure is used to transfer bearer contexts to and from Secondary eNodeB (see TS 36.300 [5]) or Secondary gNodeB (see TS 37.340 [85]). next generation NodeB 5G base station NG-RAN E-UTRAN NodeB LTE base station E-UTRAN",1.0,0.5,-0.5,False
q1_2747,q1,ICS UE Origination with CS media using Gm reference point when using an MSC,ICS UE Origination with CS media using Gm reference point when using an MSC User Equipment mobile terminal device,1.0,0.5,-0.5,False
q1_2744,q1,IMS Origination via CS Access for non ICS UE,IMS Origination via CS Access for non ICS UE IP Multimedia Subsystem SIP multimedia service User Equipment mobile terminal device,1.0,0.5,-0.5,False
q1_2591,q1,Non-roaming architecture for interworking between 5GS and EPC/E-UTRAN,Non-roaming architecture for interworking between 5GS and EPC/E-UTRAN Evolved Universal Terrestrial Radio Access Network LTE radio access network eNB Evolved Packet Core LTE core network MME,1.0,0.5,-0.5,False
q1_2536,q1,Service specific QoS establishment procedure,Service specific QoS establishment procedure Quality of Service priority bearer,1.0,0.5,-0.5,False
q1_2481,q1,UE-Initiated connectivity to additional PDN from Trusted Non-3GPP IP Access with,UE-Initiated connectivity to additional PDN from Trusted Non-3GPP IP Access with Packet Data Network PDN connection packet data,1.0,0.5,-0.5,False
q2_1514,q2,What does the IMS session setup process look like when resource reservation is performed only on the terminating side?,What does the IMS session setup process look like when resource reservation is performed only on the terminating side? IP Multimedia Subsystem SIP multimedia service,1.0,0.5,-0.5,False
q2_2210,q2,What is the architecture of satellite and terrestrial 3GPP access networks within a PLMN?,What is the architecture of satellite and terrestrial 3GPP access networks within a PLMN? Public Land Mobile Network mobile network operator network,1.0,0.5,-0.5,False
q2_1632,q2,What is the architecture for direct interworking between UDM and HSS with independent UDRs?,What is the architecture for direct interworking between UDM and HSS with independent UDRs? Unified Data Management subscriber data 5G core Home Subscriber Server subscriber database EPC,1.0,0.5,-0.5,False
q2_1819,q2,What is the queue status diagram during an MCPTT session?,What is the queue status diagram during an MCPTT session? Mission Critical Push To Talk mission critical service push to talk,1.0,0.5,-0.5,False
q2_1758,q2,What is the sequence of events leading to a chat group call disconnect on the MBMS bearer?,What is the sequence of events leading to a chat group call disconnect on the MBMS bearer? Multimedia Broadcast Multicast Service broadcast service multicast service,1.0,0.5,-0.5,False
q1_2861,q1,Shared to individual delivery method triggered by UE,Shared to individual delivery method triggered by UE User Equipment mobile terminal device,1.0,0.5,-0.5,False
q1_487,q1,NSWO access authentication using credentials retrieved from UDM/ARPF,NSWO access authentication using credentials retrieved from UDM/ARPF Unified Data Management subscriber data 5G core,1.0,0.5,-0.5,False
q1_357,q1,PDCP data PDU format (refer to TS38.331),PDCP data PDU format (refer to TS38.331) Protocol Data Unit PDU session data unit,1.0,0.5,-0.5,False
q3_3765,q3,Figure 5.4.2-1: Update UE Location Information procedure,Figure 5.4.2-1: Update UE Location Information procedure User Equipment mobile terminal device,1.0,0.5,-0.5,False
q3_3712,q3,"Various network sharing scenarios exist, amongst which one category is RAN sharing which can be divided into the following (non exhaustive) list of sub-categories:","Various network sharing scenarios exist, amongst which one category is RAN sharing which can be divided into the following (non exhaustive) list of sub-categories: Radio Access Network radio access base station",1.0,0.5,-0.5,False
q1_1410,q1,Mobility procedures between E-UTRA/5GC and CDMA2000,Mobility procedures between E-UTRA/5GC and CDMA2000 5G Core AMF SMF,1.0,0.5,-0.5,False
q1_1340,q1,An example of updating TAC and PLMN ID in real-time for LEO with moving beams,An example of updating TAC and PLMN ID in real-time for LEO with moving beams Public Land Mobile Network mobile network operator network,1.0,0.5,-0.5,False
q3_3601,q3,"For L2 UE-to-UE Relay architecture, the protocol stacks are similar to L2 UE-to-Network Relay other than the fact that the termination points are two Remote UEs.","For L2 UE-to-UE Relay architecture, the protocol stacks are similar to L2 UE-to-Network Relay other than the fact that the termination points are two Remote UEs. User Equipment mobile terminal device",1.0,0.5,-0.5,False
q3_3517,q3,The MAC entity of the UE handles the following transport channels:,The MAC entity of the UE handles the following transport channels: User Equipment mobile terminal device,1.0,0.5,-0.5,False
q1_14,q1,Soft Handover from RNC to Open or Hybrid Access HNB via HNB-GW.,Soft Handover from RNC to Open or Hybrid Access HNB via HNB-GW. Home NodeB femtocell home base station,1.0,0.5,-0.5,False
q3_3613,q3,Figure 6.2.2.7-1 shows the format of the PDCP Data PDU with 18 bits PDCP SN.,Figure 6.2.2.7-1 shows the format of the PDCP Data PDU with 18 bits PDCP SN. Protocol Data Unit PDU session data unit,1.0,0.5,-0.5,False
q1_32,q1,Release of established signalling connection over Iurh and Iur connections – HNB,Release of established signalling connection over Iurh and Iur connections – HNB Home NodeB femtocell home base station,1.0,0.5,-0.5,False
q3_3609,q3,Figure 6.2.2.2-1 shows the format of the PDCP Data PDU with 12 bits PDCP SN.,Figure 6.2.2.2-1 shows the format of the PDCP Data PDU with 12 bits PDCP SN. Protocol Data Unit PDU session data unit,1.0,0.5,-0.5,False
q1_229,q1,LI architecture for LI at MME,LI architecture for LI at MME Mobility Management Entity EPC mobility management,1.0,0.5,-0.5,False
q1_299,q1,The architecture of the extended user plane protection service (P-GW Terminated PDN,The architecture of the extended user plane protection service (P-GW Terminated PDN Packet Data Network PDN connection packet data,1.0,0.5,-0.5,False
q3_3434,q3,The following figure describes the UE triggered transition from RRC_INACTIVE to RRC_CONNECTED in case of UE context retrieval success:,The following figure describes the UE triggered transition from RRC_INACTIVE to RRC_CONNECTED in case of UE context retrieval success: User Equipment mobile terminal device,1.0,0.5,-0.5,False
q1_1979,q1,UE/TWAN Initiated Detach and UE/ TWAN requested PDN Disconnection on PMIP,UE/TWAN Initiated Detach and UE/ TWAN requested PDN Disconnection on PMIP User Equipment mobile terminal device Packet Data Network PDN connection packet data,1.0,0.5,-0.5,False
q1_1962,q1,Architecture for optimised handovers between E-UTRAN access and cdma2000 HRPD,Architecture for optimised handovers between E-UTRAN access and cdma2000 HRPD Evolved Universal Terrestrial Radio Access Network LTE radio access network eNB,1.0,0.5,-0.5,False
q1_1946,q1,HSS Initiated Subscribed QoS Modification,HSS Initiated Subscribed QoS Modification Home Subscriber Server subscriber database EPC Quality of Service priority bearer,1.0,0.5,-0.5,False
q1_1893,q1,User Plane for UTRAN mode and Direct Tunnel on S12,User Plane for UTRAN mode and Direct Tunnel on S12 Universal Terrestrial Radio Access Network 3G radio access network NodeB,1.0,0.5,-0.5,False
q1_1857,q1,Data Collection from NWDAF via Data Management Service,Data Collection from NWDAF via Data Management Service Network Data Analytics Function analytics 5G core,1.0,0.5,-0.5,False
q1_1827,q1,MBMS bearer decision flow,MBMS bearer decision flow Multimedia Broadcast Multicast Service broadcast service multicast service,1.0,0.5,-0.5,False
q1_1758,q1,Chat group call disconnect on MBMS bearer,Chat group call disconnect on MBMS bearer Multimedia Broadcast Multicast Service broadcast service multicast service,1.0,0.5,-0.5,False
q1_1652,q1,Coexistence of existing HSS and Combined HSS/UDM using a common repository,Coexistence of existing HSS and Combined HSS/UDM using a common repository Unified Data Management subscriber data 5G core Home Subscriber Server subscriber database EPC,1.0,0.5,-0.5,False
q1_1650,q1,Coexistence of existing HSS and Combined HSS/UDM with separate repositories,Coexistence of existing HSS and Combined HSS/UDM with separate repositories Unified Data Management subscriber data 5G core Home Subscriber Server subscriber database EPC,1.0,0.5,-0.5,False
q1_1515,q1,"IMS session setup, resource reservation only on terminating side","IMS session setup, resource reservation only on terminating side IP Multimedia Subsystem SIP multimedia service",1.0,0.5,-0.5,False
q3_2464,q3,This clause describes how to detect and classify IP packets for the purpose of QoS treatment in the Fixed Broadband Access network.,This clause describes how to detect and classify IP packets for the purpose of QoS treatment in the Fixed Broadband Access network. Quality of Service priority bearer,1.0,0.5,-0.5,False
q3_2350,q3,"In the case of E-UTRAN, when the UE removes the 3GPP access for the multi-access PDN connection and the multiple-access PDN connection is not the last PDN connection for 3GPP access, procedures as described in TS 23.401 [4] clause 5.10.3 are referred with the following modifications.","In the case of E-UTRAN, when the UE removes the 3GPP access for the multi-access PDN connection and the multiple-access PDN connection is not the last PDN connection for 3GPP access, procedures as described in TS 23.401 [4] clause 5.10.3 are referred with the following modifications. Packet Data Network PDN connection packet data Evolved Universal Terrestrial Radio Access Network LTE radio access network eNB User Equipment",1.0,0.5,-0.5,False
q3_2299,q3,This solution provides a solution for local DN notification to the UE for KI#2.,This solution provides a solution for local DN notification to the UE for KI#2. User Equipment mobile terminal device,1.0,0.5,-0.5,False
q3_3447,q3,"When new PDU sessions need to be established, the 5GC requests the NG-RAN to allocate/ resources relative to the relevant PDU sessions by means of the PDU Session Resource Setup procedures over NG-C.","When new PDU sessions need to be established, the 5GC requests the NG-RAN to allocate/ resources relative to the relevant PDU sessions by means of the PDU Session Resource Setup procedures over NG-C. Next Generation Radio Access Network 5G radio access network gNB Protocol Data Unit PDU session data unit 5G Core AMF",1.0,0.5,-0.5,False
q1_2152,q1,Remote End Initiation case: Incorporating existing CS media in new IMS Session,Remote End Initiation case: Incorporating existing CS media in new IMS Session IP Multimedia Subsystem SIP multimedia service,1.0,0.5,-0.5,False
q3_2736,q3,"To perform unicast mode of ProSe Direct communication over PC5 reference point, the UE is configured with the related information as described in clause 5.1.3.","To perform unicast mode of ProSe Direct communication over PC5 reference point, the UE is configured with the related information as described in clause 5.1.3. User Equipment mobile terminal device PC5 interface sidelink direct communication Proximity Services device to device direct communication",1.0,0.5,-0.5,False
q3_125,q3,"When a UDM receives a SUCI from the AUSF, the UDM de-conceals the SUCI to SUPI.","When a UDM receives a SUCI from the AUSF, the UDM de-conceals the SUCI to SUPI. Unified Data Management subscriber data 5G core",1.0,0.5,-0.5,False
q3_50,q3,Each wagon to be tracked is equipped with a battery-powered IoT type UE including a 5G communication module.,Each wagon to be tracked is equipped with a battery-powered IoT type UE including a 5G communication module. User Equipment mobile terminal device,1.0,0.5,-0.5,False
q3_31,q3,Figure 7.3.3.3.1-1: Transport of RNSAP messages via signalling connection over Iurh and Iur connections – HNB initiated.,Figure 7.3.3.3.1-1: Transport of RNSAP messages via signalling connection over Iurh and Iur connections – HNB initiated. Home NodeB femtocell home base station,1.0,0.5,-0.5,False
q3_20,q3,Figure 7.2.2.4.1-1: Transport of PCAP messages via signalling connection over Iuh and Iupc connections – HNB initiated.,Figure 7.2.2.4.1-1: Transport of PCAP messages via signalling connection over Iuh and Iupc connections – HNB initiated. Home NodeB femtocell home base station,1.0,0.5,-0.5,False
q3_3081,q3,Figure 8.3.2-1 shows the procedure for an MSGin5G UE that initiates an MSGin5G message request.,Figure 8.3.2-1 shows the procedure for an MSGin5G UE that initiates an MSGin5G message request. User Equipment mobile terminal device,1.0,0.5,-0.5,False
q3_2928,q3,The procedure in this sub clause may be used when two or more MC service servers are serving users in the same area and are configured to share MBMS bearers for that specific area.,The procedure in this sub clause may be used when two or more MC service servers are serving users in the same area and are configured to share MBMS bearers for that specific area. Multimedia Broadcast Multicast Service broadcast service multicast service,1.0,0.5,-0.5,False
q3_2925,q3,This procedure handles a scenario when UE is moving from a location when the UE is experiencing good reception of the MBMS bearer to a location outside the MBMS service coverage.,This procedure handles a scenario when UE is moving from a location when the UE is experiencing good reception of the MBMS bearer to a location outside the MBMS service coverage. Multimedia Broadcast Multicast Service broadcast service multicast service User Equipment mobile terminal device,1.0,0.5,-0.5,False
q3_2862,q3,"Figure 6.28.2.6-1 shows the procedure of mode switch with delivery method change from ""shared"" to ""individual"" triggered by UE.","Figure 6.28.2.6-1 shows the procedure of mode switch with delivery method change from ""shared"" to ""individual"" triggered by UE. User Equipment mobile terminal device",1.0,0.5,-0.5,False
q2_3609,q2,What is the format of the PDCP Data PDU with a 12-bit PDCP SN?,What is the format of the PDCP Data PDU with a 12-bit PDCP SN? Protocol Data Unit PDU session data unit,1.0,0.5,-0.5,False
q2_3571,q2,What is the remote UE RRC resume procedure?,What is the remote UE RRC resume procedure? Radio Resource Control connection setup connection release User Equipment mobile terminal device,1.0,0.5,-0.5,False
q2_489,q2,What is the process of NSWO access authentication in 5GC via HSS?,What is the process of NSWO access authentication in 5GC via HSS? 5G Core AMF SMF Home Subscriber Server subscriber database EPC,1.0,0.5,-0.5,False
q2_487,q2,What is the process for NSWO access authentication using credentials retrieved from UDM/ARPF?,What is the process for NSWO access authentication using credentials retrieved from UDM/ARPF? Unified Data Management subscriber data 5G core,1.0,0.5,-0.5,False
q2_126,q2,What is the procedure for handling the SUCI parameter in the UDM?,What is the procedure for handling the SUCI parameter in the UDM? Unified Data Management subscriber data 5G core,1.0,0.5,-0.5,False
q2_22,q2,What is the process for releasing an established signalling connection over Iupc and Iuh connections from an HNB?,What is the process for releasing an established signalling connection over Iupc and Iuh connections from an HNB? Home NodeB femtocell home base station,1.0,0.5,-0.5,False
q2_2717,q2,What is the process for sending a MBMS bearer announcement over an MBMS bearer used for application control?,What is the process for sending a MBMS bearer announcement over an MBMS bearer used for application control? Multimedia Broadcast Multicast Service broadcast service multicast service,1.0,0.5,-0.5,False
q1_3733,q1,the NS actural duration from NWDAF,the NS actural duration from NWDAF Network Data Analytics Function analytics 5G core,1.0,0.5,-0.5,False
q2_304,q2,What is the BEST key hierarchy for EPS networks and legacy UEs?,What is the BEST key hierarchy for EPS networks and legacy UEs? User Equipment mobile terminal device Evolved Packet System LTE system EPC,1.0,0.5,-0.5,False
q2_300,q2,What is the architecture of the extended user plane protection service where P-GW terminates the PDN?,What is the architecture of the extended user plane protection service where P-GW terminates the PDN? Packet Data Network PDN connection packet data,1.0,0.5,-0.5,False
q1_1452,q1,"AMD PDU with 10 bit SN (length of LI field is 11 bits) (Even number of LIs, i.e. K = 2,","AMD PDU with 10 bit SN (length of LI field is 11 bits) (Even number of LIs, i.e. K = 2, Protocol Data Unit PDU session data unit",1.0,0.5,-0.5,False
q1_1450,q1,"AMD PDU with 10 bit SN (length of LI field is 11 bits) (Odd number of LIs, i.e. K = 1, 3,","AMD PDU with 10 bit SN (length of LI field is 11 bits) (Odd number of LIs, i.e. K = 1, 3, Protocol Data Unit PDU session data unit",1.0,0.5,-0.5,False
q1_1440,q1,An example policy and charging control (PCC) architecture to deliver QoS for DASH,An example policy and charging control (PCC) architecture to deliver QoS for DASH Quality of Service priority bearer,1.0,0.5,-0.5,False
q1_1424,q1,"Model for UE test loop mode E on UE side ProSe Direct, or, V2X when UE is in in-","Model for UE test loop mode E on UE side ProSe Direct, or, V2X when UE is in in- User Equipment mobile terminal device Vehicle to Everything vehicle communication sidelink Proximity Services device to device direct communication",1.0,0.5,-0.5,False
q1_1421,q1,Model for UE test loop mode D on UE side,Model for UE test loop mode D on UE side User Equipment mobile terminal device,1.0,0.5,-0.5,False
q3_2591,q3,Figure 4.2.2-1: Logical 5GS and EPS architecture for UAV,Figure 4.2.2-1: Logical 5GS and EPS architecture for UAV Evolved Packet System LTE system EPC,1.0,0.5,-0.5,False
q1_2033,q1,Roaming with Home-routed architecture for ATSSS support (UE registered to the,Roaming with Home-routed architecture for ATSSS support (UE registered to the User Equipment mobile terminal device,1.0,0.5,-0.5,False
q1_1996,q1,Non-roaming architecture for UE behind 5G-RG using trusted N3GPP access,Non-roaming architecture for UE behind 5G-RG using trusted N3GPP access User Equipment mobile terminal device,1.0,0.5,-0.5,False
q1_304,q1,BEST Key Hierarchy for EPS networks and legacy UEs,BEST Key Hierarchy for EPS networks and legacy UEs User Equipment mobile terminal device Evolved Packet System LTE system EPC,1.0,0.5,-0.5,False
q3_3193,q3,This clause defines interactions between the CP and UP function during the following procedures related to the deactivation of a PDN connection:,This clause defines interactions between the CP and UP function during the following procedures related to the deactivation of a PDN connection: Packet Data Network PDN connection packet data,1.0,0.5,-0.5,False
q1_1110,q1,Requesting a UE's NSSAI,Requesting a UE's NSSAI User Equipment mobile terminal device,1.0,0.5,-0.5,False
q2_14,q2,What is the soft handover process from RNC to open or hybrid access HNB via HNB-GW?,What is the soft handover process from RNC to open or hybrid access HNB via HNB-GW? Home NodeB femtocell home base station,1.0,0.5,-0.5,False
q3_1453,q3,AMD PDU consists of a Data field and an AMD PDU header.,AMD PDU consists of a Data field and an AMD PDU header. Protocol Data Unit PDU session data unit,1.0,0.5,-0.5,False
q1_776,q1,Functional structure for Type 1: 5G STandalone AR (STAR) UE,Functional structure for Type 1: 5G STandalone AR (STAR) UE User Equipment mobile terminal device,1.0,0.5,-0.5,False
q2_755,q2,What is the RAN signalling process for uplink network assistance?,What is the RAN signalling process for uplink network assistance? Radio Access Network radio access base station,1.0,0.5,-0.5,False
q2_2744,q2,What is the process for IMS origination via CS access for non-ICS UE?,What is the process for IMS origination via CS access for non-ICS UE? IP Multimedia Subsystem SIP multimedia service User Equipment mobile terminal device,1.0,0.5,-0.5,False
q3_1362,q3,"In case of DC, the UE is configured with two MAC entities: one MAC entity for MeNB and one MAC entity for SeNB.","In case of DC, the UE is configured with two MAC entities: one MAC entity for MeNB and one MAC entity for SeNB. User Equipment mobile terminal device",1.0,0.5,-0.5,False
q3_1346,q3,E-UTRA defines two MAC entities; one in the UE and one in the E-UTRAN.,E-UTRA defines two MAC entities; one in the UE and one in the E-UTRAN. Evolved Universal Terrestrial Radio Access Network LTE radio access network eNB User Equipment mobile terminal device,1.0,0.5,-0.5,False
q3_1256,q3,"As description in 3GPP TS 38.300 [4], an NG-RAN node is either a gNB or an ng-eNB which are interconnected with each other by means of the Xn interface and connected with 5GC by means of the NG interface, more specifically to the AMF by means of the NG-C interface and to the UPF by means of the NG-U interface.","As description in 3GPP TS 38.300 [4], an NG-RAN node is either a gNB or an ng-eNB which are interconnected with each other by means of the Xn interface and connected with 5GC by means of the NG interface, more specifically to the AMF by means of the NG-C interface and to the UPF by means of the NG-U interface. Access and Mobility Management Function 5G core registration Next Generation Radio Access Network 5G radio access network gNB 5G Core User Plane Function next generation NodeB",1.0,0.5,-0.5,False
q3_788,q3,"Figure 6.2.3.1-1 provides a basic extension of 5G Media Streaming for immersive media downlink using a STAR UE, when all essential AR/MR functions in a UE are available for typical media processing use cases.","Figure 6.2.3.1-1 provides a basic extension of 5G Media Streaming for immersive media downlink using a STAR UE, when all essential AR/MR functions in a UE are available for typical media processing use cases. User Equipment mobile terminal device",1.0,0.5,-0.5,False
q2_1263,q2,What is the LTE coverage hole scenario with UTRAN/GERAN underlay?,What is the LTE coverage hole scenario with UTRAN/GERAN underlay? Universal Terrestrial Radio Access Network 3G radio access network NodeB,1.0,0.5,-0.5,False
q2_1242,q2,What is the transport view of the SMF NRM interface?,What is the transport view of the SMF NRM interface? Session Management Function PDU session session management,1.0,0.5,-0.5,False
q2_1213,q2,What is the process for Containment/Naming and Association in EPC NRM from Node 4?,What is the process for Containment/Naming and Association in EPC NRM from Node 4? Evolved Packet Core LTE core network MME,1.0,0.5,-0.5,False
q2_865,q2,What is the collaboration A0 diagram showing MBSF integrated within the 5GMSd AF?,What is the collaboration A0 diagram showing MBSF integrated within the 5GMSd AF? Application Function policy authorization application server,1.0,0.5,-0.5,False
q1_3613,q1,PDCP Data PDU format for sidelink DRBs for unicast with 18 bits PDCP SN,PDCP Data PDU format for sidelink DRBs for unicast with 18 bits PDCP SN Protocol Data Unit PDU session data unit,1.0,0.5,-0.5,False
q1_3557,q1,RRC Inactive to RRC Connected state transition.,RRC Inactive to RRC Connected state transition. Radio Resource Control connection setup connection release,1.0,0.5,-0.5,False
q3_299,q3,Figure 4.2.1-1 shows the EPS architecture of the extended user plane protection service for the case where the UE’s PDN connection terminates at the P-GW.,Figure 4.2.1-1 shows the EPS architecture of the extended user plane protection service for the case where the UE’s PDN connection terminates at the P-GW. Packet Data Network PDN connection packet data User Equipment mobile terminal device Evolved Packet System LTE system EPC,1.0,0.5,-0.5,False
q1_3491,q1,Model for Test Mode Control and UE Test Loop Mode A on UE side when NE-DC with,Model for Test Mode Control and UE Test Loop Mode A on UE side when NE-DC with User Equipment mobile terminal device,1.0,0.5,-0.5,False
q1_3444,q1,Automatic Neighbour Relation Function in case of E-UTRAN detected cell,Automatic Neighbour Relation Function in case of E-UTRAN detected cell Evolved Universal Terrestrial Radio Access Network LTE radio access network eNB,1.0,0.5,-0.5,False
q2_3080,q2,What is the New MSGin5G message request from UE?,What is the New MSGin5G message request from UE? User Equipment mobile terminal device,1.0,0.5,-0.5,False
q2_1456,q2,"What is the structure of the AMD PDU segment with a 10-bit SN and an 11-bit LI field length, and even number of LIs?","What is the structure of the AMD PDU segment with a 10-bit SN and an 11-bit LI field length, and even number of LIs? Protocol Data Unit PDU session data unit",1.0,0.5,-0.5,False
q2_1429,q2,What is the model for UE test loop mode H configured on the UE side to return SMS user data?,What is the model for UE test loop mode H configured on the UE side to return SMS user data? User Equipment mobile terminal device,1.0,0.5,-0.5,False
q2_1427,q2,What is the model for UE test loop mode G configured on the UE side to return downlink User data?,What is the model for UE test loop mode G configured on the UE side to return downlink User data? User Equipment mobile terminal device,1.0,0.5,-0.5,False
q2_1377,q2,What does the mobility process from an eNodeB to a Home NodeB's Closed Subscriber Group (CSG) and hybrid cells entail?,What does the mobility process from an eNodeB to a Home NodeB's Closed Subscriber Group (CSG) and hybrid cells entail? E-UTRAN NodeB LTE base station E-UTRAN Closed Subscriber Group home nodeb access subscriber group,1.0,0.5,-0.5,False
q2_1346,q2,What is the MAC structure overview from the UE side?,What is the MAC structure overview from the UE side? User Equipment mobile terminal device,1.0,0.5,-0.5,False
q1_3208,q1,Roaming 5G System architecture for V2X communication over PC5 and Uu reference,Roaming 5G System architecture for V2X communication over PC5 and Uu reference PC5 interface sidelink direct communication Vehicle to Everything vehicle communication sidelink,1.0,0.5,-0.5,False
q1_3194,q1,Interaction between CP and UP function with PDN connection deactivation Group,Interaction between CP and UP function with PDN connection deactivation Group Packet Data Network PDN connection packet data,1.0,0.5,-0.5,False
q3_755,q3,Figure 6.7-1 depicts an uplink streaming architecture where RAN signalling is employed to support uplink Network Assistance functionality.,Figure 6.7-1 depicts an uplink streaming architecture where RAN signalling is employed to support uplink Network Assistance functionality. Radio Access Network radio access base station,1.0,0.5,-0.5,False
q2_3193,q2,What is the interaction between CP and UP function during PDN connection deactivation?,What is the interaction between CP and UP function during PDN connection deactivation? Packet Data Network PDN connection packet data,1.0,0.5,-0.5,False
q3_490,q3,The architecture proposed by this solution supports co-existence with EPC.,The architecture proposed by this solution supports co-existence with EPC. Evolved Packet Core LTE core network MME,1.0,0.5,-0.5,False
q3_488,q3,The architecture proposed by this solution is similar to the existing one in EPC.,The architecture proposed by this solution is similar to the existing one in EPC. Evolved Packet Core LTE core network MME,1.0,0.5,-0.5,False
q1_3497,q1,Model for Test Mode Control and UE Test Loop Mode B on UE side when NE-DC,Model for Test Mode Control and UE Test Loop Mode B on UE side when NE-DC User Equipment mobile terminal device,1.0,0.5,-0.5,False
q1_1325,q1,"Example of coordination between NWDAF, gNB and MDAS producer for data analytics","Example of coordination between NWDAF, gNB and MDAS producer for data analytics Network Data Analytics Function analytics 5G core next generation NodeB 5G base station NG-RAN",1.0,0.3333333333333333,-0.6666666666666667,False
q2_3302,q2,What is the functional model for the application plane of the MCPTT service using EPS?,What is the functional model for the application plane of the MCPTT service using EPS? Evolved Packet System LTE system EPC Mission Critical Push To Talk mission critical service push to talk,1.0,0.3333333333333333,-0.6666666666666667,False
q2_3400,q2,What is the process flow for rejecting an inter-RAT handover from GERAN A/Gb mode to E-UTRAN?,What is the process flow for rejecting an inter-RAT handover from GERAN A/Gb mode to E-UTRAN? Evolved Universal Terrestrial Radio Access Network LTE radio access network eNB,1.0,0.3333333333333333,-0.6666666666666667,False
q2_3156,q2,What is the process for floor override when floor is revoked or rejected during an MCPTT session?,What is the process for floor override when floor is revoked or rejected during an MCPTT session? Mission Critical Push To Talk mission critical service push to talk,1.0,0.3333333333333333,-0.6666666666666667,False
q2_3097,q2,What does the legacy 3GPP UE do in response to the MSGin5G UE?,What does the legacy 3GPP UE do in response to the MSGin5G UE? User Equipment mobile terminal device,1.0,0.3333333333333333,-0.6666666666666667,False
q3_3501,q3,UE test loop mode E is mandatory to all 5GS UEs supporting NR sidelink.,UE test loop mode E is mandatory to all 5GS UEs supporting NR sidelink. User Equipment mobile terminal device,1.0,0.3333333333333333,-0.6666666666666667,False
q2_2590,q2,What is the non-roaming architecture for interworking between 5GS and EPC/E-UTRAN?,What is the non-roaming architecture for interworking between 5GS and EPC/E-UTRAN? Evolved Universal Terrestrial Radio Access Network LTE radio access network eNB Evolved Packet Core LTE core network MME,1.0,0.3333333333333333,-0.6666666666666667,False
q2_1327,q2,"What is the coordination process between NWDAF, gNB, and MDAS producer for data analytics?","What is the coordination process between NWDAF, gNB, and MDAS producer for data analytics? Network Data Analytics Function analytics 5G core next generation NodeB 5G base station NG-RAN",1.0,0.3333333333333333,-0.6666666666666667,False
q2_2552,q2,What is the functional model for the application plane of the MCPTT service using EPS?,What is the functional model for the application plane of the MCPTT service using EPS? Evolved Packet System LTE system EPC Mission Critical Push To Talk mission critical service push to talk,1.0,0.3333333333333333,-0.6666666666666667,False
q3_2239,q3,"When the UE is connected to 5GS or 5GC-N3IWF, the PGW-C+SMF may store in UDM the PGW-C+SMF FQDN for S5/S8/S2b interface, within the UE context in SMF data, when the PWG-C+SMF registers in UDM.","When the UE is connected to 5GS or 5GC-N3IWF, the PGW-C+SMF may store in UDM the PGW-C+SMF FQDN for S5/S8/S2b interface, within the UE context in SMF data, when the PWG-C+SMF registers in UDM. Unified Data Management subscriber data 5G core Session Management Function PDU session session management User Equipment mobile terminal device",1.0,0.25,-0.75,False
q3_1422,q3,The UE test loop function provides access to isolated functions of the UE via the radio interface without introducing wherever possible new physical interfaces just for the reason of conformance testing.,The UE test loop function provides access to isolated functions of the UE via the radio interface without introducing wherever possible new physical interfaces just for the reason of conformance testing. User Equipment mobile terminal device,1.0,0.25,-0.75,False
q2_1112,q2,What is the message that requests a UE's SMF selection subscription data?,What is the message that requests a UE's SMF selection subscription data? Session Management Function PDU session session management User Equipment mobile terminal device,1.0,0.25,-0.75,False
q2_2904,q2,What is the shared PLMN operator and MC service provider deployment model for the MC service?,What is the shared PLMN operator and MC service provider deployment model for the MC service? Public Land Mobile Network mobile network operator network,1.0,0.25,-0.75,False
