query_id,query_set,bm25_mrr,bge_mrr,hybrid_mrr,delta,status
q1_0,Q1,1.0,1.0,1.0,0.0,tie
q1_1,Q1,1.0,1.0,1.0,0.0,tie
q1_2,Q1,1.0,1.0,1.0,0.0,tie
q1_3,Q1,1.0,1.0,1.0,0.0,tie
q1_4,Q1,1.0,1.0,1.0,0.0,tie
q1_5,Q1,1.0,1.0,1.0,0.0,tie
q1_6,Q1,1.0,1.0,1.0,0.0,tie
q1_7,Q1,1.0,1.0,1.0,0.0,tie
q1_8,Q1,1.0,1.0,1.0,0.0,tie
q1_9,Q1,1.0,1.0,1.0,0.0,tie
q1_10,Q1,1.0,1.0,1.0,0.0,tie
q1_11,Q1,1.0,1.0,1.0,0.0,tie
q1_12,Q1,1.0,1.0,1.0,0.0,tie
q1_13,Q1,1.0,1.0,1.0,0.0,tie
q1_14,Q1,1.0,0.5,1.0,0.0,tie
q1_15,Q1,0.5,1.0,0.5,-0.5,hybrid_loss
q1_16,Q1,1.0,1.0,1.0,0.0,tie
q1_17,Q1,1.0,1.0,1.0,0.0,tie
q1_18,Q1,1.0,1.0,1.0,0.0,tie
q1_19,Q1,0.5,0.5,0.5,0.0,tie
q1_20,Q1,1.0,0.5,1.0,0.0,tie
q1_21,Q1,0.5,1.0,0.5,-0.5,hybrid_loss
q1_22,Q1,1.0,0.5,1.0,0.0,tie
q1_23,Q1,0.5,1.0,0.5,-0.5,hybrid_loss
q1_24,Q1,1.0,1.0,1.0,0.0,tie
q1_25,Q1,1.0,1.0,1.0,0.0,tie
q1_26,Q1,1.0,1.0,1.0,0.0,tie
q1_27,Q1,1.0,0.5,1.0,0.0,tie
q1_28,Q1,0.5,1.0,0.5,-0.5,hybrid_loss
q1_29,Q1,0.3333333333333333,0.3333333333333333,0.3333333333333333,0.0,tie
q1_30,Q1,1.0,1.0,1.0,0.0,tie
q1_31,Q1,0.5,0.5,0.5,0.0,tie
q1_32,Q1,1.0,0.5,1.0,0.0,tie
q1_33,Q1,0.5,1.0,0.5,-0.5,hybrid_loss
q1_34,Q1,1.0,1.0,1.0,0.0,tie
q1_35,Q1,0.5,0.5,0.5,0.0,tie
q1_36,Q1,1.0,1.0,1.0,0.0,tie
q1_37,Q1,1.0,1.0,1.0,0.0,tie
q1_38,Q1,1.0,1.0,1.0,0.0,tie
q1_39,Q1,1.0,1.0,1.0,0.0,tie
q1_40,Q1,1.0,1.0,1.0,0.0,tie
q1_41,Q1,1.0,1.0,1.0,0.0,tie
q1_42,Q1,1.0,1.0,1.0,0.0,tie
q1_43,Q1,1.0,1.0,1.0,0.0,tie
q1_44,Q1,1.0,1.0,1.0,0.0,tie
q1_45,Q1,1.0,1.0,1.0,0.0,tie
q1_46,Q1,1.0,1.0,1.0,0.0,tie
q1_47,Q1,1.0,1.0,1.0,0.0,tie
q1_48,Q1,0.5,0.5,0.5,0.0,tie
q1_49,Q1,1.0,0.3333333333333333,1.0,0.0,tie
q1_50,Q1,0.5,1.0,0.5,-0.5,hybrid_loss
q1_51,Q1,1.0,1.0,1.0,0.0,tie
q1_52,Q1,1.0,1.0,1.0,0.0,tie
q1_53,Q1,1.0,0.5,1.0,0.0,tie
q1_54,Q1,0.5,1.0,0.5,-0.5,hybrid_loss
q1_55,Q1,1.0,0.5,1.0,0.0,tie
q1_56,Q1,0.5,1.0,0.5,-0.5,hybrid_loss
q1_57,Q1,1.0,1.0,1.0,0.0,tie
q1_58,Q1,1.0,0.5,1.0,0.0,tie
q1_59,Q1,0.5,1.0,0.5,-0.5,hybrid_loss
q1_60,Q1,1.0,1.0,1.0,0.0,tie
q1_61,Q1,1.0,1.0,1.0,0.0,tie
q1_62,Q1,1.0,1.0,1.0,0.0,tie
q1_63,Q1,0.5,0.5,0.5,0.0,tie
q1_64,Q1,0.3333333333333333,0.3333333333333333,0.3333333333333333,0.0,tie
q1_65,Q1,1.0,1.0,1.0,0.0,tie
q1_66,Q1,1.0,1.0,1.0,0.0,tie
q1_67,Q1,0.5,0.5,0.5,0.0,tie
q1_68,Q1,1.0,1.0,1.0,0.0,tie
q1_69,Q1,1.0,1.0,1.0,0.0,tie
q1_70,Q1,0.5,0.5,0.5,0.0,tie
q1_71,Q1,1.0,1.0,1.0,0.0,tie
q1_72,Q1,1.0,1.0,1.0,0.0,tie
q1_73,Q1,1.0,1.0,1.0,0.0,tie
q1_74,Q1,1.0,1.0,1.0,0.0,tie
q1_75,Q1,1.0,1.0,1.0,0.0,tie
q1_76,Q1,1.0,1.0,1.0,0.0,tie
q1_77,Q1,1.0,1.0,1.0,0.0,tie
q1_78,Q1,1.0,1.0,1.0,0.0,tie
q1_79,Q1,1.0,1.0,1.0,0.0,tie
q1_80,Q1,1.0,1.0,1.0,0.0,tie
q1_81,Q1,0.3333333333333333,0.5,0.3333333333333333,-0.16666666666666669,hybrid_loss
q1_82,Q1,1.0,1.0,1.0,0.0,tie
q1_83,Q1,1.0,1.0,1.0,0.0,tie
q1_84,Q1,1.0,1.0,1.0,0.0,tie
q1_85,Q1,1.0,1.0,1.0,0.0,tie
q1_86,Q1,1.0,0.5,1.0,0.0,tie
q1_87,Q1,0.5,0.3333333333333333,0.5,0.0,tie
q1_88,Q1,0.3333333333333333,1.0,0.3333333333333333,-0.6666666666666667,hybrid_loss
q1_89,Q1,1.0,1.0,1.0,0.0,tie
q1_90,Q1,1.0,1.0,1.0,0.0,tie
q1_91,Q1,1.0,1.0,1.0,0.0,tie
q1_92,Q1,1.0,1.0,1.0,0.0,tie
q1_93,Q1,1.0,1.0,1.0,0.0,tie
q1_94,Q1,1.0,1.0,1.0,0.0,tie
q1_95,Q1,1.0,1.0,1.0,0.0,tie
q1_96,Q1,1.0,1.0,1.0,0.0,tie
q1_97,Q1,0.5,0.5,0.5,0.0,tie
q1_98,Q1,1.0,0.5,1.0,0.0,tie
q1_99,Q1,0.5,1.0,0.5,-0.5,hybrid_loss
q1_100,Q1,1.0,1.0,1.0,0.0,tie
q1_101,Q1,1.0,0.5,1.0,0.0,tie
q1_102,Q1,0.5,1.0,0.5,-0.5,hybrid_loss
q1_103,Q1,1.0,1.0,1.0,0.0,tie
q1_104,Q1,1.0,0.5,1.0,0.0,tie
q1_105,Q1,1.0,1.0,1.0,0.0,tie
q1_106,Q1,1.0,1.0,1.0,0.0,tie
q1_107,Q1,1.0,1.0,1.0,0.0,tie
q1_108,Q1,0.5,0.5,0.5,0.0,tie
q1_109,Q1,1.0,1.0,1.0,0.0,tie
q1_110,Q1,1.0,1.0,1.0,0.0,tie
q1_111,Q1,1.0,1.0,1.0,0.0,tie
q1_112,Q1,0.5,1.0,0.5,-0.5,hybrid_loss
q1_113,Q1,1.0,1.0,1.0,0.0,tie
q1_114,Q1,1.0,1.0,1.0,0.0,tie
q1_115,Q1,0.5,0.5,0.5,0.0,tie
q1_116,Q1,1.0,1.0,1.0,0.0,tie
q1_117,Q1,1.0,1.0,1.0,0.0,tie
q1_118,Q1,1.0,1.0,1.0,0.0,tie
q1_119,Q1,0.3333333333333333,0.3333333333333333,0.3333333333333333,0.0,tie
q1_120,Q1,1.0,1.0,1.0,0.0,tie
q1_121,Q1,1.0,1.0,1.0,0.0,tie
q1_122,Q1,1.0,1.0,1.0,0.0,tie
q1_123,Q1,1.0,1.0,1.0,0.0,tie
q1_124,Q1,1.0,1.0,1.0,0.0,tie
q1_125,Q1,1.0,1.0,1.0,0.0,tie
q1_126,Q1,0.5,0.5,0.5,0.0,tie
q1_127,Q1,1.0,1.0,1.0,0.0,tie
q1_128,Q1,1.0,1.0,1.0,0.0,tie
q1_129,Q1,0.5,0.5,0.5,0.0,tie
q1_130,Q1,1.0,1.0,1.0,0.0,tie
q1_131,Q1,1.0,1.0,1.0,0.0,tie
q1_132,Q1,1.0,1.0,1.0,0.0,tie
q1_133,Q1,1.0,1.0,1.0,0.0,tie
q1_134,Q1,1.0,1.0,1.0,0.0,tie
q1_135,Q1,1.0,1.0,1.0,0.0,tie
q1_136,Q1,1.0,1.0,1.0,0.0,tie
q1_137,Q1,1.0,1.0,1.0,0.0,tie
q1_138,Q1,1.0,0.5,1.0,0.0,tie
q1_139,Q1,0.5,1.0,0.5,-0.5,hybrid_loss
q1_140,Q1,1.0,1.0,1.0,0.0,tie
q1_141,Q1,1.0,1.0,1.0,0.0,tie
q1_142,Q1,1.0,1.0,1.0,0.0,tie
q1_143,Q1,1.0,1.0,1.0,0.0,tie
q1_144,Q1,1.0,1.0,1.0,0.0,tie
q1_145,Q1,0.5,0.5,0.5,0.0,tie
q1_146,Q1,1.0,1.0,1.0,0.0,tie
q1_147,Q1,1.0,1.0,1.0,0.0,tie
q1_148,Q1,1.0,1.0,1.0,0.0,tie
q1_149,Q1,1.0,1.0,1.0,0.0,tie
q1_150,Q1,1.0,0.5,1.0,0.0,tie
q1_151,Q1,0.5,1.0,0.5,-0.5,hybrid_loss
q1_152,Q1,1.0,1.0,1.0,0.0,tie
q1_153,Q1,1.0,1.0,1.0,0.0,tie
q1_154,Q1,1.0,1.0,1.0,0.0,tie
q1_155,Q1,1.0,1.0,1.0,0.0,tie
q1_156,Q1,1.0,1.0,1.0,0.0,tie
q1_157,Q1,1.0,1.0,1.0,0.0,tie
q1_158,Q1,1.0,1.0,1.0,0.0,tie
q1_159,Q1,1.0,1.0,1.0,0.0,tie
q1_160,Q1,1.0,1.0,1.0,0.0,tie
q1_161,Q1,1.0,1.0,1.0,0.0,tie
q1_162,Q1,1.0,1.0,1.0,0.0,tie
q1_163,Q1,1.0,1.0,1.0,0.0,tie
q1_164,Q1,1.0,1.0,1.0,0.0,tie
q1_165,Q1,1.0,1.0,1.0,0.0,tie
q1_166,Q1,1.0,1.0,1.0,0.0,tie
q1_167,Q1,1.0,1.0,1.0,0.0,tie
q1_168,Q1,1.0,1.0,1.0,0.0,tie
q1_169,Q1,1.0,1.0,1.0,0.0,tie
q1_170,Q1,0.5,0.5,0.5,0.0,tie
q1_171,Q1,1.0,1.0,1.0,0.0,tie
q1_172,Q1,1.0,1.0,1.0,0.0,tie
q1_173,Q1,0.5,0.5,0.5,0.0,tie
q1_174,Q1,1.0,1.0,1.0,0.0,tie
q1_175,Q1,1.0,1.0,1.0,0.0,tie
q1_176,Q1,1.0,1.0,1.0,0.0,tie
q1_177,Q1,1.0,1.0,1.0,0.0,tie
q1_178,Q1,1.0,1.0,1.0,0.0,tie
q1_179,Q1,1.0,0.5,1.0,0.0,tie
q1_180,Q1,0.5,1.0,0.5,-0.5,hybrid_loss
q1_181,Q1,1.0,1.0,1.0,0.0,tie
q1_182,Q1,1.0,1.0,1.0,0.0,tie
q1_183,Q1,1.0,1.0,1.0,0.0,tie
q1_184,Q1,1.0,1.0,1.0,0.0,tie
q1_185,Q1,1.0,1.0,1.0,0.0,tie
q1_186,Q1,1.0,1.0,1.0,0.0,tie
q1_187,Q1,0.5,0.5,0.5,0.0,tie
q1_188,Q1,1.0,1.0,1.0,0.0,tie
q1_189,Q1,1.0,1.0,1.0,0.0,tie
q1_190,Q1,1.0,1.0,1.0,0.0,tie
q1_191,Q1,1.0,1.0,1.0,0.0,tie
q1_192,Q1,1.0,1.0,1.0,0.0,tie
q1_193,Q1,1.0,1.0,1.0,0.0,tie
q1_194,Q1,1.0,1.0,1.0,0.0,tie
q1_195,Q1,1.0,1.0,1.0,0.0,tie
q1_196,Q1,1.0,0.5,1.0,0.0,tie
q1_197,Q1,0.5,1.0,0.5,-0.5,hybrid_loss
q1_198,Q1,1.0,1.0,1.0,0.0,tie
q1_199,Q1,1.0,1.0,1.0,0.0,tie
q1_200,Q1,1.0,1.0,1.0,0.0,tie
q1_201,Q1,1.0,1.0,1.0,0.0,tie
q1_202,Q1,1.0,1.0,1.0,0.0,tie
q1_203,Q1,1.0,1.0,1.0,0.0,tie
q1_204,Q1,1.0,1.0,1.0,0.0,tie
q1_205,Q1,1.0,1.0,1.0,0.0,tie
q1_206,Q1,1.0,1.0,1.0,0.0,tie
q1_207,Q1,1.0,1.0,1.0,0.0,tie
q1_208,Q1,1.0,1.0,1.0,0.0,tie
q1_209,Q1,1.0,1.0,1.0,0.0,tie
q1_210,Q1,1.0,1.0,1.0,0.0,tie
q1_211,Q1,1.0,1.0,1.0,0.0,tie
q1_212,Q1,1.0,1.0,1.0,0.0,tie
q1_213,Q1,1.0,1.0,1.0,0.0,tie
q1_214,Q1,1.0,1.0,1.0,0.0,tie
q1_215,Q1,1.0,1.0,1.0,0.0,tie
q1_216,Q1,1.0,1.0,1.0,0.0,tie
q1_217,Q1,1.0,1.0,1.0,0.0,tie
q1_218,Q1,1.0,1.0,1.0,0.0,tie
q1_219,Q1,1.0,1.0,1.0,0.0,tie
q1_220,Q1,1.0,1.0,1.0,0.0,tie
q1_221,Q1,1.0,1.0,1.0,0.0,tie
q1_222,Q1,1.0,0.5,1.0,0.0,tie
q1_223,Q1,1.0,1.0,1.0,0.0,tie
q1_224,Q1,1.0,1.0,1.0,0.0,tie
q1_225,Q1,1.0,1.0,1.0,0.0,tie
q1_226,Q1,1.0,1.0,1.0,0.0,tie
q1_227,Q1,1.0,1.0,1.0,0.0,tie
q1_228,Q1,1.0,1.0,1.0,0.0,tie
q1_229,Q1,1.0,1.0,1.0,0.0,tie
q1_230,Q1,1.0,1.0,1.0,0.0,tie
q1_231,Q1,1.0,1.0,1.0,0.0,tie
q1_232,Q1,1.0,1.0,1.0,0.0,tie
q1_233,Q1,1.0,1.0,1.0,0.0,tie
q1_234,Q1,1.0,1.0,1.0,0.0,tie
q1_235,Q1,1.0,1.0,1.0,0.0,tie
q1_236,Q1,1.0,1.0,1.0,0.0,tie
q1_237,Q1,1.0,1.0,1.0,0.0,tie
q1_238,Q1,1.0,1.0,1.0,0.0,tie
q1_239,Q1,1.0,1.0,1.0,0.0,tie
q1_240,Q1,1.0,1.0,1.0,0.0,tie
q1_241,Q1,1.0,1.0,1.0,0.0,tie
q1_242,Q1,1.0,1.0,1.0,0.0,tie
q1_243,Q1,1.0,1.0,1.0,0.0,tie
q1_244,Q1,1.0,1.0,1.0,0.0,tie
q1_245,Q1,1.0,1.0,1.0,0.0,tie
q1_246,Q1,1.0,1.0,1.0,0.0,tie
q1_247,Q1,1.0,1.0,1.0,0.0,tie
q1_248,Q1,1.0,1.0,1.0,0.0,tie
q1_249,Q1,1.0,1.0,1.0,0.0,tie
q1_250,Q1,1.0,1.0,1.0,0.0,tie
q1_251,Q1,1.0,1.0,1.0,0.0,tie
q1_252,Q1,1.0,1.0,1.0,0.0,tie
q1_253,Q1,1.0,1.0,1.0,0.0,tie
q1_254,Q1,0.5,1.0,0.5,-0.5,hybrid_loss
q1_255,Q1,1.0,1.0,1.0,0.0,tie
q1_256,Q1,1.0,1.0,1.0,0.0,tie
q1_257,Q1,1.0,1.0,1.0,0.0,tie
q1_258,Q1,1.0,1.0,1.0,0.0,tie
q1_259,Q1,1.0,1.0,1.0,0.0,tie
q1_260,Q1,1.0,1.0,1.0,0.0,tie
q1_261,Q1,1.0,1.0,1.0,0.0,tie
q1_262,Q1,1.0,1.0,1.0,0.0,tie
q1_263,Q1,1.0,1.0,1.0,0.0,tie
q1_264,Q1,1.0,1.0,1.0,0.0,tie
q1_265,Q1,1.0,1.0,1.0,0.0,tie
q1_266,Q1,1.0,1.0,1.0,0.0,tie
q1_267,Q1,1.0,1.0,1.0,0.0,tie
q1_268,Q1,1.0,1.0,1.0,0.0,tie
q1_269,Q1,1.0,1.0,1.0,0.0,tie
q1_270,Q1,1.0,1.0,1.0,0.0,tie
q1_271,Q1,1.0,1.0,1.0,0.0,tie
q1_272,Q1,1.0,1.0,1.0,0.0,tie
q1_273,Q1,1.0,1.0,1.0,0.0,tie
q1_274,Q1,1.0,1.0,1.0,0.0,tie
q1_275,Q1,1.0,1.0,1.0,0.0,tie
q1_276,Q1,1.0,1.0,1.0,0.0,tie
q1_277,Q1,1.0,1.0,1.0,0.0,tie
q1_278,Q1,1.0,1.0,1.0,0.0,tie
q1_279,Q1,1.0,1.0,1.0,0.0,tie
q1_280,Q1,1.0,1.0,1.0,0.0,tie
q1_281,Q1,1.0,1.0,1.0,0.0,tie
q1_282,Q1,1.0,1.0,1.0,0.0,tie
q1_283,Q1,1.0,1.0,1.0,0.0,tie
q1_284,Q1,1.0,0.5,1.0,0.0,tie
q1_285,Q1,0.5,0.3333333333333333,0.5,0.0,tie
q1_286,Q1,0.3333333333333333,1.0,0.3333333333333333,-0.6666666666666667,hybrid_loss
q1_287,Q1,0.5,0.5,0.5,0.0,tie
q1_288,Q1,1.0,1.0,1.0,0.0,tie
q1_289,Q1,1.0,1.0,1.0,0.0,tie
q1_290,Q1,1.0,0.5,1.0,0.0,tie
q1_291,Q1,0.5,1.0,0.5,-0.5,hybrid_loss
q1_292,Q1,1.0,1.0,1.0,0.0,tie
q1_293,Q1,1.0,1.0,1.0,0.0,tie
q1_294,Q1,1.0,1.0,1.0,0.0,tie
q1_295,Q1,1.0,1.0,1.0,0.0,tie
q1_296,Q1,1.0,1.0,1.0,0.0,tie
q1_297,Q1,1.0,0.5,1.0,0.0,tie
q1_298,Q1,0.5,1.0,0.5,-0.5,hybrid_loss
q1_299,Q1,1.0,0.5,1.0,0.0,tie
q1_300,Q1,0.5,1.0,0.5,-0.5,hybrid_loss
q1_301,Q1,1.0,1.0,1.0,0.0,tie
q1_302,Q1,1.0,1.0,1.0,0.0,tie
q1_303,Q1,1.0,1.0,1.0,0.0,tie
q1_304,Q1,0.5,0.5,0.5,0.0,tie
q1_305,Q1,1.0,1.0,1.0,0.0,tie
q1_306,Q1,1.0,1.0,1.0,0.0,tie
q1_307,Q1,1.0,0.5,1.0,0.0,tie
q1_308,Q1,0.5,1.0,0.5,-0.5,hybrid_loss
q1_309,Q1,1.0,1.0,1.0,0.0,tie
q1_310,Q1,1.0,1.0,1.0,0.0,tie
q1_311,Q1,1.0,1.0,1.0,0.0,tie
q1_312,Q1,1.0,1.0,1.0,0.0,tie
q1_313,Q1,1.0,1.0,1.0,0.0,tie
q1_314,Q1,1.0,1.0,1.0,0.0,tie
q1_315,Q1,1.0,0.5,1.0,0.0,tie
q1_316,Q1,0.5,1.0,0.5,-0.5,hybrid_loss
q1_317,Q1,1.0,1.0,1.0,0.0,tie
q1_318,Q1,1.0,1.0,1.0,0.0,tie
q1_319,Q1,1.0,1.0,1.0,0.0,tie
q1_320,Q1,1.0,1.0,1.0,0.0,tie
q1_321,Q1,1.0,1.0,1.0,0.0,tie
q1_322,Q1,1.0,1.0,1.0,0.0,tie
q1_323,Q1,1.0,1.0,1.0,0.0,tie
q1_324,Q1,1.0,1.0,1.0,0.0,tie
q1_325,Q1,1.0,1.0,1.0,0.0,tie
q1_326,Q1,1.0,1.0,1.0,0.0,tie
q1_327,Q1,0.5,0.5,0.5,0.0,tie
q1_328,Q1,1.0,1.0,1.0,0.0,tie
q1_329,Q1,1.0,1.0,1.0,0.0,tie
q1_330,Q1,1.0,1.0,1.0,0.0,tie
q1_331,Q1,1.0,1.0,1.0,0.0,tie
q1_332,Q1,1.0,1.0,1.0,0.0,tie
q1_333,Q1,1.0,1.0,1.0,0.0,tie
q1_334,Q1,1.0,1.0,1.0,0.0,tie
q1_335,Q1,1.0,1.0,1.0,0.0,tie
q1_336,Q1,0.5,0.5,0.5,0.0,tie
q1_337,Q1,1.0,1.0,1.0,0.0,tie
q1_338,Q1,1.0,1.0,1.0,0.0,tie
q1_339,Q1,1.0,1.0,1.0,0.0,tie
q1_340,Q1,1.0,1.0,1.0,0.0,tie
q1_341,Q1,1.0,1.0,1.0,0.0,tie
q1_342,Q1,1.0,1.0,1.0,0.0,tie
q1_343,Q1,1.0,1.0,1.0,0.0,tie
q1_344,Q1,1.0,0.5,1.0,0.0,tie
q1_345,Q1,0.5,1.0,0.5,-0.5,hybrid_loss
q1_346,Q1,1.0,0.25,1.0,0.0,tie
q1_347,Q1,0.5,0.3333333333333333,0.5,0.0,tie
q1_348,Q1,0.3333333333333333,1.0,0.3333333333333333,-0.6666666666666667,hybrid_loss
q1_349,Q1,0.25,0.5,0.25,-0.25,hybrid_loss
q1_350,Q1,1.0,1.0,1.0,0.0,tie
q1_351,Q1,1.0,1.0,1.0,0.0,tie
q1_352,Q1,1.0,1.0,1.0,0.0,tie
q1_353,Q1,1.0,1.0,1.0,0.0,tie
q1_354,Q1,1.0,1.0,1.0,0.0,tie
q1_355,Q1,1.0,1.0,1.0,0.0,tie
q1_356,Q1,1.0,1.0,1.0,0.0,tie
q1_357,Q1,1.0,0.5,1.0,0.0,tie
q1_358,Q1,0.5,1.0,0.5,-0.5,hybrid_loss
q1_359,Q1,1.0,1.0,1.0,0.0,tie
q1_360,Q1,1.0,1.0,1.0,0.0,tie
q1_361,Q1,1.0,1.0,1.0,0.0,tie
q1_362,Q1,0.5,0.5,0.5,0.0,tie
q1_363,Q1,1.0,1.0,1.0,0.0,tie
q1_364,Q1,1.0,1.0,1.0,0.0,tie
q1_365,Q1,1.0,1.0,1.0,0.0,tie
q1_366,Q1,1.0,1.0,1.0,0.0,tie
q1_367,Q1,1.0,1.0,1.0,0.0,tie
q1_368,Q1,1.0,1.0,1.0,0.0,tie
q1_369,Q1,1.0,1.0,1.0,0.0,tie
q1_370,Q1,1.0,1.0,1.0,0.0,tie
q1_371,Q1,1.0,1.0,1.0,0.0,tie
q1_372,Q1,1.0,1.0,1.0,0.0,tie
q1_373,Q1,1.0,1.0,1.0,0.0,tie
q1_374,Q1,1.0,1.0,1.0,0.0,tie
q1_375,Q1,1.0,1.0,1.0,0.0,tie
q1_376,Q1,1.0,1.0,1.0,0.0,tie
q1_377,Q1,1.0,1.0,1.0,0.0,tie
q1_378,Q1,1.0,1.0,1.0,0.0,tie
q1_379,Q1,1.0,1.0,1.0,0.0,tie
q1_380,Q1,1.0,1.0,1.0,0.0,tie
q1_381,Q1,1.0,1.0,1.0,0.0,tie
q1_382,Q1,1.0,1.0,1.0,0.0,tie
q1_383,Q1,1.0,1.0,1.0,0.0,tie
q1_384,Q1,1.0,1.0,1.0,0.0,tie
q1_385,Q1,1.0,1.0,1.0,0.0,tie
q1_386,Q1,1.0,1.0,1.0,0.0,tie
q1_387,Q1,1.0,1.0,1.0,0.0,tie
q1_388,Q1,1.0,1.0,1.0,0.0,tie
q1_389,Q1,1.0,1.0,1.0,0.0,tie
q1_390,Q1,1.0,1.0,1.0,0.0,tie
q1_391,Q1,1.0,1.0,1.0,0.0,tie
q1_392,Q1,1.0,1.0,1.0,0.0,tie
q1_393,Q1,1.0,1.0,1.0,0.0,tie
q1_394,Q1,1.0,1.0,1.0,0.0,tie
q1_395,Q1,1.0,1.0,1.0,0.0,tie
q1_396,Q1,1.0,1.0,1.0,0.0,tie
q1_397,Q1,1.0,1.0,1.0,0.0,tie
q1_398,Q1,1.0,1.0,1.0,0.0,tie
q1_399,Q1,1.0,1.0,1.0,0.0,tie
q1_400,Q1,1.0,1.0,1.0,0.0,tie
q1_401,Q1,1.0,1.0,1.0,0.0,tie
q1_402,Q1,1.0,1.0,1.0,0.0,tie
q1_403,Q1,1.0,1.0,1.0,0.0,tie
q1_404,Q1,1.0,1.0,1.0,0.0,tie
q1_405,Q1,1.0,1.0,1.0,0.0,tie
q1_406,Q1,1.0,1.0,1.0,0.0,tie
q1_407,Q1,1.0,1.0,1.0,0.0,tie
q1_408,Q1,1.0,1.0,1.0,0.0,tie
q1_409,Q1,1.0,1.0,1.0,0.0,tie
q1_410,Q1,1.0,1.0,1.0,0.0,tie
q1_411,Q1,1.0,1.0,1.0,0.0,tie
q1_412,Q1,1.0,0.5,1.0,0.0,tie
q1_413,Q1,1.0,1.0,1.0,0.0,tie
q1_414,Q1,0.5,0.5,0.5,0.0,tie
q1_415,Q1,0.5,0.5,0.5,0.0,tie
q1_416,Q1,1.0,1.0,1.0,0.0,tie
q1_417,Q1,1.0,1.0,1.0,0.0,tie
q1_418,Q1,0.5,1.0,0.5,-0.5,hybrid_loss
q1_419,Q1,1.0,1.0,1.0,0.0,tie
q1_420,Q1,1.0,1.0,1.0,0.0,tie
q1_421,Q1,1.0,1.0,1.0,0.0,tie
q1_422,Q1,1.0,1.0,1.0,0.0,tie
q1_423,Q1,1.0,1.0,1.0,0.0,tie
q1_424,Q1,1.0,1.0,1.0,0.0,tie
q1_425,Q1,1.0,1.0,1.0,0.0,tie
q1_426,Q1,1.0,1.0,1.0,0.0,tie
q1_427,Q1,1.0,1.0,1.0,0.0,tie
q1_428,Q1,1.0,0.5,1.0,0.0,tie
q1_429,Q1,0.5,1.0,0.5,-0.5,hybrid_loss
q1_430,Q1,1.0,1.0,1.0,0.0,tie
q1_431,Q1,1.0,1.0,1.0,0.0,tie
q1_432,Q1,1.0,1.0,1.0,0.0,tie
q1_433,Q1,1.0,1.0,1.0,0.0,tie
q1_434,Q1,1.0,1.0,1.0,0.0,tie
q1_435,Q1,1.0,1.0,1.0,0.0,tie
q1_436,Q1,1.0,1.0,1.0,0.0,tie
q1_437,Q1,1.0,1.0,1.0,0.0,tie
q1_438,Q1,1.0,1.0,1.0,0.0,tie
q1_439,Q1,1.0,1.0,1.0,0.0,tie
q1_440,Q1,1.0,0.5,1.0,0.0,tie
q1_441,Q1,0.5,0.3333333333333333,0.5,0.0,tie
q1_442,Q1,1.0,1.0,1.0,0.0,tie
q1_443,Q1,1.0,1.0,1.0,0.0,tie
q1_444,Q1,1.0,1.0,1.0,0.0,tie
q1_445,Q1,1.0,1.0,1.0,0.0,tie
q1_446,Q1,1.0,0.5,1.0,0.0,tie
q1_447,Q1,1.0,1.0,1.0,0.0,tie
q1_448,Q1,1.0,1.0,1.0,0.0,tie
q1_449,Q1,1.0,1.0,1.0,0.0,tie
q1_450,Q1,1.0,1.0,1.0,0.0,tie
q1_451,Q1,1.0,1.0,1.0,0.0,tie
q1_452,Q1,1.0,1.0,1.0,0.0,tie
q1_453,Q1,1.0,1.0,1.0,0.0,tie
q1_454,Q1,0.5,0.5,0.5,0.0,tie
q1_455,Q1,1.0,1.0,1.0,0.0,tie
q1_456,Q1,1.0,1.0,1.0,0.0,tie
q1_457,Q1,0.3333333333333333,0.3333333333333333,0.3333333333333333,0.0,tie
q1_458,Q1,1.0,1.0,1.0,0.0,tie
q1_459,Q1,1.0,1.0,1.0,0.0,tie
q1_460,Q1,1.0,1.0,1.0,0.0,tie
q1_461,Q1,1.0,1.0,1.0,0.0,tie
q1_462,Q1,1.0,1.0,1.0,0.0,tie
q1_463,Q1,1.0,0.5,1.0,0.0,tie
q1_464,Q1,0.5,1.0,0.5,-0.5,hybrid_loss
q1_465,Q1,1.0,1.0,1.0,0.0,tie
q1_466,Q1,1.0,1.0,1.0,0.0,tie
q1_467,Q1,1.0,1.0,1.0,0.0,tie
q1_468,Q1,1.0,0.5,1.0,0.0,tie
q1_469,Q1,1.0,1.0,1.0,0.0,tie
q1_470,Q1,0.5,0.5,0.5,0.0,tie
q1_471,Q1,1.0,1.0,1.0,0.0,tie
q1_472,Q1,1.0,0.5,1.0,0.0,tie
q1_473,Q1,0.5,1.0,0.5,-0.5,hybrid_loss
q1_474,Q1,1.0,1.0,1.0,0.0,tie
q1_475,Q1,1.0,1.0,1.0,0.0,tie
q1_476,Q1,1.0,1.0,1.0,0.0,tie
q1_477,Q1,1.0,1.0,1.0,0.0,tie
q1_478,Q1,1.0,1.0,1.0,0.0,tie
q1_479,Q1,1.0,1.0,1.0,0.0,tie
q1_480,Q1,1.0,1.0,1.0,0.0,tie
q1_481,Q1,1.0,1.0,1.0,0.0,tie
q1_482,Q1,1.0,1.0,1.0,0.0,tie
q1_483,Q1,1.0,1.0,1.0,0.0,tie
q1_484,Q1,1.0,1.0,1.0,0.0,tie
q1_485,Q1,1.0,1.0,1.0,0.0,tie
q1_486,Q1,1.0,1.0,1.0,0.0,tie
q1_487,Q1,1.0,0.5,1.0,0.0,tie
q1_488,Q1,0.5,1.0,0.5,-0.5,hybrid_loss
q1_489,Q1,1.0,1.0,1.0,0.0,tie
q1_490,Q1,0.5,0.5,0.5,0.0,tie
q1_491,Q1,1.0,1.0,1.0,0.0,tie
q1_492,Q1,1.0,1.0,1.0,0.0,tie
q1_493,Q1,1.0,1.0,1.0,0.0,tie
q1_494,Q1,1.0,1.0,1.0,0.0,tie
q1_495,Q1,1.0,1.0,1.0,0.0,tie
q1_496,Q1,1.0,1.0,1.0,0.0,tie
q1_497,Q1,1.0,1.0,1.0,0.0,tie
q1_498,Q1,1.0,1.0,1.0,0.0,tie
q1_499,Q1,1.0,1.0,1.0,0.0,tie
q1_500,Q1,1.0,1.0,1.0,0.0,tie
q1_501,Q1,1.0,1.0,1.0,0.0,tie
q1_502,Q1,1.0,1.0,1.0,0.0,tie
q1_503,Q1,1.0,1.0,1.0,0.0,tie
q1_504,Q1,1.0,1.0,1.0,0.0,tie
q1_505,Q1,0.5,0.5,0.5,0.0,tie
q1_506,Q1,1.0,1.0,1.0,0.0,tie
q1_507,Q1,1.0,1.0,1.0,0.0,tie
q1_508,Q1,1.0,1.0,1.0,0.0,tie
q1_509,Q1,1.0,1.0,1.0,0.0,tie
q1_510,Q1,1.0,1.0,1.0,0.0,tie
q1_511,Q1,1.0,1.0,1.0,0.0,tie
q1_512,Q1,1.0,1.0,1.0,0.0,tie
q1_513,Q1,1.0,1.0,1.0,0.0,tie
q1_514,Q1,0.5,0.5,0.5,0.0,tie
q1_515,Q1,1.0,1.0,1.0,0.0,tie
q1_516,Q1,1.0,1.0,1.0,0.0,tie
q1_517,Q1,1.0,1.0,1.0,0.0,tie
q1_518,Q1,1.0,1.0,1.0,0.0,tie
q1_519,Q1,1.0,1.0,1.0,0.0,tie
q1_520,Q1,0.5,0.5,0.5,0.0,tie
q1_521,Q1,1.0,1.0,1.0,0.0,tie
q1_522,Q1,1.0,1.0,1.0,0.0,tie
q1_523,Q1,1.0,1.0,1.0,0.0,tie
q1_524,Q1,1.0,1.0,1.0,0.0,tie
q1_525,Q1,1.0,1.0,1.0,0.0,tie
q1_526,Q1,1.0,1.0,1.0,0.0,tie
q1_527,Q1,1.0,0.5,1.0,0.0,tie
q1_528,Q1,0.5,1.0,0.5,-0.5,hybrid_loss
q1_529,Q1,1.0,1.0,1.0,0.0,tie
q1_530,Q1,0.5,0.5,0.5,0.0,tie
q1_531,Q1,1.0,1.0,1.0,0.0,tie
q1_532,Q1,1.0,1.0,1.0,0.0,tie
q1_533,Q1,1.0,1.0,1.0,0.0,tie
q1_534,Q1,0.5,0.3333333333333333,0.3333333333333333,-0.16666666666666669,hybrid_loss
q1_535,Q1,0.3333333333333333,0.5,0.5,0.0,tie
q1_536,Q1,1.0,1.0,1.0,0.0,tie
q1_537,Q1,1.0,1.0,1.0,0.0,tie
q1_538,Q1,1.0,1.0,1.0,0.0,tie
q1_539,Q1,1.0,1.0,1.0,0.0,tie
q1_540,Q1,1.0,1.0,1.0,0.0,tie
q1_541,Q1,1.0,1.0,1.0,0.0,tie
q1_542,Q1,1.0,0.5,1.0,0.0,tie
q1_543,Q1,0.5,1.0,0.5,-0.5,hybrid_loss
q1_544,Q1,1.0,1.0,1.0,0.0,tie
q1_545,Q1,1.0,0.5,1.0,0.0,tie
q1_546,Q1,0.5,1.0,0.5,-0.5,hybrid_loss
q1_547,Q1,1.0,1.0,1.0,0.0,tie
q1_548,Q1,0.5,0.5,0.5,0.0,tie
q1_549,Q1,0.3333333333333333,0.3333333333333333,0.3333333333333333,0.0,tie
q1_550,Q1,1.0,1.0,1.0,0.0,tie
q1_551,Q1,1.0,1.0,1.0,0.0,tie
q1_552,Q1,1.0,1.0,1.0,0.0,tie
q1_553,Q1,1.0,0.5,1.0,0.0,tie
q1_554,Q1,0.5,1.0,0.5,-0.5,hybrid_loss
q1_555,Q1,1.0,1.0,1.0,0.0,tie
q1_556,Q1,1.0,1.0,1.0,0.0,tie
q1_557,Q1,1.0,1.0,1.0,0.0,tie
q1_558,Q1,1.0,0.5,1.0,0.0,tie
q1_559,Q1,1.0,1.0,1.0,0.0,tie
q1_560,Q1,0.5,1.0,0.5,-0.5,hybrid_loss
q1_561,Q1,1.0,1.0,1.0,0.0,tie
q1_562,Q1,1.0,0.5,1.0,0.0,tie
q1_563,Q1,1.0,1.0,1.0,0.0,tie
q1_564,Q1,0.5,0.5,0.5,0.0,tie
q1_565,Q1,0.5,1.0,0.5,-0.5,hybrid_loss
q1_566,Q1,1.0,1.0,1.0,0.0,tie
q1_567,Q1,1.0,1.0,1.0,0.0,tie
q1_568,Q1,1.0,1.0,1.0,0.0,tie
q1_569,Q1,1.0,1.0,1.0,0.0,tie
q1_570,Q1,1.0,1.0,1.0,0.0,tie
q1_571,Q1,1.0,1.0,1.0,0.0,tie
q1_572,Q1,1.0,1.0,1.0,0.0,tie
q1_573,Q1,1.0,1.0,1.0,0.0,tie
q1_574,Q1,1.0,1.0,1.0,0.0,tie
q1_575,Q1,1.0,1.0,1.0,0.0,tie
q1_576,Q1,1.0,0.5,1.0,0.0,tie
q1_577,Q1,0.5,1.0,1.0,0.0,tie
q1_578,Q1,0.5,1.0,1.0,0.0,tie
q1_579,Q1,1.0,1.0,1.0,0.0,tie
q1_580,Q1,1.0,1.0,1.0,0.0,tie
q1_581,Q1,0.5,1.0,1.0,0.0,tie
q1_582,Q1,1.0,0.5,0.5,-0.5,hybrid_loss
q1_583,Q1,0.5,1.0,1.0,0.0,tie
q1_584,Q1,1.0,1.0,1.0,0.0,tie
q1_585,Q1,1.0,1.0,1.0,0.0,tie
q1_586,Q1,1.0,1.0,1.0,0.0,tie
q1_587,Q1,1.0,1.0,1.0,0.0,tie
q1_588,Q1,1.0,1.0,1.0,0.0,tie
q1_589,Q1,1.0,1.0,1.0,0.0,tie
q1_590,Q1,0.5,0.5,0.5,0.0,tie
q1_591,Q1,1.0,1.0,1.0,0.0,tie
q1_592,Q1,1.0,1.0,1.0,0.0,tie
q1_593,Q1,1.0,1.0,1.0,0.0,tie
q1_594,Q1,1.0,1.0,1.0,0.0,tie
q1_595,Q1,1.0,1.0,1.0,0.0,tie
q1_596,Q1,0.5,0.5,0.5,0.0,tie
q1_597,Q1,1.0,1.0,1.0,0.0,tie
q1_598,Q1,1.0,0.3333333333333333,1.0,0.0,tie
q1_599,Q1,0.5,0.2,0.5,0.0,tie
q1_600,Q1,0.3333333333333333,1.0,0.3333333333333333,-0.6666666666666667,hybrid_loss
q1_601,Q1,0.25,0.5,0.25,-0.25,hybrid_loss
q1_602,Q1,0.2,0.16666666666666666,0.2,0.0,tie
q1_603,Q1,0.16666666666666666,0.25,0.16666666666666666,-0.08333333333333334,hybrid_loss
q1_604,Q1,1.0,0.25,1.0,0.0,tie
q1_605,Q1,0.5,1.0,0.5,-0.5,hybrid_loss
q1_606,Q1,1.0,0.5,1.0,0.0,tie
q1_607,Q1,0.5,0.3333333333333333,0.5,0.0,tie
q1_608,Q1,0.3333333333333333,0.25,0.3333333333333333,0.0,tie
q1_609,Q1,0.25,1.0,0.25,-0.75,hybrid_loss
q1_610,Q1,1.0,0.25,1.0,0.0,tie
q1_611,Q1,0.5,0.3333333333333333,0.5,0.0,tie
q1_612,Q1,0.3333333333333333,0.5,0.3333333333333333,-0.16666666666666669,hybrid_loss
q1_613,Q1,0.25,1.0,0.25,-0.75,hybrid_loss
q1_614,Q1,0.3333333333333333,0.3333333333333333,0.3333333333333333,0.0,tie
q1_615,Q1,0.25,0.5,0.25,-0.25,hybrid_loss
q1_616,Q1,1.0,1.0,1.0,0.0,tie
q1_617,Q1,0.5,0.5,0.5,0.0,tie
q1_618,Q1,0.3333333333333333,0.25,0.3333333333333333,0.0,tie
q1_619,Q1,0.25,0.3333333333333333,0.25,-0.08333333333333331,hybrid_loss
q1_620,Q1,1.0,1.0,1.0,0.0,tie
q1_621,Q1,0.5,0.5,0.5,0.0,tie
q1_622,Q1,0.3333333333333333,0.25,0.3333333333333333,0.0,tie
q1_623,Q1,0.25,0.3333333333333333,0.25,-0.08333333333333331,hybrid_loss
q1_624,Q1,1.0,1.0,1.0,0.0,tie
q1_625,Q1,1.0,1.0,1.0,0.0,tie
q1_626,Q1,0.5,0.5,0.5,0.0,tie
q1_627,Q1,1.0,0.5,1.0,0.0,tie
q1_628,Q1,0.5,1.0,0.5,-0.5,hybrid_loss
q1_629,Q1,1.0,0.5,1.0,0.0,tie
q1_630,Q1,0.5,1.0,0.5,-0.5,hybrid_loss
q1_631,Q1,1.0,1.0,1.0,0.0,tie
q1_632,Q1,0.5,0.5,0.5,0.0,tie
q1_633,Q1,1.0,1.0,1.0,0.0,tie
q1_634,Q1,1.0,0.3333333333333333,1.0,0.0,tie
q1_635,Q1,0.5,0.5,0.5,0.0,tie
q1_636,Q1,0.3333333333333333,0.25,0.3333333333333333,0.0,tie
q1_637,Q1,0.25,1.0,0.25,-0.75,hybrid_loss
q1_638,Q1,1.0,0.2,1.0,0.0,tie
q1_639,Q1,0.5,0.3333333333333333,0.5,0.0,tie
q1_640,Q1,0.3333333333333333,1.0,0.3333333333333333,-0.6666666666666667,hybrid_loss
q1_641,Q1,0.25,0.5,0.25,-0.25,hybrid_loss
q1_642,Q1,0.2,0.25,0.2,-0.04999999999999999,hybrid_loss
q1_643,Q1,1.0,1.0,1.0,0.0,tie
q1_644,Q1,1.0,1.0,1.0,0.0,tie
q1_645,Q1,1.0,1.0,1.0,0.0,tie
q1_646,Q1,1.0,1.0,1.0,0.0,tie
q1_647,Q1,1.0,1.0,1.0,0.0,tie
q1_648,Q1,1.0,1.0,1.0,0.0,tie
q1_649,Q1,1.0,1.0,1.0,0.0,tie
q1_650,Q1,0.5,0.5,0.5,0.0,tie
q1_651,Q1,1.0,1.0,1.0,0.0,tie
q1_652,Q1,1.0,1.0,1.0,0.0,tie
q1_653,Q1,1.0,1.0,1.0,0.0,tie
q1_654,Q1,1.0,1.0,1.0,0.0,tie
q1_655,Q1,1.0,1.0,1.0,0.0,tie
q1_656,Q1,1.0,1.0,1.0,0.0,tie
q1_657,Q1,1.0,1.0,1.0,0.0,tie
q1_658,Q1,1.0,1.0,1.0,0.0,tie
q1_659,Q1,1.0,1.0,1.0,0.0,tie
q1_660,Q1,1.0,0.5,1.0,0.0,tie
q1_661,Q1,0.5,1.0,0.5,-0.5,hybrid_loss
q1_662,Q1,1.0,1.0,1.0,0.0,tie
q1_663,Q1,1.0,1.0,1.0,0.0,tie
q1_664,Q1,1.0,1.0,1.0,0.0,tie
q1_665,Q1,1.0,0.5,1.0,0.0,tie
q1_666,Q1,0.5,1.0,0.5,-0.5,hybrid_loss
q1_667,Q1,1.0,1.0,1.0,0.0,tie
q1_668,Q1,1.0,1.0,1.0,0.0,tie
q1_669,Q1,1.0,1.0,1.0,0.0,tie
q1_670,Q1,0.5,0.5,0.5,0.0,tie
q1_671,Q1,1.0,1.0,1.0,0.0,tie
q1_672,Q1,1.0,1.0,1.0,0.0,tie
q1_673,Q1,1.0,1.0,1.0,0.0,tie
q1_674,Q1,1.0,1.0,1.0,0.0,tie
q1_675,Q1,1.0,1.0,1.0,0.0,tie
q1_676,Q1,1.0,1.0,1.0,0.0,tie
q1_677,Q1,1.0,0.3333333333333333,1.0,0.0,tie
q1_678,Q1,1.0,1.0,1.0,0.0,tie
q1_679,Q1,1.0,1.0,1.0,0.0,tie
q1_680,Q1,1.0,0.5,1.0,0.0,tie
q1_681,Q1,0.5,1.0,0.5,-0.5,hybrid_loss
q1_682,Q1,1.0,1.0,1.0,0.0,tie
q1_683,Q1,1.0,1.0,1.0,0.0,tie
q1_684,Q1,1.0,1.0,1.0,0.0,tie
q1_685,Q1,0.5,0.5,0.5,0.0,tie
q1_686,Q1,1.0,1.0,1.0,0.0,tie
q1_687,Q1,1.0,1.0,1.0,0.0,tie
q1_688,Q1,1.0,1.0,1.0,0.0,tie
q1_689,Q1,1.0,1.0,1.0,0.0,tie
q1_690,Q1,1.0,1.0,1.0,0.0,tie
q1_691,Q1,1.0,1.0,1.0,0.0,tie
q1_692,Q1,1.0,1.0,1.0,0.0,tie
q1_693,Q1,1.0,1.0,1.0,0.0,tie
q1_694,Q1,1.0,0.5,1.0,0.0,tie
q1_695,Q1,0.5,1.0,0.5,-0.5,hybrid_loss
q1_696,Q1,1.0,0.5,1.0,0.0,tie
q1_697,Q1,0.5,1.0,0.5,-0.5,hybrid_loss
q1_698,Q1,0.3333333333333333,0.3333333333333333,0.3333333333333333,0.0,tie
q1_699,Q1,0.25,0.25,0.25,0.0,tie
q1_700,Q1,1.0,1.0,1.0,0.0,tie
q1_701,Q1,1.0,1.0,1.0,0.0,tie
q1_702,Q1,1.0,1.0,1.0,0.0,tie
q1_703,Q1,1.0,1.0,1.0,0.0,tie
q1_704,Q1,0.5,0.5,0.5,0.0,tie
q1_705,Q1,1.0,1.0,1.0,0.0,tie
q1_706,Q1,1.0,1.0,1.0,0.0,tie
q1_707,Q1,1.0,1.0,1.0,0.0,tie
q1_708,Q1,1.0,1.0,1.0,0.0,tie
q1_709,Q1,1.0,1.0,1.0,0.0,tie
q1_710,Q1,1.0,1.0,1.0,0.0,tie
q1_711,Q1,1.0,1.0,1.0,0.0,tie
q1_712,Q1,1.0,0.5,1.0,0.0,tie
q1_713,Q1,0.5,1.0,0.5,-0.5,hybrid_loss
q1_714,Q1,1.0,1.0,1.0,0.0,tie
q1_715,Q1,1.0,0.5,1.0,0.0,tie
q1_716,Q1,1.0,0.5,1.0,0.0,tie
q1_717,Q1,1.0,1.0,1.0,0.0,tie
q1_718,Q1,1.0,1.0,1.0,0.0,tie
q1_719,Q1,1.0,1.0,1.0,0.0,tie
q1_720,Q1,1.0,1.0,1.0,0.0,tie
q1_721,Q1,1.0,0.5,1.0,0.0,tie
q1_722,Q1,0.5,1.0,0.5,-0.5,hybrid_loss
q1_723,Q1,1.0,1.0,1.0,0.0,tie
q1_724,Q1,1.0,1.0,1.0,0.0,tie
q1_725,Q1,1.0,1.0,1.0,0.0,tie
q1_726,Q1,1.0,1.0,1.0,0.0,tie
q1_727,Q1,1.0,1.0,1.0,0.0,tie
q1_728,Q1,1.0,1.0,1.0,0.0,tie
q1_729,Q1,1.0,1.0,1.0,0.0,tie
q1_730,Q1,1.0,1.0,1.0,0.0,tie
q1_731,Q1,1.0,1.0,1.0,0.0,tie
q1_732,Q1,1.0,1.0,1.0,0.0,tie
q1_733,Q1,1.0,1.0,1.0,0.0,tie
q1_734,Q1,1.0,1.0,1.0,0.0,tie
q1_735,Q1,0.5,0.5,0.5,0.0,tie
q1_736,Q1,0.5,0.5,0.5,0.0,tie
q1_737,Q1,1.0,1.0,1.0,0.0,tie
q1_738,Q1,1.0,1.0,1.0,0.0,tie
q1_739,Q1,1.0,1.0,1.0,0.0,tie
q1_740,Q1,1.0,1.0,1.0,0.0,tie
q1_741,Q1,1.0,1.0,1.0,0.0,tie
q1_742,Q1,1.0,0.3333333333333333,1.0,0.0,tie
q1_743,Q1,1.0,1.0,1.0,0.0,tie
q1_744,Q1,0.5,0.5,0.5,0.0,tie
q1_745,Q1,1.0,1.0,1.0,0.0,tie
q1_746,Q1,0.5,0.5,0.5,0.0,tie
q1_747,Q1,1.0,1.0,1.0,0.0,tie
q1_748,Q1,1.0,1.0,1.0,0.0,tie
q1_749,Q1,1.0,1.0,1.0,0.0,tie
q1_750,Q1,1.0,1.0,1.0,0.0,tie
q1_751,Q1,1.0,1.0,1.0,0.0,tie
q1_752,Q1,1.0,1.0,1.0,0.0,tie
q1_753,Q1,1.0,1.0,1.0,0.0,tie
q1_754,Q1,1.0,1.0,1.0,0.0,tie
q1_755,Q1,0.5,0.5,0.5,0.0,tie
q1_756,Q1,1.0,1.0,1.0,0.0,tie
q1_757,Q1,1.0,1.0,1.0,0.0,tie
q1_758,Q1,1.0,1.0,1.0,0.0,tie
q1_759,Q1,1.0,1.0,1.0,0.0,tie
q1_760,Q1,1.0,0.5,1.0,0.0,tie
q1_761,Q1,0.5,1.0,0.5,-0.5,hybrid_loss
q1_762,Q1,1.0,1.0,1.0,0.0,tie
q1_763,Q1,1.0,0.5,1.0,0.0,tie
q1_764,Q1,0.5,1.0,0.5,-0.5,hybrid_loss
q1_765,Q1,1.0,0.5,1.0,0.0,tie
q1_766,Q1,0.5,1.0,0.5,-0.5,hybrid_loss
q1_767,Q1,1.0,1.0,1.0,0.0,tie
q1_768,Q1,1.0,1.0,1.0,0.0,tie
q1_769,Q1,0.5,0.5,0.5,0.0,tie
q1_770,Q1,1.0,1.0,1.0,0.0,tie
q1_771,Q1,1.0,1.0,1.0,0.0,tie
q1_772,Q1,1.0,1.0,1.0,0.0,tie
q1_773,Q1,1.0,1.0,1.0,0.0,tie
q1_774,Q1,1.0,1.0,1.0,0.0,tie
q1_775,Q1,1.0,1.0,1.0,0.0,tie
q1_776,Q1,0.5,0.5,0.5,0.0,tie
q1_777,Q1,1.0,1.0,1.0,0.0,tie
q1_778,Q1,1.0,1.0,1.0,0.0,tie
q1_779,Q1,1.0,1.0,1.0,0.0,tie
q1_780,Q1,1.0,1.0,1.0,0.0,tie
q1_781,Q1,1.0,1.0,1.0,0.0,tie
q1_782,Q1,1.0,1.0,1.0,0.0,tie
q1_783,Q1,1.0,1.0,1.0,0.0,tie
q1_784,Q1,1.0,1.0,1.0,0.0,tie
q1_785,Q1,1.0,1.0,1.0,0.0,tie
q1_786,Q1,1.0,1.0,1.0,0.0,tie
q1_787,Q1,1.0,1.0,1.0,0.0,tie
q1_788,Q1,1.0,1.0,1.0,0.0,tie
q1_789,Q1,0.5,0.5,0.5,0.0,tie
q1_790,Q1,1.0,1.0,1.0,0.0,tie
q1_791,Q1,1.0,1.0,1.0,0.0,tie
q1_792,Q1,1.0,1.0,1.0,0.0,tie
q1_793,Q1,0.5,0.5,0.5,0.0,tie
q1_794,Q1,1.0,1.0,1.0,0.0,tie
q1_795,Q1,1.0,1.0,1.0,0.0,tie
q1_796,Q1,1.0,1.0,1.0,0.0,tie
q1_797,Q1,1.0,0.5,1.0,0.0,tie
q1_798,Q1,0.5,1.0,0.5,-0.5,hybrid_loss
q1_799,Q1,1.0,1.0,1.0,0.0,tie
q1_800,Q1,1.0,1.0,1.0,0.0,tie
q1_801,Q1,1.0,1.0,1.0,0.0,tie
q1_802,Q1,1.0,1.0,1.0,0.0,tie
q1_803,Q1,1.0,1.0,1.0,0.0,tie
q1_804,Q1,1.0,1.0,1.0,0.0,tie
q1_805,Q1,1.0,1.0,1.0,0.0,tie
q1_806,Q1,1.0,1.0,1.0,0.0,tie
q1_807,Q1,1.0,1.0,1.0,0.0,tie
q1_808,Q1,1.0,0.5,1.0,0.0,tie
q1_809,Q1,0.5,1.0,0.5,-0.5,hybrid_loss
q1_810,Q1,1.0,1.0,1.0,0.0,tie
q1_811,Q1,1.0,1.0,1.0,0.0,tie
q1_812,Q1,1.0,1.0,1.0,0.0,tie
q1_813,Q1,1.0,1.0,1.0,0.0,tie
q1_814,Q1,1.0,1.0,1.0,0.0,tie
q1_815,Q1,1.0,1.0,1.0,0.0,tie
q1_816,Q1,0.5,0.5,0.5,0.0,tie
q1_817,Q1,1.0,1.0,1.0,0.0,tie
q1_818,Q1,1.0,1.0,1.0,0.0,tie
q1_819,Q1,1.0,1.0,1.0,0.0,tie
q1_820,Q1,1.0,1.0,1.0,0.0,tie
q1_821,Q1,1.0,1.0,1.0,0.0,tie
q1_822,Q1,1.0,0.5,1.0,0.0,tie
q1_823,Q1,0.5,1.0,0.5,-0.5,hybrid_loss
q1_824,Q1,1.0,0.5,1.0,0.0,tie
q1_825,Q1,0.5,1.0,0.5,-0.5,hybrid_loss
q1_826,Q1,1.0,1.0,1.0,0.0,tie
q1_827,Q1,1.0,1.0,1.0,0.0,tie
q1_828,Q1,1.0,1.0,1.0,0.0,tie
q1_829,Q1,1.0,1.0,1.0,0.0,tie
q1_830,Q1,1.0,1.0,1.0,0.0,tie
q1_831,Q1,1.0,1.0,1.0,0.0,tie
q1_832,Q1,1.0,1.0,1.0,0.0,tie
q1_833,Q1,1.0,1.0,1.0,0.0,tie
q1_834,Q1,1.0,1.0,1.0,0.0,tie
q1_835,Q1,0.5,0.5,0.5,0.0,tie
q1_836,Q1,1.0,1.0,1.0,0.0,tie
q1_837,Q1,1.0,1.0,1.0,0.0,tie
q1_838,Q1,1.0,1.0,1.0,0.0,tie
q1_839,Q1,1.0,1.0,1.0,0.0,tie
q1_840,Q1,1.0,1.0,1.0,0.0,tie
q1_841,Q1,1.0,1.0,1.0,0.0,tie
q1_842,Q1,1.0,1.0,1.0,0.0,tie
q1_843,Q1,1.0,1.0,1.0,0.0,tie
q1_844,Q1,1.0,1.0,1.0,0.0,tie
q1_845,Q1,1.0,1.0,1.0,0.0,tie
q1_846,Q1,1.0,1.0,1.0,0.0,tie
q1_847,Q1,1.0,1.0,1.0,0.0,tie
q1_848,Q1,1.0,1.0,1.0,0.0,tie
q1_849,Q1,1.0,1.0,1.0,0.0,tie
q1_850,Q1,1.0,1.0,1.0,0.0,tie
q1_851,Q1,1.0,1.0,1.0,0.0,tie
q1_852,Q1,0.5,0.25,0.5,0.0,tie
q1_853,Q1,1.0,0.5,1.0,0.0,tie
q1_854,Q1,1.0,1.0,1.0,0.0,tie
q1_855,Q1,1.0,0.5,1.0,0.0,tie
q1_856,Q1,1.0,1.0,1.0,0.0,tie
q1_857,Q1,1.0,1.0,1.0,0.0,tie
q1_858,Q1,1.0,1.0,1.0,0.0,tie
q1_859,Q1,1.0,1.0,1.0,0.0,tie
q1_860,Q1,1.0,1.0,1.0,0.0,tie
q1_861,Q1,1.0,1.0,1.0,0.0,tie
q1_862,Q1,1.0,1.0,1.0,0.0,tie
q1_863,Q1,1.0,1.0,1.0,0.0,tie
q1_864,Q1,1.0,1.0,1.0,0.0,tie
q1_865,Q1,0.5,0.5,0.5,0.0,tie
q1_866,Q1,1.0,1.0,1.0,0.0,tie
q1_867,Q1,0.5,0.5,0.5,0.0,tie
q1_868,Q1,1.0,0.5,1.0,0.0,tie
q1_869,Q1,0.5,1.0,0.5,-0.5,hybrid_loss
q1_870,Q1,1.0,1.0,1.0,0.0,tie
q1_871,Q1,0.5,0.5,0.5,0.0,tie
q1_872,Q1,1.0,1.0,1.0,0.0,tie
q1_873,Q1,1.0,1.0,1.0,0.0,tie
q1_874,Q1,1.0,1.0,1.0,0.0,tie
q1_875,Q1,1.0,1.0,1.0,0.0,tie
q1_876,Q1,1.0,1.0,1.0,0.0,tie
q1_877,Q1,1.0,1.0,1.0,0.0,tie
q1_878,Q1,1.0,1.0,1.0,0.0,tie
q1_879,Q1,1.0,1.0,1.0,0.0,tie
q1_880,Q1,0.5,0.5,0.5,0.0,tie
q1_881,Q1,1.0,1.0,1.0,0.0,tie
q1_882,Q1,1.0,1.0,1.0,0.0,tie
q1_883,Q1,1.0,1.0,1.0,0.0,tie
q1_884,Q1,1.0,1.0,1.0,0.0,tie
q1_885,Q1,1.0,1.0,1.0,0.0,tie
q1_886,Q1,1.0,1.0,1.0,0.0,tie
q1_887,Q1,1.0,1.0,1.0,0.0,tie
q1_888,Q1,1.0,1.0,1.0,0.0,tie
q1_889,Q1,1.0,1.0,1.0,0.0,tie
q1_890,Q1,1.0,1.0,1.0,0.0,tie
q1_891,Q1,1.0,1.0,1.0,0.0,tie
q1_892,Q1,1.0,1.0,1.0,0.0,tie
q1_893,Q1,1.0,1.0,1.0,0.0,tie
q1_894,Q1,1.0,1.0,1.0,0.0,tie
q1_895,Q1,1.0,1.0,1.0,0.0,tie
q1_896,Q1,1.0,1.0,1.0,0.0,tie
q1_897,Q1,1.0,1.0,1.0,0.0,tie
q1_898,Q1,1.0,1.0,1.0,0.0,tie
q1_899,Q1,1.0,1.0,1.0,0.0,tie
q1_900,Q1,1.0,1.0,1.0,0.0,tie
q1_901,Q1,1.0,1.0,1.0,0.0,tie
q1_902,Q1,1.0,1.0,1.0,0.0,tie
q1_903,Q1,1.0,1.0,1.0,0.0,tie
q1_904,Q1,0.5,0.5,0.5,0.0,tie
q1_905,Q1,1.0,1.0,1.0,0.0,tie
q1_906,Q1,0.3333333333333333,0.5,0.3333333333333333,-0.16666666666666669,hybrid_loss
q1_907,Q1,1.0,1.0,1.0,0.0,tie
q1_908,Q1,1.0,1.0,1.0,0.0,tie
q1_909,Q1,1.0,0.5,1.0,0.0,tie
q1_910,Q1,0.5,1.0,0.5,-0.5,hybrid_loss
q1_911,Q1,1.0,1.0,1.0,0.0,tie
q1_912,Q1,1.0,1.0,1.0,0.0,tie
q1_913,Q1,1.0,1.0,1.0,0.0,tie
q1_914,Q1,1.0,1.0,1.0,0.0,tie
q1_915,Q1,0.3333333333333333,0.3333333333333333,0.3333333333333333,0.0,tie
q1_916,Q1,1.0,1.0,1.0,0.0,tie
q1_917,Q1,1.0,1.0,1.0,0.0,tie
q1_918,Q1,1.0,1.0,1.0,0.0,tie
q1_919,Q1,1.0,1.0,1.0,0.0,tie
q1_920,Q1,1.0,1.0,1.0,0.0,tie
q1_921,Q1,1.0,0.5,1.0,0.0,tie
q1_922,Q1,0.5,1.0,0.5,-0.5,hybrid_loss
q1_923,Q1,1.0,0.5,1.0,0.0,tie
q1_924,Q1,0.5,1.0,0.5,-0.5,hybrid_loss
q1_925,Q1,1.0,1.0,1.0,0.0,tie
q1_926,Q1,0.5,0.5,0.5,0.0,tie
q1_927,Q1,0.3333333333333333,0.3333333333333333,0.3333333333333333,0.0,tie
q1_928,Q1,1.0,1.0,1.0,0.0,tie
q1_929,Q1,1.0,1.0,1.0,0.0,tie
q1_930,Q1,1.0,0.5,1.0,0.0,tie
q1_931,Q1,0.5,0.3333333333333333,0.5,0.0,tie
q1_932,Q1,0.3333333333333333,1.0,0.3333333333333333,-0.6666666666666667,hybrid_loss
q1_933,Q1,1.0,1.0,1.0,0.0,tie
q1_934,Q1,1.0,1.0,1.0,0.0,tie
q1_935,Q1,1.0,1.0,1.0,0.0,tie
q1_936,Q1,1.0,1.0,1.0,0.0,tie
q1_937,Q1,1.0,1.0,1.0,0.0,tie
q1_938,Q1,1.0,1.0,1.0,0.0,tie
q1_939,Q1,1.0,1.0,1.0,0.0,tie
q1_940,Q1,0.5,0.5,0.5,0.0,tie
q1_941,Q1,1.0,1.0,1.0,0.0,tie
q1_942,Q1,1.0,1.0,1.0,0.0,tie
q1_943,Q1,1.0,1.0,1.0,0.0,tie
q1_944,Q1,1.0,1.0,1.0,0.0,tie
q1_945,Q1,1.0,1.0,1.0,0.0,tie
q1_946,Q1,1.0,1.0,1.0,0.0,tie
q1_947,Q1,1.0,1.0,1.0,0.0,tie
q1_948,Q1,1.0,1.0,1.0,0.0,tie
q1_949,Q1,1.0,1.0,1.0,0.0,tie
q1_950,Q1,1.0,1.0,1.0,0.0,tie
q1_951,Q1,1.0,1.0,1.0,0.0,tie
q1_952,Q1,1.0,1.0,1.0,0.0,tie
q1_953,Q1,1.0,1.0,1.0,0.0,tie
q1_954,Q1,1.0,1.0,1.0,0.0,tie
q1_955,Q1,1.0,1.0,1.0,0.0,tie
q1_956,Q1,1.0,1.0,1.0,0.0,tie
q1_957,Q1,1.0,1.0,1.0,0.0,tie
q1_958,Q1,1.0,1.0,1.0,0.0,tie
q1_959,Q1,1.0,1.0,1.0,0.0,tie
q1_960,Q1,1.0,1.0,1.0,0.0,tie
q1_961,Q1,1.0,1.0,1.0,0.0,tie
q1_962,Q1,1.0,1.0,1.0,0.0,tie
q1_963,Q1,1.0,1.0,1.0,0.0,tie
q1_964,Q1,1.0,1.0,1.0,0.0,tie
q1_965,Q1,1.0,1.0,1.0,0.0,tie
q1_966,Q1,1.0,1.0,1.0,0.0,tie
q1_967,Q1,0.5,0.5,0.5,0.0,tie
q1_968,Q1,1.0,1.0,1.0,0.0,tie
q1_969,Q1,1.0,1.0,1.0,0.0,tie
q1_970,Q1,1.0,1.0,1.0,0.0,tie
q1_971,Q1,1.0,1.0,1.0,0.0,tie
q1_972,Q1,1.0,1.0,1.0,0.0,tie
q1_973,Q1,1.0,1.0,1.0,0.0,tie
q1_974,Q1,1.0,1.0,1.0,0.0,tie
q1_975,Q1,1.0,1.0,1.0,0.0,tie
q1_976,Q1,1.0,1.0,1.0,0.0,tie
q1_977,Q1,1.0,1.0,1.0,0.0,tie
q1_978,Q1,1.0,1.0,1.0,0.0,tie
q1_979,Q1,1.0,1.0,1.0,0.0,tie
q1_980,Q1,1.0,1.0,1.0,0.0,tie
q1_981,Q1,1.0,1.0,1.0,0.0,tie
q1_982,Q1,1.0,1.0,1.0,0.0,tie
q1_983,Q1,1.0,0.5,1.0,0.0,tie
q1_984,Q1,1.0,1.0,1.0,0.0,tie
q1_985,Q1,1.0,1.0,1.0,0.0,tie
q1_986,Q1,1.0,1.0,1.0,0.0,tie
q1_987,Q1,1.0,1.0,1.0,0.0,tie
q1_988,Q1,1.0,1.0,1.0,0.0,tie
q1_989,Q1,1.0,1.0,1.0,0.0,tie
q1_990,Q1,1.0,0.5,1.0,0.0,tie
q1_991,Q1,1.0,1.0,1.0,0.0,tie
q1_992,Q1,1.0,1.0,1.0,0.0,tie
q1_993,Q1,1.0,1.0,1.0,0.0,tie
q1_994,Q1,1.0,1.0,1.0,0.0,tie
q1_995,Q1,1.0,1.0,1.0,0.0,tie
q1_996,Q1,1.0,0.5,1.0,0.0,tie
q1_997,Q1,1.0,1.0,1.0,0.0,tie
q1_998,Q1,1.0,1.0,1.0,0.0,tie
q1_999,Q1,1.0,1.0,1.0,0.0,tie
q1_1000,Q1,1.0,1.0,1.0,0.0,tie
q1_1001,Q1,1.0,1.0,1.0,0.0,tie
q1_1002,Q1,1.0,1.0,1.0,0.0,tie
q1_1003,Q1,1.0,1.0,1.0,0.0,tie
q1_1004,Q1,1.0,1.0,1.0,0.0,tie
q1_1005,Q1,1.0,1.0,1.0,0.0,tie
q1_1006,Q1,1.0,1.0,1.0,0.0,tie
q1_1007,Q1,1.0,1.0,1.0,0.0,tie
q1_1008,Q1,1.0,1.0,1.0,0.0,tie
q1_1009,Q1,1.0,1.0,1.0,0.0,tie
q1_1010,Q1,1.0,1.0,1.0,0.0,tie
q1_1011,Q1,1.0,1.0,1.0,0.0,tie
q1_1012,Q1,1.0,1.0,1.0,0.0,tie
q1_1013,Q1,1.0,1.0,1.0,0.0,tie
q1_1014,Q1,1.0,1.0,1.0,0.0,tie
q1_1015,Q1,1.0,1.0,1.0,0.0,tie
q1_1016,Q1,0.5,0.5,0.5,0.0,tie
q1_1017,Q1,1.0,1.0,1.0,0.0,tie
q1_1018,Q1,1.0,0.5,1.0,0.0,tie
q1_1019,Q1,1.0,1.0,1.0,0.0,tie
q1_1020,Q1,1.0,1.0,1.0,0.0,tie
q1_1021,Q1,0.5,1.0,0.5,-0.5,hybrid_loss
q1_1022,Q1,1.0,1.0,1.0,0.0,tie
q1_1023,Q1,1.0,1.0,1.0,0.0,tie
q1_1024,Q1,1.0,1.0,1.0,0.0,tie
q1_1025,Q1,1.0,1.0,1.0,0.0,tie
q1_1026,Q1,1.0,1.0,1.0,0.0,tie
q1_1027,Q1,1.0,1.0,1.0,0.0,tie
q1_1028,Q1,1.0,1.0,1.0,0.0,tie
q1_1029,Q1,1.0,1.0,1.0,0.0,tie
q1_1030,Q1,1.0,1.0,1.0,0.0,tie
q1_1031,Q1,1.0,1.0,1.0,0.0,tie
q1_1032,Q1,1.0,1.0,1.0,0.0,tie
q1_1033,Q1,1.0,1.0,1.0,0.0,tie
q1_1034,Q1,1.0,1.0,1.0,0.0,tie
q1_1035,Q1,1.0,1.0,1.0,0.0,tie
q1_1036,Q1,1.0,1.0,1.0,0.0,tie
q1_1037,Q1,1.0,1.0,1.0,0.0,tie
q1_1038,Q1,1.0,1.0,1.0,0.0,tie
q1_1039,Q1,1.0,1.0,1.0,0.0,tie
q1_1040,Q1,1.0,1.0,1.0,0.0,tie
q1_1041,Q1,1.0,1.0,1.0,0.0,tie
q1_1042,Q1,1.0,1.0,1.0,0.0,tie
q1_1043,Q1,1.0,1.0,1.0,0.0,tie
q1_1044,Q1,1.0,1.0,1.0,0.0,tie
q1_1045,Q1,0.5,0.5,0.5,0.0,tie
q1_1046,Q1,1.0,1.0,1.0,0.0,tie
q1_1047,Q1,1.0,1.0,1.0,0.0,tie
q1_1048,Q1,1.0,1.0,1.0,0.0,tie
q1_1049,Q1,1.0,1.0,1.0,0.0,tie
q1_1050,Q1,1.0,1.0,1.0,0.0,tie
q1_1051,Q1,1.0,1.0,1.0,0.0,tie
q1_1052,Q1,1.0,1.0,1.0,0.0,tie
q1_1053,Q1,1.0,1.0,1.0,0.0,tie
q1_1054,Q1,1.0,1.0,1.0,0.0,tie
q1_1055,Q1,1.0,1.0,1.0,0.0,tie
q1_1056,Q1,1.0,1.0,1.0,0.0,tie
q1_1057,Q1,1.0,1.0,1.0,0.0,tie
q1_1058,Q1,1.0,1.0,1.0,0.0,tie
q1_1059,Q1,1.0,1.0,1.0,0.0,tie
q1_1060,Q1,1.0,1.0,1.0,0.0,tie
q1_1061,Q1,1.0,1.0,1.0,0.0,tie
q1_1062,Q1,1.0,1.0,1.0,0.0,tie
q1_1063,Q1,1.0,1.0,1.0,0.0,tie
q1_1064,Q1,1.0,1.0,1.0,0.0,tie
q1_1065,Q1,1.0,1.0,1.0,0.0,tie
q1_1066,Q1,1.0,1.0,1.0,0.0,tie
q1_1067,Q1,1.0,1.0,1.0,0.0,tie
q1_1068,Q1,1.0,1.0,1.0,0.0,tie
q1_1069,Q1,1.0,1.0,1.0,0.0,tie
q1_1070,Q1,1.0,1.0,1.0,0.0,tie
q1_1071,Q1,1.0,1.0,1.0,0.0,tie
q1_1072,Q1,1.0,1.0,1.0,0.0,tie
q1_1073,Q1,1.0,1.0,1.0,0.0,tie
q1_1074,Q1,1.0,1.0,1.0,0.0,tie
q1_1075,Q1,1.0,1.0,1.0,0.0,tie
q1_1076,Q1,1.0,1.0,1.0,0.0,tie
q1_1077,Q1,1.0,1.0,1.0,0.0,tie
q1_1078,Q1,1.0,1.0,1.0,0.0,tie
q1_1079,Q1,1.0,1.0,1.0,0.0,tie
q1_1080,Q1,1.0,1.0,1.0,0.0,tie
q1_1081,Q1,1.0,1.0,1.0,0.0,tie
q1_1082,Q1,1.0,1.0,1.0,0.0,tie
q1_1083,Q1,1.0,1.0,1.0,0.0,tie
q1_1084,Q1,1.0,1.0,1.0,0.0,tie
q1_1085,Q1,1.0,1.0,1.0,0.0,tie
q1_1086,Q1,1.0,1.0,1.0,0.0,tie
q1_1087,Q1,1.0,0.5,1.0,0.0,tie
q1_1088,Q1,0.5,1.0,0.5,-0.5,hybrid_loss
q1_1089,Q1,1.0,1.0,1.0,0.0,tie
q1_1090,Q1,1.0,1.0,1.0,0.0,tie
q1_1091,Q1,1.0,1.0,1.0,0.0,tie
q1_1092,Q1,1.0,1.0,1.0,0.0,tie
q1_1093,Q1,1.0,1.0,1.0,0.0,tie
q1_1094,Q1,1.0,1.0,1.0,0.0,tie
q1_1095,Q1,1.0,1.0,1.0,0.0,tie
q1_1096,Q1,1.0,1.0,1.0,0.0,tie
q1_1097,Q1,1.0,1.0,1.0,0.0,tie
q1_1098,Q1,1.0,1.0,1.0,0.0,tie
q1_1099,Q1,1.0,1.0,1.0,0.0,tie
q1_1100,Q1,1.0,1.0,1.0,0.0,tie
q1_1101,Q1,1.0,1.0,1.0,0.0,tie
q1_1102,Q1,1.0,1.0,1.0,0.0,tie
q1_1103,Q1,1.0,1.0,1.0,0.0,tie
q1_1104,Q1,1.0,1.0,1.0,0.0,tie
q1_1105,Q1,1.0,1.0,1.0,0.0,tie
q1_1106,Q1,0.5,0.5,0.5,0.0,tie
q1_1107,Q1,1.0,1.0,1.0,0.0,tie
q1_1108,Q1,1.0,0.5,1.0,0.0,tie
q1_1109,Q1,1.0,1.0,1.0,0.0,tie
q1_1110,Q1,1.0,1.0,1.0,0.0,tie
q1_1111,Q1,0.5,0.5,0.5,0.0,tie
q1_1112,Q1,1.0,1.0,1.0,0.0,tie
q1_1113,Q1,1.0,1.0,1.0,0.0,tie
q1_1114,Q1,1.0,1.0,1.0,0.0,tie
q1_1115,Q1,1.0,1.0,1.0,0.0,tie
q1_1116,Q1,1.0,1.0,1.0,0.0,tie
q1_1117,Q1,1.0,1.0,1.0,0.0,tie
q1_1118,Q1,1.0,1.0,1.0,0.0,tie
q1_1119,Q1,1.0,1.0,1.0,0.0,tie
q1_1120,Q1,1.0,1.0,1.0,0.0,tie
q1_1121,Q1,1.0,1.0,1.0,0.0,tie
q1_1122,Q1,1.0,1.0,1.0,0.0,tie
q1_1123,Q1,1.0,1.0,1.0,0.0,tie
q1_1124,Q1,1.0,0.3333333333333333,0.5,-0.5,hybrid_loss
q1_1125,Q1,1.0,1.0,1.0,0.0,tie
q1_1126,Q1,1.0,1.0,1.0,0.0,tie
q1_1127,Q1,1.0,1.0,1.0,0.0,tie
q1_1128,Q1,1.0,1.0,1.0,0.0,tie
q1_1129,Q1,1.0,1.0,1.0,0.0,tie
q1_1130,Q1,1.0,1.0,1.0,0.0,tie
q1_1131,Q1,1.0,1.0,1.0,0.0,tie
q1_1132,Q1,1.0,1.0,1.0,0.0,tie
q1_1133,Q1,1.0,1.0,1.0,0.0,tie
q1_1134,Q1,1.0,1.0,1.0,0.0,tie
q1_1135,Q1,1.0,1.0,1.0,0.0,tie
q1_1136,Q1,1.0,1.0,1.0,0.0,tie
q1_1137,Q1,1.0,1.0,1.0,0.0,tie
q1_1138,Q1,1.0,1.0,1.0,0.0,tie
q1_1139,Q1,1.0,1.0,1.0,0.0,tie
q1_1140,Q1,1.0,0.5,1.0,0.0,tie
q1_1141,Q1,0.5,1.0,0.5,-0.5,hybrid_loss
q1_1142,Q1,1.0,1.0,1.0,0.0,tie
q1_1143,Q1,1.0,1.0,1.0,0.0,tie
q1_1144,Q1,1.0,1.0,1.0,0.0,tie
q1_1145,Q1,1.0,1.0,1.0,0.0,tie
q1_1146,Q1,1.0,1.0,1.0,0.0,tie
q1_1147,Q1,0.5,0.5,0.5,0.0,tie
q1_1148,Q1,1.0,1.0,1.0,0.0,tie
q1_1149,Q1,1.0,1.0,1.0,0.0,tie
q1_1150,Q1,1.0,1.0,1.0,0.0,tie
q1_1151,Q1,1.0,1.0,1.0,0.0,tie
q1_1152,Q1,1.0,1.0,1.0,0.0,tie
q1_1153,Q1,1.0,1.0,1.0,0.0,tie
q1_1154,Q1,1.0,1.0,1.0,0.0,tie
q1_1155,Q1,1.0,1.0,1.0,0.0,tie
q1_1156,Q1,1.0,1.0,1.0,0.0,tie
q1_1157,Q1,1.0,1.0,1.0,0.0,tie
q1_1158,Q1,1.0,1.0,1.0,0.0,tie
q1_1159,Q1,1.0,1.0,1.0,0.0,tie
q1_1160,Q1,0.5,0.5,0.5,0.0,tie
q1_1161,Q1,1.0,1.0,1.0,0.0,tie
q1_1162,Q1,1.0,1.0,1.0,0.0,tie
q1_1163,Q1,1.0,1.0,1.0,0.0,tie
q1_1164,Q1,1.0,0.5,1.0,0.0,tie
q1_1165,Q1,0.5,1.0,0.5,-0.5,hybrid_loss
q1_1166,Q1,1.0,1.0,1.0,0.0,tie
q1_1167,Q1,1.0,1.0,1.0,0.0,tie
q1_1168,Q1,1.0,1.0,1.0,0.0,tie
q1_1169,Q1,1.0,1.0,1.0,0.0,tie
q1_1170,Q1,1.0,1.0,1.0,0.0,tie
q1_1171,Q1,1.0,1.0,1.0,0.0,tie
q1_1172,Q1,1.0,1.0,1.0,0.0,tie
q1_1173,Q1,1.0,1.0,1.0,0.0,tie
q1_1174,Q1,0.5,0.5,0.5,0.0,tie
q1_1175,Q1,1.0,1.0,1.0,0.0,tie
q1_1176,Q1,1.0,1.0,1.0,0.0,tie
q1_1177,Q1,1.0,1.0,1.0,0.0,tie
q1_1178,Q1,1.0,1.0,1.0,0.0,tie
q1_1179,Q1,0.5,0.5,0.5,0.0,tie
q1_1180,Q1,1.0,1.0,1.0,0.0,tie
q1_1181,Q1,1.0,1.0,1.0,0.0,tie
q1_1182,Q1,1.0,0.5,1.0,0.0,tie
q1_1183,Q1,0.5,1.0,0.5,-0.5,hybrid_loss
q1_1184,Q1,1.0,1.0,1.0,0.0,tie
q1_1185,Q1,1.0,1.0,1.0,0.0,tie
q1_1186,Q1,1.0,1.0,1.0,0.0,tie
q1_1187,Q1,1.0,1.0,1.0,0.0,tie
q1_1188,Q1,1.0,1.0,1.0,0.0,tie
q1_1189,Q1,0.5,0.5,0.5,0.0,tie
q1_1190,Q1,1.0,1.0,1.0,0.0,tie
q1_1191,Q1,1.0,1.0,1.0,0.0,tie
q1_1192,Q1,1.0,1.0,1.0,0.0,tie
q1_1193,Q1,1.0,1.0,1.0,0.0,tie
q1_1194,Q1,1.0,1.0,1.0,0.0,tie
q1_1195,Q1,1.0,1.0,1.0,0.0,tie
q1_1196,Q1,1.0,1.0,1.0,0.0,tie
q1_1197,Q1,1.0,1.0,1.0,0.0,tie
q1_1198,Q1,1.0,1.0,1.0,0.0,tie
q1_1199,Q1,1.0,1.0,1.0,0.0,tie
q1_1200,Q1,1.0,1.0,1.0,0.0,tie
q1_1201,Q1,1.0,1.0,1.0,0.0,tie
q1_1202,Q1,1.0,1.0,1.0,0.0,tie
q1_1203,Q1,1.0,1.0,1.0,0.0,tie
q1_1204,Q1,1.0,1.0,1.0,0.0,tie
q1_1205,Q1,1.0,1.0,1.0,0.0,tie
q1_1206,Q1,1.0,1.0,1.0,0.0,tie
q1_1207,Q1,0.5,0.5,0.5,0.0,tie
q1_1208,Q1,1.0,1.0,1.0,0.0,tie
q1_1209,Q1,1.0,1.0,1.0,0.0,tie
q1_1210,Q1,1.0,1.0,1.0,0.0,tie
q1_1211,Q1,1.0,1.0,1.0,0.0,tie
q1_1212,Q1,1.0,1.0,1.0,0.0,tie
q1_1213,Q1,1.0,1.0,1.0,0.0,tie
q1_1214,Q1,0.5,0.5,0.5,0.0,tie
q1_1215,Q1,1.0,1.0,1.0,0.0,tie
q1_1216,Q1,1.0,1.0,1.0,0.0,tie
q1_1217,Q1,1.0,1.0,1.0,0.0,tie
q1_1218,Q1,1.0,1.0,1.0,0.0,tie
q1_1219,Q1,1.0,1.0,1.0,0.0,tie
q1_1220,Q1,1.0,1.0,1.0,0.0,tie
q1_1221,Q1,1.0,1.0,1.0,0.0,tie
q1_1222,Q1,1.0,1.0,1.0,0.0,tie
q1_1223,Q1,1.0,1.0,1.0,0.0,tie
q1_1224,Q1,1.0,1.0,1.0,0.0,tie
q1_1225,Q1,1.0,1.0,1.0,0.0,tie
q1_1226,Q1,1.0,1.0,1.0,0.0,tie
q1_1227,Q1,1.0,1.0,1.0,0.0,tie
q1_1228,Q1,1.0,1.0,1.0,0.0,tie
q1_1229,Q1,1.0,1.0,1.0,0.0,tie
q1_1230,Q1,1.0,1.0,1.0,0.0,tie
q1_1231,Q1,1.0,1.0,1.0,0.0,tie
q1_1232,Q1,1.0,1.0,1.0,0.0,tie
q1_1233,Q1,1.0,1.0,1.0,0.0,tie
q1_1234,Q1,1.0,1.0,1.0,0.0,tie
q1_1235,Q1,1.0,1.0,1.0,0.0,tie
q1_1236,Q1,1.0,1.0,1.0,0.0,tie
q1_1237,Q1,1.0,1.0,1.0,0.0,tie
q1_1238,Q1,1.0,1.0,1.0,0.0,tie
q1_1239,Q1,1.0,1.0,1.0,0.0,tie
q1_1240,Q1,1.0,1.0,1.0,0.0,tie
q1_1241,Q1,1.0,1.0,1.0,0.0,tie
q1_1242,Q1,1.0,1.0,1.0,0.0,tie
q1_1243,Q1,0.5,0.5,0.5,0.0,tie
q1_1244,Q1,1.0,1.0,1.0,0.0,tie
q1_1245,Q1,1.0,1.0,1.0,0.0,tie
q1_1246,Q1,1.0,1.0,1.0,0.0,tie
q1_1247,Q1,1.0,1.0,1.0,0.0,tie
q1_1248,Q1,1.0,1.0,1.0,0.0,tie
q1_1249,Q1,1.0,1.0,1.0,0.0,tie
q1_1250,Q1,1.0,1.0,1.0,0.0,tie
q1_1251,Q1,1.0,1.0,1.0,0.0,tie
q1_1252,Q1,1.0,1.0,1.0,0.0,tie
q1_1253,Q1,1.0,1.0,1.0,0.0,tie
q1_1254,Q1,1.0,1.0,1.0,0.0,tie
q1_1255,Q1,1.0,0.5,1.0,0.0,tie
q1_1256,Q1,0.5,1.0,0.5,-0.5,hybrid_loss
q1_1257,Q1,1.0,1.0,1.0,0.0,tie
q1_1258,Q1,1.0,1.0,1.0,0.0,tie
q1_1259,Q1,1.0,1.0,1.0,0.0,tie
q1_1260,Q1,1.0,1.0,1.0,0.0,tie
q1_1261,Q1,1.0,1.0,1.0,0.0,tie
q1_1262,Q1,1.0,0.5,1.0,0.0,tie
q1_1263,Q1,0.5,1.0,0.5,-0.5,hybrid_loss
q1_1264,Q1,1.0,1.0,1.0,0.0,tie
q1_1265,Q1,0.3333333333333333,0.3333333333333333,0.3333333333333333,0.0,tie
q1_1266,Q1,1.0,1.0,1.0,0.0,tie
q1_1267,Q1,1.0,1.0,1.0,0.0,tie
q1_1268,Q1,1.0,1.0,1.0,0.0,tie
q1_1269,Q1,1.0,1.0,1.0,0.0,tie
q1_1270,Q1,1.0,1.0,1.0,0.0,tie
q1_1271,Q1,1.0,1.0,1.0,0.0,tie
q1_1272,Q1,1.0,1.0,1.0,0.0,tie
q1_1273,Q1,1.0,1.0,1.0,0.0,tie
q1_1274,Q1,1.0,1.0,1.0,0.0,tie
q1_1275,Q1,1.0,1.0,1.0,0.0,tie
q1_1276,Q1,1.0,1.0,1.0,0.0,tie
q1_1277,Q1,0.5,0.5,0.5,0.0,tie
q1_1278,Q1,1.0,1.0,1.0,0.0,tie
q1_1279,Q1,1.0,1.0,1.0,0.0,tie
q1_1280,Q1,1.0,1.0,1.0,0.0,tie
q1_1281,Q1,1.0,1.0,1.0,0.0,tie
q1_1282,Q1,1.0,1.0,1.0,0.0,tie
q1_1283,Q1,0.5,0.5,0.5,0.0,tie
q1_1284,Q1,1.0,1.0,1.0,0.0,tie
q1_1285,Q1,1.0,1.0,1.0,0.0,tie
q1_1286,Q1,1.0,1.0,1.0,0.0,tie
q1_1287,Q1,1.0,1.0,1.0,0.0,tie
q1_1288,Q1,1.0,0.5,1.0,0.0,tie
q1_1289,Q1,1.0,1.0,1.0,0.0,tie
q1_1290,Q1,0.5,1.0,0.5,-0.5,hybrid_loss
q1_1291,Q1,1.0,1.0,1.0,0.0,tie
q1_1292,Q1,1.0,1.0,1.0,0.0,tie
q1_1293,Q1,1.0,1.0,1.0,0.0,tie
q1_1294,Q1,1.0,1.0,1.0,0.0,tie
q1_1295,Q1,1.0,0.5,1.0,0.0,tie
q1_1296,Q1,0.5,1.0,0.5,-0.5,hybrid_loss
q1_1297,Q1,1.0,1.0,1.0,0.0,tie
q1_1298,Q1,1.0,1.0,1.0,0.0,tie
q1_1299,Q1,1.0,1.0,1.0,0.0,tie
q1_1300,Q1,1.0,1.0,1.0,0.0,tie
q1_1301,Q1,1.0,1.0,1.0,0.0,tie
q1_1302,Q1,1.0,1.0,1.0,0.0,tie
q1_1303,Q1,1.0,1.0,1.0,0.0,tie
q1_1304,Q1,1.0,1.0,1.0,0.0,tie
q1_1305,Q1,1.0,1.0,1.0,0.0,tie
q1_1306,Q1,1.0,1.0,1.0,0.0,tie
q1_1307,Q1,1.0,1.0,1.0,0.0,tie
q1_1308,Q1,1.0,1.0,1.0,0.0,tie
q1_1309,Q1,1.0,1.0,1.0,0.0,tie
q1_1310,Q1,1.0,1.0,1.0,0.0,tie
q1_1311,Q1,1.0,1.0,1.0,0.0,tie
q1_1312,Q1,1.0,1.0,1.0,0.0,tie
q1_1313,Q1,0.5,0.5,0.5,0.0,tie
q1_1314,Q1,1.0,1.0,1.0,0.0,tie
q1_1315,Q1,1.0,1.0,1.0,0.0,tie
q1_1316,Q1,1.0,1.0,1.0,0.0,tie
q1_1317,Q1,1.0,1.0,1.0,0.0,tie
q1_1318,Q1,0.5,0.5,0.5,0.0,tie
q1_1319,Q1,1.0,1.0,1.0,0.0,tie
q1_1320,Q1,1.0,1.0,1.0,0.0,tie
q1_1321,Q1,1.0,1.0,1.0,0.0,tie
q1_1322,Q1,1.0,1.0,1.0,0.0,tie
q1_1323,Q1,1.0,1.0,1.0,0.0,tie
q1_1324,Q1,0.5,0.5,0.5,0.0,tie
q1_1325,Q1,1.0,0.5,1.0,0.0,tie
q1_1326,Q1,0.5,1.0,0.5,-0.5,hybrid_loss
q1_1327,Q1,0.3333333333333333,0.3333333333333333,0.3333333333333333,0.0,tie
q1_1328,Q1,1.0,1.0,1.0,0.0,tie
q1_1329,Q1,1.0,1.0,1.0,0.0,tie
q1_1330,Q1,1.0,1.0,1.0,0.0,tie
q1_1331,Q1,1.0,1.0,1.0,0.0,tie
q1_1332,Q1,1.0,1.0,1.0,0.0,tie
q1_1333,Q1,0.5,0.5,0.5,0.0,tie
q1_1334,Q1,1.0,0.5,1.0,0.0,tie
q1_1335,Q1,0.5,1.0,0.5,-0.5,hybrid_loss
q1_1336,Q1,1.0,1.0,1.0,0.0,tie
q1_1337,Q1,1.0,1.0,1.0,0.0,tie
q1_1338,Q1,1.0,0.5,1.0,0.0,tie
q1_1339,Q1,0.5,1.0,0.5,-0.5,hybrid_loss
q1_1340,Q1,1.0,0.5,1.0,0.0,tie
q1_1341,Q1,0.5,1.0,0.5,-0.5,hybrid_loss
q1_1342,Q1,1.0,1.0,1.0,0.0,tie
q1_1343,Q1,1.0,0.3333333333333333,1.0,0.0,tie
q1_1344,Q1,1.0,0.5,1.0,0.0,tie
q1_1345,Q1,1.0,0.5,1.0,0.0,tie
q1_1346,Q1,0.5,1.0,0.5,-0.5,hybrid_loss
q1_1347,Q1,1.0,1.0,1.0,0.0,tie
q1_1348,Q1,1.0,1.0,1.0,0.0,tie
q1_1349,Q1,1.0,1.0,1.0,0.0,tie
q1_1350,Q1,1.0,1.0,1.0,0.0,tie
q1_1351,Q1,1.0,1.0,1.0,0.0,tie
q1_1352,Q1,1.0,0.5,1.0,0.0,tie
q1_1353,Q1,0.5,1.0,0.5,-0.5,hybrid_loss
q1_1354,Q1,1.0,1.0,1.0,0.0,tie
q1_1355,Q1,1.0,1.0,1.0,0.0,tie
q1_1356,Q1,1.0,1.0,1.0,0.0,tie
q1_1357,Q1,1.0,1.0,1.0,0.0,tie
q1_1358,Q1,1.0,1.0,1.0,0.0,tie
q1_1359,Q1,1.0,1.0,1.0,0.0,tie
q1_1360,Q1,1.0,1.0,1.0,0.0,tie
q1_1361,Q1,1.0,1.0,1.0,0.0,tie
q1_1362,Q1,1.0,1.0,1.0,0.0,tie
q1_1363,Q1,0.5,0.5,0.5,0.0,tie
q1_1364,Q1,1.0,1.0,1.0,0.0,tie
q1_1365,Q1,1.0,1.0,1.0,0.0,tie
q1_1366,Q1,1.0,1.0,1.0,0.0,tie
q1_1367,Q1,1.0,1.0,1.0,0.0,tie
q1_1368,Q1,1.0,1.0,1.0,0.0,tie
q1_1369,Q1,1.0,0.5,1.0,0.0,tie
q1_1370,Q1,0.5,1.0,0.5,-0.5,hybrid_loss
q1_1371,Q1,1.0,1.0,1.0,0.0,tie
q1_1372,Q1,1.0,1.0,1.0,0.0,tie
q1_1373,Q1,1.0,1.0,1.0,0.0,tie
q1_1374,Q1,1.0,1.0,1.0,0.0,tie
q1_1375,Q1,1.0,1.0,1.0,0.0,tie
q1_1376,Q1,1.0,1.0,1.0,0.0,tie
q1_1377,Q1,1.0,1.0,1.0,0.0,tie
q1_1378,Q1,1.0,1.0,1.0,0.0,tie
q1_1379,Q1,1.0,1.0,1.0,0.0,tie
q1_1380,Q1,1.0,1.0,1.0,0.0,tie
q1_1381,Q1,1.0,1.0,1.0,0.0,tie
q1_1382,Q1,1.0,1.0,1.0,0.0,tie
q1_1383,Q1,1.0,1.0,1.0,0.0,tie
q1_1384,Q1,1.0,1.0,1.0,0.0,tie
q1_1385,Q1,1.0,1.0,1.0,0.0,tie
q1_1386,Q1,0.5,0.5,0.5,0.0,tie
q1_1387,Q1,1.0,1.0,1.0,0.0,tie
q1_1388,Q1,1.0,1.0,1.0,0.0,tie
q1_1389,Q1,1.0,1.0,1.0,0.0,tie
q1_1390,Q1,1.0,1.0,1.0,0.0,tie
q1_1391,Q1,1.0,1.0,1.0,0.0,tie
q1_1392,Q1,1.0,1.0,1.0,0.0,tie
q1_1393,Q1,1.0,1.0,1.0,0.0,tie
q1_1394,Q1,1.0,1.0,1.0,0.0,tie
q1_1395,Q1,1.0,1.0,1.0,0.0,tie
q1_1396,Q1,1.0,1.0,1.0,0.0,tie
q1_1397,Q1,1.0,1.0,1.0,0.0,tie
q1_1398,Q1,1.0,1.0,1.0,0.0,tie
q1_1399,Q1,1.0,1.0,1.0,0.0,tie
q1_1400,Q1,1.0,0.5,1.0,0.0,tie
q1_1401,Q1,0.5,1.0,0.5,-0.5,hybrid_loss
q1_1402,Q1,1.0,0.5,1.0,0.0,tie
q1_1403,Q1,1.0,1.0,1.0,0.0,tie
q1_1404,Q1,1.0,1.0,1.0,0.0,tie
q1_1405,Q1,1.0,1.0,1.0,0.0,tie
q1_1406,Q1,1.0,1.0,1.0,0.0,tie
q1_1407,Q1,1.0,0.5,1.0,0.0,tie
q1_1408,Q1,0.5,1.0,0.5,-0.5,hybrid_loss
q1_1409,Q1,1.0,0.5,1.0,0.0,tie
q1_1410,Q1,0.5,1.0,0.5,-0.5,hybrid_loss
q1_1411,Q1,1.0,1.0,1.0,0.0,tie
q1_1412,Q1,1.0,1.0,1.0,0.0,tie
q1_1413,Q1,1.0,1.0,1.0,0.0,tie
q1_1414,Q1,1.0,1.0,1.0,0.0,tie
q1_1415,Q1,1.0,1.0,1.0,0.0,tie
q1_1416,Q1,1.0,0.5,1.0,0.0,tie
q1_1417,Q1,1.0,1.0,1.0,0.0,tie
q1_1418,Q1,1.0,1.0,1.0,0.0,tie
q1_1419,Q1,1.0,1.0,1.0,0.0,tie
q1_1420,Q1,1.0,1.0,1.0,0.0,tie
q1_1421,Q1,1.0,1.0,1.0,0.0,tie
q1_1422,Q1,0.5,0.5,0.5,0.0,tie
q1_1423,Q1,1.0,1.0,1.0,0.0,tie
q1_1424,Q1,0.5,0.5,0.5,0.0,tie
q1_1425,Q1,1.0,1.0,1.0,0.0,tie
q1_1426,Q1,1.0,0.5,1.0,0.0,tie
q1_1427,Q1,0.5,1.0,0.5,-0.5,hybrid_loss
q1_1428,Q1,1.0,1.0,1.0,0.0,tie
q1_1429,Q1,0.5,0.5,0.5,0.0,tie
q1_1430,Q1,1.0,1.0,1.0,0.0,tie
q1_1431,Q1,1.0,1.0,1.0,0.0,tie
q1_1432,Q1,1.0,1.0,1.0,0.0,tie
q1_1433,Q1,1.0,1.0,1.0,0.0,tie
q1_1434,Q1,0.5,0.5,0.5,0.0,tie
q1_1435,Q1,1.0,1.0,1.0,0.0,tie
q1_1436,Q1,1.0,0.3333333333333333,1.0,0.0,tie
q1_1437,Q1,0.3333333333333333,1.0,0.3333333333333333,-0.6666666666666667,hybrid_loss
q1_1438,Q1,1.0,1.0,1.0,0.0,tie
q1_1439,Q1,1.0,1.0,1.0,0.0,tie
q1_1440,Q1,1.0,0.5,1.0,0.0,tie
q1_1441,Q1,0.5,1.0,0.5,-0.5,hybrid_loss
q1_1442,Q1,1.0,1.0,1.0,0.0,tie
q1_1443,Q1,1.0,1.0,1.0,0.0,tie
q1_1444,Q1,1.0,1.0,1.0,0.0,tie
q1_1445,Q1,1.0,1.0,1.0,0.0,tie
q1_1446,Q1,1.0,0.5,1.0,0.0,tie
q1_1447,Q1,1.0,0.5,1.0,0.0,tie
q1_1448,Q1,1.0,0.5,1.0,0.0,tie
q1_1449,Q1,1.0,1.0,1.0,0.0,tie
q1_1450,Q1,1.0,0.5,1.0,0.0,tie
q1_1451,Q1,0.5,1.0,0.5,-0.5,hybrid_loss
q1_1452,Q1,1.0,1.0,1.0,0.0,tie
q1_1453,Q1,0.5,0.5,0.5,0.0,tie
q1_1454,Q1,1.0,1.0,1.0,0.0,tie
q1_1455,Q1,1.0,1.0,1.0,0.0,tie
q1_1456,Q1,1.0,1.0,1.0,0.0,tie
q1_1457,Q1,0.5,0.5,0.5,0.0,tie
q1_1458,Q1,1.0,0.5,1.0,0.0,tie
q1_1459,Q1,0.5,1.0,0.5,-0.5,hybrid_loss
q1_1460,Q1,1.0,1.0,1.0,0.0,tie
q1_1461,Q1,1.0,1.0,1.0,0.0,tie
q1_1462,Q1,1.0,1.0,1.0,0.0,tie
q1_1463,Q1,1.0,1.0,1.0,0.0,tie
q1_1464,Q1,1.0,1.0,1.0,0.0,tie
q1_1465,Q1,1.0,1.0,1.0,0.0,tie
q1_1466,Q1,1.0,1.0,1.0,0.0,tie
q1_1467,Q1,1.0,1.0,1.0,0.0,tie
q1_1468,Q1,0.25,0.5,0.25,-0.25,hybrid_loss
q1_1469,Q1,0.5,1.0,0.5,-0.5,hybrid_loss
q1_1470,Q1,1.0,1.0,1.0,0.0,tie
q1_1471,Q1,1.0,1.0,1.0,0.0,tie
q1_1472,Q1,1.0,1.0,1.0,0.0,tie
q1_1473,Q1,1.0,1.0,1.0,0.0,tie
q1_1474,Q1,1.0,1.0,1.0,0.0,tie
q1_1475,Q1,1.0,1.0,1.0,0.0,tie
q1_1476,Q1,0.5,0.5,0.5,0.0,tie
q1_1477,Q1,1.0,1.0,1.0,0.0,tie
q1_1478,Q1,1.0,1.0,1.0,0.0,tie
q1_1479,Q1,1.0,1.0,1.0,0.0,tie
q1_1480,Q1,1.0,1.0,1.0,0.0,tie
q1_1481,Q1,1.0,1.0,1.0,0.0,tie
q1_1482,Q1,1.0,1.0,1.0,0.0,tie
q1_1483,Q1,1.0,1.0,1.0,0.0,tie
q1_1484,Q1,1.0,1.0,1.0,0.0,tie
q1_1485,Q1,1.0,1.0,1.0,0.0,tie
q1_1486,Q1,1.0,1.0,1.0,0.0,tie
q1_1487,Q1,1.0,1.0,1.0,0.0,tie
q1_1488,Q1,1.0,1.0,1.0,0.0,tie
q1_1489,Q1,1.0,1.0,1.0,0.0,tie
q1_1490,Q1,1.0,1.0,1.0,0.0,tie
q1_1491,Q1,1.0,1.0,1.0,0.0,tie
q1_1492,Q1,0.5,0.5,0.5,0.0,tie
q1_1493,Q1,0.5,1.0,0.5,-0.5,hybrid_loss
q1_1494,Q1,1.0,1.0,1.0,0.0,tie
q1_1495,Q1,1.0,1.0,1.0,0.0,tie
q1_1496,Q1,1.0,1.0,1.0,0.0,tie
q1_1497,Q1,1.0,1.0,1.0,0.0,tie
q1_1498,Q1,1.0,1.0,1.0,0.0,tie
q1_1499,Q1,1.0,1.0,1.0,0.0,tie
q1_1500,Q1,1.0,1.0,1.0,0.0,tie
q1_1501,Q1,1.0,1.0,1.0,0.0,tie
q1_1502,Q1,1.0,1.0,1.0,0.0,tie
q1_1503,Q1,1.0,1.0,1.0,0.0,tie
q1_1504,Q1,1.0,1.0,1.0,0.0,tie
q1_1505,Q1,1.0,1.0,1.0,0.0,tie
q1_1506,Q1,1.0,1.0,1.0,0.0,tie
q1_1507,Q1,1.0,1.0,1.0,0.0,tie
q1_1508,Q1,1.0,1.0,1.0,0.0,tie
q1_1509,Q1,1.0,0.5,1.0,0.0,tie
q1_1510,Q1,1.0,0.5,1.0,0.0,tie
q1_1511,Q1,1.0,0.5,1.0,0.0,tie
q1_1512,Q1,1.0,1.0,1.0,0.0,tie
q1_1513,Q1,0.5,0.5,0.5,0.0,tie
q1_1514,Q1,1.0,0.5,1.0,0.0,tie
q1_1515,Q1,0.5,1.0,0.5,-0.5,hybrid_loss
q1_1516,Q1,1.0,1.0,1.0,0.0,tie
q1_1517,Q1,1.0,1.0,1.0,0.0,tie
q1_1518,Q1,0.25,0.25,0.25,0.0,tie
q1_1519,Q1,0.2,1.0,0.2,-0.8,hybrid_loss
q1_1520,Q1,1.0,1.0,1.0,0.0,tie
q1_1521,Q1,1.0,1.0,1.0,0.0,tie
q1_1522,Q1,1.0,1.0,1.0,0.0,tie
q1_1523,Q1,1.0,1.0,1.0,0.0,tie
q1_1524,Q1,1.0,1.0,1.0,0.0,tie
q1_1525,Q1,1.0,1.0,1.0,0.0,tie
q1_1526,Q1,1.0,1.0,1.0,0.0,tie
q1_1527,Q1,1.0,1.0,1.0,0.0,tie
q1_1528,Q1,1.0,1.0,1.0,0.0,tie
q1_1529,Q1,0.5,0.5,0.5,0.0,tie
q1_1530,Q1,1.0,1.0,1.0,0.0,tie
q1_1531,Q1,1.0,1.0,1.0,0.0,tie
q1_1532,Q1,1.0,1.0,1.0,0.0,tie
q1_1533,Q1,1.0,1.0,1.0,0.0,tie
q1_1534,Q1,1.0,1.0,1.0,0.0,tie
q1_1535,Q1,1.0,1.0,1.0,0.0,tie
q1_1536,Q1,1.0,1.0,1.0,0.0,tie
q1_1537,Q1,1.0,0.5,1.0,0.0,tie
q1_1538,Q1,1.0,1.0,1.0,0.0,tie
q1_1539,Q1,1.0,1.0,1.0,0.0,tie
q1_1540,Q1,1.0,1.0,1.0,0.0,tie
q1_1541,Q1,1.0,1.0,1.0,0.0,tie
q1_1542,Q1,1.0,1.0,1.0,0.0,tie
q1_1543,Q1,1.0,1.0,1.0,0.0,tie
q1_1544,Q1,0.5,0.5,0.5,0.0,tie
q1_1545,Q1,1.0,1.0,1.0,0.0,tie
q1_1546,Q1,1.0,1.0,1.0,0.0,tie
q1_1547,Q1,1.0,0.3333333333333333,1.0,0.0,tie
q1_1548,Q1,1.0,1.0,1.0,0.0,tie
q1_1549,Q1,0.5,1.0,0.5,-0.5,hybrid_loss
q1_1550,Q1,1.0,1.0,1.0,0.0,tie
q1_1551,Q1,1.0,0.5,1.0,0.0,tie
q1_1552,Q1,1.0,1.0,1.0,0.0,tie
q1_1553,Q1,1.0,0.5,1.0,0.0,tie
q1_1554,Q1,1.0,1.0,1.0,0.0,tie
q1_1555,Q1,0.5,0.3333333333333333,0.5,0.0,tie
q1_1556,Q1,1.0,1.0,1.0,0.0,tie
q1_1557,Q1,0.3333333333333333,0.5,0.3333333333333333,-0.16666666666666669,hybrid_loss
q1_1558,Q1,0.5,1.0,0.5,-0.5,hybrid_loss
q1_1559,Q1,1.0,1.0,1.0,0.0,tie
q1_1560,Q1,0.5,1.0,0.5,-0.5,hybrid_loss
q1_1561,Q1,1.0,1.0,1.0,0.0,tie
q1_1562,Q1,1.0,1.0,1.0,0.0,tie
q1_1563,Q1,1.0,1.0,1.0,0.0,tie
q1_1564,Q1,1.0,1.0,1.0,0.0,tie
q1_1565,Q1,1.0,1.0,1.0,0.0,tie
q1_1566,Q1,1.0,1.0,1.0,0.0,tie
q1_1567,Q1,1.0,1.0,1.0,0.0,tie
q1_1568,Q1,1.0,1.0,1.0,0.0,tie
q1_1569,Q1,1.0,1.0,1.0,0.0,tie
q1_1570,Q1,1.0,1.0,1.0,0.0,tie
q1_1571,Q1,1.0,1.0,1.0,0.0,tie
q1_1572,Q1,1.0,1.0,1.0,0.0,tie
q1_1573,Q1,1.0,1.0,1.0,0.0,tie
q1_1574,Q1,1.0,1.0,1.0,0.0,tie
q1_1575,Q1,1.0,1.0,1.0,0.0,tie
q1_1576,Q1,1.0,1.0,1.0,0.0,tie
q1_1577,Q1,1.0,1.0,1.0,0.0,tie
q1_1578,Q1,1.0,1.0,1.0,0.0,tie
q1_1579,Q1,1.0,1.0,1.0,0.0,tie
q1_1580,Q1,1.0,1.0,1.0,0.0,tie
q1_1581,Q1,1.0,1.0,1.0,0.0,tie
q1_1582,Q1,1.0,1.0,1.0,0.0,tie
q1_1583,Q1,1.0,1.0,1.0,0.0,tie
q1_1584,Q1,1.0,1.0,1.0,0.0,tie
q1_1585,Q1,1.0,1.0,1.0,0.0,tie
q1_1586,Q1,1.0,1.0,1.0,0.0,tie
q1_1587,Q1,1.0,1.0,1.0,0.0,tie
q1_1588,Q1,1.0,1.0,1.0,0.0,tie
q1_1589,Q1,1.0,1.0,1.0,0.0,tie
q1_1590,Q1,1.0,1.0,1.0,0.0,tie
q1_1591,Q1,1.0,1.0,1.0,0.0,tie
q1_1592,Q1,1.0,1.0,1.0,0.0,tie
q1_1593,Q1,1.0,1.0,1.0,0.0,tie
q1_1594,Q1,0.5,0.5,0.5,0.0,tie
q1_1595,Q1,1.0,1.0,1.0,0.0,tie
q1_1596,Q1,1.0,1.0,1.0,0.0,tie
q1_1597,Q1,1.0,1.0,1.0,0.0,tie
q1_1598,Q1,1.0,1.0,1.0,0.0,tie
q1_1599,Q1,1.0,1.0,1.0,0.0,tie
q1_1600,Q1,1.0,1.0,1.0,0.0,tie
q1_1601,Q1,1.0,1.0,1.0,0.0,tie
q1_1602,Q1,1.0,1.0,1.0,0.0,tie
q1_1603,Q1,1.0,1.0,1.0,0.0,tie
q1_1604,Q1,1.0,1.0,1.0,0.0,tie
q1_1605,Q1,1.0,1.0,1.0,0.0,tie
q1_1606,Q1,1.0,1.0,1.0,0.0,tie
q1_1607,Q1,1.0,1.0,1.0,0.0,tie
q1_1608,Q1,1.0,1.0,1.0,0.0,tie
q1_1609,Q1,0.5,0.5,0.5,0.0,tie
q1_1610,Q1,1.0,0.5,1.0,0.0,tie
q1_1611,Q1,0.5,1.0,0.5,-0.5,hybrid_loss
q1_1612,Q1,1.0,1.0,1.0,0.0,tie
q1_1613,Q1,1.0,1.0,1.0,0.0,tie
q1_1614,Q1,1.0,1.0,1.0,0.0,tie
q1_1615,Q1,1.0,1.0,1.0,0.0,tie
q1_1616,Q1,1.0,1.0,1.0,0.0,tie
q1_1617,Q1,1.0,1.0,1.0,0.0,tie
q1_1618,Q1,1.0,1.0,1.0,0.0,tie
q1_1619,Q1,1.0,1.0,1.0,0.0,tie
q1_1620,Q1,1.0,1.0,1.0,0.0,tie
q1_1621,Q1,1.0,1.0,1.0,0.0,tie
q1_1622,Q1,1.0,1.0,1.0,0.0,tie
q1_1623,Q1,1.0,0.5,1.0,0.0,tie
q1_1624,Q1,0.5,1.0,0.5,-0.5,hybrid_loss
q1_1625,Q1,1.0,0.5,1.0,0.0,tie
q1_1626,Q1,0.5,1.0,0.5,-0.5,hybrid_loss
q1_1627,Q1,1.0,1.0,1.0,0.0,tie
q1_1628,Q1,1.0,1.0,1.0,0.0,tie
q1_1629,Q1,1.0,1.0,1.0,0.0,tie
q1_1630,Q1,0.5,0.5,0.5,0.0,tie
q1_1631,Q1,1.0,1.0,1.0,0.0,tie
q1_1632,Q1,1.0,0.5,1.0,0.0,tie
q1_1633,Q1,0.5,1.0,0.5,-0.5,hybrid_loss
q1_1634,Q1,1.0,0.5,1.0,0.0,tie
q1_1635,Q1,0.5,0.3333333333333333,0.5,0.0,tie
q1_1636,Q1,0.3333333333333333,1.0,0.3333333333333333,-0.6666666666666667,hybrid_loss
q1_1637,Q1,0.25,0.25,0.25,0.0,tie
q1_1638,Q1,1.0,1.0,1.0,0.0,tie
q1_1639,Q1,1.0,1.0,1.0,0.0,tie
q1_1640,Q1,1.0,1.0,1.0,0.0,tie
q1_1641,Q1,1.0,1.0,1.0,0.0,tie
q1_1642,Q1,1.0,1.0,1.0,0.0,tie
q1_1643,Q1,0.5,0.5,0.5,0.0,tie
q1_1644,Q1,1.0,1.0,1.0,0.0,tie
q1_1645,Q1,1.0,1.0,1.0,0.0,tie
q1_1646,Q1,1.0,1.0,1.0,0.0,tie
q1_1647,Q1,0.5,0.5,0.5,0.0,tie
q1_1648,Q1,1.0,1.0,1.0,0.0,tie
q1_1649,Q1,0.5,0.5,0.5,0.0,tie
q1_1650,Q1,0.3333333333333333,0.3333333333333333,0.3333333333333333,0.0,tie
q1_1651,Q1,1.0,0.3333333333333333,1.0,0.0,tie
q1_1652,Q1,0.5,0.25,0.5,0.0,tie
q1_1653,Q1,1.0,1.0,1.0,0.0,tie
q1_1654,Q1,1.0,1.0,1.0,0.0,tie
q1_1655,Q1,0.5,0.5,0.3333333333333333,-0.16666666666666669,hybrid_loss
q1_1656,Q1,1.0,1.0,1.0,0.0,tie
q1_1657,Q1,1.0,1.0,1.0,0.0,tie
q1_1658,Q1,1.0,1.0,1.0,0.0,tie
q1_1659,Q1,1.0,1.0,1.0,0.0,tie
q1_1660,Q1,1.0,1.0,1.0,0.0,tie
q1_1661,Q1,1.0,1.0,1.0,0.0,tie
q1_1662,Q1,1.0,1.0,1.0,0.0,tie
q1_1663,Q1,0.5,1.0,1.0,0.0,tie
q1_1664,Q1,1.0,1.0,1.0,0.0,tie
q1_1665,Q1,1.0,1.0,1.0,0.0,tie
q1_1666,Q1,1.0,1.0,1.0,0.0,tie
q1_1667,Q1,1.0,1.0,1.0,0.0,tie
q1_1668,Q1,1.0,1.0,1.0,0.0,tie
q1_1669,Q1,1.0,1.0,1.0,0.0,tie
q1_1670,Q1,1.0,1.0,1.0,0.0,tie
q1_1671,Q1,1.0,1.0,1.0,0.0,tie
q1_1672,Q1,1.0,1.0,1.0,0.0,tie
q1_1673,Q1,1.0,1.0,1.0,0.0,tie
q1_1674,Q1,1.0,1.0,1.0,0.0,tie
q1_1675,Q1,1.0,1.0,1.0,0.0,tie
q1_1676,Q1,1.0,1.0,1.0,0.0,tie
q1_1677,Q1,1.0,1.0,1.0,0.0,tie
q1_1678,Q1,1.0,1.0,1.0,0.0,tie
q1_1679,Q1,1.0,0.5,1.0,0.0,tie
q1_1680,Q1,1.0,1.0,1.0,0.0,tie
q1_1681,Q1,1.0,1.0,1.0,0.0,tie
q1_1682,Q1,1.0,1.0,1.0,0.0,tie
q1_1683,Q1,1.0,0.5,1.0,0.0,tie
q1_1684,Q1,0.5,1.0,0.5,-0.5,hybrid_loss
q1_1685,Q1,1.0,1.0,1.0,0.0,tie
q1_1686,Q1,1.0,1.0,1.0,0.0,tie
q1_1687,Q1,1.0,1.0,1.0,0.0,tie
q1_1688,Q1,1.0,1.0,1.0,0.0,tie
q1_1689,Q1,1.0,1.0,1.0,0.0,tie
q1_1690,Q1,1.0,1.0,1.0,0.0,tie
q1_1691,Q1,1.0,1.0,1.0,0.0,tie
q1_1692,Q1,1.0,1.0,1.0,0.0,tie
q1_1693,Q1,1.0,1.0,1.0,0.0,tie
q1_1694,Q1,1.0,1.0,1.0,0.0,tie
q1_1695,Q1,1.0,1.0,1.0,0.0,tie
q1_1696,Q1,1.0,1.0,1.0,0.0,tie
q1_1697,Q1,1.0,1.0,1.0,0.0,tie
q1_1698,Q1,1.0,1.0,1.0,0.0,tie
q1_1699,Q1,1.0,1.0,1.0,0.0,tie
q1_1700,Q1,1.0,1.0,1.0,0.0,tie
q1_1701,Q1,1.0,1.0,1.0,0.0,tie
q1_1702,Q1,1.0,1.0,1.0,0.0,tie
q1_1703,Q1,1.0,1.0,1.0,0.0,tie
q1_1704,Q1,1.0,1.0,1.0,0.0,tie
q1_1705,Q1,1.0,1.0,1.0,0.0,tie
q1_1706,Q1,1.0,1.0,1.0,0.0,tie
q1_1707,Q1,1.0,1.0,1.0,0.0,tie
q1_1708,Q1,1.0,1.0,1.0,0.0,tie
q1_1709,Q1,1.0,1.0,1.0,0.0,tie
q1_1710,Q1,1.0,1.0,1.0,0.0,tie
q1_1711,Q1,1.0,1.0,1.0,0.0,tie
q1_1712,Q1,1.0,1.0,1.0,0.0,tie
q1_1713,Q1,1.0,1.0,1.0,0.0,tie
q1_1714,Q1,1.0,1.0,1.0,0.0,tie
q1_1715,Q1,1.0,1.0,1.0,0.0,tie
q1_1716,Q1,1.0,1.0,1.0,0.0,tie
q1_1717,Q1,1.0,1.0,1.0,0.0,tie
q1_1718,Q1,1.0,1.0,1.0,0.0,tie
q1_1719,Q1,1.0,1.0,1.0,0.0,tie
q1_1720,Q1,1.0,1.0,1.0,0.0,tie
q1_1721,Q1,1.0,1.0,1.0,0.0,tie
q1_1722,Q1,1.0,1.0,1.0,0.0,tie
q1_1723,Q1,1.0,1.0,1.0,0.0,tie
q1_1724,Q1,1.0,1.0,1.0,0.0,tie
q1_1725,Q1,1.0,1.0,1.0,0.0,tie
q1_1726,Q1,1.0,1.0,1.0,0.0,tie
q1_1727,Q1,1.0,1.0,1.0,0.0,tie
q1_1728,Q1,1.0,1.0,1.0,0.0,tie
q1_1729,Q1,1.0,1.0,1.0,0.0,tie
q1_1730,Q1,1.0,1.0,1.0,0.0,tie
q1_1731,Q1,1.0,1.0,1.0,0.0,tie
q1_1732,Q1,1.0,1.0,1.0,0.0,tie
q1_1733,Q1,1.0,1.0,1.0,0.0,tie
q1_1734,Q1,1.0,1.0,1.0,0.0,tie
q1_1735,Q1,1.0,1.0,1.0,0.0,tie
q1_1736,Q1,1.0,1.0,1.0,0.0,tie
q1_1737,Q1,1.0,1.0,1.0,0.0,tie
q1_1738,Q1,1.0,1.0,1.0,0.0,tie
q1_1739,Q1,1.0,1.0,1.0,0.0,tie
q1_1740,Q1,1.0,1.0,1.0,0.0,tie
q1_1741,Q1,1.0,1.0,1.0,0.0,tie
q1_1742,Q1,1.0,1.0,1.0,0.0,tie
q1_1743,Q1,1.0,1.0,1.0,0.0,tie
q1_1744,Q1,1.0,1.0,1.0,0.0,tie
q1_1745,Q1,1.0,1.0,1.0,0.0,tie
q1_1746,Q1,1.0,1.0,1.0,0.0,tie
q1_1747,Q1,1.0,1.0,1.0,0.0,tie
q1_1748,Q1,1.0,1.0,1.0,0.0,tie
q1_1749,Q1,1.0,1.0,1.0,0.0,tie
q1_1750,Q1,1.0,1.0,1.0,0.0,tie
q1_1751,Q1,1.0,1.0,1.0,0.0,tie
q1_1752,Q1,1.0,1.0,1.0,0.0,tie
q1_1753,Q1,1.0,0.5,1.0,0.0,tie
q1_1754,Q1,0.5,1.0,0.5,-0.5,hybrid_loss
q1_1755,Q1,1.0,1.0,1.0,0.0,tie
q1_1756,Q1,1.0,1.0,1.0,0.0,tie
q1_1757,Q1,1.0,1.0,1.0,0.0,tie
q1_1758,Q1,1.0,0.5,1.0,0.0,tie
q1_1759,Q1,1.0,1.0,1.0,0.0,tie
q1_1760,Q1,1.0,1.0,1.0,0.0,tie
q1_1761,Q1,1.0,1.0,1.0,0.0,tie
q1_1762,Q1,1.0,1.0,1.0,0.0,tie
q1_1763,Q1,1.0,1.0,1.0,0.0,tie
q1_1764,Q1,1.0,1.0,1.0,0.0,tie
q1_1765,Q1,1.0,1.0,1.0,0.0,tie
q1_1766,Q1,1.0,1.0,1.0,0.0,tie
q1_1767,Q1,1.0,0.3333333333333333,1.0,0.0,tie
q1_1768,Q1,1.0,1.0,1.0,0.0,tie
q1_1769,Q1,1.0,1.0,1.0,0.0,tie
q1_1770,Q1,1.0,1.0,1.0,0.0,tie
q1_1771,Q1,1.0,0.5,1.0,0.0,tie
q1_1772,Q1,0.5,1.0,0.5,-0.5,hybrid_loss
q1_1773,Q1,1.0,1.0,1.0,0.0,tie
q1_1774,Q1,1.0,1.0,1.0,0.0,tie
q1_1775,Q1,1.0,1.0,1.0,0.0,tie
q1_1776,Q1,1.0,1.0,1.0,0.0,tie
q1_1777,Q1,1.0,0.3333333333333333,1.0,0.0,tie
q1_1778,Q1,1.0,1.0,1.0,0.0,tie
q1_1779,Q1,1.0,1.0,1.0,0.0,tie
q1_1780,Q1,1.0,1.0,1.0,0.0,tie
q1_1781,Q1,1.0,1.0,1.0,0.0,tie
q1_1782,Q1,1.0,1.0,1.0,0.0,tie
q1_1783,Q1,1.0,1.0,1.0,0.0,tie
q1_1784,Q1,1.0,1.0,1.0,0.0,tie
q1_1785,Q1,1.0,1.0,1.0,0.0,tie
q1_1786,Q1,1.0,1.0,1.0,0.0,tie
q1_1787,Q1,1.0,1.0,1.0,0.0,tie
q1_1788,Q1,1.0,1.0,1.0,0.0,tie
q1_1789,Q1,1.0,1.0,1.0,0.0,tie
q1_1790,Q1,1.0,1.0,1.0,0.0,tie
q1_1791,Q1,1.0,1.0,1.0,0.0,tie
q1_1792,Q1,1.0,1.0,1.0,0.0,tie
q1_1793,Q1,1.0,1.0,1.0,0.0,tie
q1_1794,Q1,1.0,1.0,1.0,0.0,tie
q1_1795,Q1,1.0,1.0,1.0,0.0,tie
q1_1796,Q1,1.0,1.0,1.0,0.0,tie
q1_1797,Q1,1.0,1.0,1.0,0.0,tie
q1_1798,Q1,1.0,1.0,1.0,0.0,tie
q1_1799,Q1,1.0,1.0,1.0,0.0,tie
q1_1800,Q1,1.0,1.0,1.0,0.0,tie
q1_1801,Q1,1.0,1.0,1.0,0.0,tie
q1_1802,Q1,0.5,0.25,0.5,0.0,tie
q1_1803,Q1,0.5,0.5,0.5,0.0,tie
q1_1804,Q1,1.0,0.5,1.0,0.0,tie
q1_1805,Q1,1.0,1.0,1.0,0.0,tie
q1_1806,Q1,1.0,1.0,1.0,0.0,tie
q1_1807,Q1,1.0,1.0,1.0,0.0,tie
q1_1808,Q1,1.0,1.0,1.0,0.0,tie
q1_1809,Q1,1.0,1.0,1.0,0.0,tie
q1_1810,Q1,1.0,1.0,1.0,0.0,tie
q1_1811,Q1,1.0,1.0,1.0,0.0,tie
q1_1812,Q1,1.0,1.0,1.0,0.0,tie
q1_1813,Q1,1.0,1.0,1.0,0.0,tie
q1_1814,Q1,1.0,0.5,1.0,0.0,tie
q1_1815,Q1,1.0,0.3333333333333333,1.0,0.0,tie
q1_1816,Q1,1.0,1.0,1.0,0.0,tie
q1_1817,Q1,0.5,1.0,0.5,-0.5,hybrid_loss
q1_1818,Q1,1.0,1.0,1.0,0.0,tie
q1_1819,Q1,1.0,1.0,1.0,0.0,tie
q1_1820,Q1,1.0,1.0,1.0,0.0,tie
q1_1821,Q1,1.0,1.0,1.0,0.0,tie
q1_1822,Q1,1.0,1.0,1.0,0.0,tie
q1_1823,Q1,1.0,1.0,1.0,0.0,tie
q1_1824,Q1,1.0,1.0,1.0,0.0,tie
q1_1825,Q1,1.0,1.0,1.0,0.0,tie
q1_1826,Q1,1.0,1.0,1.0,0.0,tie
q1_1827,Q1,1.0,1.0,1.0,0.0,tie
q1_1828,Q1,1.0,1.0,1.0,0.0,tie
q1_1829,Q1,1.0,1.0,1.0,0.0,tie
q1_1830,Q1,1.0,1.0,1.0,0.0,tie
q1_1831,Q1,1.0,0.5,1.0,0.0,tie
q1_1832,Q1,1.0,1.0,1.0,0.0,tie
q1_1833,Q1,1.0,1.0,1.0,0.0,tie
q1_1834,Q1,1.0,1.0,1.0,0.0,tie
q1_1835,Q1,1.0,1.0,1.0,0.0,tie
q1_1836,Q1,1.0,1.0,1.0,0.0,tie
q1_1837,Q1,1.0,0.5,1.0,0.0,tie
q1_1838,Q1,1.0,1.0,1.0,0.0,tie
q1_1839,Q1,1.0,1.0,1.0,0.0,tie
q1_1840,Q1,1.0,1.0,1.0,0.0,tie
q1_1841,Q1,1.0,1.0,1.0,0.0,tie
q1_1842,Q1,1.0,1.0,1.0,0.0,tie
q1_1843,Q1,1.0,1.0,1.0,0.0,tie
q1_1844,Q1,1.0,1.0,1.0,0.0,tie
q1_1845,Q1,1.0,1.0,1.0,0.0,tie
q1_1846,Q1,0.5,1.0,0.5,-0.5,hybrid_loss
q1_1847,Q1,1.0,1.0,1.0,0.0,tie
q1_1848,Q1,1.0,1.0,1.0,0.0,tie
q1_1849,Q1,1.0,1.0,1.0,0.0,tie
q1_1850,Q1,1.0,1.0,1.0,0.0,tie
q1_1851,Q1,1.0,1.0,1.0,0.0,tie
q1_1852,Q1,0.5,0.5,0.5,0.0,tie
q1_1853,Q1,1.0,1.0,1.0,0.0,tie
q1_1854,Q1,1.0,1.0,1.0,0.0,tie
q1_1855,Q1,1.0,1.0,1.0,0.0,tie
q1_1856,Q1,1.0,1.0,1.0,0.0,tie
q1_1857,Q1,1.0,1.0,1.0,0.0,tie
q1_1858,Q1,0.5,1.0,0.5,-0.5,hybrid_loss
q1_1859,Q1,1.0,1.0,1.0,0.0,tie
q1_1860,Q1,1.0,1.0,1.0,0.0,tie
q1_1861,Q1,1.0,1.0,1.0,0.0,tie
q1_1862,Q1,1.0,1.0,1.0,0.0,tie
q1_1863,Q1,1.0,1.0,1.0,0.0,tie
q1_1864,Q1,1.0,1.0,1.0,0.0,tie
q1_1865,Q1,1.0,1.0,1.0,0.0,tie
q1_1866,Q1,1.0,1.0,1.0,0.0,tie
q1_1867,Q1,1.0,1.0,1.0,0.0,tie
q1_1868,Q1,1.0,1.0,1.0,0.0,tie
q1_1869,Q1,1.0,1.0,1.0,0.0,tie
q1_1870,Q1,0.5,1.0,0.5,-0.5,hybrid_loss
q1_1871,Q1,1.0,1.0,1.0,0.0,tie
q1_1872,Q1,1.0,1.0,1.0,0.0,tie
q1_1873,Q1,1.0,0.5,1.0,0.0,tie
q1_1874,Q1,1.0,1.0,1.0,0.0,tie
q1_1875,Q1,1.0,1.0,1.0,0.0,tie
q1_1876,Q1,0.5,1.0,0.5,-0.5,hybrid_loss
q1_1877,Q1,1.0,1.0,1.0,0.0,tie
q1_1878,Q1,1.0,1.0,1.0,0.0,tie
q1_1879,Q1,1.0,1.0,1.0,0.0,tie
q1_1880,Q1,1.0,1.0,1.0,0.0,tie
q1_1881,Q1,1.0,1.0,1.0,0.0,tie
q1_1882,Q1,1.0,1.0,1.0,0.0,tie
q1_1883,Q1,1.0,1.0,1.0,0.0,tie
q1_1884,Q1,1.0,1.0,1.0,0.0,tie
q1_1885,Q1,1.0,1.0,1.0,0.0,tie
q1_1886,Q1,1.0,1.0,1.0,0.0,tie
q1_1887,Q1,1.0,1.0,1.0,0.0,tie
q1_1888,Q1,1.0,1.0,1.0,0.0,tie
q1_1889,Q1,1.0,1.0,1.0,0.0,tie
q1_1890,Q1,1.0,1.0,1.0,0.0,tie
q1_1891,Q1,1.0,0.3333333333333333,1.0,0.0,tie
q1_1892,Q1,0.5,1.0,0.5,-0.5,hybrid_loss
q1_1893,Q1,1.0,1.0,1.0,0.0,tie
q1_1894,Q1,1.0,1.0,1.0,0.0,tie
q1_1895,Q1,1.0,1.0,1.0,0.0,tie
q1_1896,Q1,1.0,1.0,1.0,0.0,tie
q1_1897,Q1,1.0,1.0,1.0,0.0,tie
q1_1898,Q1,1.0,0.5,0.5,-0.5,hybrid_loss
q1_1899,Q1,1.0,1.0,1.0,0.0,tie
q1_1900,Q1,1.0,1.0,1.0,0.0,tie
q1_1901,Q1,1.0,1.0,1.0,0.0,tie
q1_1902,Q1,1.0,1.0,1.0,0.0,tie
q1_1903,Q1,1.0,1.0,1.0,0.0,tie
q1_1904,Q1,1.0,1.0,1.0,0.0,tie
q1_1905,Q1,1.0,1.0,1.0,0.0,tie
q1_1906,Q1,1.0,1.0,1.0,0.0,tie
q1_1907,Q1,1.0,1.0,1.0,0.0,tie
q1_1908,Q1,1.0,1.0,1.0,0.0,tie
q1_1909,Q1,1.0,1.0,1.0,0.0,tie
q1_1910,Q1,1.0,1.0,1.0,0.0,tie
q1_1911,Q1,1.0,1.0,1.0,0.0,tie
q1_1912,Q1,1.0,1.0,1.0,0.0,tie
q1_1913,Q1,1.0,1.0,1.0,0.0,tie
q1_1914,Q1,1.0,1.0,1.0,0.0,tie
q1_1915,Q1,1.0,1.0,1.0,0.0,tie
q1_1916,Q1,1.0,1.0,1.0,0.0,tie
q1_1917,Q1,1.0,1.0,1.0,0.0,tie
q1_1918,Q1,1.0,1.0,1.0,0.0,tie
q1_1919,Q1,1.0,1.0,1.0,0.0,tie
q1_1920,Q1,1.0,1.0,1.0,0.0,tie
q1_1921,Q1,1.0,1.0,1.0,0.0,tie
q1_1922,Q1,1.0,1.0,1.0,0.0,tie
q1_1923,Q1,1.0,1.0,1.0,0.0,tie
q1_1924,Q1,1.0,1.0,1.0,0.0,tie
q1_1925,Q1,1.0,1.0,1.0,0.0,tie
q1_1926,Q1,1.0,1.0,1.0,0.0,tie
q1_1927,Q1,1.0,1.0,1.0,0.0,tie
q1_1928,Q1,0.5,0.5,0.5,0.0,tie
q1_1929,Q1,1.0,1.0,1.0,0.0,tie
q1_1930,Q1,1.0,1.0,1.0,0.0,tie
q1_1931,Q1,1.0,1.0,1.0,0.0,tie
q1_1932,Q1,1.0,1.0,1.0,0.0,tie
q1_1933,Q1,1.0,1.0,1.0,0.0,tie
q1_1934,Q1,1.0,1.0,1.0,0.0,tie
q1_1935,Q1,1.0,1.0,1.0,0.0,tie
q1_1936,Q1,1.0,1.0,1.0,0.0,tie
q1_1937,Q1,1.0,1.0,1.0,0.0,tie
q1_1938,Q1,1.0,1.0,1.0,0.0,tie
q1_1939,Q1,1.0,1.0,1.0,0.0,tie
q1_1940,Q1,1.0,1.0,1.0,0.0,tie
q1_1941,Q1,1.0,1.0,1.0,0.0,tie
q1_1942,Q1,1.0,1.0,1.0,0.0,tie
q1_1943,Q1,1.0,1.0,1.0,0.0,tie
q1_1944,Q1,1.0,1.0,1.0,0.0,tie
q1_1945,Q1,1.0,1.0,1.0,0.0,tie
q1_1946,Q1,0.5,1.0,1.0,0.0,tie
q1_1947,Q1,1.0,1.0,1.0,0.0,tie
q1_1948,Q1,1.0,1.0,1.0,0.0,tie
q1_1949,Q1,1.0,1.0,1.0,0.0,tie
q1_1950,Q1,1.0,1.0,1.0,0.0,tie
q1_1951,Q1,1.0,1.0,1.0,0.0,tie
q1_1952,Q1,1.0,1.0,1.0,0.0,tie
q1_1953,Q1,1.0,1.0,1.0,0.0,tie
q1_1954,Q1,1.0,1.0,1.0,0.0,tie
q1_1955,Q1,1.0,1.0,1.0,0.0,tie
q1_1956,Q1,1.0,1.0,1.0,0.0,tie
q1_1957,Q1,1.0,1.0,1.0,0.0,tie
q1_1958,Q1,1.0,0.5,1.0,0.0,tie
q1_1959,Q1,1.0,1.0,1.0,0.0,tie
q1_1960,Q1,1.0,1.0,1.0,0.0,tie
q1_1961,Q1,1.0,1.0,1.0,0.0,tie
q1_1962,Q1,1.0,0.5,1.0,0.0,tie
q1_1963,Q1,0.5,1.0,0.5,-0.5,hybrid_loss
q1_1964,Q1,1.0,1.0,1.0,0.0,tie
q1_1965,Q1,1.0,1.0,1.0,0.0,tie
q1_1966,Q1,1.0,1.0,1.0,0.0,tie
q1_1967,Q1,1.0,1.0,1.0,0.0,tie
q1_1968,Q1,1.0,1.0,1.0,0.0,tie
q1_1969,Q1,1.0,0.5,1.0,0.0,tie
q1_1970,Q1,0.5,1.0,0.5,-0.5,hybrid_loss
q1_1971,Q1,1.0,1.0,1.0,0.0,tie
q1_1972,Q1,1.0,1.0,1.0,0.0,tie
q1_1973,Q1,1.0,1.0,1.0,0.0,tie
q1_1974,Q1,1.0,1.0,1.0,0.0,tie
q1_1975,Q1,1.0,1.0,1.0,0.0,tie
q1_1976,Q1,1.0,1.0,1.0,0.0,tie
q1_1977,Q1,1.0,1.0,1.0,0.0,tie
q1_1978,Q1,1.0,1.0,1.0,0.0,tie
q1_1979,Q1,0.5,0.5,0.5,0.0,tie
q1_1980,Q1,1.0,1.0,1.0,0.0,tie
q1_1981,Q1,1.0,1.0,1.0,0.0,tie
q1_1982,Q1,1.0,1.0,1.0,0.0,tie
q1_1983,Q1,0.3333333333333333,0.3333333333333333,0.5,0.16666666666666669,hybrid_win
q1_1984,Q1,1.0,1.0,1.0,0.0,tie
q1_1985,Q1,1.0,1.0,1.0,0.0,tie
q1_1986,Q1,0.5,0.5,0.5,0.0,tie
q1_1987,Q1,1.0,1.0,1.0,0.0,tie
q1_1988,Q1,1.0,1.0,1.0,0.0,tie
q1_1989,Q1,1.0,1.0,1.0,0.0,tie
q1_1990,Q1,1.0,1.0,1.0,0.0,tie
q1_1991,Q1,1.0,1.0,1.0,0.0,tie
q1_1992,Q1,1.0,1.0,1.0,0.0,tie
q1_1993,Q1,1.0,1.0,1.0,0.0,tie
q1_1994,Q1,1.0,1.0,1.0,0.0,tie
q1_1995,Q1,0.3333333333333333,0.5,0.5,0.0,tie
q1_1996,Q1,1.0,1.0,1.0,0.0,tie
q1_1997,Q1,0.5,0.5,0.5,0.0,tie
q1_1998,Q1,1.0,1.0,1.0,0.0,tie
q1_1999,Q1,1.0,1.0,1.0,0.0,tie
q1_2000,Q1,1.0,1.0,1.0,0.0,tie
q1_2001,Q1,1.0,1.0,1.0,0.0,tie
q1_2002,Q1,1.0,1.0,1.0,0.0,tie
q1_2003,Q1,1.0,1.0,1.0,0.0,tie
q1_2004,Q1,1.0,1.0,1.0,0.0,tie
q1_2005,Q1,1.0,1.0,1.0,0.0,tie
q1_2006,Q1,1.0,1.0,1.0,0.0,tie
q1_2007,Q1,1.0,1.0,1.0,0.0,tie
q1_2008,Q1,1.0,1.0,1.0,0.0,tie
q1_2009,Q1,1.0,1.0,1.0,0.0,tie
q1_2010,Q1,1.0,1.0,1.0,0.0,tie
q1_2011,Q1,1.0,1.0,1.0,0.0,tie
q1_2012,Q1,1.0,1.0,1.0,0.0,tie
q1_2013,Q1,1.0,1.0,1.0,0.0,tie
q1_2014,Q1,1.0,1.0,1.0,0.0,tie
q1_2015,Q1,1.0,1.0,1.0,0.0,tie
q1_2016,Q1,1.0,1.0,1.0,0.0,tie
q1_2017,Q1,1.0,1.0,1.0,0.0,tie
q1_2018,Q1,1.0,1.0,1.0,0.0,tie
q1_2019,Q1,1.0,1.0,1.0,0.0,tie
q1_2020,Q1,1.0,1.0,1.0,0.0,tie
q1_2021,Q1,0.5,0.5,0.5,0.0,tie
q1_2022,Q1,1.0,1.0,1.0,0.0,tie
q1_2023,Q1,0.5,0.5,0.5,0.0,tie
q1_2024,Q1,1.0,0.25,1.0,0.0,tie
q1_2025,Q1,0.5,0.3333333333333333,0.5,0.0,tie
q1_2026,Q1,1.0,1.0,1.0,0.0,tie
q1_2027,Q1,0.5,0.3333333333333333,0.5,0.0,tie
q1_2028,Q1,0.3333333333333333,0.5,0.3333333333333333,-0.16666666666666669,hybrid_loss
q1_2029,Q1,1.0,1.0,1.0,0.0,tie
q1_2030,Q1,1.0,1.0,1.0,0.0,tie
q1_2031,Q1,1.0,1.0,1.0,0.0,tie
q1_2032,Q1,1.0,1.0,1.0,0.0,tie
q1_2033,Q1,0.5,0.5,0.5,0.0,tie
q1_2034,Q1,1.0,1.0,1.0,0.0,tie
q1_2035,Q1,1.0,0.3333333333333333,1.0,0.0,tie
q1_2036,Q1,1.0,1.0,1.0,0.0,tie
q1_2037,Q1,1.0,1.0,1.0,0.0,tie
q1_2038,Q1,1.0,1.0,1.0,0.0,tie
q1_2039,Q1,1.0,1.0,1.0,0.0,tie
q1_2040,Q1,1.0,1.0,1.0,0.0,tie
q1_2041,Q1,1.0,1.0,1.0,0.0,tie
q1_2042,Q1,1.0,1.0,1.0,0.0,tie
q1_2043,Q1,1.0,1.0,1.0,0.0,tie
q1_2044,Q1,1.0,1.0,1.0,0.0,tie
q1_2045,Q1,1.0,1.0,1.0,0.0,tie
q1_2046,Q1,1.0,0.5,1.0,0.0,tie
q1_2047,Q1,1.0,1.0,1.0,0.0,tie
q1_2048,Q1,1.0,1.0,1.0,0.0,tie
q1_2049,Q1,1.0,1.0,1.0,0.0,tie
q1_2050,Q1,1.0,1.0,1.0,0.0,tie
q1_2051,Q1,1.0,1.0,1.0,0.0,tie
q1_2052,Q1,1.0,1.0,1.0,0.0,tie
q1_2053,Q1,1.0,1.0,1.0,0.0,tie
q1_2054,Q1,1.0,1.0,1.0,0.0,tie
q1_2055,Q1,1.0,1.0,1.0,0.0,tie
q1_2056,Q1,1.0,1.0,1.0,0.0,tie
q1_2057,Q1,1.0,1.0,1.0,0.0,tie
q1_2058,Q1,1.0,1.0,1.0,0.0,tie
q1_2059,Q1,1.0,1.0,1.0,0.0,tie
q1_2060,Q1,1.0,1.0,1.0,0.0,tie
q1_2061,Q1,1.0,1.0,1.0,0.0,tie
q1_2062,Q1,1.0,1.0,1.0,0.0,tie
q1_2063,Q1,1.0,1.0,1.0,0.0,tie
q1_2064,Q1,1.0,1.0,1.0,0.0,tie
q1_2065,Q1,1.0,1.0,1.0,0.0,tie
q1_2066,Q1,1.0,1.0,1.0,0.0,tie
q1_2067,Q1,1.0,1.0,1.0,0.0,tie
q1_2068,Q1,1.0,1.0,1.0,0.0,tie
q1_2069,Q1,1.0,1.0,1.0,0.0,tie
q1_2070,Q1,1.0,1.0,1.0,0.0,tie
q1_2071,Q1,1.0,1.0,1.0,0.0,tie
q1_2072,Q1,1.0,1.0,1.0,0.0,tie
q1_2073,Q1,1.0,1.0,1.0,0.0,tie
q1_2074,Q1,1.0,1.0,1.0,0.0,tie
q1_2075,Q1,1.0,1.0,1.0,0.0,tie
q1_2076,Q1,1.0,1.0,1.0,0.0,tie
q1_2077,Q1,1.0,1.0,1.0,0.0,tie
q1_2078,Q1,1.0,0.5,1.0,0.0,tie
q1_2079,Q1,1.0,1.0,1.0,0.0,tie
q1_2080,Q1,1.0,1.0,1.0,0.0,tie
q1_2081,Q1,1.0,1.0,1.0,0.0,tie
q1_2082,Q1,1.0,1.0,1.0,0.0,tie
q1_2083,Q1,0.5,0.5,0.5,0.0,tie
q1_2084,Q1,1.0,0.5,1.0,0.0,tie
q1_2085,Q1,1.0,1.0,1.0,0.0,tie
q1_2086,Q1,1.0,1.0,1.0,0.0,tie
q1_2087,Q1,1.0,1.0,1.0,0.0,tie
q1_2088,Q1,1.0,1.0,1.0,0.0,tie
q1_2089,Q1,1.0,1.0,1.0,0.0,tie
q1_2090,Q1,1.0,1.0,1.0,0.0,tie
q1_2091,Q1,1.0,1.0,1.0,0.0,tie
q1_2092,Q1,1.0,1.0,1.0,0.0,tie
q1_2093,Q1,1.0,1.0,1.0,0.0,tie
q1_2094,Q1,1.0,1.0,1.0,0.0,tie
q1_2095,Q1,1.0,1.0,1.0,0.0,tie
q1_2096,Q1,1.0,1.0,1.0,0.0,tie
q1_2097,Q1,1.0,1.0,1.0,0.0,tie
q1_2098,Q1,1.0,1.0,1.0,0.0,tie
q1_2099,Q1,1.0,1.0,1.0,0.0,tie
q1_2100,Q1,1.0,1.0,1.0,0.0,tie
q1_2101,Q1,1.0,1.0,1.0,0.0,tie
q1_2102,Q1,1.0,1.0,1.0,0.0,tie
q1_2103,Q1,1.0,1.0,1.0,0.0,tie
q1_2104,Q1,1.0,1.0,1.0,0.0,tie
q1_2105,Q1,1.0,1.0,1.0,0.0,tie
q1_2106,Q1,1.0,1.0,1.0,0.0,tie
q1_2107,Q1,1.0,1.0,1.0,0.0,tie
q1_2108,Q1,1.0,1.0,1.0,0.0,tie
q1_2109,Q1,1.0,1.0,1.0,0.0,tie
q1_2110,Q1,1.0,1.0,1.0,0.0,tie
q1_2111,Q1,1.0,1.0,1.0,0.0,tie
q1_2112,Q1,1.0,1.0,1.0,0.0,tie
q1_2113,Q1,1.0,1.0,1.0,0.0,tie
q1_2114,Q1,1.0,1.0,1.0,0.0,tie
q1_2115,Q1,1.0,1.0,1.0,0.0,tie
q1_2116,Q1,1.0,1.0,1.0,0.0,tie
q1_2117,Q1,1.0,1.0,1.0,0.0,tie
q1_2118,Q1,1.0,1.0,1.0,0.0,tie
q1_2119,Q1,1.0,1.0,1.0,0.0,tie
q1_2120,Q1,1.0,1.0,1.0,0.0,tie
q1_2121,Q1,1.0,1.0,1.0,0.0,tie
q1_2122,Q1,1.0,1.0,1.0,0.0,tie
q1_2123,Q1,1.0,1.0,1.0,0.0,tie
q1_2124,Q1,1.0,1.0,1.0,0.0,tie
q1_2125,Q1,1.0,1.0,1.0,0.0,tie
q1_2126,Q1,1.0,1.0,1.0,0.0,tie
q1_2127,Q1,1.0,1.0,1.0,0.0,tie
q1_2128,Q1,1.0,1.0,1.0,0.0,tie
q1_2129,Q1,1.0,1.0,1.0,0.0,tie
q1_2130,Q1,1.0,1.0,1.0,0.0,tie
q1_2131,Q1,1.0,1.0,1.0,0.0,tie
q1_2132,Q1,1.0,1.0,1.0,0.0,tie
q1_2133,Q1,1.0,1.0,1.0,0.0,tie
q1_2134,Q1,1.0,1.0,1.0,0.0,tie
q1_2135,Q1,1.0,1.0,1.0,0.0,tie
q1_2136,Q1,1.0,1.0,1.0,0.0,tie
q1_2137,Q1,1.0,1.0,1.0,0.0,tie
q1_2138,Q1,1.0,1.0,1.0,0.0,tie
q1_2139,Q1,1.0,1.0,1.0,0.0,tie
q1_2140,Q1,1.0,1.0,1.0,0.0,tie
q1_2141,Q1,1.0,1.0,1.0,0.0,tie
q1_2142,Q1,1.0,1.0,1.0,0.0,tie
q1_2143,Q1,1.0,1.0,1.0,0.0,tie
q1_2144,Q1,1.0,1.0,1.0,0.0,tie
q1_2145,Q1,1.0,0.5,0.5,-0.5,hybrid_loss
q1_2146,Q1,0.5,1.0,1.0,0.0,tie
q1_2147,Q1,1.0,1.0,1.0,0.0,tie
q1_2148,Q1,1.0,1.0,1.0,0.0,tie
q1_2149,Q1,1.0,1.0,1.0,0.0,tie
q1_2150,Q1,1.0,1.0,1.0,0.0,tie
q1_2151,Q1,1.0,1.0,1.0,0.0,tie
q1_2152,Q1,1.0,1.0,1.0,0.0,tie
q1_2153,Q1,1.0,1.0,1.0,0.0,tie
q1_2154,Q1,0.3333333333333333,1.0,1.0,0.0,tie
q1_2155,Q1,0.5,0.5,0.5,0.0,tie
q1_2156,Q1,1.0,1.0,1.0,0.0,tie
q1_2157,Q1,1.0,1.0,1.0,0.0,tie
q1_2158,Q1,1.0,1.0,1.0,0.0,tie
q1_2159,Q1,1.0,1.0,1.0,0.0,tie
q1_2160,Q1,1.0,1.0,1.0,0.0,tie
q1_2161,Q1,1.0,1.0,1.0,0.0,tie
q1_2162,Q1,1.0,1.0,1.0,0.0,tie
q1_2163,Q1,1.0,1.0,1.0,0.0,tie
q1_2164,Q1,1.0,0.5,1.0,0.0,tie
q1_2165,Q1,0.5,1.0,0.5,-0.5,hybrid_loss
q1_2166,Q1,1.0,1.0,1.0,0.0,tie
q1_2167,Q1,1.0,1.0,1.0,0.0,tie
q1_2168,Q1,1.0,1.0,1.0,0.0,tie
q1_2169,Q1,1.0,1.0,1.0,0.0,tie
q1_2170,Q1,1.0,1.0,1.0,0.0,tie
q1_2171,Q1,0.5,1.0,1.0,0.0,tie
q1_2172,Q1,1.0,1.0,1.0,0.0,tie
q1_2173,Q1,1.0,1.0,1.0,0.0,tie
q1_2174,Q1,1.0,1.0,1.0,0.0,tie
q1_2175,Q1,1.0,1.0,1.0,0.0,tie
q1_2176,Q1,1.0,1.0,1.0,0.0,tie
q1_2177,Q1,1.0,1.0,1.0,0.0,tie
q1_2178,Q1,1.0,0.5,1.0,0.0,tie
q1_2179,Q1,0.5,1.0,0.5,-0.5,hybrid_loss
q1_2180,Q1,1.0,1.0,1.0,0.0,tie
q1_2181,Q1,1.0,1.0,1.0,0.0,tie
q1_2182,Q1,1.0,1.0,1.0,0.0,tie
q1_2183,Q1,1.0,1.0,1.0,0.0,tie
q1_2184,Q1,1.0,1.0,1.0,0.0,tie
q1_2185,Q1,1.0,0.5,1.0,0.0,tie
q1_2186,Q1,1.0,1.0,1.0,0.0,tie
q1_2187,Q1,1.0,1.0,1.0,0.0,tie
q1_2188,Q1,1.0,1.0,1.0,0.0,tie
q1_2189,Q1,1.0,1.0,1.0,0.0,tie
q1_2190,Q1,1.0,1.0,1.0,0.0,tie
q1_2191,Q1,1.0,0.3333333333333333,0.5,-0.5,hybrid_loss
q1_2192,Q1,0.5,0.5,0.3333333333333333,-0.16666666666666669,hybrid_loss
q1_2193,Q1,0.3333333333333333,1.0,1.0,0.0,tie
q1_2194,Q1,1.0,1.0,1.0,0.0,tie
q1_2195,Q1,1.0,1.0,1.0,0.0,tie
q1_2196,Q1,1.0,1.0,1.0,0.0,tie
q1_2197,Q1,1.0,1.0,1.0,0.0,tie
q1_2198,Q1,1.0,1.0,1.0,0.0,tie
q1_2199,Q1,1.0,1.0,1.0,0.0,tie
q1_2200,Q1,1.0,1.0,1.0,0.0,tie
q1_2201,Q1,1.0,1.0,1.0,0.0,tie
q1_2202,Q1,1.0,1.0,1.0,0.0,tie
q1_2203,Q1,1.0,1.0,1.0,0.0,tie
q1_2204,Q1,1.0,1.0,1.0,0.0,tie
q1_2205,Q1,1.0,1.0,1.0,0.0,tie
q1_2206,Q1,1.0,1.0,1.0,0.0,tie
q1_2207,Q1,1.0,1.0,1.0,0.0,tie
q1_2208,Q1,1.0,1.0,1.0,0.0,tie
q1_2209,Q1,1.0,1.0,1.0,0.0,tie
q1_2210,Q1,0.5,0.5,0.5,0.0,tie
q1_2211,Q1,1.0,1.0,1.0,0.0,tie
q1_2212,Q1,1.0,0.5,1.0,0.0,tie
q1_2213,Q1,0.5,1.0,0.5,-0.5,hybrid_loss
q1_2214,Q1,1.0,0.5,1.0,0.0,tie
q1_2215,Q1,0.5,1.0,0.5,-0.5,hybrid_loss
q1_2216,Q1,1.0,1.0,1.0,0.0,tie
q1_2217,Q1,1.0,1.0,1.0,0.0,tie
q1_2218,Q1,1.0,1.0,1.0,0.0,tie
q1_2219,Q1,1.0,1.0,1.0,0.0,tie
q1_2220,Q1,1.0,1.0,1.0,0.0,tie
q1_2221,Q1,1.0,1.0,1.0,0.0,tie
q1_2222,Q1,1.0,1.0,1.0,0.0,tie
q1_2223,Q1,1.0,1.0,1.0,0.0,tie
q1_2224,Q1,1.0,1.0,1.0,0.0,tie
q1_2225,Q1,1.0,1.0,1.0,0.0,tie
q1_2226,Q1,1.0,1.0,1.0,0.0,tie
q1_2227,Q1,1.0,1.0,1.0,0.0,tie
q1_2228,Q1,1.0,1.0,1.0,0.0,tie
q1_2229,Q1,1.0,1.0,1.0,0.0,tie
q1_2230,Q1,1.0,1.0,1.0,0.0,tie
q1_2231,Q1,1.0,1.0,1.0,0.0,tie
q1_2232,Q1,1.0,1.0,1.0,0.0,tie
q1_2233,Q1,1.0,1.0,1.0,0.0,tie
q1_2234,Q1,1.0,1.0,1.0,0.0,tie
q1_2235,Q1,0.5,1.0,1.0,0.0,tie
q1_2236,Q1,1.0,1.0,1.0,0.0,tie
q1_2237,Q1,1.0,1.0,1.0,0.0,tie
q1_2238,Q1,1.0,1.0,1.0,0.0,tie
q1_2239,Q1,0.5,0.5,0.5,0.0,tie
q1_2240,Q1,1.0,1.0,1.0,0.0,tie
q1_2241,Q1,1.0,1.0,1.0,0.0,tie
q1_2242,Q1,1.0,1.0,1.0,0.0,tie
q1_2243,Q1,1.0,1.0,1.0,0.0,tie
q1_2244,Q1,1.0,1.0,1.0,0.0,tie
q1_2245,Q1,1.0,1.0,1.0,0.0,tie
q1_2246,Q1,1.0,1.0,1.0,0.0,tie
q1_2247,Q1,1.0,1.0,1.0,0.0,tie
q1_2248,Q1,1.0,1.0,1.0,0.0,tie
q1_2249,Q1,1.0,1.0,1.0,0.0,tie
q1_2250,Q1,1.0,1.0,1.0,0.0,tie
q1_2251,Q1,1.0,1.0,1.0,0.0,tie
q1_2252,Q1,1.0,1.0,1.0,0.0,tie
q1_2253,Q1,1.0,1.0,1.0,0.0,tie
q1_2254,Q1,1.0,1.0,1.0,0.0,tie
q1_2255,Q1,1.0,1.0,1.0,0.0,tie
q1_2256,Q1,1.0,1.0,1.0,0.0,tie
q1_2257,Q1,1.0,1.0,1.0,0.0,tie
q1_2258,Q1,1.0,1.0,1.0,0.0,tie
q1_2259,Q1,1.0,1.0,1.0,0.0,tie
q1_2260,Q1,1.0,0.5,1.0,0.0,tie
q1_2261,Q1,1.0,1.0,1.0,0.0,tie
q1_2262,Q1,1.0,0.5,1.0,0.0,tie
q1_2263,Q1,0.5,1.0,0.5,-0.5,hybrid_loss
q1_2264,Q1,1.0,1.0,1.0,0.0,tie
q1_2265,Q1,0.5,0.5,0.5,0.0,tie
q1_2266,Q1,1.0,1.0,1.0,0.0,tie
q1_2267,Q1,0.5,0.5,0.5,0.0,tie
q1_2268,Q1,1.0,1.0,1.0,0.0,tie
q1_2269,Q1,1.0,1.0,1.0,0.0,tie
q1_2270,Q1,1.0,1.0,1.0,0.0,tie
q1_2271,Q1,1.0,1.0,1.0,0.0,tie
q1_2272,Q1,1.0,1.0,1.0,0.0,tie
q1_2273,Q1,1.0,1.0,1.0,0.0,tie
q1_2274,Q1,1.0,1.0,1.0,0.0,tie
q1_2275,Q1,1.0,1.0,1.0,0.0,tie
q1_2276,Q1,1.0,1.0,1.0,0.0,tie
q1_2277,Q1,1.0,1.0,1.0,0.0,tie
q1_2278,Q1,1.0,1.0,1.0,0.0,tie
q1_2279,Q1,0.5,0.5,0.5,0.0,tie
q1_2280,Q1,1.0,1.0,1.0,0.0,tie
q1_2281,Q1,1.0,1.0,1.0,0.0,tie
q1_2282,Q1,0.5,1.0,0.5,-0.5,hybrid_loss
q1_2283,Q1,0.5,0.5,0.5,0.0,tie
q1_2284,Q1,1.0,1.0,1.0,0.0,tie
q1_2285,Q1,1.0,1.0,1.0,0.0,tie
q1_2286,Q1,1.0,1.0,1.0,0.0,tie
q1_2287,Q1,1.0,1.0,1.0,0.0,tie
q1_2288,Q1,1.0,1.0,1.0,0.0,tie
q1_2289,Q1,1.0,1.0,1.0,0.0,tie
q1_2290,Q1,1.0,1.0,1.0,0.0,tie
q1_2291,Q1,1.0,1.0,1.0,0.0,tie
q1_2292,Q1,1.0,1.0,1.0,0.0,tie
q1_2293,Q1,1.0,1.0,1.0,0.0,tie
q1_2294,Q1,1.0,1.0,1.0,0.0,tie
q1_2295,Q1,1.0,1.0,1.0,0.0,tie
q1_2296,Q1,1.0,1.0,1.0,0.0,tie
q1_2297,Q1,1.0,1.0,1.0,0.0,tie
q1_2298,Q1,1.0,1.0,1.0,0.0,tie
q1_2299,Q1,1.0,1.0,1.0,0.0,tie
q1_2300,Q1,0.5,0.5,0.5,0.0,tie
q1_2301,Q1,1.0,1.0,1.0,0.0,tie
q1_2302,Q1,1.0,1.0,1.0,0.0,tie
q1_2303,Q1,1.0,1.0,1.0,0.0,tie
q1_2304,Q1,1.0,1.0,1.0,0.0,tie
q1_2305,Q1,1.0,1.0,1.0,0.0,tie
q1_2306,Q1,1.0,1.0,1.0,0.0,tie
q1_2307,Q1,1.0,0.5,1.0,0.0,tie
q1_2308,Q1,0.5,1.0,0.5,-0.5,hybrid_loss
q1_2309,Q1,1.0,1.0,1.0,0.0,tie
q1_2310,Q1,1.0,0.5,1.0,0.0,tie
q1_2311,Q1,0.5,1.0,0.5,-0.5,hybrid_loss
q1_2312,Q1,1.0,1.0,1.0,0.0,tie
q1_2313,Q1,1.0,1.0,1.0,0.0,tie
q1_2314,Q1,1.0,1.0,1.0,0.0,tie
q1_2315,Q1,1.0,1.0,1.0,0.0,tie
q1_2316,Q1,1.0,1.0,1.0,0.0,tie
q1_2317,Q1,1.0,1.0,1.0,0.0,tie
q1_2318,Q1,1.0,1.0,1.0,0.0,tie
q1_2319,Q1,1.0,1.0,1.0,0.0,tie
q1_2320,Q1,1.0,1.0,1.0,0.0,tie
q1_2321,Q1,1.0,1.0,1.0,0.0,tie
q1_2322,Q1,1.0,1.0,1.0,0.0,tie
q1_2323,Q1,1.0,1.0,1.0,0.0,tie
q1_2324,Q1,1.0,1.0,1.0,0.0,tie
q1_2325,Q1,1.0,1.0,1.0,0.0,tie
q1_2326,Q1,1.0,1.0,1.0,0.0,tie
q1_2327,Q1,1.0,1.0,1.0,0.0,tie
q1_2328,Q1,1.0,1.0,1.0,0.0,tie
q1_2329,Q1,1.0,1.0,1.0,0.0,tie
q1_2330,Q1,1.0,1.0,1.0,0.0,tie
q1_2331,Q1,1.0,1.0,1.0,0.0,tie
q1_2332,Q1,1.0,1.0,1.0,0.0,tie
q1_2333,Q1,1.0,1.0,1.0,0.0,tie
q1_2334,Q1,1.0,1.0,1.0,0.0,tie
q1_2335,Q1,0.5,0.5,0.5,0.0,tie
q1_2336,Q1,0.5,1.0,0.5,-0.5,hybrid_loss
q1_2337,Q1,1.0,1.0,1.0,0.0,tie
q1_2338,Q1,1.0,1.0,1.0,0.0,tie
q1_2339,Q1,1.0,1.0,1.0,0.0,tie
q1_2340,Q1,1.0,1.0,1.0,0.0,tie
q1_2341,Q1,1.0,1.0,1.0,0.0,tie
q1_2342,Q1,1.0,1.0,1.0,0.0,tie
q1_2343,Q1,1.0,1.0,1.0,0.0,tie
q1_2344,Q1,1.0,1.0,1.0,0.0,tie
q1_2345,Q1,1.0,1.0,1.0,0.0,tie
q1_2346,Q1,1.0,1.0,1.0,0.0,tie
q1_2347,Q1,1.0,1.0,1.0,0.0,tie
q1_2348,Q1,1.0,1.0,1.0,0.0,tie
q1_2349,Q1,1.0,1.0,1.0,0.0,tie
q1_2350,Q1,0.5,0.5,0.5,0.0,tie
q1_2351,Q1,1.0,1.0,1.0,0.0,tie
q1_2352,Q1,1.0,1.0,1.0,0.0,tie
q1_2353,Q1,1.0,1.0,1.0,0.0,tie
q1_2354,Q1,1.0,1.0,1.0,0.0,tie
q1_2355,Q1,1.0,1.0,1.0,0.0,tie
q1_2356,Q1,1.0,1.0,1.0,0.0,tie
q1_2357,Q1,1.0,1.0,1.0,0.0,tie
q1_2358,Q1,1.0,1.0,1.0,0.0,tie
q1_2359,Q1,1.0,1.0,1.0,0.0,tie
q1_2360,Q1,1.0,1.0,1.0,0.0,tie
q1_2361,Q1,1.0,1.0,1.0,0.0,tie
q1_2362,Q1,1.0,1.0,1.0,0.0,tie
q1_2363,Q1,1.0,1.0,1.0,0.0,tie
q1_2364,Q1,1.0,1.0,1.0,0.0,tie
q1_2365,Q1,1.0,1.0,1.0,0.0,tie
q1_2366,Q1,1.0,1.0,1.0,0.0,tie
q1_2367,Q1,1.0,1.0,1.0,0.0,tie
q1_2368,Q1,1.0,1.0,1.0,0.0,tie
q1_2369,Q1,1.0,1.0,1.0,0.0,tie
q1_2370,Q1,1.0,1.0,1.0,0.0,tie
q1_2371,Q1,1.0,1.0,1.0,0.0,tie
q1_2372,Q1,1.0,1.0,1.0,0.0,tie
q1_2373,Q1,1.0,1.0,1.0,0.0,tie
q1_2374,Q1,1.0,1.0,1.0,0.0,tie
q1_2375,Q1,1.0,1.0,1.0,0.0,tie
q1_2376,Q1,1.0,1.0,1.0,0.0,tie
q1_2377,Q1,1.0,1.0,1.0,0.0,tie
q1_2378,Q1,0.5,0.5,0.5,0.0,tie
q1_2379,Q1,1.0,1.0,1.0,0.0,tie
q1_2380,Q1,1.0,1.0,1.0,0.0,tie
q1_2381,Q1,0.5,0.5,0.5,0.0,tie
q1_2382,Q1,1.0,1.0,1.0,0.0,tie
q1_2383,Q1,1.0,1.0,1.0,0.0,tie
q1_2384,Q1,1.0,1.0,1.0,0.0,tie
q1_2385,Q1,1.0,1.0,1.0,0.0,tie
q1_2386,Q1,1.0,1.0,1.0,0.0,tie
q1_2387,Q1,1.0,0.5,1.0,0.0,tie
q1_2388,Q1,1.0,1.0,1.0,0.0,tie
q1_2389,Q1,1.0,1.0,1.0,0.0,tie
q1_2390,Q1,1.0,1.0,1.0,0.0,tie
q1_2391,Q1,1.0,1.0,1.0,0.0,tie
q1_2392,Q1,1.0,1.0,1.0,0.0,tie
q1_2393,Q1,1.0,1.0,1.0,0.0,tie
q1_2394,Q1,1.0,1.0,1.0,0.0,tie
q1_2395,Q1,1.0,1.0,1.0,0.0,tie
q1_2396,Q1,1.0,1.0,1.0,0.0,tie
q1_2397,Q1,1.0,1.0,1.0,0.0,tie
q1_2398,Q1,1.0,1.0,1.0,0.0,tie
q1_2399,Q1,1.0,1.0,1.0,0.0,tie
q1_2400,Q1,1.0,1.0,1.0,0.0,tie
q1_2401,Q1,1.0,1.0,1.0,0.0,tie
q1_2402,Q1,1.0,1.0,1.0,0.0,tie
q1_2403,Q1,1.0,1.0,1.0,0.0,tie
q1_2404,Q1,1.0,1.0,1.0,0.0,tie
q1_2405,Q1,1.0,1.0,1.0,0.0,tie
q1_2406,Q1,1.0,1.0,1.0,0.0,tie
q1_2407,Q1,1.0,1.0,1.0,0.0,tie
q1_2408,Q1,1.0,1.0,1.0,0.0,tie
q1_2409,Q1,0.5,0.5,0.5,0.0,tie
q1_2410,Q1,0.3333333333333333,1.0,0.3333333333333333,-0.6666666666666667,hybrid_loss
q1_2411,Q1,1.0,1.0,1.0,0.0,tie
q1_2412,Q1,1.0,1.0,1.0,0.0,tie
q1_2413,Q1,1.0,1.0,1.0,0.0,tie
q1_2414,Q1,1.0,1.0,1.0,0.0,tie
q1_2415,Q1,0.3333333333333333,0.5,0.3333333333333333,-0.16666666666666669,hybrid_loss
q1_2416,Q1,0.3333333333333333,0.2,0.3333333333333333,0.0,tie
q1_2417,Q1,1.0,1.0,1.0,0.0,tie
q1_2418,Q1,1.0,1.0,1.0,0.0,tie
q1_2419,Q1,1.0,1.0,1.0,0.0,tie
q1_2420,Q1,1.0,1.0,1.0,0.0,tie
q1_2421,Q1,1.0,1.0,1.0,0.0,tie
q1_2422,Q1,1.0,1.0,1.0,0.0,tie
q1_2423,Q1,1.0,0.5,1.0,0.0,tie
q1_2424,Q1,1.0,0.3333333333333333,1.0,0.0,tie
q1_2425,Q1,0.5,1.0,0.5,-0.5,hybrid_loss
q1_2426,Q1,1.0,1.0,1.0,0.0,tie
q1_2427,Q1,1.0,0.3333333333333333,1.0,0.0,tie
q1_2428,Q1,1.0,1.0,1.0,0.0,tie
q1_2429,Q1,0.5,1.0,0.5,-0.5,hybrid_loss
q1_2430,Q1,0.5,0.3333333333333333,0.5,0.0,tie
q1_2431,Q1,1.0,1.0,1.0,0.0,tie
q1_2432,Q1,1.0,1.0,1.0,0.0,tie
q1_2433,Q1,1.0,1.0,1.0,0.0,tie
q1_2434,Q1,1.0,1.0,1.0,0.0,tie
q1_2435,Q1,1.0,1.0,1.0,0.0,tie
q1_2436,Q1,1.0,1.0,1.0,0.0,tie
q1_2437,Q1,1.0,1.0,1.0,0.0,tie
q1_2438,Q1,1.0,1.0,1.0,0.0,tie
q1_2439,Q1,1.0,1.0,1.0,0.0,tie
q1_2440,Q1,1.0,1.0,1.0,0.0,tie
q1_2441,Q1,1.0,1.0,1.0,0.0,tie
q1_2442,Q1,1.0,1.0,1.0,0.0,tie
q1_2443,Q1,1.0,1.0,1.0,0.0,tie
q1_2444,Q1,1.0,1.0,1.0,0.0,tie
q1_2445,Q1,1.0,1.0,1.0,0.0,tie
q1_2446,Q1,1.0,1.0,1.0,0.0,tie
q1_2447,Q1,1.0,1.0,1.0,0.0,tie
q1_2448,Q1,1.0,1.0,1.0,0.0,tie
q1_2449,Q1,1.0,1.0,1.0,0.0,tie
q1_2450,Q1,1.0,1.0,1.0,0.0,tie
q1_2451,Q1,1.0,1.0,1.0,0.0,tie
q1_2452,Q1,1.0,0.5,1.0,0.0,tie
q1_2453,Q1,1.0,1.0,1.0,0.0,tie
q1_2454,Q1,0.5,1.0,0.5,-0.5,hybrid_loss
q1_2455,Q1,1.0,1.0,1.0,0.0,tie
q1_2456,Q1,1.0,1.0,1.0,0.0,tie
q1_2457,Q1,1.0,1.0,1.0,0.0,tie
q1_2458,Q1,1.0,0.5,1.0,0.0,tie
q1_2459,Q1,1.0,1.0,1.0,0.0,tie
q1_2460,Q1,0.5,0.5,0.5,0.0,tie
q1_2461,Q1,1.0,1.0,1.0,0.0,tie
q1_2462,Q1,1.0,1.0,1.0,0.0,tie
q1_2463,Q1,1.0,1.0,1.0,0.0,tie
q1_2464,Q1,1.0,0.5,1.0,0.0,tie
q1_2465,Q1,0.5,1.0,0.5,-0.5,hybrid_loss
q1_2466,Q1,1.0,1.0,1.0,0.0,tie
q1_2467,Q1,1.0,1.0,1.0,0.0,tie
q1_2468,Q1,1.0,1.0,1.0,0.0,tie
q1_2469,Q1,1.0,1.0,1.0,0.0,tie
q1_2470,Q1,1.0,1.0,1.0,0.0,tie
q1_2471,Q1,1.0,1.0,1.0,0.0,tie
q1_2472,Q1,0.5,0.5,0.5,0.0,tie
q1_2473,Q1,1.0,1.0,1.0,0.0,tie
q1_2474,Q1,1.0,1.0,1.0,0.0,tie
q1_2475,Q1,1.0,1.0,1.0,0.0,tie
q1_2476,Q1,1.0,1.0,1.0,0.0,tie
q1_2477,Q1,1.0,1.0,1.0,0.0,tie
q1_2478,Q1,1.0,1.0,1.0,0.0,tie
q1_2479,Q1,1.0,0.5,1.0,0.0,tie
q1_2480,Q1,1.0,1.0,1.0,0.0,tie
q1_2481,Q1,1.0,1.0,1.0,0.0,tie
q1_2482,Q1,1.0,1.0,1.0,0.0,tie
q1_2483,Q1,1.0,1.0,1.0,0.0,tie
q1_2484,Q1,1.0,1.0,1.0,0.0,tie
q1_2485,Q1,1.0,1.0,1.0,0.0,tie
q1_2486,Q1,1.0,1.0,1.0,0.0,tie
q1_2487,Q1,1.0,1.0,1.0,0.0,tie
q1_2488,Q1,0.5,1.0,0.5,-0.5,hybrid_loss
q1_2489,Q1,1.0,1.0,1.0,0.0,tie
q1_2490,Q1,1.0,1.0,1.0,0.0,tie
q1_2491,Q1,0.5,0.5,0.5,0.0,tie
q1_2492,Q1,1.0,1.0,1.0,0.0,tie
q1_2493,Q1,0.5,0.25,0.3333333333333333,-0.16666666666666669,hybrid_loss
q1_2494,Q1,0.3333333333333333,0.3333333333333333,0.25,-0.08333333333333331,hybrid_loss
q1_2495,Q1,0.5,0.5,0.5,0.0,tie
q1_2496,Q1,0.5,0.5,0.5,0.0,tie
q1_2497,Q1,1.0,1.0,1.0,0.0,tie
q1_2498,Q1,1.0,1.0,1.0,0.0,tie
q1_2499,Q1,1.0,1.0,1.0,0.0,tie
q1_2500,Q1,1.0,1.0,1.0,0.0,tie
q1_2501,Q1,1.0,1.0,1.0,0.0,tie
q1_2502,Q1,1.0,1.0,1.0,0.0,tie
q1_2503,Q1,1.0,1.0,1.0,0.0,tie
q1_2504,Q1,1.0,1.0,1.0,0.0,tie
q1_2505,Q1,1.0,1.0,1.0,0.0,tie
q1_2506,Q1,1.0,1.0,1.0,0.0,tie
q1_2507,Q1,1.0,1.0,1.0,0.0,tie
q1_2508,Q1,1.0,0.5,1.0,0.0,tie
q1_2509,Q1,1.0,1.0,1.0,0.0,tie
q1_2510,Q1,1.0,1.0,1.0,0.0,tie
q1_2511,Q1,1.0,1.0,1.0,0.0,tie
q1_2512,Q1,1.0,1.0,1.0,0.0,tie
q1_2513,Q1,1.0,1.0,1.0,0.0,tie
q1_2514,Q1,1.0,1.0,1.0,0.0,tie
q1_2515,Q1,1.0,1.0,1.0,0.0,tie
q1_2516,Q1,1.0,1.0,1.0,0.0,tie
q1_2517,Q1,1.0,1.0,1.0,0.0,tie
q1_2518,Q1,1.0,1.0,1.0,0.0,tie
q1_2519,Q1,1.0,1.0,1.0,0.0,tie
q1_2520,Q1,1.0,1.0,1.0,0.0,tie
q1_2521,Q1,1.0,1.0,1.0,0.0,tie
q1_2522,Q1,1.0,1.0,1.0,0.0,tie
q1_2523,Q1,1.0,1.0,1.0,0.0,tie
q1_2524,Q1,1.0,1.0,1.0,0.0,tie
q1_2525,Q1,1.0,1.0,1.0,0.0,tie
q1_2526,Q1,0.5,0.5,0.5,0.0,tie
q1_2527,Q1,0.5,0.5,0.5,0.0,tie
q1_2528,Q1,1.0,1.0,1.0,0.0,tie
q1_2529,Q1,1.0,1.0,1.0,0.0,tie
q1_2530,Q1,1.0,1.0,1.0,0.0,tie
q1_2531,Q1,1.0,1.0,1.0,0.0,tie
q1_2532,Q1,1.0,1.0,1.0,0.0,tie
q1_2533,Q1,1.0,1.0,1.0,0.0,tie
q1_2534,Q1,1.0,1.0,1.0,0.0,tie
q1_2535,Q1,0.5,1.0,0.5,-0.5,hybrid_loss
q1_2536,Q1,1.0,1.0,1.0,0.0,tie
q1_2537,Q1,1.0,1.0,1.0,0.0,tie
q1_2538,Q1,1.0,1.0,1.0,0.0,tie
q1_2539,Q1,1.0,1.0,1.0,0.0,tie
q1_2540,Q1,1.0,1.0,1.0,0.0,tie
q1_2541,Q1,1.0,1.0,1.0,0.0,tie
q1_2542,Q1,1.0,1.0,1.0,0.0,tie
q1_2543,Q1,1.0,1.0,1.0,0.0,tie
q1_2544,Q1,1.0,1.0,1.0,0.0,tie
q1_2545,Q1,1.0,1.0,1.0,0.0,tie
q1_2546,Q1,1.0,1.0,1.0,0.0,tie
q1_2547,Q1,1.0,1.0,1.0,0.0,tie
q1_2548,Q1,1.0,1.0,1.0,0.0,tie
q1_2549,Q1,0.5,0.5,0.5,0.0,tie
q1_2550,Q1,1.0,1.0,1.0,0.0,tie
q1_2551,Q1,1.0,1.0,1.0,0.0,tie
q1_2552,Q1,1.0,1.0,1.0,0.0,tie
q1_2553,Q1,1.0,1.0,1.0,0.0,tie
q1_2554,Q1,1.0,1.0,1.0,0.0,tie
q1_2555,Q1,1.0,1.0,1.0,0.0,tie
q1_2556,Q1,1.0,1.0,1.0,0.0,tie
q1_2557,Q1,1.0,1.0,1.0,0.0,tie
q1_2558,Q1,1.0,1.0,1.0,0.0,tie
q1_2559,Q1,1.0,1.0,1.0,0.0,tie
q1_2560,Q1,1.0,1.0,1.0,0.0,tie
q1_2561,Q1,1.0,1.0,1.0,0.0,tie
q1_2562,Q1,1.0,1.0,1.0,0.0,tie
q1_2563,Q1,0.5,0.5,0.5,0.0,tie
q1_2564,Q1,1.0,1.0,1.0,0.0,tie
q1_2565,Q1,1.0,1.0,1.0,0.0,tie
q1_2566,Q1,1.0,1.0,1.0,0.0,tie
q1_2567,Q1,1.0,1.0,1.0,0.0,tie
q1_2568,Q1,1.0,1.0,1.0,0.0,tie
q1_2569,Q1,1.0,1.0,1.0,0.0,tie
q1_2570,Q1,1.0,1.0,1.0,0.0,tie
q1_2571,Q1,1.0,1.0,1.0,0.0,tie
q1_2572,Q1,1.0,1.0,1.0,0.0,tie
q1_2573,Q1,1.0,1.0,1.0,0.0,tie
q1_2574,Q1,1.0,1.0,1.0,0.0,tie
q1_2575,Q1,1.0,1.0,1.0,0.0,tie
q1_2576,Q1,0.5,0.5,0.5,0.0,tie
q1_2577,Q1,1.0,1.0,1.0,0.0,tie
q1_2578,Q1,1.0,1.0,1.0,0.0,tie
q1_2579,Q1,1.0,0.5,1.0,0.0,tie
q1_2580,Q1,0.5,1.0,0.5,-0.5,hybrid_loss
q1_2581,Q1,1.0,0.5,1.0,0.0,tie
q1_2582,Q1,1.0,1.0,1.0,0.0,tie
q1_2583,Q1,1.0,1.0,1.0,0.0,tie
q1_2584,Q1,1.0,1.0,1.0,0.0,tie
q1_2585,Q1,1.0,1.0,1.0,0.0,tie
q1_2586,Q1,1.0,1.0,1.0,0.0,tie
q1_2587,Q1,1.0,1.0,1.0,0.0,tie
q1_2588,Q1,1.0,1.0,1.0,0.0,tie
q1_2589,Q1,1.0,1.0,1.0,0.0,tie
q1_2590,Q1,0.5,0.5,0.5,0.0,tie
q1_2591,Q1,0.3333333333333333,1.0,0.3333333333333333,-0.6666666666666667,hybrid_loss
q1_2592,Q1,1.0,1.0,1.0,0.0,tie
q1_2593,Q1,1.0,1.0,1.0,0.0,tie
q1_2594,Q1,1.0,1.0,1.0,0.0,tie
q1_2595,Q1,1.0,1.0,1.0,0.0,tie
q1_2596,Q1,1.0,1.0,1.0,0.0,tie
q1_2597,Q1,1.0,1.0,1.0,0.0,tie
q1_2598,Q1,1.0,1.0,1.0,0.0,tie
q1_2599,Q1,1.0,1.0,1.0,0.0,tie
q1_2600,Q1,1.0,1.0,1.0,0.0,tie
q1_2601,Q1,1.0,1.0,1.0,0.0,tie
q1_2602,Q1,1.0,1.0,1.0,0.0,tie
q1_2603,Q1,1.0,1.0,1.0,0.0,tie
q1_2604,Q1,1.0,1.0,1.0,0.0,tie
q1_2605,Q1,1.0,1.0,1.0,0.0,tie
q1_2606,Q1,1.0,1.0,1.0,0.0,tie
q1_2607,Q1,1.0,1.0,1.0,0.0,tie
q1_2608,Q1,1.0,1.0,1.0,0.0,tie
q1_2609,Q1,1.0,1.0,1.0,0.0,tie
q1_2610,Q1,1.0,1.0,1.0,0.0,tie
q1_2611,Q1,1.0,1.0,1.0,0.0,tie
q1_2612,Q1,1.0,1.0,1.0,0.0,tie
q1_2613,Q1,1.0,1.0,1.0,0.0,tie
q1_2614,Q1,1.0,1.0,1.0,0.0,tie
q1_2615,Q1,1.0,1.0,1.0,0.0,tie
q1_2616,Q1,1.0,1.0,1.0,0.0,tie
q1_2617,Q1,1.0,1.0,1.0,0.0,tie
q1_2618,Q1,1.0,1.0,1.0,0.0,tie
q1_2619,Q1,1.0,1.0,1.0,0.0,tie
q1_2620,Q1,1.0,1.0,1.0,0.0,tie
q1_2621,Q1,0.5,0.5,0.5,0.0,tie
q1_2622,Q1,0.5,0.5,0.5,0.0,tie
q1_2623,Q1,1.0,1.0,1.0,0.0,tie
q1_2624,Q1,1.0,1.0,1.0,0.0,tie
q1_2625,Q1,1.0,1.0,1.0,0.0,tie
q1_2626,Q1,1.0,1.0,1.0,0.0,tie
q1_2627,Q1,1.0,1.0,1.0,0.0,tie
q1_2628,Q1,1.0,1.0,1.0,0.0,tie
q1_2629,Q1,1.0,1.0,1.0,0.0,tie
q1_2630,Q1,1.0,1.0,1.0,0.0,tie
q1_2631,Q1,1.0,1.0,1.0,0.0,tie
q1_2632,Q1,1.0,1.0,1.0,0.0,tie
q1_2633,Q1,1.0,1.0,1.0,0.0,tie
q1_2634,Q1,1.0,1.0,1.0,0.0,tie
q1_2635,Q1,1.0,1.0,1.0,0.0,tie
q1_2636,Q1,1.0,1.0,1.0,0.0,tie
q1_2637,Q1,1.0,1.0,1.0,0.0,tie
q1_2638,Q1,1.0,1.0,1.0,0.0,tie
q1_2639,Q1,1.0,1.0,1.0,0.0,tie
q1_2640,Q1,1.0,1.0,1.0,0.0,tie
q1_2641,Q1,1.0,1.0,1.0,0.0,tie
q1_2642,Q1,1.0,1.0,1.0,0.0,tie
q1_2643,Q1,1.0,1.0,1.0,0.0,tie
q1_2644,Q1,1.0,1.0,1.0,0.0,tie
q1_2645,Q1,1.0,1.0,1.0,0.0,tie
q1_2646,Q1,1.0,1.0,1.0,0.0,tie
q1_2647,Q1,1.0,1.0,1.0,0.0,tie
q1_2648,Q1,1.0,1.0,1.0,0.0,tie
q1_2649,Q1,1.0,1.0,1.0,0.0,tie
q1_2650,Q1,1.0,1.0,1.0,0.0,tie
q1_2651,Q1,1.0,1.0,1.0,0.0,tie
q1_2652,Q1,1.0,1.0,1.0,0.0,tie
q1_2653,Q1,1.0,0.5,1.0,0.0,tie
q1_2654,Q1,0.5,1.0,0.5,-0.5,hybrid_loss
q1_2655,Q1,1.0,1.0,1.0,0.0,tie
q1_2656,Q1,1.0,1.0,1.0,0.0,tie
q1_2657,Q1,1.0,1.0,1.0,0.0,tie
q1_2658,Q1,1.0,1.0,1.0,0.0,tie
q1_2659,Q1,1.0,1.0,1.0,0.0,tie
q1_2660,Q1,1.0,1.0,1.0,0.0,tie
q1_2661,Q1,1.0,1.0,1.0,0.0,tie
q1_2662,Q1,1.0,1.0,1.0,0.0,tie
q1_2663,Q1,1.0,1.0,1.0,0.0,tie
q1_2664,Q1,1.0,1.0,1.0,0.0,tie
q1_2665,Q1,1.0,1.0,1.0,0.0,tie
q1_2666,Q1,1.0,1.0,1.0,0.0,tie
q1_2667,Q1,1.0,1.0,1.0,0.0,tie
q1_2668,Q1,1.0,1.0,1.0,0.0,tie
q1_2669,Q1,1.0,1.0,1.0,0.0,tie
q1_2670,Q1,1.0,1.0,1.0,0.0,tie
q1_2671,Q1,1.0,1.0,1.0,0.0,tie
q1_2672,Q1,1.0,1.0,1.0,0.0,tie
q1_2673,Q1,0.5,0.5,0.5,0.0,tie
q1_2674,Q1,1.0,1.0,1.0,0.0,tie
q1_2675,Q1,1.0,1.0,1.0,0.0,tie
q1_2676,Q1,1.0,1.0,1.0,0.0,tie
q1_2677,Q1,1.0,1.0,1.0,0.0,tie
q1_2678,Q1,1.0,1.0,1.0,0.0,tie
q1_2679,Q1,1.0,1.0,1.0,0.0,tie
q1_2680,Q1,1.0,1.0,1.0,0.0,tie
q1_2681,Q1,1.0,1.0,1.0,0.0,tie
q1_2682,Q1,1.0,1.0,1.0,0.0,tie
q1_2683,Q1,1.0,1.0,1.0,0.0,tie
q1_2684,Q1,1.0,1.0,1.0,0.0,tie
q1_2685,Q1,1.0,1.0,1.0,0.0,tie
q1_2686,Q1,1.0,1.0,1.0,0.0,tie
q1_2687,Q1,1.0,1.0,1.0,0.0,tie
q1_2688,Q1,1.0,1.0,1.0,0.0,tie
q1_2689,Q1,1.0,1.0,1.0,0.0,tie
q1_2690,Q1,1.0,1.0,1.0,0.0,tie
q1_2691,Q1,1.0,1.0,1.0,0.0,tie
q1_2692,Q1,1.0,1.0,1.0,0.0,tie
q1_2693,Q1,1.0,1.0,1.0,0.0,tie
q1_2694,Q1,1.0,1.0,1.0,0.0,tie
q1_2695,Q1,1.0,1.0,1.0,0.0,tie
q1_2696,Q1,1.0,1.0,1.0,0.0,tie
q1_2697,Q1,1.0,1.0,1.0,0.0,tie
q1_2698,Q1,1.0,1.0,1.0,0.0,tie
q1_2699,Q1,1.0,1.0,1.0,0.0,tie
q1_2700,Q1,1.0,1.0,1.0,0.0,tie
q1_2701,Q1,1.0,1.0,1.0,0.0,tie
q1_2702,Q1,1.0,1.0,1.0,0.0,tie
q1_2703,Q1,1.0,1.0,1.0,0.0,tie
q1_2704,Q1,1.0,1.0,1.0,0.0,tie
q1_2705,Q1,1.0,1.0,1.0,0.0,tie
q1_2706,Q1,1.0,1.0,1.0,0.0,tie
q1_2707,Q1,1.0,1.0,1.0,0.0,tie
q1_2708,Q1,1.0,1.0,1.0,0.0,tie
q1_2709,Q1,1.0,1.0,1.0,0.0,tie
q1_2710,Q1,1.0,1.0,1.0,0.0,tie
q1_2711,Q1,1.0,1.0,1.0,0.0,tie
q1_2712,Q1,1.0,0.3333333333333333,1.0,0.0,tie
q1_2713,Q1,0.5,0.5,0.5,0.0,tie
q1_2714,Q1,1.0,1.0,1.0,0.0,tie
q1_2715,Q1,1.0,1.0,1.0,0.0,tie
q1_2716,Q1,1.0,1.0,1.0,0.0,tie
q1_2717,Q1,1.0,1.0,1.0,0.0,tie
q1_2718,Q1,1.0,1.0,1.0,0.0,tie
q1_2719,Q1,1.0,0.5,1.0,0.0,tie
q1_2720,Q1,0.5,0.2,0.5,0.0,tie
q1_2721,Q1,1.0,1.0,1.0,0.0,tie
q1_2722,Q1,1.0,1.0,1.0,0.0,tie
q1_2723,Q1,1.0,1.0,1.0,0.0,tie
q1_2724,Q1,1.0,1.0,1.0,0.0,tie
q1_2725,Q1,1.0,1.0,1.0,0.0,tie
q1_2726,Q1,0.5,0.5,0.5,0.0,tie
q1_2727,Q1,0.5,1.0,0.5,-0.5,hybrid_loss
q1_2728,Q1,1.0,1.0,1.0,0.0,tie
q1_2729,Q1,1.0,1.0,1.0,0.0,tie
q1_2730,Q1,1.0,1.0,1.0,0.0,tie
q1_2731,Q1,1.0,1.0,1.0,0.0,tie
q1_2732,Q1,1.0,1.0,1.0,0.0,tie
q1_2733,Q1,1.0,1.0,1.0,0.0,tie
q1_2734,Q1,1.0,1.0,1.0,0.0,tie
q1_2735,Q1,1.0,1.0,1.0,0.0,tie
q1_2736,Q1,1.0,0.5,1.0,0.0,tie
q1_2737,Q1,1.0,1.0,1.0,0.0,tie
q1_2738,Q1,1.0,1.0,1.0,0.0,tie
q1_2739,Q1,1.0,1.0,1.0,0.0,tie
q1_2740,Q1,1.0,1.0,1.0,0.0,tie
q1_2741,Q1,1.0,1.0,1.0,0.0,tie
q1_2742,Q1,1.0,1.0,1.0,0.0,tie
q1_2743,Q1,1.0,1.0,1.0,0.0,tie
q1_2744,Q1,1.0,0.5,1.0,0.0,tie
q1_2745,Q1,0.5,1.0,0.5,-0.5,hybrid_loss
q1_2746,Q1,1.0,1.0,1.0,0.0,tie
q1_2747,Q1,0.5,0.5,0.5,0.0,tie
q1_2748,Q1,1.0,1.0,1.0,0.0,tie
q1_2749,Q1,1.0,0.5,1.0,0.0,tie
q1_2750,Q1,0.5,1.0,0.5,-0.5,hybrid_loss
q1_2751,Q1,1.0,1.0,1.0,0.0,tie
q1_2752,Q1,1.0,1.0,1.0,0.0,tie
q1_2753,Q1,1.0,1.0,1.0,0.0,tie
q1_2754,Q1,1.0,1.0,1.0,0.0,tie
q1_2755,Q1,1.0,1.0,1.0,0.0,tie
q1_2756,Q1,1.0,1.0,1.0,0.0,tie
q1_2757,Q1,1.0,1.0,1.0,0.0,tie
q1_2758,Q1,1.0,0.5,1.0,0.0,tie
q1_2759,Q1,1.0,1.0,1.0,0.0,tie
q1_2760,Q1,1.0,1.0,1.0,0.0,tie
q1_2761,Q1,1.0,1.0,1.0,0.0,tie
q1_2762,Q1,1.0,1.0,1.0,0.0,tie
q1_2763,Q1,1.0,1.0,1.0,0.0,tie
q1_2764,Q1,1.0,1.0,1.0,0.0,tie
q1_2765,Q1,1.0,0.25,1.0,0.0,tie
q1_2766,Q1,1.0,1.0,1.0,0.0,tie
q1_2767,Q1,0.5,0.3333333333333333,0.5,0.0,tie
q1_2768,Q1,0.5,0.5,0.5,0.0,tie
q1_2769,Q1,1.0,1.0,1.0,0.0,tie
q1_2770,Q1,1.0,1.0,1.0,0.0,tie
q1_2771,Q1,1.0,1.0,1.0,0.0,tie
q1_2772,Q1,1.0,1.0,1.0,0.0,tie
q1_2773,Q1,1.0,1.0,1.0,0.0,tie
q1_2774,Q1,1.0,1.0,1.0,0.0,tie
q1_2775,Q1,1.0,1.0,1.0,0.0,tie
q1_2776,Q1,1.0,1.0,1.0,0.0,tie
q1_2777,Q1,1.0,1.0,1.0,0.0,tie
q1_2778,Q1,1.0,1.0,1.0,0.0,tie
q1_2779,Q1,1.0,1.0,1.0,0.0,tie
q1_2780,Q1,1.0,1.0,1.0,0.0,tie
q1_2781,Q1,1.0,1.0,1.0,0.0,tie
q1_2782,Q1,1.0,1.0,1.0,0.0,tie
q1_2783,Q1,1.0,1.0,1.0,0.0,tie
q1_2784,Q1,1.0,1.0,1.0,0.0,tie
q1_2785,Q1,1.0,1.0,1.0,0.0,tie
q1_2786,Q1,0.5,1.0,1.0,0.0,tie
q1_2787,Q1,1.0,0.5,1.0,0.0,tie
q1_2788,Q1,0.5,1.0,0.5,-0.5,hybrid_loss
q1_2789,Q1,1.0,1.0,1.0,0.0,tie
q1_2790,Q1,1.0,1.0,1.0,0.0,tie
q1_2791,Q1,1.0,1.0,1.0,0.0,tie
q1_2792,Q1,1.0,1.0,1.0,0.0,tie
q1_2793,Q1,1.0,1.0,1.0,0.0,tie
q1_2794,Q1,1.0,1.0,1.0,0.0,tie
q1_2795,Q1,1.0,1.0,1.0,0.0,tie
q1_2796,Q1,1.0,1.0,1.0,0.0,tie
q1_2797,Q1,1.0,1.0,1.0,0.0,tie
q1_2798,Q1,1.0,1.0,1.0,0.0,tie
q1_2799,Q1,1.0,1.0,1.0,0.0,tie
q1_2800,Q1,0.5,0.5,0.5,0.0,tie
q1_2801,Q1,1.0,1.0,1.0,0.0,tie
q1_2802,Q1,1.0,1.0,1.0,0.0,tie
q1_2803,Q1,1.0,1.0,1.0,0.0,tie
q1_2804,Q1,1.0,1.0,1.0,0.0,tie
q1_2805,Q1,1.0,1.0,1.0,0.0,tie
q1_2806,Q1,1.0,1.0,1.0,0.0,tie
q1_2807,Q1,1.0,1.0,1.0,0.0,tie
q1_2808,Q1,1.0,1.0,1.0,0.0,tie
q1_2809,Q1,1.0,1.0,1.0,0.0,tie
q1_2810,Q1,1.0,0.5,1.0,0.0,tie
q1_2811,Q1,1.0,1.0,1.0,0.0,tie
q1_2812,Q1,1.0,1.0,1.0,0.0,tie
q1_2813,Q1,1.0,1.0,1.0,0.0,tie
q1_2814,Q1,1.0,1.0,1.0,0.0,tie
q1_2815,Q1,0.5,1.0,0.5,-0.5,hybrid_loss
q1_2816,Q1,1.0,1.0,1.0,0.0,tie
q1_2817,Q1,1.0,1.0,1.0,0.0,tie
q1_2818,Q1,1.0,1.0,1.0,0.0,tie
q1_2819,Q1,1.0,1.0,1.0,0.0,tie
q1_2820,Q1,1.0,1.0,1.0,0.0,tie
q1_2821,Q1,1.0,1.0,1.0,0.0,tie
q1_2822,Q1,1.0,1.0,1.0,0.0,tie
q1_2823,Q1,1.0,1.0,1.0,0.0,tie
q1_2824,Q1,1.0,1.0,1.0,0.0,tie
q1_2825,Q1,1.0,1.0,1.0,0.0,tie
q1_2826,Q1,1.0,1.0,1.0,0.0,tie
q1_2827,Q1,1.0,1.0,1.0,0.0,tie
q1_2828,Q1,1.0,1.0,1.0,0.0,tie
q1_2829,Q1,1.0,1.0,1.0,0.0,tie
q1_2830,Q1,1.0,1.0,1.0,0.0,tie
q1_2831,Q1,1.0,1.0,1.0,0.0,tie
q1_2832,Q1,1.0,1.0,1.0,0.0,tie
q1_2833,Q1,1.0,1.0,1.0,0.0,tie
q1_2834,Q1,1.0,1.0,1.0,0.0,tie
q1_2835,Q1,1.0,1.0,1.0,0.0,tie
q1_2836,Q1,1.0,1.0,1.0,0.0,tie
q1_2837,Q1,1.0,1.0,1.0,0.0,tie
q1_2838,Q1,1.0,1.0,1.0,0.0,tie
q1_2839,Q1,1.0,1.0,1.0,0.0,tie
q1_2840,Q1,1.0,1.0,1.0,0.0,tie
q1_2841,Q1,1.0,1.0,1.0,0.0,tie
q1_2842,Q1,1.0,1.0,1.0,0.0,tie
q1_2843,Q1,1.0,1.0,1.0,0.0,tie
q1_2844,Q1,1.0,1.0,1.0,0.0,tie
q1_2845,Q1,0.5,1.0,0.5,-0.5,hybrid_loss
q1_2846,Q1,1.0,1.0,1.0,0.0,tie
q1_2847,Q1,1.0,1.0,1.0,0.0,tie
q1_2848,Q1,1.0,1.0,1.0,0.0,tie
q1_2849,Q1,1.0,1.0,1.0,0.0,tie
q1_2850,Q1,1.0,1.0,1.0,0.0,tie
q1_2851,Q1,1.0,1.0,1.0,0.0,tie
q1_2852,Q1,1.0,1.0,1.0,0.0,tie
q1_2853,Q1,1.0,1.0,1.0,0.0,tie
q1_2854,Q1,1.0,1.0,1.0,0.0,tie
q1_2855,Q1,1.0,1.0,1.0,0.0,tie
q1_2856,Q1,1.0,1.0,1.0,0.0,tie
q1_2857,Q1,1.0,1.0,1.0,0.0,tie
q1_2858,Q1,1.0,1.0,1.0,0.0,tie
q1_2859,Q1,1.0,1.0,1.0,0.0,tie
q1_2860,Q1,1.0,1.0,1.0,0.0,tie
q1_2861,Q1,1.0,0.5,1.0,0.0,tie
q1_2862,Q1,0.5,1.0,0.5,-0.5,hybrid_loss
q1_2863,Q1,1.0,1.0,1.0,0.0,tie
q1_2864,Q1,1.0,1.0,1.0,0.0,tie
q1_2865,Q1,0.5,1.0,1.0,0.0,tie
q1_2866,Q1,0.5,1.0,1.0,0.0,tie
q1_2867,Q1,1.0,1.0,1.0,0.0,tie
q1_2868,Q1,1.0,1.0,1.0,0.0,tie
q1_2869,Q1,1.0,1.0,1.0,0.0,tie
q1_2870,Q1,1.0,1.0,1.0,0.0,tie
q1_2871,Q1,1.0,1.0,1.0,0.0,tie
q1_2872,Q1,1.0,1.0,1.0,0.0,tie
q1_2873,Q1,1.0,1.0,1.0,0.0,tie
q1_2874,Q1,1.0,1.0,1.0,0.0,tie
q1_2875,Q1,1.0,1.0,1.0,0.0,tie
q1_2876,Q1,1.0,1.0,1.0,0.0,tie
q1_2877,Q1,1.0,1.0,1.0,0.0,tie
q1_2878,Q1,1.0,1.0,1.0,0.0,tie
q1_2879,Q1,1.0,1.0,1.0,0.0,tie
q1_2880,Q1,1.0,1.0,1.0,0.0,tie
q1_2881,Q1,1.0,1.0,1.0,0.0,tie
q1_2882,Q1,1.0,1.0,1.0,0.0,tie
q1_2883,Q1,1.0,1.0,1.0,0.0,tie
q1_2884,Q1,1.0,1.0,1.0,0.0,tie
q1_2885,Q1,1.0,1.0,1.0,0.0,tie
q1_2886,Q1,1.0,1.0,1.0,0.0,tie
q1_2887,Q1,1.0,1.0,1.0,0.0,tie
q1_2888,Q1,1.0,1.0,1.0,0.0,tie
q1_2889,Q1,1.0,1.0,1.0,0.0,tie
q1_2890,Q1,1.0,1.0,1.0,0.0,tie
q1_2891,Q1,1.0,1.0,1.0,0.0,tie
q1_2892,Q1,1.0,1.0,1.0,0.0,tie
q1_2893,Q1,1.0,1.0,1.0,0.0,tie
q1_2894,Q1,1.0,1.0,1.0,0.0,tie
q1_2895,Q1,1.0,1.0,1.0,0.0,tie
q1_2896,Q1,1.0,1.0,1.0,0.0,tie
q1_2897,Q1,1.0,1.0,1.0,0.0,tie
q1_2898,Q1,1.0,1.0,1.0,0.0,tie
q1_2899,Q1,1.0,1.0,1.0,0.0,tie
q1_2900,Q1,1.0,1.0,1.0,0.0,tie
q1_2901,Q1,1.0,0.5,1.0,0.0,tie
q1_2902,Q1,0.5,0.25,0.5,0.0,tie
q1_2903,Q1,1.0,1.0,1.0,0.0,tie
q1_2904,Q1,0.5,0.3333333333333333,0.5,0.0,tie
q1_2905,Q1,1.0,1.0,1.0,0.0,tie
q1_2906,Q1,1.0,1.0,1.0,0.0,tie
q1_2907,Q1,1.0,1.0,1.0,0.0,tie
q1_2908,Q1,1.0,1.0,1.0,0.0,tie
q1_2909,Q1,1.0,1.0,1.0,0.0,tie
q1_2910,Q1,1.0,1.0,1.0,0.0,tie
q1_2911,Q1,1.0,0.5,1.0,0.0,tie
q1_2912,Q1,1.0,1.0,1.0,0.0,tie
q1_2913,Q1,1.0,1.0,1.0,0.0,tie
q1_2914,Q1,1.0,1.0,1.0,0.0,tie
q1_2915,Q1,1.0,1.0,1.0,0.0,tie
q1_2916,Q1,1.0,1.0,1.0,0.0,tie
q1_2917,Q1,1.0,1.0,1.0,0.0,tie
q1_2918,Q1,0.5,0.5,0.5,0.0,tie
q1_2919,Q1,0.5,0.5,0.5,0.0,tie
q1_2920,Q1,1.0,1.0,1.0,0.0,tie
q1_2921,Q1,0.5,0.5,0.5,0.0,tie
q1_2922,Q1,1.0,0.5,1.0,0.0,tie
q1_2923,Q1,0.25,0.3333333333333333,0.25,-0.08333333333333331,hybrid_loss
q1_2924,Q1,1.0,1.0,1.0,0.0,tie
q1_2925,Q1,1.0,1.0,1.0,0.0,tie
q1_2926,Q1,0.5,0.5,0.5,0.0,tie
q1_2927,Q1,1.0,1.0,1.0,0.0,tie
q1_2928,Q1,1.0,0.3333333333333333,1.0,0.0,tie
q1_2929,Q1,0.5,0.5,0.5,0.0,tie
q1_2930,Q1,0.5,0.5,0.5,0.0,tie
q1_2931,Q1,1.0,1.0,1.0,0.0,tie
q1_2932,Q1,1.0,1.0,1.0,0.0,tie
q1_2933,Q1,1.0,1.0,1.0,0.0,tie
q1_2934,Q1,1.0,0.5,1.0,0.0,tie
q1_2935,Q1,1.0,1.0,1.0,0.0,tie
q1_2936,Q1,1.0,1.0,1.0,0.0,tie
q1_2937,Q1,1.0,0.5,1.0,0.0,tie
q1_2938,Q1,1.0,1.0,1.0,0.0,tie
q1_2939,Q1,1.0,0.5,1.0,0.0,tie
q1_2940,Q1,1.0,0.5,1.0,0.0,tie
q1_2941,Q1,1.0,1.0,1.0,0.0,tie
q1_2942,Q1,1.0,1.0,1.0,0.0,tie
q1_2943,Q1,1.0,1.0,1.0,0.0,tie
q1_2944,Q1,0.3333333333333333,1.0,0.3333333333333333,-0.6666666666666667,hybrid_loss
q1_2945,Q1,1.0,1.0,1.0,0.0,tie
q1_2946,Q1,1.0,1.0,1.0,0.0,tie
q1_2947,Q1,1.0,1.0,1.0,0.0,tie
q1_2948,Q1,1.0,1.0,1.0,0.0,tie
q1_2949,Q1,1.0,1.0,1.0,0.0,tie
q1_2950,Q1,1.0,1.0,1.0,0.0,tie
q1_2951,Q1,1.0,1.0,1.0,0.0,tie
q1_2952,Q1,1.0,1.0,1.0,0.0,tie
q1_2953,Q1,1.0,1.0,1.0,0.0,tie
q1_2954,Q1,1.0,1.0,1.0,0.0,tie
q1_2955,Q1,1.0,1.0,1.0,0.0,tie
q1_2956,Q1,1.0,1.0,1.0,0.0,tie
q1_2957,Q1,1.0,1.0,1.0,0.0,tie
q1_2958,Q1,1.0,1.0,1.0,0.0,tie
q1_2959,Q1,1.0,1.0,1.0,0.0,tie
q1_2960,Q1,1.0,1.0,1.0,0.0,tie
q1_2961,Q1,1.0,1.0,1.0,0.0,tie
q1_2962,Q1,1.0,1.0,1.0,0.0,tie
q1_2963,Q1,1.0,1.0,1.0,0.0,tie
q1_2964,Q1,1.0,1.0,1.0,0.0,tie
q1_2965,Q1,1.0,1.0,1.0,0.0,tie
q1_2966,Q1,1.0,1.0,1.0,0.0,tie
q1_2967,Q1,1.0,1.0,1.0,0.0,tie
q1_2968,Q1,1.0,1.0,1.0,0.0,tie
q1_2969,Q1,1.0,1.0,1.0,0.0,tie
q1_2970,Q1,1.0,1.0,1.0,0.0,tie
q1_2971,Q1,1.0,1.0,1.0,0.0,tie
q1_2972,Q1,1.0,1.0,1.0,0.0,tie
q1_2973,Q1,1.0,1.0,1.0,0.0,tie
q1_2974,Q1,1.0,1.0,1.0,0.0,tie
q1_2975,Q1,1.0,1.0,1.0,0.0,tie
q1_2976,Q1,1.0,1.0,1.0,0.0,tie
q1_2977,Q1,0.3333333333333333,0.5,0.3333333333333333,-0.16666666666666669,hybrid_loss
q1_2978,Q1,1.0,1.0,1.0,0.0,tie
q1_2979,Q1,0.5,1.0,0.5,-0.5,hybrid_loss
q1_2980,Q1,1.0,1.0,1.0,0.0,tie
q1_2981,Q1,1.0,1.0,1.0,0.0,tie
q1_2982,Q1,1.0,1.0,1.0,0.0,tie
q1_2983,Q1,1.0,1.0,1.0,0.0,tie
q1_2984,Q1,1.0,1.0,1.0,0.0,tie
q1_2985,Q1,1.0,1.0,1.0,0.0,tie
q1_2986,Q1,1.0,1.0,1.0,0.0,tie
q1_2987,Q1,1.0,0.5,1.0,0.0,tie
q1_2988,Q1,0.5,0.5,0.5,0.0,tie
q1_2989,Q1,1.0,1.0,1.0,0.0,tie
q1_2990,Q1,1.0,1.0,1.0,0.0,tie
q1_2991,Q1,1.0,1.0,1.0,0.0,tie
q1_2992,Q1,1.0,0.5,1.0,0.0,tie
q1_2993,Q1,1.0,0.5,1.0,0.0,tie
q1_2994,Q1,1.0,1.0,1.0,0.0,tie
q1_2995,Q1,1.0,0.5,1.0,0.0,tie
q1_2996,Q1,1.0,1.0,1.0,0.0,tie
q1_2997,Q1,1.0,1.0,1.0,0.0,tie
q1_2998,Q1,1.0,1.0,1.0,0.0,tie
q1_2999,Q1,1.0,1.0,1.0,0.0,tie
q1_3000,Q1,1.0,1.0,1.0,0.0,tie
q1_3001,Q1,1.0,1.0,1.0,0.0,tie
q1_3002,Q1,1.0,1.0,1.0,0.0,tie
q1_3003,Q1,1.0,1.0,1.0,0.0,tie
q1_3004,Q1,1.0,1.0,1.0,0.0,tie
q1_3005,Q1,1.0,1.0,1.0,0.0,tie
q1_3006,Q1,1.0,1.0,1.0,0.0,tie
q1_3007,Q1,1.0,1.0,1.0,0.0,tie
q1_3008,Q1,1.0,1.0,1.0,0.0,tie
q1_3009,Q1,1.0,1.0,1.0,0.0,tie
q1_3010,Q1,1.0,1.0,1.0,0.0,tie
q1_3011,Q1,1.0,1.0,1.0,0.0,tie
q1_3012,Q1,1.0,1.0,1.0,0.0,tie
q1_3013,Q1,1.0,1.0,1.0,0.0,tie
q1_3014,Q1,1.0,1.0,1.0,0.0,tie
q1_3015,Q1,1.0,1.0,1.0,0.0,tie
q1_3016,Q1,1.0,1.0,1.0,0.0,tie
q1_3017,Q1,1.0,1.0,1.0,0.0,tie
q1_3018,Q1,1.0,1.0,1.0,0.0,tie
q1_3019,Q1,1.0,1.0,1.0,0.0,tie
q1_3020,Q1,1.0,1.0,1.0,0.0,tie
q1_3021,Q1,1.0,1.0,1.0,0.0,tie
q1_3022,Q1,1.0,1.0,1.0,0.0,tie
q1_3023,Q1,1.0,1.0,1.0,0.0,tie
q1_3024,Q1,1.0,1.0,1.0,0.0,tie
q1_3025,Q1,1.0,0.5,1.0,0.0,tie
q1_3026,Q1,0.5,1.0,0.5,-0.5,hybrid_loss
q1_3027,Q1,0.5,1.0,0.5,-0.5,hybrid_loss
q1_3028,Q1,1.0,0.5,1.0,0.0,tie
q1_3029,Q1,0.5,1.0,0.5,-0.5,hybrid_loss
q1_3030,Q1,1.0,1.0,1.0,0.0,tie
q1_3031,Q1,1.0,1.0,1.0,0.0,tie
q1_3032,Q1,1.0,1.0,1.0,0.0,tie
q1_3033,Q1,1.0,1.0,1.0,0.0,tie
q1_3034,Q1,1.0,1.0,1.0,0.0,tie
q1_3035,Q1,1.0,1.0,1.0,0.0,tie
q1_3036,Q1,0.5,1.0,0.5,-0.5,hybrid_loss
q1_3037,Q1,1.0,1.0,1.0,0.0,tie
q1_3038,Q1,0.5,0.5,0.5,0.0,tie
q1_3039,Q1,1.0,1.0,1.0,0.0,tie
q1_3040,Q1,1.0,1.0,1.0,0.0,tie
q1_3041,Q1,1.0,1.0,1.0,0.0,tie
q1_3042,Q1,0.5,1.0,0.5,-0.5,hybrid_loss
q1_3043,Q1,0.5,1.0,0.5,-0.5,hybrid_loss
q1_3044,Q1,0.5,1.0,0.5,-0.5,hybrid_loss
q1_3045,Q1,1.0,1.0,1.0,0.0,tie
q1_3046,Q1,1.0,1.0,1.0,0.0,tie
q1_3047,Q1,1.0,1.0,1.0,0.0,tie
q1_3048,Q1,1.0,1.0,1.0,0.0,tie
q1_3049,Q1,1.0,1.0,1.0,0.0,tie
q1_3050,Q1,1.0,1.0,1.0,0.0,tie
q1_3051,Q1,1.0,1.0,1.0,0.0,tie
q1_3052,Q1,1.0,1.0,1.0,0.0,tie
q1_3053,Q1,1.0,1.0,1.0,0.0,tie
q1_3054,Q1,1.0,1.0,1.0,0.0,tie
q1_3055,Q1,1.0,1.0,1.0,0.0,tie
q1_3056,Q1,1.0,1.0,1.0,0.0,tie
q1_3057,Q1,1.0,1.0,1.0,0.0,tie
q1_3058,Q1,1.0,1.0,1.0,0.0,tie
q1_3059,Q1,1.0,1.0,1.0,0.0,tie
q1_3060,Q1,1.0,1.0,1.0,0.0,tie
q1_3061,Q1,1.0,1.0,1.0,0.0,tie
q1_3062,Q1,1.0,1.0,1.0,0.0,tie
q1_3063,Q1,1.0,1.0,1.0,0.0,tie
q1_3064,Q1,1.0,1.0,1.0,0.0,tie
q1_3065,Q1,1.0,1.0,1.0,0.0,tie
q1_3066,Q1,1.0,1.0,1.0,0.0,tie
q1_3067,Q1,1.0,1.0,1.0,0.0,tie
q1_3068,Q1,1.0,1.0,1.0,0.0,tie
q1_3069,Q1,1.0,1.0,1.0,0.0,tie
q1_3070,Q1,1.0,1.0,1.0,0.0,tie
q1_3071,Q1,1.0,1.0,1.0,0.0,tie
q1_3072,Q1,1.0,1.0,1.0,0.0,tie
q1_3073,Q1,1.0,1.0,1.0,0.0,tie
q1_3074,Q1,1.0,1.0,1.0,0.0,tie
q1_3075,Q1,1.0,1.0,1.0,0.0,tie
q1_3076,Q1,1.0,1.0,1.0,0.0,tie
q1_3077,Q1,1.0,1.0,1.0,0.0,tie
q1_3078,Q1,1.0,1.0,1.0,0.0,tie
q1_3079,Q1,1.0,1.0,1.0,0.0,tie
q1_3080,Q1,1.0,1.0,1.0,0.0,tie
q1_3081,Q1,0.5,0.5,0.5,0.0,tie
q1_3082,Q1,1.0,1.0,1.0,0.0,tie
q1_3083,Q1,1.0,1.0,1.0,0.0,tie
q1_3084,Q1,1.0,1.0,1.0,0.0,tie
q1_3085,Q1,1.0,1.0,1.0,0.0,tie
q1_3086,Q1,0.5,0.5,0.5,0.0,tie
q1_3087,Q1,1.0,0.5,1.0,0.0,tie
q1_3088,Q1,1.0,1.0,1.0,0.0,tie
q1_3089,Q1,1.0,1.0,1.0,0.0,tie
q1_3090,Q1,1.0,1.0,1.0,0.0,tie
q1_3091,Q1,1.0,1.0,1.0,0.0,tie
q1_3092,Q1,1.0,0.5,0.5,-0.5,hybrid_loss
q1_3093,Q1,0.5,1.0,1.0,0.0,tie
q1_3094,Q1,1.0,1.0,1.0,0.0,tie
q1_3095,Q1,1.0,1.0,1.0,0.0,tie
q1_3096,Q1,1.0,1.0,1.0,0.0,tie
q1_3097,Q1,1.0,1.0,1.0,0.0,tie
q1_3098,Q1,1.0,1.0,1.0,0.0,tie
q1_3099,Q1,1.0,1.0,1.0,0.0,tie
q1_3100,Q1,1.0,1.0,1.0,0.0,tie
q1_3101,Q1,1.0,1.0,1.0,0.0,tie
q1_3102,Q1,1.0,0.5,1.0,0.0,tie
q1_3103,Q1,0.5,1.0,0.5,-0.5,hybrid_loss
q1_3104,Q1,1.0,1.0,1.0,0.0,tie
q1_3105,Q1,1.0,1.0,1.0,0.0,tie
q1_3106,Q1,1.0,1.0,1.0,0.0,tie
q1_3107,Q1,1.0,1.0,1.0,0.0,tie
q1_3108,Q1,1.0,1.0,1.0,0.0,tie
q1_3109,Q1,1.0,1.0,1.0,0.0,tie
q1_3110,Q1,1.0,1.0,1.0,0.0,tie
q1_3111,Q1,1.0,1.0,1.0,0.0,tie
q1_3112,Q1,1.0,0.3333333333333333,1.0,0.0,tie
q1_3113,Q1,1.0,1.0,1.0,0.0,tie
q1_3114,Q1,1.0,1.0,1.0,0.0,tie
q1_3115,Q1,1.0,1.0,1.0,0.0,tie
q1_3116,Q1,1.0,0.5,1.0,0.0,tie
q1_3117,Q1,0.5,1.0,0.5,-0.5,hybrid_loss
q1_3118,Q1,1.0,1.0,1.0,0.0,tie
q1_3119,Q1,1.0,1.0,1.0,0.0,tie
q1_3120,Q1,1.0,1.0,1.0,0.0,tie
q1_3121,Q1,1.0,0.3333333333333333,1.0,0.0,tie
q1_3122,Q1,1.0,1.0,1.0,0.0,tie
q1_3123,Q1,1.0,1.0,1.0,0.0,tie
q1_3124,Q1,1.0,1.0,1.0,0.0,tie
q1_3125,Q1,0.5,0.5,0.5,0.0,tie
q1_3126,Q1,1.0,1.0,1.0,0.0,tie
q1_3127,Q1,1.0,1.0,1.0,0.0,tie
q1_3128,Q1,1.0,1.0,1.0,0.0,tie
q1_3129,Q1,1.0,1.0,1.0,0.0,tie
q1_3130,Q1,1.0,1.0,1.0,0.0,tie
q1_3131,Q1,1.0,1.0,1.0,0.0,tie
q1_3132,Q1,1.0,1.0,1.0,0.0,tie
q1_3133,Q1,1.0,1.0,1.0,0.0,tie
q1_3134,Q1,1.0,1.0,1.0,0.0,tie
q1_3135,Q1,1.0,1.0,1.0,0.0,tie
q1_3136,Q1,1.0,1.0,1.0,0.0,tie
q1_3137,Q1,1.0,1.0,1.0,0.0,tie
q1_3138,Q1,1.0,1.0,1.0,0.0,tie
q1_3139,Q1,1.0,1.0,1.0,0.0,tie
q1_3140,Q1,0.5,0.5,0.5,0.0,tie
q1_3141,Q1,0.5,0.25,0.5,0.0,tie
q1_3142,Q1,0.5,0.5,0.5,0.0,tie
q1_3143,Q1,1.0,0.5,1.0,0.0,tie
q1_3144,Q1,1.0,1.0,1.0,0.0,tie
q1_3145,Q1,1.0,1.0,1.0,0.0,tie
q1_3146,Q1,1.0,1.0,1.0,0.0,tie
q1_3147,Q1,1.0,1.0,1.0,0.0,tie
q1_3148,Q1,1.0,1.0,1.0,0.0,tie
q1_3149,Q1,1.0,1.0,1.0,0.0,tie
q1_3150,Q1,1.0,1.0,1.0,0.0,tie
q1_3151,Q1,1.0,1.0,1.0,0.0,tie
q1_3152,Q1,1.0,1.0,1.0,0.0,tie
q1_3153,Q1,1.0,1.0,1.0,0.0,tie
q1_3154,Q1,1.0,1.0,1.0,0.0,tie
q1_3155,Q1,0.5,1.0,0.5,-0.5,hybrid_loss
q1_3156,Q1,1.0,0.3333333333333333,1.0,0.0,tie
q1_3157,Q1,1.0,1.0,1.0,0.0,tie
q1_3158,Q1,0.5,1.0,0.5,-0.5,hybrid_loss
q1_3159,Q1,1.0,1.0,1.0,0.0,tie
q1_3160,Q1,1.0,1.0,1.0,0.0,tie
q1_3161,Q1,1.0,1.0,1.0,0.0,tie
q1_3162,Q1,1.0,1.0,1.0,0.0,tie
q1_3163,Q1,1.0,1.0,1.0,0.0,tie
q1_3164,Q1,1.0,1.0,1.0,0.0,tie
q1_3165,Q1,1.0,1.0,1.0,0.0,tie
q1_3166,Q1,1.0,1.0,1.0,0.0,tie
q1_3167,Q1,0.5,0.5,0.5,0.0,tie
q1_3168,Q1,0.5,1.0,0.5,-0.5,hybrid_loss
q1_3169,Q1,0.5,0.5,0.5,0.0,tie
q1_3170,Q1,1.0,1.0,1.0,0.0,tie
q1_3171,Q1,1.0,1.0,1.0,0.0,tie
q1_3172,Q1,1.0,1.0,1.0,0.0,tie
q1_3173,Q1,0.5,1.0,0.5,-0.5,hybrid_loss
q1_3174,Q1,1.0,1.0,1.0,0.0,tie
q1_3175,Q1,1.0,1.0,1.0,0.0,tie
q1_3176,Q1,1.0,0.5,1.0,0.0,tie
q1_3177,Q1,0.5,1.0,0.5,-0.5,hybrid_loss
q1_3178,Q1,1.0,1.0,1.0,0.0,tie
q1_3179,Q1,1.0,1.0,1.0,0.0,tie
q1_3180,Q1,1.0,1.0,1.0,0.0,tie
q1_3181,Q1,1.0,1.0,1.0,0.0,tie
q1_3182,Q1,1.0,1.0,1.0,0.0,tie
q1_3183,Q1,1.0,1.0,1.0,0.0,tie
q1_3184,Q1,1.0,1.0,1.0,0.0,tie
q1_3185,Q1,1.0,0.5,1.0,0.0,tie
q1_3186,Q1,0.5,1.0,0.5,-0.5,hybrid_loss
q1_3187,Q1,1.0,1.0,1.0,0.0,tie
q1_3188,Q1,1.0,0.5,1.0,0.0,tie
q1_3189,Q1,1.0,1.0,1.0,0.0,tie
q1_3190,Q1,1.0,1.0,1.0,0.0,tie
q1_3191,Q1,1.0,0.5,1.0,0.0,tie
q1_3192,Q1,0.5,0.3333333333333333,0.5,0.0,tie
q1_3193,Q1,0.3333333333333333,1.0,0.3333333333333333,-0.6666666666666667,hybrid_loss
q1_3194,Q1,0.25,0.25,0.25,0.0,tie
q1_3195,Q1,1.0,0.2,1.0,0.0,tie
q1_3196,Q1,0.5,0.3333333333333333,0.5,0.0,tie
q1_3197,Q1,0.3333333333333333,0.16666666666666666,0.3333333333333333,0.0,tie
q1_3198,Q1,0.25,1.0,0.25,-0.75,hybrid_loss
q1_3199,Q1,0.2,0.25,0.2,-0.04999999999999999,hybrid_loss
q1_3200,Q1,0.16666666666666666,0.5,0.16666666666666666,-0.33333333333333337,hybrid_loss
q1_3201,Q1,1.0,1.0,1.0,0.0,tie
q1_3202,Q1,1.0,1.0,1.0,0.0,tie
q1_3203,Q1,1.0,1.0,1.0,0.0,tie
q1_3204,Q1,1.0,1.0,1.0,0.0,tie
q1_3205,Q1,1.0,1.0,1.0,0.0,tie
q1_3206,Q1,1.0,1.0,1.0,0.0,tie
q1_3207,Q1,1.0,1.0,1.0,0.0,tie
q1_3208,Q1,1.0,0.5,1.0,0.0,tie
q1_3209,Q1,0.5,1.0,0.5,-0.5,hybrid_loss
q1_3210,Q1,1.0,1.0,1.0,0.0,tie
q1_3211,Q1,1.0,1.0,1.0,0.0,tie
q1_3212,Q1,1.0,1.0,1.0,0.0,tie
q1_3213,Q1,1.0,1.0,1.0,0.0,tie
q1_3214,Q1,1.0,1.0,1.0,0.0,tie
q1_3215,Q1,1.0,1.0,1.0,0.0,tie
q1_3216,Q1,0.5,1.0,0.5,-0.5,hybrid_loss
q1_3217,Q1,1.0,1.0,1.0,0.0,tie
q1_3218,Q1,1.0,1.0,1.0,0.0,tie
q1_3219,Q1,1.0,1.0,1.0,0.0,tie
q1_3220,Q1,1.0,1.0,1.0,0.0,tie
q1_3221,Q1,0.5,0.3333333333333333,0.3333333333333333,-0.16666666666666669,hybrid_loss
q1_3222,Q1,1.0,1.0,1.0,0.0,tie
q1_3223,Q1,1.0,1.0,1.0,0.0,tie
q1_3224,Q1,1.0,1.0,1.0,0.0,tie
q1_3225,Q1,1.0,1.0,1.0,0.0,tie
q1_3226,Q1,1.0,1.0,1.0,0.0,tie
q1_3227,Q1,1.0,1.0,1.0,0.0,tie
q1_3228,Q1,1.0,1.0,1.0,0.0,tie
q1_3229,Q1,1.0,1.0,1.0,0.0,tie
q1_3230,Q1,1.0,1.0,1.0,0.0,tie
q1_3231,Q1,1.0,1.0,1.0,0.0,tie
q1_3232,Q1,1.0,1.0,1.0,0.0,tie
q1_3233,Q1,1.0,1.0,1.0,0.0,tie
q1_3234,Q1,1.0,1.0,1.0,0.0,tie
q1_3235,Q1,1.0,1.0,1.0,0.0,tie
q1_3236,Q1,1.0,1.0,1.0,0.0,tie
q1_3237,Q1,0.3333333333333333,0.3333333333333333,0.3333333333333333,0.0,tie
q1_3238,Q1,0.25,1.0,0.25,-0.75,hybrid_loss
q1_3239,Q1,0.3333333333333333,0.25,0.3333333333333333,0.0,tie
q1_3240,Q1,0.25,0.5,0.25,-0.25,hybrid_loss
q1_3241,Q1,1.0,1.0,1.0,0.0,tie
q1_3242,Q1,1.0,1.0,1.0,0.0,tie
q1_3243,Q1,1.0,1.0,1.0,0.0,tie
q1_3244,Q1,1.0,1.0,1.0,0.0,tie
q1_3245,Q1,1.0,1.0,1.0,0.0,tie
q1_3246,Q1,1.0,1.0,1.0,0.0,tie
q1_3247,Q1,0.5,1.0,0.5,-0.5,hybrid_loss
q1_3248,Q1,1.0,1.0,1.0,0.0,tie
q1_3249,Q1,1.0,1.0,1.0,0.0,tie
q1_3250,Q1,1.0,1.0,1.0,0.0,tie
q1_3251,Q1,1.0,1.0,1.0,0.0,tie
q1_3252,Q1,1.0,1.0,1.0,0.0,tie
q1_3253,Q1,1.0,1.0,1.0,0.0,tie
q1_3254,Q1,0.2,1.0,0.2,-0.8,hybrid_loss
q1_3255,Q1,0.3333333333333333,0.25,0.3333333333333333,0.0,tie
q1_3256,Q1,0.25,1.0,0.25,-0.75,hybrid_loss
q1_3257,Q1,0.5,0.5,0.5,0.0,tie
q1_3258,Q1,0.5,0.5,0.5,0.0,tie
q1_3259,Q1,0.5,0.5,0.5,0.0,tie
q1_3260,Q1,0.5,1.0,0.5,-0.5,hybrid_loss
q1_3261,Q1,1.0,1.0,1.0,0.0,tie
q1_3262,Q1,1.0,1.0,1.0,0.0,tie
q1_3263,Q1,0.5,1.0,0.5,-0.5,hybrid_loss
q1_3264,Q1,0.5,1.0,0.5,-0.5,hybrid_loss
q1_3265,Q1,1.0,0.5,1.0,0.0,tie
q1_3266,Q1,0.3333333333333333,1.0,0.3333333333333333,-0.6666666666666667,hybrid_loss
q1_3267,Q1,1.0,0.5,1.0,0.0,tie
q1_3268,Q1,1.0,1.0,1.0,0.0,tie
q1_3269,Q1,1.0,1.0,1.0,0.0,tie
q1_3270,Q1,1.0,1.0,1.0,0.0,tie
q1_3271,Q1,1.0,1.0,1.0,0.0,tie
q1_3272,Q1,1.0,1.0,1.0,0.0,tie
q1_3273,Q1,1.0,1.0,1.0,0.0,tie
q1_3274,Q1,0.5,0.5,0.5,0.0,tie
q1_3275,Q1,1.0,1.0,1.0,0.0,tie
q1_3276,Q1,1.0,1.0,1.0,0.0,tie
q1_3277,Q1,1.0,1.0,1.0,0.0,tie
q1_3278,Q1,1.0,1.0,1.0,0.0,tie
q1_3279,Q1,1.0,1.0,1.0,0.0,tie
q1_3280,Q1,1.0,1.0,1.0,0.0,tie
q1_3281,Q1,1.0,1.0,1.0,0.0,tie
q1_3282,Q1,1.0,1.0,1.0,0.0,tie
q1_3283,Q1,1.0,1.0,1.0,0.0,tie
q1_3284,Q1,1.0,1.0,1.0,0.0,tie
q1_3285,Q1,1.0,1.0,1.0,0.0,tie
q1_3286,Q1,1.0,1.0,1.0,0.0,tie
q1_3287,Q1,1.0,1.0,1.0,0.0,tie
q1_3288,Q1,1.0,1.0,1.0,0.0,tie
q1_3289,Q1,1.0,1.0,1.0,0.0,tie
q1_3290,Q1,1.0,1.0,1.0,0.0,tie
q1_3291,Q1,1.0,1.0,1.0,0.0,tie
q1_3292,Q1,1.0,1.0,1.0,0.0,tie
q1_3293,Q1,1.0,1.0,1.0,0.0,tie
q1_3294,Q1,1.0,1.0,1.0,0.0,tie
q1_3295,Q1,1.0,1.0,1.0,0.0,tie
q1_3296,Q1,1.0,1.0,1.0,0.0,tie
q1_3297,Q1,1.0,1.0,1.0,0.0,tie
q1_3298,Q1,1.0,1.0,1.0,0.0,tie
q1_3299,Q1,0.5,0.5,0.5,0.0,tie
q1_3300,Q1,1.0,1.0,1.0,0.0,tie
q1_3301,Q1,1.0,1.0,1.0,0.0,tie
q1_3302,Q1,1.0,1.0,1.0,0.0,tie
q1_3303,Q1,1.0,1.0,1.0,0.0,tie
q1_3304,Q1,1.0,1.0,1.0,0.0,tie
q1_3305,Q1,1.0,1.0,1.0,0.0,tie
q1_3306,Q1,1.0,1.0,1.0,0.0,tie
q1_3307,Q1,1.0,1.0,1.0,0.0,tie
q1_3308,Q1,1.0,1.0,1.0,0.0,tie
q1_3309,Q1,1.0,1.0,1.0,0.0,tie
q1_3310,Q1,1.0,1.0,1.0,0.0,tie
q1_3311,Q1,1.0,1.0,1.0,0.0,tie
q1_3312,Q1,1.0,1.0,1.0,0.0,tie
q1_3313,Q1,1.0,1.0,1.0,0.0,tie
q1_3314,Q1,1.0,1.0,1.0,0.0,tie
q1_3315,Q1,1.0,1.0,1.0,0.0,tie
q1_3316,Q1,1.0,1.0,1.0,0.0,tie
q1_3317,Q1,1.0,1.0,1.0,0.0,tie
q1_3318,Q1,1.0,1.0,1.0,0.0,tie
q1_3319,Q1,1.0,1.0,1.0,0.0,tie
q1_3320,Q1,1.0,1.0,1.0,0.0,tie
q1_3321,Q1,1.0,1.0,1.0,0.0,tie
q1_3322,Q1,1.0,1.0,1.0,0.0,tie
q1_3323,Q1,1.0,1.0,1.0,0.0,tie
q1_3324,Q1,0.5,0.5,0.5,0.0,tie
q1_3325,Q1,0.3333333333333333,1.0,0.3333333333333333,-0.6666666666666667,hybrid_loss
q1_3326,Q1,1.0,1.0,1.0,0.0,tie
q1_3327,Q1,1.0,1.0,1.0,0.0,tie
q1_3328,Q1,1.0,1.0,1.0,0.0,tie
q1_3329,Q1,1.0,1.0,1.0,0.0,tie
q1_3330,Q1,0.3333333333333333,0.5,0.3333333333333333,-0.16666666666666669,hybrid_loss
q1_3331,Q1,0.3333333333333333,0.2,0.3333333333333333,0.0,tie
q1_3332,Q1,1.0,1.0,1.0,0.0,tie
q1_3333,Q1,1.0,1.0,1.0,0.0,tie
q1_3334,Q1,1.0,1.0,1.0,0.0,tie
q1_3335,Q1,1.0,1.0,1.0,0.0,tie
q1_3336,Q1,1.0,1.0,1.0,0.0,tie
q1_3337,Q1,1.0,1.0,1.0,0.0,tie
q1_3338,Q1,1.0,0.5,1.0,0.0,tie
q1_3339,Q1,1.0,0.3333333333333333,1.0,0.0,tie
q1_3340,Q1,0.5,1.0,0.5,-0.5,hybrid_loss
q1_3341,Q1,1.0,1.0,1.0,0.0,tie
q1_3342,Q1,1.0,0.3333333333333333,1.0,0.0,tie
q1_3343,Q1,1.0,1.0,1.0,0.0,tie
q1_3344,Q1,0.5,1.0,0.5,-0.5,hybrid_loss
q1_3345,Q1,0.5,0.3333333333333333,0.5,0.0,tie
q1_3346,Q1,1.0,1.0,1.0,0.0,tie
q1_3347,Q1,1.0,1.0,1.0,0.0,tie
q1_3348,Q1,1.0,1.0,1.0,0.0,tie
q1_3349,Q1,1.0,1.0,1.0,0.0,tie
q1_3350,Q1,1.0,1.0,1.0,0.0,tie
q1_3351,Q1,1.0,1.0,1.0,0.0,tie
q1_3352,Q1,1.0,1.0,1.0,0.0,tie
q1_3353,Q1,0.5,0.5,0.5,0.0,tie
q1_3354,Q1,1.0,0.5,1.0,0.0,tie
q1_3355,Q1,0.5,1.0,0.5,-0.5,hybrid_loss
q1_3356,Q1,1.0,1.0,1.0,0.0,tie
q1_3357,Q1,1.0,1.0,1.0,0.0,tie
q1_3358,Q1,1.0,1.0,1.0,0.0,tie
q1_3359,Q1,1.0,1.0,1.0,0.0,tie
q1_3360,Q1,1.0,1.0,1.0,0.0,tie
q1_3361,Q1,1.0,1.0,1.0,0.0,tie
q1_3362,Q1,0.3333333333333333,0.5,0.3333333333333333,-0.16666666666666669,hybrid_loss
q1_3363,Q1,0.5,0.5,0.5,0.0,tie
q1_3364,Q1,1.0,1.0,1.0,0.0,tie
q1_3365,Q1,1.0,1.0,1.0,0.0,tie
q1_3366,Q1,0.5,1.0,0.5,-0.5,hybrid_loss
q1_3367,Q1,1.0,1.0,1.0,0.0,tie
q1_3368,Q1,1.0,1.0,1.0,0.0,tie
q1_3369,Q1,1.0,1.0,1.0,0.0,tie
q1_3370,Q1,1.0,1.0,1.0,0.0,tie
q1_3371,Q1,1.0,1.0,1.0,0.0,tie
q1_3372,Q1,1.0,1.0,1.0,0.0,tie
q1_3373,Q1,1.0,1.0,1.0,0.0,tie
q1_3374,Q1,1.0,1.0,1.0,0.0,tie
q1_3375,Q1,1.0,1.0,1.0,0.0,tie
q1_3376,Q1,1.0,1.0,1.0,0.0,tie
q1_3377,Q1,1.0,1.0,1.0,0.0,tie
q1_3378,Q1,0.25,0.5,0.3333333333333333,-0.16666666666666669,hybrid_loss
q1_3379,Q1,1.0,1.0,1.0,0.0,tie
q1_3380,Q1,0.5,0.5,0.5,0.0,tie
q1_3381,Q1,0.25,1.0,1.0,0.0,tie
q1_3382,Q1,1.0,1.0,1.0,0.0,tie
q1_3383,Q1,1.0,1.0,1.0,0.0,tie
q1_3384,Q1,1.0,1.0,1.0,0.0,tie
q1_3385,Q1,1.0,1.0,1.0,0.0,tie
q1_3386,Q1,1.0,1.0,1.0,0.0,tie
q1_3387,Q1,1.0,1.0,1.0,0.0,tie
q1_3388,Q1,1.0,1.0,1.0,0.0,tie
q1_3389,Q1,1.0,1.0,1.0,0.0,tie
q1_3390,Q1,1.0,1.0,1.0,0.0,tie
q1_3391,Q1,1.0,0.5,0.5,-0.5,hybrid_loss
q1_3392,Q1,0.5,1.0,1.0,0.0,tie
q1_3393,Q1,0.5,1.0,1.0,0.0,tie
q1_3394,Q1,0.5,1.0,1.0,0.0,tie
q1_3395,Q1,1.0,1.0,1.0,0.0,tie
q1_3396,Q1,1.0,1.0,1.0,0.0,tie
q1_3397,Q1,1.0,1.0,1.0,0.0,tie
q1_3398,Q1,1.0,1.0,1.0,0.0,tie
q1_3399,Q1,0.5,1.0,1.0,0.0,tie
q1_3400,Q1,1.0,1.0,1.0,0.0,tie
q1_3401,Q1,1.0,1.0,1.0,0.0,tie
q1_3402,Q1,1.0,1.0,1.0,0.0,tie
q1_3403,Q1,1.0,1.0,1.0,0.0,tie
q1_3404,Q1,1.0,1.0,1.0,0.0,tie
q1_3405,Q1,1.0,1.0,1.0,0.0,tie
q1_3406,Q1,1.0,1.0,1.0,0.0,tie
q1_3407,Q1,1.0,1.0,1.0,0.0,tie
q1_3408,Q1,1.0,1.0,1.0,0.0,tie
q1_3409,Q1,0.2,0.16666666666666666,0.2,0.0,tie
q1_3410,Q1,0.5,0.5,0.5,0.0,tie
q1_3411,Q1,1.0,1.0,1.0,0.0,tie
q1_3412,Q1,1.0,1.0,1.0,0.0,tie
q1_3413,Q1,1.0,1.0,1.0,0.0,tie
q1_3414,Q1,1.0,1.0,1.0,0.0,tie
q1_3415,Q1,1.0,1.0,1.0,0.0,tie
q1_3416,Q1,1.0,1.0,1.0,0.0,tie
q1_3417,Q1,1.0,1.0,1.0,0.0,tie
q1_3418,Q1,1.0,1.0,1.0,0.0,tie
q1_3419,Q1,1.0,1.0,1.0,0.0,tie
q1_3420,Q1,1.0,1.0,1.0,0.0,tie
q1_3421,Q1,1.0,1.0,1.0,0.0,tie
q1_3422,Q1,1.0,1.0,1.0,0.0,tie
q1_3423,Q1,1.0,1.0,1.0,0.0,tie
q1_3424,Q1,1.0,1.0,1.0,0.0,tie
q1_3425,Q1,1.0,1.0,1.0,0.0,tie
q1_3426,Q1,0.5,0.5,0.5,0.0,tie
q1_3427,Q1,1.0,1.0,1.0,0.0,tie
q1_3428,Q1,1.0,1.0,1.0,0.0,tie
q1_3429,Q1,1.0,1.0,1.0,0.0,tie
q1_3430,Q1,0.5,0.5,0.5,0.0,tie
q1_3431,Q1,1.0,1.0,1.0,0.0,tie
q1_3432,Q1,1.0,1.0,1.0,0.0,tie
q1_3433,Q1,1.0,1.0,1.0,0.0,tie
q1_3434,Q1,0.5,0.5,0.5,0.0,tie
q1_3435,Q1,1.0,1.0,1.0,0.0,tie
q1_3436,Q1,1.0,1.0,1.0,0.0,tie
q1_3437,Q1,1.0,1.0,1.0,0.0,tie
q1_3438,Q1,1.0,1.0,1.0,0.0,tie
q1_3439,Q1,1.0,1.0,1.0,0.0,tie
q1_3440,Q1,1.0,1.0,1.0,0.0,tie
q1_3441,Q1,1.0,1.0,1.0,0.0,tie
q1_3442,Q1,1.0,1.0,1.0,0.0,tie
q1_3443,Q1,1.0,1.0,1.0,0.0,tie
q1_3444,Q1,1.0,1.0,1.0,0.0,tie
q1_3445,Q1,1.0,1.0,1.0,0.0,tie
q1_3446,Q1,1.0,0.5,1.0,0.0,tie
q1_3447,Q1,0.5,1.0,0.5,-0.5,hybrid_loss
q1_3448,Q1,1.0,1.0,1.0,0.0,tie
q1_3449,Q1,1.0,1.0,1.0,0.0,tie
q1_3450,Q1,1.0,1.0,1.0,0.0,tie
q1_3451,Q1,1.0,0.25,1.0,0.0,tie
q1_3452,Q1,0.5,0.5,0.5,0.0,tie
q1_3453,Q1,1.0,1.0,1.0,0.0,tie
q1_3454,Q1,1.0,1.0,1.0,0.0,tie
q1_3455,Q1,1.0,1.0,1.0,0.0,tie
q1_3456,Q1,1.0,1.0,1.0,0.0,tie
q1_3457,Q1,0.5,0.5,0.5,0.0,tie
q1_3458,Q1,0.5,0.5,0.5,0.0,tie
q1_3459,Q1,0.5,0.5,0.5,0.0,tie
q1_3460,Q1,0.5,0.5,0.5,0.0,tie
q1_3461,Q1,1.0,1.0,1.0,0.0,tie
q1_3462,Q1,1.0,1.0,1.0,0.0,tie
q1_3463,Q1,1.0,0.25,1.0,0.0,tie
q1_3464,Q1,0.5,0.2,0.5,0.0,tie
q1_3465,Q1,0.3333333333333333,0.5,0.3333333333333333,-0.16666666666666669,hybrid_loss
q1_3466,Q1,0.25,1.0,0.25,-0.75,hybrid_loss
q1_3467,Q1,0.2,0.3333333333333333,0.2,-0.1333333333333333,hybrid_loss
q1_3468,Q1,0.16666666666666666,0.16666666666666666,0.16666666666666666,0.0,tie
q1_3469,Q1,1.0,0.5,1.0,0.0,tie
q1_3470,Q1,0.5,1.0,0.5,-0.5,hybrid_loss
q1_3471,Q1,0.3333333333333333,0.25,0.3333333333333333,0.0,tie
q1_3472,Q1,0.25,0.3333333333333333,0.25,-0.08333333333333331,hybrid_loss
q1_3473,Q1,1.0,0.5,1.0,0.0,tie
q1_3474,Q1,0.5,0.25,0.5,0.0,tie
q1_3475,Q1,0.3333333333333333,0.3333333333333333,0.3333333333333333,0.0,tie
q1_3476,Q1,0.25,1.0,0.25,-0.75,hybrid_loss
q1_3477,Q1,1.0,0.25,1.0,0.0,tie
q1_3478,Q1,0.5,0.5,0.5,0.0,tie
q1_3479,Q1,0.3333333333333333,0.3333333333333333,0.3333333333333333,0.0,tie
q1_3480,Q1,0.25,1.0,0.25,-0.75,hybrid_loss
q1_3481,Q1,1.0,0.25,1.0,0.0,tie
q1_3482,Q1,0.5,1.0,0.5,-0.5,hybrid_loss
q1_3483,Q1,0.3333333333333333,0.3333333333333333,0.3333333333333333,0.0,tie
q1_3484,Q1,0.25,0.5,0.25,-0.25,hybrid_loss
q1_3485,Q1,1.0,1.0,1.0,0.0,tie
q1_3486,Q1,1.0,1.0,1.0,0.0,tie
q1_3487,Q1,1.0,1.0,1.0,0.0,tie
q1_3488,Q1,1.0,0.5,1.0,0.0,tie
q1_3489,Q1,0.5,1.0,0.5,-0.5,hybrid_loss
q1_3490,Q1,1.0,1.0,1.0,0.0,tie
q1_3491,Q1,1.0,1.0,1.0,0.0,tie
q1_3492,Q1,0.5,0.5,0.5,0.0,tie
q1_3493,Q1,1.0,1.0,1.0,0.0,tie
q1_3494,Q1,0.5,0.5,0.5,0.0,tie
q1_3495,Q1,1.0,1.0,1.0,0.0,tie
q1_3496,Q1,1.0,1.0,1.0,0.0,tie
q1_3497,Q1,0.5,0.5,0.5,0.0,tie
q1_3498,Q1,1.0,0.25,1.0,0.0,tie
q1_3499,Q1,0.5,0.3333333333333333,0.5,0.0,tie
q1_3500,Q1,0.3333333333333333,1.0,0.3333333333333333,-0.6666666666666667,hybrid_loss
q1_3501,Q1,0.25,0.5,0.25,-0.25,hybrid_loss
q1_3502,Q1,1.0,0.5,1.0,0.0,tie
q1_3503,Q1,0.5,1.0,0.5,-0.5,hybrid_loss
q1_3504,Q1,1.0,1.0,1.0,0.0,tie
q1_3505,Q1,1.0,0.5,1.0,0.0,tie
q1_3506,Q1,0.5,1.0,0.5,-0.5,hybrid_loss
q1_3507,Q1,1.0,1.0,1.0,0.0,tie
q1_3508,Q1,1.0,1.0,1.0,0.0,tie
q1_3509,Q1,1.0,1.0,1.0,0.0,tie
q1_3510,Q1,1.0,0.5,1.0,0.0,tie
q1_3511,Q1,0.5,1.0,0.5,-0.5,hybrid_loss
q1_3512,Q1,1.0,1.0,1.0,0.0,tie
q1_3513,Q1,1.0,1.0,1.0,0.0,tie
q1_3514,Q1,1.0,1.0,1.0,0.0,tie
q1_3515,Q1,1.0,1.0,1.0,0.0,tie
q1_3516,Q1,1.0,1.0,1.0,0.0,tie
q1_3517,Q1,0.5,0.5,0.5,0.0,tie
q1_3518,Q1,1.0,1.0,1.0,0.0,tie
q1_3519,Q1,1.0,1.0,1.0,0.0,tie
q1_3520,Q1,0.5,0.5,0.5,0.0,tie
q1_3521,Q1,1.0,1.0,1.0,0.0,tie
q1_3522,Q1,1.0,1.0,1.0,0.0,tie
q1_3523,Q1,1.0,1.0,1.0,0.0,tie
q1_3524,Q1,1.0,1.0,1.0,0.0,tie
q1_3525,Q1,1.0,0.5,0.5,-0.5,hybrid_loss
q1_3526,Q1,0.5,1.0,1.0,0.0,tie
q1_3527,Q1,1.0,1.0,1.0,0.0,tie
q1_3528,Q1,1.0,1.0,1.0,0.0,tie
q1_3529,Q1,1.0,1.0,1.0,0.0,tie
q1_3530,Q1,1.0,1.0,1.0,0.0,tie
q1_3531,Q1,1.0,1.0,1.0,0.0,tie
q1_3532,Q1,1.0,1.0,1.0,0.0,tie
q1_3533,Q1,1.0,1.0,1.0,0.0,tie
q1_3534,Q1,0.3333333333333333,0.2,0.3333333333333333,0.0,tie
q1_3535,Q1,0.25,0.3333333333333333,0.25,-0.08333333333333331,hybrid_loss
q1_3536,Q1,1.0,1.0,1.0,0.0,tie
q1_3537,Q1,1.0,1.0,1.0,0.0,tie
q1_3538,Q1,1.0,1.0,1.0,0.0,tie
q1_3539,Q1,1.0,1.0,1.0,0.0,tie
q1_3540,Q1,1.0,1.0,1.0,0.0,tie
q1_3541,Q1,1.0,1.0,1.0,0.0,tie
q1_3542,Q1,1.0,1.0,1.0,0.0,tie
q1_3543,Q1,1.0,1.0,1.0,0.0,tie
q1_3544,Q1,1.0,1.0,1.0,0.0,tie
q1_3545,Q1,1.0,1.0,1.0,0.0,tie
q1_3546,Q1,1.0,1.0,1.0,0.0,tie
q1_3547,Q1,1.0,1.0,1.0,0.0,tie
q1_3548,Q1,1.0,1.0,1.0,0.0,tie
q1_3549,Q1,1.0,1.0,1.0,0.0,tie
q1_3550,Q1,1.0,1.0,1.0,0.0,tie
q1_3551,Q1,1.0,1.0,1.0,0.0,tie
q1_3552,Q1,1.0,1.0,1.0,0.0,tie
q1_3553,Q1,1.0,1.0,1.0,0.0,tie
q1_3554,Q1,1.0,1.0,1.0,0.0,tie
q1_3555,Q1,1.0,1.0,1.0,0.0,tie
q1_3556,Q1,1.0,0.5,0.5,-0.5,hybrid_loss
q1_3557,Q1,0.5,1.0,1.0,0.0,tie
q1_3558,Q1,1.0,1.0,1.0,0.0,tie
q1_3559,Q1,1.0,1.0,1.0,0.0,tie
q1_3560,Q1,1.0,1.0,1.0,0.0,tie
q1_3561,Q1,1.0,1.0,1.0,0.0,tie
q1_3562,Q1,1.0,1.0,1.0,0.0,tie
q1_3563,Q1,1.0,1.0,1.0,0.0,tie
q1_3564,Q1,1.0,1.0,1.0,0.0,tie
q1_3565,Q1,1.0,1.0,1.0,0.0,tie
q1_3566,Q1,1.0,1.0,1.0,0.0,tie
q1_3567,Q1,1.0,1.0,1.0,0.0,tie
q1_3568,Q1,1.0,1.0,1.0,0.0,tie
q1_3569,Q1,1.0,1.0,1.0,0.0,tie
q1_3570,Q1,1.0,1.0,1.0,0.0,tie
q1_3571,Q1,1.0,1.0,1.0,0.0,tie
q1_3572,Q1,1.0,1.0,1.0,0.0,tie
q1_3573,Q1,1.0,1.0,1.0,0.0,tie
q1_3574,Q1,1.0,1.0,1.0,0.0,tie
q1_3575,Q1,1.0,1.0,1.0,0.0,tie
q1_3576,Q1,1.0,1.0,1.0,0.0,tie
q1_3577,Q1,0.5,1.0,0.5,-0.5,hybrid_loss
q1_3578,Q1,0.5,1.0,0.5,-0.5,hybrid_loss
q1_3579,Q1,0.5,1.0,0.5,-0.5,hybrid_loss
q1_3580,Q1,1.0,1.0,1.0,0.0,tie
q1_3581,Q1,1.0,1.0,1.0,0.0,tie
q1_3582,Q1,1.0,1.0,1.0,0.0,tie
q1_3583,Q1,1.0,1.0,1.0,0.0,tie
q1_3584,Q1,1.0,1.0,1.0,0.0,tie
q1_3585,Q1,1.0,0.5,1.0,0.0,tie
q1_3586,Q1,0.5,0.3333333333333333,0.5,0.0,tie
q1_3587,Q1,0.3333333333333333,1.0,0.3333333333333333,-0.6666666666666667,hybrid_loss
q1_3588,Q1,1.0,0.5,1.0,0.0,tie
q1_3589,Q1,0.5,0.3333333333333333,0.5,0.0,tie
q1_3590,Q1,0.3333333333333333,0.25,0.3333333333333333,0.0,tie
q1_3591,Q1,0.25,1.0,0.25,-0.75,hybrid_loss
q1_3592,Q1,1.0,0.5,1.0,0.0,tie
q1_3593,Q1,0.5,1.0,0.5,-0.5,hybrid_loss
q1_3594,Q1,1.0,1.0,1.0,0.0,tie
q1_3595,Q1,0.2,1.0,0.2,-0.8,hybrid_loss
q1_3596,Q1,1.0,1.0,1.0,0.0,tie
q1_3597,Q1,0.5,0.3333333333333333,0.5,0.0,tie
q1_3598,Q1,0.3333333333333333,0.5,0.3333333333333333,-0.16666666666666669,hybrid_loss
q1_3599,Q1,1.0,1.0,1.0,0.0,tie
q1_3600,Q1,1.0,1.0,1.0,0.0,tie
q1_3601,Q1,1.0,0.5,1.0,0.0,tie
q1_3602,Q1,0.5,1.0,0.5,-0.5,hybrid_loss
q1_3603,Q1,1.0,0.5,1.0,0.0,tie
q1_3604,Q1,0.5,1.0,0.5,-0.5,hybrid_loss
q1_3605,Q1,1.0,1.0,1.0,0.0,tie
q1_3606,Q1,1.0,1.0,1.0,0.0,tie
q1_3607,Q1,1.0,1.0,1.0,0.0,tie
q1_3608,Q1,1.0,1.0,1.0,0.0,tie
q1_3609,Q1,0.5,0.5,0.5,0.0,tie
q1_3610,Q1,1.0,1.0,1.0,0.0,tie
q1_3611,Q1,1.0,1.0,1.0,0.0,tie
q1_3612,Q1,1.0,0.5,1.0,0.0,tie
q1_3613,Q1,0.5,1.0,0.5,-0.5,hybrid_loss
q1_3614,Q1,1.0,1.0,1.0,0.0,tie
q1_3615,Q1,1.0,1.0,1.0,0.0,tie
q1_3616,Q1,1.0,1.0,1.0,0.0,tie
q1_3617,Q1,1.0,1.0,1.0,0.0,tie
q1_3618,Q1,1.0,1.0,1.0,0.0,tie
q1_3619,Q1,1.0,0.5,1.0,0.0,tie
q1_3620,Q1,0.5,1.0,0.5,-0.5,hybrid_loss
q1_3621,Q1,1.0,0.5,1.0,0.0,tie
q1_3622,Q1,0.5,1.0,0.5,-0.5,hybrid_loss
q1_3623,Q1,1.0,1.0,1.0,0.0,tie
q1_3624,Q1,1.0,1.0,1.0,0.0,tie
q1_3625,Q1,1.0,1.0,1.0,0.0,tie
q1_3626,Q1,1.0,1.0,1.0,0.0,tie
q1_3627,Q1,1.0,1.0,1.0,0.0,tie
q1_3628,Q1,1.0,1.0,1.0,0.0,tie
q1_3629,Q1,1.0,1.0,1.0,0.0,tie
q1_3630,Q1,1.0,1.0,1.0,0.0,tie
q1_3631,Q1,1.0,1.0,1.0,0.0,tie
q1_3632,Q1,1.0,1.0,1.0,0.0,tie
q1_3633,Q1,1.0,1.0,1.0,0.0,tie
q1_3634,Q1,1.0,1.0,1.0,0.0,tie
q1_3635,Q1,1.0,1.0,1.0,0.0,tie
q1_3636,Q1,1.0,1.0,1.0,0.0,tie
q1_3637,Q1,1.0,0.5,1.0,0.0,tie
q1_3638,Q1,0.5,0.3333333333333333,0.5,0.0,tie
q1_3639,Q1,0.3333333333333333,1.0,0.3333333333333333,-0.6666666666666667,hybrid_loss
q1_3640,Q1,1.0,1.0,1.0,0.0,tie
q1_3641,Q1,1.0,1.0,1.0,0.0,tie
q1_3642,Q1,1.0,1.0,1.0,0.0,tie
q1_3643,Q1,1.0,1.0,1.0,0.0,tie
q1_3644,Q1,1.0,1.0,1.0,0.0,tie
q1_3645,Q1,0.5,0.5,0.5,0.0,tie
q1_3646,Q1,1.0,0.3333333333333333,1.0,0.0,tie
q1_3647,Q1,0.5,0.5,0.5,0.0,tie
q1_3648,Q1,0.3333333333333333,1.0,0.3333333333333333,-0.6666666666666667,hybrid_loss
q1_3649,Q1,0.25,0.25,0.25,0.0,tie
q1_3650,Q1,1.0,0.5,1.0,0.0,tie
q1_3651,Q1,0.5,1.0,0.5,-0.5,hybrid_loss
q1_3652,Q1,1.0,1.0,1.0,0.0,tie
q1_3653,Q1,0.5,0.5,0.5,0.0,tie
q1_3654,Q1,1.0,1.0,1.0,0.0,tie
q1_3655,Q1,0.5,0.5,0.5,0.0,tie
q1_3656,Q1,1.0,1.0,1.0,0.0,tie
q1_3657,Q1,1.0,0.3333333333333333,1.0,0.0,tie
q1_3658,Q1,0.5,0.5,0.5,0.0,tie
q1_3659,Q1,0.3333333333333333,1.0,0.3333333333333333,-0.6666666666666667,hybrid_loss
q1_3660,Q1,1.0,1.0,1.0,0.0,tie
q1_3661,Q1,0.5,0.5,0.5,0.0,tie
q1_3662,Q1,1.0,1.0,1.0,0.0,tie
q1_3663,Q1,1.0,1.0,1.0,0.0,tie
q1_3664,Q1,1.0,1.0,1.0,0.0,tie
q1_3665,Q1,0.5,0.5,0.5,0.0,tie
q1_3666,Q1,1.0,1.0,1.0,0.0,tie
q1_3667,Q1,1.0,1.0,1.0,0.0,tie
q1_3668,Q1,1.0,1.0,1.0,0.0,tie
q1_3669,Q1,1.0,1.0,1.0,0.0,tie
q1_3670,Q1,0.5,0.5,0.5,0.0,tie
q1_3671,Q1,1.0,0.5,1.0,0.0,tie
q1_3672,Q1,0.5,1.0,0.5,-0.5,hybrid_loss
q1_3673,Q1,1.0,1.0,1.0,0.0,tie
q1_3674,Q1,1.0,1.0,1.0,0.0,tie
q1_3675,Q1,1.0,1.0,1.0,0.0,tie
q1_3676,Q1,1.0,1.0,1.0,0.0,tie
q1_3677,Q1,1.0,1.0,1.0,0.0,tie
q1_3678,Q1,1.0,1.0,1.0,0.0,tie
q1_3679,Q1,0.3333333333333333,0.3333333333333333,0.3333333333333333,0.0,tie
q1_3680,Q1,0.5,1.0,0.5,-0.5,hybrid_loss
q1_3681,Q1,1.0,1.0,1.0,0.0,tie
q1_3682,Q1,1.0,1.0,1.0,0.0,tie
q1_3683,Q1,1.0,1.0,1.0,0.0,tie
q1_3684,Q1,1.0,0.5,1.0,0.0,tie
q1_3685,Q1,0.5,1.0,0.5,-0.5,hybrid_loss
q1_3686,Q1,0.5,0.5,0.5,0.0,tie
q1_3687,Q1,1.0,1.0,1.0,0.0,tie
q1_3688,Q1,1.0,1.0,1.0,0.0,tie
q1_3689,Q1,0.5,1.0,0.5,-0.5,hybrid_loss
q1_3690,Q1,1.0,1.0,1.0,0.0,tie
q1_3691,Q1,1.0,1.0,1.0,0.0,tie
q1_3692,Q1,1.0,1.0,1.0,0.0,tie
q1_3693,Q1,1.0,1.0,1.0,0.0,tie
q1_3694,Q1,1.0,1.0,1.0,0.0,tie
q1_3695,Q1,1.0,1.0,1.0,0.0,tie
q1_3696,Q1,1.0,1.0,1.0,0.0,tie
q1_3697,Q1,0.5,0.5,0.5,0.0,tie
q1_3698,Q1,1.0,1.0,1.0,0.0,tie
q1_3699,Q1,1.0,1.0,1.0,0.0,tie
q1_3700,Q1,1.0,1.0,1.0,0.0,tie
q1_3701,Q1,1.0,1.0,1.0,0.0,tie
q1_3702,Q1,1.0,1.0,1.0,0.0,tie
q1_3703,Q1,1.0,1.0,1.0,0.0,tie
q1_3704,Q1,1.0,1.0,1.0,0.0,tie
q1_3705,Q1,1.0,1.0,1.0,0.0,tie
q1_3706,Q1,1.0,1.0,1.0,0.0,tie
q1_3707,Q1,1.0,1.0,1.0,0.0,tie
q1_3708,Q1,0.5,0.5,0.5,0.0,tie
q1_3709,Q1,0.5,0.5,0.5,0.0,tie
q1_3710,Q1,1.0,1.0,1.0,0.0,tie
q1_3711,Q1,1.0,1.0,1.0,0.0,tie
q1_3712,Q1,0.5,0.5,0.5,0.0,tie
q1_3713,Q1,1.0,1.0,1.0,0.0,tie
q1_3714,Q1,1.0,1.0,1.0,0.0,tie
q1_3715,Q1,1.0,1.0,1.0,0.0,tie
q1_3716,Q1,1.0,1.0,1.0,0.0,tie
q1_3717,Q1,1.0,1.0,1.0,0.0,tie
q1_3718,Q1,1.0,1.0,1.0,0.0,tie
q1_3719,Q1,1.0,1.0,1.0,0.0,tie
q1_3720,Q1,1.0,1.0,1.0,0.0,tie
q1_3721,Q1,1.0,1.0,1.0,0.0,tie
q1_3722,Q1,1.0,1.0,1.0,0.0,tie
q1_3723,Q1,1.0,1.0,1.0,0.0,tie
q1_3724,Q1,1.0,1.0,1.0,0.0,tie
q1_3725,Q1,1.0,1.0,1.0,0.0,tie
q1_3726,Q1,1.0,1.0,1.0,0.0,tie
q1_3727,Q1,1.0,1.0,1.0,0.0,tie
q1_3728,Q1,1.0,1.0,1.0,0.0,tie
q1_3729,Q1,1.0,1.0,1.0,0.0,tie
q1_3730,Q1,1.0,1.0,1.0,0.0,tie
q1_3731,Q1,1.0,1.0,1.0,0.0,tie
q1_3732,Q1,1.0,1.0,1.0,0.0,tie
q1_3733,Q1,1.0,1.0,1.0,0.0,tie
q1_3734,Q1,0.5,0.5,0.5,0.0,tie
q1_3735,Q1,1.0,1.0,1.0,0.0,tie
q1_3736,Q1,1.0,1.0,1.0,0.0,tie
q1_3737,Q1,1.0,1.0,1.0,0.0,tie
q1_3738,Q1,1.0,1.0,1.0,0.0,tie
q1_3739,Q1,1.0,1.0,1.0,0.0,tie
q1_3740,Q1,1.0,1.0,1.0,0.0,tie
q1_3741,Q1,1.0,1.0,1.0,0.0,tie
q1_3742,Q1,1.0,1.0,1.0,0.0,tie
q1_3743,Q1,1.0,1.0,1.0,0.0,tie
q1_3744,Q1,1.0,1.0,1.0,0.0,tie
q1_3745,Q1,1.0,1.0,1.0,0.0,tie
q1_3746,Q1,1.0,1.0,1.0,0.0,tie
q1_3747,Q1,1.0,1.0,1.0,0.0,tie
q1_3748,Q1,1.0,1.0,1.0,0.0,tie
q1_3749,Q1,1.0,1.0,1.0,0.0,tie
q1_3750,Q1,1.0,1.0,1.0,0.0,tie
q1_3751,Q1,1.0,1.0,1.0,0.0,tie
q1_3752,Q1,1.0,1.0,1.0,0.0,tie
q1_3753,Q1,1.0,1.0,1.0,0.0,tie
q1_3754,Q1,1.0,1.0,1.0,0.0,tie
q1_3755,Q1,1.0,1.0,1.0,0.0,tie
q1_3756,Q1,1.0,1.0,1.0,0.0,tie
q1_3757,Q1,1.0,1.0,1.0,0.0,tie
q1_3758,Q1,1.0,1.0,1.0,0.0,tie
q1_3759,Q1,1.0,1.0,1.0,0.0,tie
q1_3760,Q1,1.0,1.0,1.0,0.0,tie
q1_3761,Q1,1.0,1.0,1.0,0.0,tie
q1_3762,Q1,1.0,1.0,1.0,0.0,tie
q1_3763,Q1,1.0,1.0,1.0,0.0,tie
q1_3764,Q1,1.0,1.0,1.0,0.0,tie
q1_3765,Q1,1.0,1.0,1.0,0.0,tie
q2_0,Q2,1.0,1.0,1.0,0.0,tie
q2_1,Q2,1.0,1.0,1.0,0.0,tie
q2_2,Q2,1.0,1.0,1.0,0.0,tie
q2_3,Q2,1.0,1.0,1.0,0.0,tie
q2_4,Q2,1.0,1.0,1.0,0.0,tie
q2_5,Q2,1.0,1.0,1.0,0.0,tie
q2_6,Q2,1.0,1.0,1.0,0.0,tie
q2_7,Q2,1.0,1.0,1.0,0.0,tie
q2_8,Q2,1.0,1.0,1.0,0.0,tie
q2_9,Q2,1.0,1.0,1.0,0.0,tie
q2_10,Q2,1.0,1.0,1.0,0.0,tie
q2_11,Q2,1.0,1.0,1.0,0.0,tie
q2_12,Q2,1.0,1.0,1.0,0.0,tie
q2_13,Q2,1.0,1.0,1.0,0.0,tie
q2_14,Q2,1.0,0.5,1.0,0.0,tie
q2_15,Q2,0.5,1.0,0.5,-0.5,hybrid_loss
q2_16,Q2,1.0,1.0,1.0,0.0,tie
q2_17,Q2,1.0,1.0,1.0,0.0,tie
q2_18,Q2,1.0,1.0,1.0,0.0,tie
q2_19,Q2,0.5,0.5,0.5,0.0,tie
q2_20,Q2,1.0,0.5,1.0,0.0,tie
q2_21,Q2,0.5,0.5,0.5,0.0,tie
q2_22,Q2,1.0,1.0,1.0,0.0,tie
q2_23,Q2,0.5,0.5,0.5,0.0,tie
q2_24,Q2,1.0,1.0,1.0,0.0,tie
q2_25,Q2,0.5,1.0,1.0,0.0,tie
q2_26,Q2,1.0,1.0,1.0,0.0,tie
q2_27,Q2,1.0,1.0,1.0,0.0,tie
q2_28,Q2,0.5,0.3333333333333333,0.3333333333333333,-0.16666666666666669,hybrid_loss
q2_29,Q2,0.3333333333333333,0.5,0.5,0.0,tie
q2_30,Q2,1.0,0.5,1.0,0.0,tie
q2_31,Q2,0.5,1.0,0.5,-0.5,hybrid_loss
q2_32,Q2,1.0,0.5,1.0,0.0,tie
q2_33,Q2,0.5,1.0,0.5,-0.5,hybrid_loss
q2_34,Q2,1.0,0.5,1.0,0.0,tie
q2_35,Q2,0.5,1.0,0.5,-0.5,hybrid_loss
q2_36,Q2,1.0,1.0,1.0,0.0,tie
q2_37,Q2,1.0,1.0,1.0,0.0,tie
q2_38,Q2,1.0,1.0,1.0,0.0,tie
q2_39,Q2,1.0,1.0,1.0,0.0,tie
q2_40,Q2,1.0,1.0,1.0,0.0,tie
q2_41,Q2,1.0,1.0,1.0,0.0,tie
q2_42,Q2,1.0,0.5,1.0,0.0,tie
q2_43,Q2,1.0,0.0,1.0,0.0,tie
q2_44,Q2,1.0,0.3333333333333333,1.0,0.0,tie
q2_45,Q2,1.0,1.0,1.0,0.0,tie
q2_46,Q2,1.0,1.0,1.0,0.0,tie
q2_47,Q2,1.0,0.5,1.0,0.0,tie
q2_48,Q2,0.5,0.5,0.5,0.0,tie
q2_49,Q2,1.0,0.3333333333333333,0.5,-0.5,hybrid_loss
q2_50,Q2,0.5,0.5,0.3333333333333333,-0.16666666666666669,hybrid_loss
q2_51,Q2,1.0,1.0,1.0,0.0,tie
q2_52,Q2,1.0,1.0,1.0,0.0,tie
q2_53,Q2,1.0,1.0,1.0,0.0,tie
q2_54,Q2,0.5,0.5,0.5,0.0,tie
q2_55,Q2,1.0,1.0,1.0,0.0,tie
q2_56,Q2,0.5,0.5,0.5,0.0,tie
q2_57,Q2,1.0,0.0,1.0,0.0,tie
q2_58,Q2,1.0,1.0,1.0,0.0,tie
q2_59,Q2,0.5,0.14285714285714285,0.5,0.0,tie
q2_60,Q2,1.0,1.0,1.0,0.0,tie
q2_61,Q2,1.0,1.0,1.0,0.0,tie
q2_62,Q2,0.3333333333333333,0.0,0.3333333333333333,0.0,tie
q2_63,Q2,0.5,0.0,0.5,0.0,tie
q2_64,Q2,0.3333333333333333,0.0,0.3333333333333333,0.0,tie
q2_65,Q2,1.0,1.0,1.0,0.0,tie
q2_66,Q2,1.0,0.0,1.0,0.0,tie
q2_67,Q2,0.5,0.0,0.5,0.0,tie
q2_68,Q2,1.0,1.0,1.0,0.0,tie
q2_69,Q2,1.0,1.0,1.0,0.0,tie
q2_70,Q2,0.5,0.5,0.5,0.0,tie
q2_71,Q2,1.0,1.0,1.0,0.0,tie
q2_72,Q2,1.0,0.16666666666666666,1.0,0.0,tie
q2_73,Q2,1.0,1.0,1.0,0.0,tie
q2_74,Q2,1.0,1.0,1.0,0.0,tie
q2_75,Q2,0.0,0.0,0.0,0.0,tie
q2_76,Q2,1.0,1.0,1.0,0.0,tie
q2_77,Q2,1.0,1.0,1.0,0.0,tie
q2_78,Q2,1.0,0.0,1.0,0.0,tie
q2_79,Q2,1.0,1.0,1.0,0.0,tie
q2_80,Q2,1.0,1.0,1.0,0.0,tie
q2_81,Q2,0.3333333333333333,1.0,1.0,0.0,tie
q2_82,Q2,1.0,1.0,1.0,0.0,tie
q2_83,Q2,1.0,1.0,1.0,0.0,tie
q2_84,Q2,1.0,1.0,1.0,0.0,tie
q2_85,Q2,1.0,1.0,1.0,0.0,tie
q2_86,Q2,1.0,0.5,1.0,0.0,tie
q2_87,Q2,0.5,0.5,0.5,0.0,tie
q2_88,Q2,0.3333333333333333,1.0,0.3333333333333333,-0.6666666666666667,hybrid_loss
q2_89,Q2,0.1,0.5,0.5,0.0,tie
q2_90,Q2,1.0,1.0,1.0,0.0,tie
q2_91,Q2,1.0,1.0,1.0,0.0,tie
q2_92,Q2,1.0,1.0,1.0,0.0,tie
q2_93,Q2,1.0,0.3333333333333333,1.0,0.0,tie
q2_94,Q2,1.0,0.0,1.0,0.0,tie
q2_95,Q2,1.0,1.0,1.0,0.0,tie
q2_96,Q2,0.5,0.5,1.0,0.5,hybrid_win
q2_97,Q2,0.5,1.0,0.5,-0.5,hybrid_loss
q2_98,Q2,1.0,1.0,1.0,0.0,tie
q2_99,Q2,0.5,0.5,0.5,0.0,tie
q2_100,Q2,1.0,1.0,1.0,0.0,tie
q2_101,Q2,1.0,0.5,1.0,0.0,tie
q2_102,Q2,0.5,1.0,0.5,-0.5,hybrid_loss
q2_103,Q2,1.0,1.0,1.0,0.0,tie
q2_104,Q2,1.0,0.0,0.5,-0.5,hybrid_loss
q2_105,Q2,1.0,1.0,1.0,0.0,tie
q2_106,Q2,0.1,0.0,0.1,0.0,tie
q2_107,Q2,1.0,0.2,1.0,0.0,tie
q2_108,Q2,0.5,0.5,0.5,0.0,tie
q2_109,Q2,1.0,1.0,1.0,0.0,tie
q2_110,Q2,1.0,1.0,1.0,0.0,tie
q2_111,Q2,1.0,1.0,1.0,0.0,tie
q2_112,Q2,0.5,0.0,1.0,0.5,hybrid_win
q2_113,Q2,1.0,1.0,1.0,0.0,tie
q2_114,Q2,1.0,0.5,1.0,0.0,tie
q2_115,Q2,0.5,0.5,0.5,0.0,tie
q2_116,Q2,1.0,1.0,1.0,0.0,tie
q2_117,Q2,1.0,0.3333333333333333,1.0,0.0,tie
q2_118,Q2,1.0,0.3333333333333333,1.0,0.0,tie
q2_119,Q2,0.3333333333333333,0.2,0.3333333333333333,0.0,tie
q2_120,Q2,1.0,1.0,1.0,0.0,tie
q2_121,Q2,1.0,0.3333333333333333,1.0,0.0,tie
q2_122,Q2,1.0,1.0,1.0,0.0,tie
q2_123,Q2,1.0,1.0,1.0,0.0,tie
q2_124,Q2,1.0,1.0,1.0,0.0,tie
q2_125,Q2,1.0,1.0,1.0,0.0,tie
q2_126,Q2,0.5,0.5,0.5,0.0,tie
q2_127,Q2,1.0,1.0,1.0,0.0,tie
q2_128,Q2,1.0,0.5,1.0,0.0,tie
q2_129,Q2,0.5,1.0,0.5,-0.5,hybrid_loss
q2_130,Q2,1.0,1.0,1.0,0.0,tie
q2_131,Q2,1.0,1.0,1.0,0.0,tie
q2_132,Q2,1.0,1.0,1.0,0.0,tie
q2_133,Q2,1.0,1.0,1.0,0.0,tie
q2_134,Q2,1.0,1.0,1.0,0.0,tie
q2_135,Q2,1.0,0.16666666666666666,1.0,0.0,tie
q2_136,Q2,1.0,1.0,1.0,0.0,tie
q2_137,Q2,1.0,0.5,1.0,0.0,tie
q2_138,Q2,1.0,0.3333333333333333,1.0,0.0,tie
q2_139,Q2,0.5,0.5,0.5,0.0,tie
q2_140,Q2,1.0,1.0,1.0,0.0,tie
q2_141,Q2,1.0,1.0,1.0,0.0,tie
q2_142,Q2,1.0,1.0,1.0,0.0,tie
q2_143,Q2,1.0,1.0,1.0,0.0,tie
q2_144,Q2,1.0,0.5,1.0,0.0,tie
q2_145,Q2,0.5,1.0,0.5,-0.5,hybrid_loss
q2_146,Q2,1.0,0.2,1.0,0.0,tie
q2_147,Q2,1.0,1.0,1.0,0.0,tie
q2_148,Q2,1.0,1.0,1.0,0.0,tie
q2_149,Q2,1.0,1.0,1.0,0.0,tie
q2_150,Q2,1.0,0.5,1.0,0.0,tie
q2_151,Q2,0.5,1.0,0.5,-0.5,hybrid_loss
q2_152,Q2,1.0,1.0,1.0,0.0,tie
q2_153,Q2,1.0,0.5,1.0,0.0,tie
q2_154,Q2,1.0,1.0,1.0,0.0,tie
q2_155,Q2,1.0,1.0,1.0,0.0,tie
q2_156,Q2,1.0,1.0,1.0,0.0,tie
q2_157,Q2,1.0,1.0,1.0,0.0,tie
q2_158,Q2,1.0,0.2,1.0,0.0,tie
q2_159,Q2,1.0,0.5,1.0,0.0,tie
q2_160,Q2,1.0,1.0,1.0,0.0,tie
q2_161,Q2,1.0,1.0,1.0,0.0,tie
q2_162,Q2,1.0,1.0,1.0,0.0,tie
q2_163,Q2,1.0,1.0,1.0,0.0,tie
q2_164,Q2,1.0,1.0,1.0,0.0,tie
q2_165,Q2,1.0,1.0,1.0,0.0,tie
q2_166,Q2,1.0,1.0,1.0,0.0,tie
q2_167,Q2,1.0,1.0,1.0,0.0,tie
q2_168,Q2,1.0,1.0,1.0,0.0,tie
q2_169,Q2,1.0,0.5,1.0,0.0,tie
q2_170,Q2,0.5,1.0,0.5,-0.5,hybrid_loss
q2_171,Q2,1.0,1.0,1.0,0.0,tie
q2_172,Q2,1.0,1.0,1.0,0.0,tie
q2_173,Q2,0.5,0.5,0.5,0.0,tie
q2_174,Q2,1.0,1.0,1.0,0.0,tie
q2_175,Q2,1.0,0.0,1.0,0.0,tie
q2_176,Q2,1.0,1.0,1.0,0.0,tie
q2_177,Q2,1.0,1.0,1.0,0.0,tie
q2_178,Q2,1.0,1.0,1.0,0.0,tie
q2_179,Q2,1.0,1.0,1.0,0.0,tie
q2_180,Q2,0.5,0.5,0.5,0.0,tie
q2_181,Q2,1.0,1.0,1.0,0.0,tie
q2_182,Q2,1.0,1.0,1.0,0.0,tie
q2_183,Q2,1.0,1.0,1.0,0.0,tie
q2_184,Q2,1.0,1.0,1.0,0.0,tie
q2_185,Q2,1.0,1.0,1.0,0.0,tie
q2_186,Q2,1.0,1.0,1.0,0.0,tie
q2_187,Q2,0.5,0.5,0.5,0.0,tie
q2_188,Q2,1.0,1.0,1.0,0.0,tie
q2_189,Q2,1.0,1.0,1.0,0.0,tie
q2_190,Q2,1.0,1.0,1.0,0.0,tie
q2_191,Q2,1.0,1.0,1.0,0.0,tie
q2_192,Q2,1.0,1.0,1.0,0.0,tie
q2_193,Q2,1.0,1.0,1.0,0.0,tie
q2_194,Q2,1.0,1.0,1.0,0.0,tie
q2_195,Q2,1.0,1.0,1.0,0.0,tie
q2_196,Q2,1.0,1.0,1.0,0.0,tie
q2_197,Q2,0.5,0.5,0.5,0.0,tie
q2_198,Q2,1.0,1.0,1.0,0.0,tie
q2_199,Q2,1.0,1.0,1.0,0.0,tie
q2_200,Q2,1.0,1.0,1.0,0.0,tie
q2_201,Q2,1.0,1.0,1.0,0.0,tie
q2_202,Q2,1.0,1.0,1.0,0.0,tie
q2_203,Q2,1.0,1.0,1.0,0.0,tie
q2_204,Q2,1.0,1.0,1.0,0.0,tie
q2_205,Q2,1.0,1.0,1.0,0.0,tie
q2_206,Q2,1.0,1.0,1.0,0.0,tie
q2_207,Q2,1.0,0.5,1.0,0.0,tie
q2_208,Q2,1.0,1.0,1.0,0.0,tie
q2_209,Q2,1.0,1.0,1.0,0.0,tie
q2_210,Q2,1.0,1.0,1.0,0.0,tie
q2_211,Q2,1.0,0.0,1.0,0.0,tie
q2_212,Q2,1.0,0.3333333333333333,1.0,0.0,tie
q2_213,Q2,1.0,0.5,1.0,0.0,tie
q2_214,Q2,1.0,1.0,1.0,0.0,tie
q2_215,Q2,0.5,1.0,0.5,-0.5,hybrid_loss
q2_216,Q2,1.0,1.0,1.0,0.0,tie
q2_217,Q2,0.5,0.5,0.5,0.0,tie
q2_218,Q2,1.0,1.0,1.0,0.0,tie
q2_219,Q2,1.0,1.0,1.0,0.0,tie
q2_220,Q2,1.0,1.0,1.0,0.0,tie
q2_221,Q2,1.0,1.0,1.0,0.0,tie
q2_222,Q2,1.0,0.5,0.5,-0.5,hybrid_loss
q2_223,Q2,1.0,1.0,1.0,0.0,tie
q2_224,Q2,1.0,1.0,1.0,0.0,tie
q2_225,Q2,0.0,0.5,0.1111111111111111,-0.3888888888888889,hybrid_loss
q2_226,Q2,1.0,1.0,1.0,0.0,tie
q2_227,Q2,1.0,1.0,1.0,0.0,tie
q2_228,Q2,1.0,1.0,1.0,0.0,tie
q2_229,Q2,1.0,1.0,1.0,0.0,tie
q2_230,Q2,1.0,1.0,1.0,0.0,tie
q2_231,Q2,1.0,1.0,1.0,0.0,tie
q2_232,Q2,1.0,1.0,1.0,0.0,tie
q2_233,Q2,1.0,1.0,1.0,0.0,tie
q2_234,Q2,1.0,1.0,1.0,0.0,tie
q2_235,Q2,1.0,1.0,1.0,0.0,tie
q2_236,Q2,1.0,1.0,1.0,0.0,tie
q2_237,Q2,1.0,1.0,1.0,0.0,tie
q2_238,Q2,1.0,1.0,1.0,0.0,tie
q2_239,Q2,1.0,1.0,1.0,0.0,tie
q2_240,Q2,1.0,1.0,1.0,0.0,tie
q2_241,Q2,1.0,1.0,1.0,0.0,tie
q2_242,Q2,1.0,1.0,1.0,0.0,tie
q2_243,Q2,1.0,1.0,1.0,0.0,tie
q2_244,Q2,1.0,1.0,1.0,0.0,tie
q2_245,Q2,1.0,1.0,1.0,0.0,tie
q2_246,Q2,1.0,1.0,1.0,0.0,tie
q2_247,Q2,1.0,1.0,1.0,0.0,tie
q2_248,Q2,1.0,1.0,1.0,0.0,tie
q2_249,Q2,1.0,1.0,1.0,0.0,tie
q2_250,Q2,1.0,1.0,1.0,0.0,tie
q2_251,Q2,1.0,1.0,1.0,0.0,tie
q2_252,Q2,1.0,1.0,1.0,0.0,tie
q2_253,Q2,1.0,1.0,1.0,0.0,tie
q2_254,Q2,0.5,1.0,1.0,0.0,tie
q2_255,Q2,1.0,1.0,1.0,0.0,tie
q2_256,Q2,1.0,1.0,1.0,0.0,tie
q2_257,Q2,1.0,1.0,1.0,0.0,tie
q2_258,Q2,1.0,1.0,1.0,0.0,tie
q2_259,Q2,1.0,1.0,1.0,0.0,tie
q2_260,Q2,1.0,1.0,1.0,0.0,tie
q2_261,Q2,1.0,1.0,1.0,0.0,tie
q2_262,Q2,1.0,1.0,1.0,0.0,tie
q2_263,Q2,1.0,1.0,1.0,0.0,tie
q2_264,Q2,1.0,1.0,1.0,0.0,tie
q2_265,Q2,1.0,1.0,1.0,0.0,tie
q2_266,Q2,1.0,1.0,1.0,0.0,tie
q2_267,Q2,1.0,1.0,1.0,0.0,tie
q2_268,Q2,1.0,1.0,1.0,0.0,tie
q2_269,Q2,1.0,1.0,1.0,0.0,tie
q2_270,Q2,1.0,1.0,1.0,0.0,tie
q2_271,Q2,1.0,1.0,1.0,0.0,tie
q2_272,Q2,1.0,1.0,1.0,0.0,tie
q2_273,Q2,1.0,1.0,1.0,0.0,tie
q2_274,Q2,1.0,1.0,1.0,0.0,tie
q2_275,Q2,1.0,1.0,1.0,0.0,tie
q2_276,Q2,1.0,1.0,1.0,0.0,tie
q2_277,Q2,1.0,1.0,1.0,0.0,tie
q2_278,Q2,1.0,1.0,1.0,0.0,tie
q2_279,Q2,1.0,1.0,1.0,0.0,tie
q2_280,Q2,1.0,1.0,1.0,0.0,tie
q2_281,Q2,1.0,0.5,1.0,0.0,tie
q2_282,Q2,1.0,1.0,1.0,0.0,tie
q2_283,Q2,1.0,1.0,1.0,0.0,tie
q2_284,Q2,1.0,0.3333333333333333,1.0,0.0,tie
q2_285,Q2,0.5,0.5,0.5,0.0,tie
q2_286,Q2,0.3333333333333333,1.0,0.3333333333333333,-0.6666666666666667,hybrid_loss
q2_287,Q2,0.5,0.5,0.5,0.0,tie
q2_288,Q2,1.0,1.0,1.0,0.0,tie
q2_289,Q2,1.0,1.0,1.0,0.0,tie
q2_290,Q2,1.0,0.5,1.0,0.0,tie
q2_291,Q2,0.5,1.0,0.5,-0.5,hybrid_loss
q2_292,Q2,1.0,1.0,1.0,0.0,tie
q2_293,Q2,1.0,1.0,1.0,0.0,tie
q2_294,Q2,1.0,1.0,1.0,0.0,tie
q2_295,Q2,1.0,1.0,1.0,0.0,tie
q2_296,Q2,1.0,1.0,1.0,0.0,tie
q2_297,Q2,1.0,0.5,0.5,-0.5,hybrid_loss
q2_298,Q2,0.5,1.0,1.0,0.0,tie
q2_299,Q2,1.0,0.5,1.0,0.0,tie
q2_300,Q2,0.5,1.0,0.5,-0.5,hybrid_loss
q2_301,Q2,1.0,1.0,1.0,0.0,tie
q2_302,Q2,1.0,1.0,1.0,0.0,tie
q2_303,Q2,1.0,0.5,1.0,0.0,tie
q2_304,Q2,0.5,0.5,0.5,0.0,tie
q2_305,Q2,1.0,1.0,1.0,0.0,tie
q2_306,Q2,1.0,1.0,1.0,0.0,tie
q2_307,Q2,1.0,1.0,1.0,0.0,tie
q2_308,Q2,0.5,0.5,0.5,0.0,tie
q2_309,Q2,1.0,1.0,1.0,0.0,tie
q2_310,Q2,1.0,0.0,1.0,0.0,tie
q2_311,Q2,1.0,1.0,1.0,0.0,tie
q2_312,Q2,1.0,1.0,1.0,0.0,tie
q2_313,Q2,1.0,1.0,1.0,0.0,tie
q2_314,Q2,1.0,0.0,1.0,0.0,tie
q2_315,Q2,1.0,1.0,1.0,0.0,tie
q2_316,Q2,0.5,0.5,0.5,0.0,tie
q2_317,Q2,1.0,1.0,1.0,0.0,tie
q2_318,Q2,1.0,1.0,1.0,0.0,tie
q2_319,Q2,1.0,1.0,1.0,0.0,tie
q2_320,Q2,1.0,1.0,1.0,0.0,tie
q2_321,Q2,1.0,1.0,1.0,0.0,tie
q2_322,Q2,1.0,1.0,1.0,0.0,tie
q2_323,Q2,1.0,1.0,1.0,0.0,tie
q2_324,Q2,1.0,0.5,0.5,-0.5,hybrid_loss
q2_325,Q2,1.0,0.5,1.0,0.0,tie
q2_326,Q2,1.0,0.5,1.0,0.0,tie
q2_327,Q2,0.5,1.0,1.0,0.0,tie
q2_328,Q2,1.0,1.0,1.0,0.0,tie
q2_329,Q2,1.0,1.0,1.0,0.0,tie
q2_330,Q2,1.0,1.0,1.0,0.0,tie
q2_331,Q2,0.125,0.25,0.2,-0.04999999999999999,hybrid_loss
q2_332,Q2,1.0,1.0,1.0,0.0,tie
q2_333,Q2,1.0,0.5,1.0,0.0,tie
q2_334,Q2,1.0,1.0,1.0,0.0,tie
q2_335,Q2,1.0,1.0,1.0,0.0,tie
q2_336,Q2,0.5,0.5,0.5,0.0,tie
q2_337,Q2,1.0,0.5,1.0,0.0,tie
q2_338,Q2,0.5,1.0,1.0,0.0,tie
q2_339,Q2,1.0,0.5,1.0,0.0,tie
q2_340,Q2,1.0,0.0,0.5,-0.5,hybrid_loss
q2_341,Q2,1.0,1.0,1.0,0.0,tie
q2_342,Q2,1.0,0.0,1.0,0.0,tie
q2_343,Q2,1.0,1.0,1.0,0.0,tie
q2_344,Q2,1.0,0.5,1.0,0.0,tie
q2_345,Q2,0.5,0.5,0.5,0.0,tie
q2_346,Q2,1.0,0.5,1.0,0.0,tie
q2_347,Q2,0.5,0.25,0.5,0.0,tie
q2_348,Q2,0.3333333333333333,0.3333333333333333,0.3333333333333333,0.0,tie
q2_349,Q2,0.25,0.3333333333333333,0.25,-0.08333333333333331,hybrid_loss
q2_350,Q2,1.0,1.0,1.0,0.0,tie
q2_351,Q2,1.0,0.5,1.0,0.0,tie
q2_352,Q2,1.0,1.0,1.0,0.0,tie
q2_353,Q2,1.0,1.0,1.0,0.0,tie
q2_354,Q2,1.0,1.0,1.0,0.0,tie
q2_355,Q2,1.0,1.0,1.0,0.0,tie
q2_356,Q2,1.0,1.0,1.0,0.0,tie
q2_357,Q2,0.25,0.5,0.5,0.0,tie
q2_358,Q2,0.2,0.3333333333333333,0.3333333333333333,0.0,tie
q2_359,Q2,0.0,0.0,0.0,0.0,tie
q2_360,Q2,1.0,0.125,0.5,-0.5,hybrid_loss
q2_361,Q2,1.0,0.0,0.5,-0.5,hybrid_loss
q2_362,Q2,0.5,0.2,1.0,0.5,hybrid_win
q2_363,Q2,1.0,1.0,1.0,0.0,tie
q2_364,Q2,1.0,1.0,1.0,0.0,tie
q2_365,Q2,1.0,1.0,1.0,0.0,tie
q2_366,Q2,1.0,1.0,1.0,0.0,tie
q2_367,Q2,1.0,1.0,1.0,0.0,tie
q2_368,Q2,1.0,0.3333333333333333,1.0,0.0,tie
q2_369,Q2,1.0,0.3333333333333333,1.0,0.0,tie
q2_370,Q2,1.0,1.0,1.0,0.0,tie
q2_371,Q2,1.0,1.0,1.0,0.0,tie
q2_372,Q2,1.0,1.0,1.0,0.0,tie
q2_373,Q2,1.0,1.0,1.0,0.0,tie
q2_374,Q2,1.0,1.0,1.0,0.0,tie
q2_375,Q2,1.0,1.0,1.0,0.0,tie
q2_376,Q2,1.0,1.0,1.0,0.0,tie
q2_377,Q2,1.0,0.25,0.5,-0.5,hybrid_loss
q2_378,Q2,1.0,0.3333333333333333,0.5,-0.5,hybrid_loss
q2_379,Q2,1.0,1.0,1.0,0.0,tie
q2_380,Q2,1.0,1.0,1.0,0.0,tie
q2_381,Q2,1.0,1.0,1.0,0.0,tie
q2_382,Q2,1.0,1.0,1.0,0.0,tie
q2_383,Q2,1.0,0.5,1.0,0.0,tie
q2_384,Q2,1.0,1.0,1.0,0.0,tie
q2_385,Q2,1.0,1.0,1.0,0.0,tie
q2_386,Q2,1.0,1.0,1.0,0.0,tie
q2_387,Q2,1.0,1.0,1.0,0.0,tie
q2_388,Q2,1.0,1.0,1.0,0.0,tie
q2_389,Q2,1.0,1.0,1.0,0.0,tie
q2_390,Q2,1.0,1.0,1.0,0.0,tie
q2_391,Q2,1.0,1.0,1.0,0.0,tie
q2_392,Q2,1.0,1.0,1.0,0.0,tie
q2_393,Q2,1.0,1.0,1.0,0.0,tie
q2_394,Q2,1.0,1.0,1.0,0.0,tie
q2_395,Q2,1.0,1.0,1.0,0.0,tie
q2_396,Q2,1.0,1.0,1.0,0.0,tie
q2_397,Q2,1.0,1.0,1.0,0.0,tie
q2_398,Q2,1.0,1.0,1.0,0.0,tie
q2_399,Q2,1.0,1.0,1.0,0.0,tie
q2_400,Q2,1.0,1.0,1.0,0.0,tie
q2_401,Q2,1.0,1.0,1.0,0.0,tie
q2_402,Q2,1.0,1.0,1.0,0.0,tie
q2_403,Q2,1.0,0.5,1.0,0.0,tie
q2_404,Q2,1.0,1.0,1.0,0.0,tie
q2_405,Q2,1.0,1.0,1.0,0.0,tie
q2_406,Q2,1.0,1.0,1.0,0.0,tie
q2_407,Q2,1.0,1.0,1.0,0.0,tie
q2_408,Q2,1.0,1.0,1.0,0.0,tie
q2_409,Q2,1.0,0.5,1.0,0.0,tie
q2_410,Q2,1.0,1.0,1.0,0.0,tie
q2_411,Q2,1.0,1.0,1.0,0.0,tie
q2_412,Q2,1.0,0.5,1.0,0.0,tie
q2_413,Q2,1.0,1.0,1.0,0.0,tie
q2_414,Q2,0.5,1.0,0.5,-0.5,hybrid_loss
q2_415,Q2,0.5,0.5,0.5,0.0,tie
q2_416,Q2,1.0,1.0,1.0,0.0,tie
q2_417,Q2,1.0,1.0,1.0,0.0,tie
q2_418,Q2,0.5,1.0,0.5,-0.5,hybrid_loss
q2_419,Q2,1.0,1.0,1.0,0.0,tie
q2_420,Q2,0.25,0.14285714285714285,1.0,0.75,hybrid_win
q2_421,Q2,1.0,1.0,1.0,0.0,tie
q2_422,Q2,1.0,1.0,1.0,0.0,tie
q2_423,Q2,1.0,1.0,1.0,0.0,tie
q2_424,Q2,1.0,1.0,1.0,0.0,tie
q2_425,Q2,1.0,0.5,1.0,0.0,tie
q2_426,Q2,1.0,1.0,1.0,0.0,tie
q2_427,Q2,1.0,1.0,1.0,0.0,tie
q2_428,Q2,1.0,1.0,1.0,0.0,tie
q2_429,Q2,0.5,0.5,0.5,0.0,tie
q2_430,Q2,1.0,1.0,1.0,0.0,tie
q2_431,Q2,1.0,1.0,1.0,0.0,tie
q2_432,Q2,1.0,1.0,1.0,0.0,tie
q2_433,Q2,1.0,1.0,1.0,0.0,tie
q2_434,Q2,1.0,1.0,1.0,0.0,tie
q2_435,Q2,1.0,1.0,1.0,0.0,tie
q2_436,Q2,1.0,1.0,1.0,0.0,tie
q2_437,Q2,1.0,1.0,1.0,0.0,tie
q2_438,Q2,1.0,1.0,1.0,0.0,tie
q2_439,Q2,1.0,1.0,1.0,0.0,tie
q2_440,Q2,1.0,0.5,0.5,-0.5,hybrid_loss
q2_441,Q2,0.5,1.0,1.0,0.0,tie
q2_442,Q2,0.3333333333333333,0.3333333333333333,0.3333333333333333,0.0,tie
q2_443,Q2,0.0,0.2,0.0,-0.2,hybrid_loss
q2_444,Q2,1.0,1.0,1.0,0.0,tie
q2_445,Q2,1.0,1.0,1.0,0.0,tie
q2_446,Q2,1.0,0.25,0.3333333333333333,-0.6666666666666667,hybrid_loss
q2_447,Q2,1.0,1.0,1.0,0.0,tie
q2_448,Q2,1.0,1.0,1.0,0.0,tie
q2_449,Q2,1.0,1.0,1.0,0.0,tie
q2_450,Q2,1.0,1.0,1.0,0.0,tie
q2_451,Q2,1.0,1.0,1.0,0.0,tie
q2_452,Q2,1.0,1.0,1.0,0.0,tie
q2_453,Q2,1.0,1.0,1.0,0.0,tie
q2_454,Q2,0.5,0.5,0.5,0.0,tie
q2_455,Q2,0.25,0.5,0.3333333333333333,-0.16666666666666669,hybrid_loss
q2_456,Q2,0.5,0.5,0.5,0.0,tie
q2_457,Q2,0.3333333333333333,1.0,1.0,0.0,tie
q2_458,Q2,1.0,1.0,1.0,0.0,tie
q2_459,Q2,1.0,1.0,1.0,0.0,tie
q2_460,Q2,1.0,1.0,1.0,0.0,tie
q2_461,Q2,1.0,0.3333333333333333,1.0,0.0,tie
q2_462,Q2,1.0,0.5,1.0,0.0,tie
q2_463,Q2,1.0,0.25,0.5,-0.5,hybrid_loss
q2_464,Q2,0.5,1.0,1.0,0.0,tie
q2_465,Q2,1.0,0.5,1.0,0.0,tie
q2_466,Q2,1.0,1.0,1.0,0.0,tie
q2_467,Q2,1.0,1.0,1.0,0.0,tie
q2_468,Q2,1.0,1.0,1.0,0.0,tie
q2_469,Q2,1.0,0.5,1.0,0.0,tie
q2_470,Q2,0.5,0.5,0.5,0.0,tie
q2_471,Q2,1.0,0.3333333333333333,1.0,0.0,tie
q2_472,Q2,1.0,1.0,1.0,0.0,tie
q2_473,Q2,0.5,0.5,0.5,0.0,tie
q2_474,Q2,1.0,1.0,1.0,0.0,tie
q2_475,Q2,1.0,1.0,1.0,0.0,tie
q2_476,Q2,1.0,0.0,1.0,0.0,tie
q2_477,Q2,1.0,0.3333333333333333,1.0,0.0,tie
q2_478,Q2,1.0,1.0,1.0,0.0,tie
q2_479,Q2,1.0,1.0,1.0,0.0,tie
q2_480,Q2,1.0,1.0,1.0,0.0,tie
q2_481,Q2,0.3333333333333333,1.0,0.3333333333333333,-0.6666666666666667,hybrid_loss
q2_482,Q2,1.0,1.0,1.0,0.0,tie
q2_483,Q2,1.0,0.0,1.0,0.0,tie
q2_484,Q2,1.0,0.5,1.0,0.0,tie
q2_485,Q2,1.0,1.0,1.0,0.0,tie
q2_486,Q2,1.0,1.0,1.0,0.0,tie
q2_487,Q2,1.0,1.0,1.0,0.0,tie
q2_488,Q2,0.5,0.5,0.5,0.0,tie
q2_489,Q2,1.0,0.5,1.0,0.0,tie
q2_490,Q2,0.5,1.0,0.5,-0.5,hybrid_loss
q2_491,Q2,1.0,1.0,1.0,0.0,tie
q2_492,Q2,1.0,1.0,1.0,0.0,tie
q2_493,Q2,1.0,1.0,1.0,0.0,tie
q2_494,Q2,1.0,1.0,1.0,0.0,tie
q2_495,Q2,1.0,1.0,1.0,0.0,tie
q2_496,Q2,1.0,1.0,1.0,0.0,tie
q2_497,Q2,1.0,1.0,1.0,0.0,tie
q2_498,Q2,1.0,0.0,0.5,-0.5,hybrid_loss
q2_499,Q2,1.0,0.0,1.0,0.0,tie
q2_500,Q2,1.0,1.0,1.0,0.0,tie
q2_501,Q2,1.0,1.0,1.0,0.0,tie
q2_502,Q2,1.0,1.0,1.0,0.0,tie
q2_503,Q2,1.0,1.0,1.0,0.0,tie
q2_504,Q2,1.0,1.0,1.0,0.0,tie
q2_505,Q2,0.5,0.5,0.5,0.0,tie
q2_506,Q2,1.0,1.0,1.0,0.0,tie
q2_507,Q2,1.0,1.0,1.0,0.0,tie
q2_508,Q2,1.0,1.0,1.0,0.0,tie
q2_509,Q2,1.0,1.0,1.0,0.0,tie
q2_510,Q2,1.0,1.0,1.0,0.0,tie
q2_511,Q2,1.0,1.0,1.0,0.0,tie
q2_512,Q2,1.0,1.0,1.0,0.0,tie
q2_513,Q2,1.0,1.0,1.0,0.0,tie
q2_514,Q2,0.3333333333333333,0.3333333333333333,0.3333333333333333,0.0,tie
q2_515,Q2,1.0,0.5,1.0,0.0,tie
q2_516,Q2,1.0,1.0,1.0,0.0,tie
q2_517,Q2,1.0,1.0,1.0,0.0,tie
q2_518,Q2,1.0,1.0,1.0,0.0,tie
q2_519,Q2,1.0,1.0,1.0,0.0,tie
q2_520,Q2,0.5,0.5,0.5,0.0,tie
q2_521,Q2,1.0,0.5,1.0,0.0,tie
q2_522,Q2,1.0,1.0,1.0,0.0,tie
q2_523,Q2,1.0,0.16666666666666666,1.0,0.0,tie
q2_524,Q2,1.0,1.0,1.0,0.0,tie
q2_525,Q2,1.0,1.0,1.0,0.0,tie
q2_526,Q2,1.0,1.0,1.0,0.0,tie
q2_527,Q2,1.0,1.0,1.0,0.0,tie
q2_528,Q2,0.5,0.5,0.5,0.0,tie
q2_529,Q2,1.0,1.0,1.0,0.0,tie
q2_530,Q2,0.5,0.5,0.5,0.0,tie
q2_531,Q2,1.0,1.0,1.0,0.0,tie
q2_532,Q2,1.0,1.0,1.0,0.0,tie
q2_533,Q2,1.0,0.5,1.0,0.0,tie
q2_534,Q2,0.5,1.0,0.5,-0.5,hybrid_loss
q2_535,Q2,0.3333333333333333,0.3333333333333333,0.3333333333333333,0.0,tie
q2_536,Q2,1.0,1.0,1.0,0.0,tie
q2_537,Q2,1.0,0.0,1.0,0.0,tie
q2_538,Q2,1.0,1.0,1.0,0.0,tie
q2_539,Q2,1.0,1.0,1.0,0.0,tie
q2_540,Q2,1.0,1.0,1.0,0.0,tie
q2_541,Q2,1.0,1.0,1.0,0.0,tie
q2_542,Q2,1.0,0.5,1.0,0.0,tie
q2_543,Q2,0.5,1.0,0.5,-0.5,hybrid_loss
q2_544,Q2,1.0,1.0,1.0,0.0,tie
q2_545,Q2,1.0,0.5,1.0,0.0,tie
q2_546,Q2,0.5,0.5,0.5,0.0,tie
q2_547,Q2,1.0,0.3333333333333333,1.0,0.0,tie
q2_548,Q2,0.5,0.5,0.5,0.0,tie
q2_549,Q2,0.3333333333333333,1.0,0.3333333333333333,-0.6666666666666667,hybrid_loss
q2_550,Q2,1.0,1.0,1.0,0.0,tie
q2_551,Q2,1.0,0.125,1.0,0.0,tie
q2_552,Q2,1.0,1.0,1.0,0.0,tie
q2_553,Q2,1.0,1.0,1.0,0.0,tie
q2_554,Q2,0.5,0.5,0.5,0.0,tie
q2_555,Q2,0.0,1.0,0.0,-1.0,hybrid_loss
q2_556,Q2,1.0,1.0,1.0,0.0,tie
q2_557,Q2,1.0,1.0,1.0,0.0,tie
q2_558,Q2,1.0,1.0,1.0,0.0,tie
q2_559,Q2,1.0,0.5,1.0,0.0,tie
q2_560,Q2,0.5,0.5,0.5,0.0,tie
q2_561,Q2,1.0,0.25,0.5,-0.5,hybrid_loss
q2_562,Q2,1.0,1.0,1.0,0.0,tie
q2_563,Q2,1.0,1.0,1.0,0.0,tie
q2_564,Q2,0.5,0.5,1.0,0.5,hybrid_win
q2_565,Q2,0.5,0.5,0.5,0.0,tie
q2_566,Q2,1.0,1.0,1.0,0.0,tie
q2_567,Q2,1.0,1.0,1.0,0.0,tie
q2_568,Q2,1.0,0.3333333333333333,1.0,0.0,tie
q2_569,Q2,1.0,1.0,1.0,0.0,tie
q2_570,Q2,1.0,1.0,1.0,0.0,tie
q2_571,Q2,0.1,1.0,0.16666666666666666,-0.8333333333333334,hybrid_loss
q2_572,Q2,1.0,0.5,1.0,0.0,tie
q2_573,Q2,1.0,0.1111111111111111,1.0,0.0,tie
q2_574,Q2,1.0,1.0,1.0,0.0,tie
q2_575,Q2,1.0,0.2,0.5,-0.5,hybrid_loss
q2_576,Q2,1.0,0.5,1.0,0.0,tie
q2_577,Q2,0.5,1.0,0.5,-0.5,hybrid_loss
q2_578,Q2,0.5,0.5,0.5,0.0,tie
q2_579,Q2,1.0,1.0,1.0,0.0,tie
q2_580,Q2,1.0,1.0,1.0,0.0,tie
q2_581,Q2,0.5,1.0,1.0,0.0,tie
q2_582,Q2,1.0,0.5,0.5,-0.5,hybrid_loss
q2_583,Q2,0.5,0.5,0.5,0.0,tie
q2_584,Q2,1.0,1.0,1.0,0.0,tie
q2_585,Q2,1.0,1.0,1.0,0.0,tie
q2_586,Q2,1.0,1.0,1.0,0.0,tie
q2_587,Q2,1.0,1.0,1.0,0.0,tie
q2_588,Q2,1.0,1.0,1.0,0.0,tie
q2_589,Q2,1.0,1.0,1.0,0.0,tie
q2_590,Q2,0.5,0.5,0.5,0.0,tie
q2_591,Q2,1.0,1.0,1.0,0.0,tie
q2_592,Q2,1.0,1.0,1.0,0.0,tie
q2_593,Q2,1.0,1.0,1.0,0.0,tie
q2_594,Q2,1.0,1.0,1.0,0.0,tie
q2_595,Q2,1.0,1.0,1.0,0.0,tie
q2_596,Q2,0.5,0.5,0.5,0.0,tie
q2_597,Q2,1.0,1.0,1.0,0.0,tie
q2_598,Q2,1.0,0.3333333333333333,1.0,0.0,tie
q2_599,Q2,0.5,0.5,0.5,0.0,tie
q2_600,Q2,0.3333333333333333,0.25,0.3333333333333333,0.0,tie
q2_601,Q2,0.25,0.3333333333333333,0.25,-0.08333333333333331,hybrid_loss
q2_602,Q2,0.2,1.0,0.2,-0.8,hybrid_loss
q2_603,Q2,0.16666666666666666,0.16666666666666666,0.16666666666666666,0.0,tie
q2_604,Q2,1.0,0.0,0.3333333333333333,-0.6666666666666667,hybrid_loss
q2_605,Q2,0.5,0.0,0.5,0.0,tie
q2_606,Q2,1.0,0.5,1.0,0.0,tie
q2_607,Q2,0.5,1.0,0.5,-0.5,hybrid_loss
q2_608,Q2,0.3333333333333333,0.25,0.3333333333333333,0.0,tie
q2_609,Q2,0.25,1.0,0.25,-0.75,hybrid_loss
q2_610,Q2,1.0,0.3333333333333333,1.0,0.0,tie
q2_611,Q2,0.5,0.25,0.5,0.0,tie
q2_612,Q2,0.3333333333333333,1.0,0.3333333333333333,-0.6666666666666667,hybrid_loss
q2_613,Q2,0.25,0.5,0.25,-0.25,hybrid_loss
q2_614,Q2,0.25,0.0,0.5,0.25,hybrid_win
q2_615,Q2,0.2,0.0,0.3333333333333333,0.1333333333333333,hybrid_win
q2_616,Q2,1.0,0.5,1.0,0.0,tie
q2_617,Q2,0.5,0.3333333333333333,0.5,0.0,tie
q2_618,Q2,0.3333333333333333,0.5,0.3333333333333333,-0.16666666666666669,hybrid_loss
q2_619,Q2,0.25,0.5,0.25,-0.25,hybrid_loss
q2_620,Q2,1.0,0.25,1.0,0.0,tie
q2_621,Q2,0.5,1.0,0.5,-0.5,hybrid_loss
q2_622,Q2,0.3333333333333333,0.5,0.3333333333333333,-0.16666666666666669,hybrid_loss
q2_623,Q2,0.25,1.0,0.25,-0.75,hybrid_loss
q2_624,Q2,0.5,1.0,1.0,0.0,tie
q2_625,Q2,1.0,0.0,1.0,0.0,tie
q2_626,Q2,0.5,0.0,0.5,0.0,tie
q2_627,Q2,1.0,1.0,1.0,0.0,tie
q2_628,Q2,0.5,0.5,0.5,0.0,tie
q2_629,Q2,1.0,0.5,1.0,0.0,tie
q2_630,Q2,0.5,1.0,0.5,-0.5,hybrid_loss
q2_631,Q2,1.0,1.0,1.0,0.0,tie
q2_632,Q2,0.5,1.0,0.5,-0.5,hybrid_loss
q2_633,Q2,1.0,1.0,1.0,0.0,tie
q2_634,Q2,1.0,0.1111111111111111,1.0,0.0,tie
q2_635,Q2,0.5,0.16666666666666666,0.5,0.0,tie
q2_636,Q2,0.3333333333333333,0.1111111111111111,0.3333333333333333,0.0,tie
q2_637,Q2,0.25,0.14285714285714285,0.25,0.0,tie
q2_638,Q2,1.0,0.5,1.0,0.0,tie
q2_639,Q2,0.5,0.2,0.5,0.0,tie
q2_640,Q2,0.3333333333333333,0.3333333333333333,0.3333333333333333,0.0,tie
q2_641,Q2,0.25,0.25,0.25,0.0,tie
q2_642,Q2,0.2,1.0,0.2,-0.8,hybrid_loss
q2_643,Q2,1.0,1.0,1.0,0.0,tie
q2_644,Q2,1.0,1.0,1.0,0.0,tie
q2_645,Q2,1.0,1.0,1.0,0.0,tie
q2_646,Q2,1.0,1.0,1.0,0.0,tie
q2_647,Q2,1.0,1.0,1.0,0.0,tie
q2_648,Q2,1.0,1.0,1.0,0.0,tie
q2_649,Q2,1.0,0.5,1.0,0.0,tie
q2_650,Q2,0.5,1.0,0.5,-0.5,hybrid_loss
q2_651,Q2,1.0,0.2,1.0,0.0,tie
q2_652,Q2,1.0,1.0,1.0,0.0,tie
q2_653,Q2,1.0,1.0,1.0,0.0,tie
q2_654,Q2,1.0,0.0,1.0,0.0,tie
q2_655,Q2,1.0,0.0,0.25,-0.75,hybrid_loss
q2_656,Q2,1.0,0.0,1.0,0.0,tie
q2_657,Q2,1.0,1.0,1.0,0.0,tie
q2_658,Q2,1.0,1.0,1.0,0.0,tie
q2_659,Q2,1.0,0.3333333333333333,1.0,0.0,tie
q2_660,Q2,1.0,0.3333333333333333,1.0,0.0,tie
q2_661,Q2,0.5,0.25,0.5,0.0,tie
q2_662,Q2,1.0,1.0,1.0,0.0,tie
q2_663,Q2,1.0,1.0,1.0,0.0,tie
q2_664,Q2,1.0,1.0,1.0,0.0,tie
q2_665,Q2,1.0,0.5,1.0,0.0,tie
q2_666,Q2,0.5,1.0,0.5,-0.5,hybrid_loss
q2_667,Q2,1.0,0.3333333333333333,1.0,0.0,tie
q2_668,Q2,1.0,1.0,1.0,0.0,tie
q2_669,Q2,1.0,0.5,1.0,0.0,tie
q2_670,Q2,0.5,0.5,0.5,0.0,tie
q2_671,Q2,1.0,1.0,1.0,0.0,tie
q2_672,Q2,1.0,1.0,1.0,0.0,tie
q2_673,Q2,1.0,1.0,1.0,0.0,tie
q2_674,Q2,1.0,1.0,1.0,0.0,tie
q2_675,Q2,1.0,0.3333333333333333,1.0,0.0,tie
q2_676,Q2,1.0,1.0,1.0,0.0,tie
q2_677,Q2,1.0,0.3333333333333333,1.0,0.0,tie
q2_678,Q2,1.0,1.0,1.0,0.0,tie
q2_679,Q2,1.0,1.0,1.0,0.0,tie
q2_680,Q2,1.0,0.5,1.0,0.0,tie
q2_681,Q2,0.5,1.0,0.5,-0.5,hybrid_loss
q2_682,Q2,1.0,1.0,1.0,0.0,tie
q2_683,Q2,1.0,1.0,1.0,0.0,tie
q2_684,Q2,1.0,1.0,1.0,0.0,tie
q2_685,Q2,0.5,0.5,0.5,0.0,tie
q2_686,Q2,1.0,1.0,1.0,0.0,tie
q2_687,Q2,1.0,1.0,1.0,0.0,tie
q2_688,Q2,1.0,1.0,1.0,0.0,tie
q2_689,Q2,1.0,1.0,1.0,0.0,tie
q2_690,Q2,1.0,1.0,1.0,0.0,tie
q2_691,Q2,1.0,1.0,1.0,0.0,tie
q2_692,Q2,1.0,1.0,1.0,0.0,tie
q2_693,Q2,1.0,1.0,1.0,0.0,tie
q2_694,Q2,1.0,0.5,1.0,0.0,tie
q2_695,Q2,0.5,1.0,0.5,-0.5,hybrid_loss
q2_696,Q2,1.0,0.3333333333333333,1.0,0.0,tie
q2_697,Q2,0.5,1.0,0.5,-0.5,hybrid_loss
q2_698,Q2,0.3333333333333333,0.25,0.3333333333333333,0.0,tie
q2_699,Q2,0.25,0.5,0.25,-0.25,hybrid_loss
q2_700,Q2,1.0,1.0,1.0,0.0,tie
q2_701,Q2,1.0,1.0,1.0,0.0,tie
q2_702,Q2,1.0,1.0,1.0,0.0,tie
q2_703,Q2,1.0,0.5,1.0,0.0,tie
q2_704,Q2,0.5,1.0,0.5,-0.5,hybrid_loss
q2_705,Q2,1.0,0.125,0.5,-0.5,hybrid_loss
q2_706,Q2,1.0,1.0,1.0,0.0,tie
q2_707,Q2,1.0,1.0,1.0,0.0,tie
q2_708,Q2,1.0,1.0,1.0,0.0,tie
q2_709,Q2,1.0,1.0,1.0,0.0,tie
q2_710,Q2,1.0,1.0,1.0,0.0,tie
q2_711,Q2,1.0,1.0,1.0,0.0,tie
q2_712,Q2,1.0,1.0,1.0,0.0,tie
q2_713,Q2,0.5,0.5,0.5,0.0,tie
q2_714,Q2,1.0,1.0,1.0,0.0,tie
q2_715,Q2,1.0,1.0,1.0,0.0,tie
q2_716,Q2,1.0,1.0,1.0,0.0,tie
q2_717,Q2,1.0,0.3333333333333333,1.0,0.0,tie
q2_718,Q2,1.0,1.0,1.0,0.0,tie
q2_719,Q2,1.0,1.0,1.0,0.0,tie
q2_720,Q2,1.0,1.0,1.0,0.0,tie
q2_721,Q2,1.0,0.5,1.0,0.0,tie
q2_722,Q2,0.5,1.0,0.5,-0.5,hybrid_loss
q2_723,Q2,1.0,1.0,1.0,0.0,tie
q2_724,Q2,1.0,1.0,1.0,0.0,tie
q2_725,Q2,1.0,1.0,1.0,0.0,tie
q2_726,Q2,1.0,1.0,1.0,0.0,tie
q2_727,Q2,1.0,0.5,1.0,0.0,tie
q2_728,Q2,0.3333333333333333,0.2,0.25,-0.08333333333333331,hybrid_loss
q2_729,Q2,1.0,1.0,1.0,0.0,tie
q2_730,Q2,1.0,1.0,1.0,0.0,tie
q2_731,Q2,1.0,1.0,1.0,0.0,tie
q2_732,Q2,1.0,1.0,1.0,0.0,tie
q2_733,Q2,1.0,0.0,1.0,0.0,tie
q2_734,Q2,1.0,1.0,1.0,0.0,tie
q2_735,Q2,0.5,1.0,0.5,-0.5,hybrid_loss
q2_736,Q2,0.25,0.25,0.2,-0.04999999999999999,hybrid_loss
q2_737,Q2,1.0,1.0,1.0,0.0,tie
q2_738,Q2,1.0,1.0,1.0,0.0,tie
q2_739,Q2,1.0,0.16666666666666666,1.0,0.0,tie
q2_740,Q2,1.0,1.0,1.0,0.0,tie
q2_741,Q2,1.0,1.0,1.0,0.0,tie
q2_742,Q2,1.0,0.3333333333333333,1.0,0.0,tie
q2_743,Q2,0.5,1.0,0.5,-0.5,hybrid_loss
q2_744,Q2,0.3333333333333333,0.5,0.3333333333333333,-0.16666666666666669,hybrid_loss
q2_745,Q2,1.0,0.5,1.0,0.0,tie
q2_746,Q2,0.5,0.5,0.5,0.0,tie
q2_747,Q2,1.0,0.5,1.0,0.0,tie
q2_748,Q2,1.0,1.0,1.0,0.0,tie
q2_749,Q2,1.0,1.0,1.0,0.0,tie
q2_750,Q2,1.0,1.0,1.0,0.0,tie
q2_751,Q2,1.0,1.0,1.0,0.0,tie
q2_752,Q2,1.0,1.0,1.0,0.0,tie
q2_753,Q2,0.5,0.25,1.0,0.5,hybrid_win
q2_754,Q2,1.0,0.5,1.0,0.0,tie
q2_755,Q2,0.5,1.0,0.5,-0.5,hybrid_loss
q2_756,Q2,1.0,1.0,1.0,0.0,tie
q2_757,Q2,1.0,1.0,1.0,0.0,tie
q2_758,Q2,1.0,0.25,1.0,0.0,tie
q2_759,Q2,1.0,1.0,1.0,0.0,tie
q2_760,Q2,1.0,1.0,1.0,0.0,tie
q2_761,Q2,0.5,1.0,0.5,-0.5,hybrid_loss
q2_762,Q2,1.0,1.0,1.0,0.0,tie
q2_763,Q2,1.0,0.5,1.0,0.0,tie
q2_764,Q2,0.5,1.0,0.5,-0.5,hybrid_loss
q2_765,Q2,1.0,1.0,1.0,0.0,tie
q2_766,Q2,0.5,0.5,0.5,0.0,tie
q2_767,Q2,1.0,1.0,1.0,0.0,tie
q2_768,Q2,1.0,0.5,1.0,0.0,tie
q2_769,Q2,0.5,0.5,0.5,0.0,tie
q2_770,Q2,1.0,1.0,1.0,0.0,tie
q2_771,Q2,1.0,1.0,1.0,0.0,tie
q2_772,Q2,1.0,1.0,1.0,0.0,tie
q2_773,Q2,1.0,1.0,1.0,0.0,tie
q2_774,Q2,1.0,1.0,1.0,0.0,tie
q2_775,Q2,1.0,0.5,1.0,0.0,tie
q2_776,Q2,0.5,1.0,0.5,-0.5,hybrid_loss
q2_777,Q2,1.0,1.0,1.0,0.0,tie
q2_778,Q2,1.0,1.0,1.0,0.0,tie
q2_779,Q2,1.0,1.0,1.0,0.0,tie
q2_780,Q2,1.0,1.0,1.0,0.0,tie
q2_781,Q2,1.0,1.0,1.0,0.0,tie
q2_782,Q2,1.0,1.0,1.0,0.0,tie
q2_783,Q2,1.0,1.0,1.0,0.0,tie
q2_784,Q2,1.0,0.0,1.0,0.0,tie
q2_785,Q2,1.0,1.0,1.0,0.0,tie
q2_786,Q2,1.0,1.0,1.0,0.0,tie
q2_787,Q2,1.0,1.0,1.0,0.0,tie
q2_788,Q2,1.0,1.0,1.0,0.0,tie
q2_789,Q2,0.5,1.0,0.5,-0.5,hybrid_loss
q2_790,Q2,1.0,1.0,1.0,0.0,tie
q2_791,Q2,1.0,1.0,1.0,0.0,tie
q2_792,Q2,1.0,0.3333333333333333,1.0,0.0,tie
q2_793,Q2,0.5,0.25,0.5,0.0,tie
q2_794,Q2,1.0,0.3333333333333333,1.0,0.0,tie
q2_795,Q2,1.0,1.0,1.0,0.0,tie
q2_796,Q2,1.0,0.3333333333333333,1.0,0.0,tie
q2_797,Q2,1.0,0.5,1.0,0.0,tie
q2_798,Q2,0.5,1.0,0.5,-0.5,hybrid_loss
q2_799,Q2,1.0,1.0,1.0,0.0,tie
q2_800,Q2,1.0,1.0,1.0,0.0,tie
q2_801,Q2,1.0,1.0,1.0,0.0,tie
q2_802,Q2,1.0,1.0,1.0,0.0,tie
q2_803,Q2,1.0,1.0,1.0,0.0,tie
q2_804,Q2,1.0,1.0,1.0,0.0,tie
q2_805,Q2,1.0,1.0,1.0,0.0,tie
q2_806,Q2,1.0,1.0,1.0,0.0,tie
q2_807,Q2,1.0,1.0,1.0,0.0,tie
q2_808,Q2,1.0,0.5,1.0,0.0,tie
q2_809,Q2,0.5,1.0,0.5,-0.5,hybrid_loss
q2_810,Q2,1.0,1.0,1.0,0.0,tie
q2_811,Q2,1.0,1.0,1.0,0.0,tie
q2_812,Q2,1.0,1.0,1.0,0.0,tie
q2_813,Q2,1.0,1.0,1.0,0.0,tie
q2_814,Q2,1.0,1.0,1.0,0.0,tie
q2_815,Q2,1.0,0.5,1.0,0.0,tie
q2_816,Q2,0.5,1.0,0.5,-0.5,hybrid_loss
q2_817,Q2,1.0,1.0,1.0,0.0,tie
q2_818,Q2,1.0,1.0,1.0,0.0,tie
q2_819,Q2,1.0,1.0,1.0,0.0,tie
q2_820,Q2,1.0,0.25,1.0,0.0,tie
q2_821,Q2,1.0,1.0,1.0,0.0,tie
q2_822,Q2,0.5,1.0,1.0,0.0,tie
q2_823,Q2,0.5,0.5,0.5,0.0,tie
q2_824,Q2,1.0,1.0,1.0,0.0,tie
q2_825,Q2,0.5,1.0,0.5,-0.5,hybrid_loss
q2_826,Q2,1.0,1.0,1.0,0.0,tie
q2_827,Q2,1.0,1.0,1.0,0.0,tie
q2_828,Q2,1.0,0.5,1.0,0.0,tie
q2_829,Q2,1.0,0.25,1.0,0.0,tie
q2_830,Q2,1.0,0.2,1.0,0.0,tie
q2_831,Q2,1.0,1.0,1.0,0.0,tie
q2_832,Q2,1.0,1.0,1.0,0.0,tie
q2_833,Q2,1.0,1.0,1.0,0.0,tie
q2_834,Q2,1.0,0.3333333333333333,1.0,0.0,tie
q2_835,Q2,0.5,0.5,0.5,0.0,tie
q2_836,Q2,1.0,1.0,1.0,0.0,tie
q2_837,Q2,0.1,0.0,0.1,0.0,tie
q2_838,Q2,1.0,1.0,1.0,0.0,tie
q2_839,Q2,1.0,1.0,1.0,0.0,tie
q2_840,Q2,1.0,1.0,1.0,0.0,tie
q2_841,Q2,1.0,1.0,1.0,0.0,tie
q2_842,Q2,1.0,1.0,1.0,0.0,tie
q2_843,Q2,1.0,1.0,1.0,0.0,tie
q2_844,Q2,1.0,1.0,1.0,0.0,tie
q2_845,Q2,1.0,1.0,1.0,0.0,tie
q2_846,Q2,1.0,1.0,1.0,0.0,tie
q2_847,Q2,1.0,1.0,1.0,0.0,tie
q2_848,Q2,1.0,1.0,1.0,0.0,tie
q2_849,Q2,1.0,1.0,1.0,0.0,tie
q2_850,Q2,1.0,1.0,1.0,0.0,tie
q2_851,Q2,1.0,0.5,1.0,0.0,tie
q2_852,Q2,0.5,1.0,0.5,-0.5,hybrid_loss
q2_853,Q2,1.0,1.0,1.0,0.0,tie
q2_854,Q2,1.0,1.0,1.0,0.0,tie
q2_855,Q2,1.0,1.0,1.0,0.0,tie
q2_856,Q2,1.0,1.0,1.0,0.0,tie
q2_857,Q2,1.0,1.0,1.0,0.0,tie
q2_858,Q2,1.0,1.0,1.0,0.0,tie
q2_859,Q2,1.0,1.0,1.0,0.0,tie
q2_860,Q2,1.0,1.0,1.0,0.0,tie
q2_861,Q2,1.0,1.0,1.0,0.0,tie
q2_862,Q2,1.0,1.0,1.0,0.0,tie
q2_863,Q2,1.0,1.0,1.0,0.0,tie
q2_864,Q2,1.0,0.5,1.0,0.0,tie
q2_865,Q2,0.5,0.5,0.5,0.0,tie
q2_866,Q2,1.0,0.5,1.0,0.0,tie
q2_867,Q2,0.5,0.5,0.5,0.0,tie
q2_868,Q2,1.0,0.5,1.0,0.0,tie
q2_869,Q2,0.5,1.0,0.5,-0.5,hybrid_loss
q2_870,Q2,1.0,0.5,1.0,0.0,tie
q2_871,Q2,0.5,0.5,0.5,0.0,tie
q2_872,Q2,1.0,0.14285714285714285,1.0,0.0,tie
q2_873,Q2,1.0,1.0,1.0,0.0,tie
q2_874,Q2,1.0,1.0,1.0,0.0,tie
q2_875,Q2,1.0,1.0,1.0,0.0,tie
q2_876,Q2,1.0,1.0,1.0,0.0,tie
q2_877,Q2,1.0,1.0,1.0,0.0,tie
q2_878,Q2,1.0,1.0,1.0,0.0,tie
q2_879,Q2,1.0,1.0,1.0,0.0,tie
q2_880,Q2,0.5,0.5,0.5,0.0,tie
q2_881,Q2,1.0,1.0,1.0,0.0,tie
q2_882,Q2,1.0,0.5,1.0,0.0,tie
q2_883,Q2,1.0,1.0,1.0,0.0,tie
q2_884,Q2,1.0,0.5,1.0,0.0,tie
q2_885,Q2,1.0,1.0,1.0,0.0,tie
q2_886,Q2,1.0,1.0,1.0,0.0,tie
q2_887,Q2,1.0,1.0,1.0,0.0,tie
q2_888,Q2,1.0,1.0,1.0,0.0,tie
q2_889,Q2,1.0,1.0,1.0,0.0,tie
q2_890,Q2,1.0,1.0,1.0,0.0,tie
q2_891,Q2,1.0,0.0,1.0,0.0,tie
q2_892,Q2,0.5,0.0,1.0,0.5,hybrid_win
q2_893,Q2,1.0,1.0,1.0,0.0,tie
q2_894,Q2,1.0,1.0,1.0,0.0,tie
q2_895,Q2,1.0,1.0,1.0,0.0,tie
q2_896,Q2,1.0,0.5,1.0,0.0,tie
q2_897,Q2,1.0,1.0,1.0,0.0,tie
q2_898,Q2,1.0,0.5,1.0,0.0,tie
q2_899,Q2,1.0,1.0,1.0,0.0,tie
q2_900,Q2,1.0,1.0,1.0,0.0,tie
q2_901,Q2,1.0,1.0,1.0,0.0,tie
q2_902,Q2,1.0,1.0,1.0,0.0,tie
q2_903,Q2,1.0,1.0,1.0,0.0,tie
q2_904,Q2,0.5,0.5,0.5,0.0,tie
q2_905,Q2,1.0,1.0,1.0,0.0,tie
q2_906,Q2,0.3333333333333333,1.0,0.3333333333333333,-0.6666666666666667,hybrid_loss
q2_907,Q2,1.0,1.0,1.0,0.0,tie
q2_908,Q2,1.0,1.0,1.0,0.0,tie
q2_909,Q2,1.0,1.0,1.0,0.0,tie
q2_910,Q2,0.5,0.5,0.5,0.0,tie
q2_911,Q2,1.0,1.0,1.0,0.0,tie
q2_912,Q2,1.0,1.0,1.0,0.0,tie
q2_913,Q2,1.0,1.0,1.0,0.0,tie
q2_914,Q2,1.0,0.3333333333333333,1.0,0.0,tie
q2_915,Q2,0.3333333333333333,0.125,0.25,-0.08333333333333331,hybrid_loss
q2_916,Q2,1.0,1.0,1.0,0.0,tie
q2_917,Q2,1.0,1.0,1.0,0.0,tie
q2_918,Q2,1.0,1.0,1.0,0.0,tie
q2_919,Q2,1.0,0.5,1.0,0.0,tie
q2_920,Q2,1.0,0.1,1.0,0.0,tie
q2_921,Q2,0.2,0.0,0.25,0.04999999999999999,hybrid_win
q2_922,Q2,0.16666666666666666,0.0,0.2,0.033333333333333354,hybrid_win
q2_923,Q2,1.0,0.0,1.0,0.0,tie
q2_924,Q2,0.5,0.0,0.5,0.0,tie
q2_925,Q2,1.0,0.5,1.0,0.0,tie
q2_926,Q2,0.3333333333333333,0.2,0.5,0.16666666666666669,hybrid_win
q2_927,Q2,0.3333333333333333,0.25,0.3333333333333333,0.0,tie
q2_928,Q2,1.0,1.0,1.0,0.0,tie
q2_929,Q2,1.0,1.0,1.0,0.0,tie
q2_930,Q2,1.0,1.0,1.0,0.0,tie
q2_931,Q2,0.5,0.1111111111111111,0.5,0.0,tie
q2_932,Q2,0.3333333333333333,1.0,0.3333333333333333,-0.6666666666666667,hybrid_loss
q2_933,Q2,1.0,1.0,1.0,0.0,tie
q2_934,Q2,1.0,0.5,1.0,0.0,tie
q2_935,Q2,1.0,1.0,1.0,0.0,tie
q2_936,Q2,1.0,1.0,1.0,0.0,tie
q2_937,Q2,1.0,1.0,1.0,0.0,tie
q2_938,Q2,1.0,1.0,1.0,0.0,tie
q2_939,Q2,1.0,0.5,1.0,0.0,tie
q2_940,Q2,0.5,1.0,0.5,-0.5,hybrid_loss
q2_941,Q2,1.0,0.0,1.0,0.0,tie
q2_942,Q2,1.0,1.0,1.0,0.0,tie
q2_943,Q2,1.0,1.0,1.0,0.0,tie
q2_944,Q2,1.0,1.0,1.0,0.0,tie
q2_945,Q2,1.0,0.3333333333333333,1.0,0.0,tie
q2_946,Q2,1.0,1.0,1.0,0.0,tie
q2_947,Q2,1.0,1.0,1.0,0.0,tie
q2_948,Q2,1.0,1.0,1.0,0.0,tie
q2_949,Q2,1.0,1.0,1.0,0.0,tie
q2_950,Q2,1.0,1.0,1.0,0.0,tie
q2_951,Q2,1.0,1.0,1.0,0.0,tie
q2_952,Q2,1.0,1.0,1.0,0.0,tie
q2_953,Q2,1.0,1.0,1.0,0.0,tie
q2_954,Q2,1.0,1.0,1.0,0.0,tie
q2_955,Q2,1.0,1.0,1.0,0.0,tie
q2_956,Q2,1.0,1.0,1.0,0.0,tie
q2_957,Q2,1.0,1.0,1.0,0.0,tie
q2_958,Q2,1.0,1.0,1.0,0.0,tie
q2_959,Q2,1.0,1.0,1.0,0.0,tie
q2_960,Q2,1.0,1.0,1.0,0.0,tie
q2_961,Q2,1.0,1.0,1.0,0.0,tie
q2_962,Q2,1.0,1.0,1.0,0.0,tie
q2_963,Q2,1.0,1.0,1.0,0.0,tie
q2_964,Q2,0.5,0.5,0.5,0.0,tie
q2_965,Q2,1.0,0.0,0.5,-0.5,hybrid_loss
q2_966,Q2,1.0,0.25,1.0,0.0,tie
q2_967,Q2,0.5,0.0,1.0,0.5,hybrid_win
q2_968,Q2,1.0,0.5,1.0,0.0,tie
q2_969,Q2,1.0,1.0,1.0,0.0,tie
q2_970,Q2,1.0,1.0,1.0,0.0,tie
q2_971,Q2,1.0,0.3333333333333333,1.0,0.0,tie
q2_972,Q2,0.125,0.16666666666666666,0.14285714285714285,-0.023809523809523808,hybrid_loss
q2_973,Q2,1.0,1.0,1.0,0.0,tie
q2_974,Q2,1.0,1.0,1.0,0.0,tie
q2_975,Q2,1.0,1.0,1.0,0.0,tie
q2_976,Q2,1.0,1.0,1.0,0.0,tie
q2_977,Q2,1.0,1.0,1.0,0.0,tie
q2_978,Q2,1.0,1.0,1.0,0.0,tie
q2_979,Q2,1.0,1.0,1.0,0.0,tie
q2_980,Q2,1.0,1.0,1.0,0.0,tie
q2_981,Q2,1.0,1.0,1.0,0.0,tie
q2_982,Q2,1.0,1.0,1.0,0.0,tie
q2_983,Q2,1.0,0.3333333333333333,1.0,0.0,tie
q2_984,Q2,1.0,1.0,1.0,0.0,tie
q2_985,Q2,1.0,1.0,1.0,0.0,tie
q2_986,Q2,1.0,1.0,1.0,0.0,tie
q2_987,Q2,1.0,1.0,1.0,0.0,tie
q2_988,Q2,1.0,1.0,1.0,0.0,tie
q2_989,Q2,1.0,1.0,1.0,0.0,tie
q2_990,Q2,1.0,1.0,1.0,0.0,tie
q2_991,Q2,1.0,0.5,1.0,0.0,tie
q2_992,Q2,1.0,1.0,1.0,0.0,tie
q2_993,Q2,1.0,1.0,1.0,0.0,tie
q2_994,Q2,1.0,1.0,1.0,0.0,tie
q2_995,Q2,1.0,1.0,1.0,0.0,tie
q2_996,Q2,1.0,0.5,0.5,-0.5,hybrid_loss
q2_997,Q2,1.0,1.0,1.0,0.0,tie
q2_998,Q2,1.0,1.0,1.0,0.0,tie
q2_999,Q2,1.0,0.5,1.0,0.0,tie
q2_1000,Q2,1.0,1.0,1.0,0.0,tie
q2_1001,Q2,1.0,1.0,1.0,0.0,tie
q2_1002,Q2,0.1111111111111111,0.0,0.2,0.0888888888888889,hybrid_win
q2_1003,Q2,1.0,1.0,1.0,0.0,tie
q2_1004,Q2,1.0,1.0,1.0,0.0,tie
q2_1005,Q2,1.0,1.0,1.0,0.0,tie
q2_1006,Q2,1.0,1.0,1.0,0.0,tie
q2_1007,Q2,1.0,1.0,1.0,0.0,tie
q2_1008,Q2,1.0,1.0,1.0,0.0,tie
q2_1009,Q2,1.0,1.0,1.0,0.0,tie
q2_1010,Q2,1.0,1.0,1.0,0.0,tie
q2_1011,Q2,1.0,1.0,1.0,0.0,tie
q2_1012,Q2,1.0,1.0,1.0,0.0,tie
q2_1013,Q2,1.0,1.0,1.0,0.0,tie
q2_1014,Q2,1.0,1.0,1.0,0.0,tie
q2_1015,Q2,1.0,1.0,1.0,0.0,tie
q2_1016,Q2,0.5,0.5,0.5,0.0,tie
q2_1017,Q2,1.0,1.0,1.0,0.0,tie
q2_1018,Q2,1.0,0.5,1.0,0.0,tie
q2_1019,Q2,1.0,1.0,1.0,0.0,tie
q2_1020,Q2,1.0,1.0,1.0,0.0,tie
q2_1021,Q2,0.5,0.16666666666666666,0.5,0.0,tie
q2_1022,Q2,1.0,1.0,1.0,0.0,tie
q2_1023,Q2,1.0,1.0,1.0,0.0,tie
q2_1024,Q2,1.0,1.0,1.0,0.0,tie
q2_1025,Q2,1.0,1.0,1.0,0.0,tie
q2_1026,Q2,1.0,1.0,1.0,0.0,tie
q2_1027,Q2,1.0,1.0,1.0,0.0,tie
q2_1028,Q2,1.0,1.0,1.0,0.0,tie
q2_1029,Q2,1.0,1.0,1.0,0.0,tie
q2_1030,Q2,1.0,1.0,1.0,0.0,tie
q2_1031,Q2,1.0,1.0,1.0,0.0,tie
q2_1032,Q2,1.0,1.0,1.0,0.0,tie
q2_1033,Q2,1.0,1.0,1.0,0.0,tie
q2_1034,Q2,1.0,1.0,1.0,0.0,tie
q2_1035,Q2,1.0,1.0,1.0,0.0,tie
q2_1036,Q2,1.0,1.0,1.0,0.0,tie
q2_1037,Q2,1.0,1.0,1.0,0.0,tie
q2_1038,Q2,1.0,1.0,1.0,0.0,tie
q2_1039,Q2,1.0,0.3333333333333333,1.0,0.0,tie
q2_1040,Q2,1.0,1.0,1.0,0.0,tie
q2_1041,Q2,1.0,0.5,1.0,0.0,tie
q2_1042,Q2,1.0,1.0,1.0,0.0,tie
q2_1043,Q2,1.0,0.3333333333333333,1.0,0.0,tie
q2_1044,Q2,1.0,1.0,1.0,0.0,tie
q2_1045,Q2,0.5,0.5,0.5,0.0,tie
q2_1046,Q2,1.0,1.0,1.0,0.0,tie
q2_1047,Q2,1.0,1.0,1.0,0.0,tie
q2_1048,Q2,1.0,1.0,1.0,0.0,tie
q2_1049,Q2,1.0,1.0,1.0,0.0,tie
q2_1050,Q2,1.0,0.0,1.0,0.0,tie
q2_1051,Q2,1.0,1.0,1.0,0.0,tie
q2_1052,Q2,1.0,1.0,1.0,0.0,tie
q2_1053,Q2,1.0,1.0,1.0,0.0,tie
q2_1054,Q2,1.0,1.0,1.0,0.0,tie
q2_1055,Q2,1.0,1.0,1.0,0.0,tie
q2_1056,Q2,1.0,1.0,1.0,0.0,tie
q2_1057,Q2,1.0,1.0,1.0,0.0,tie
q2_1058,Q2,1.0,1.0,1.0,0.0,tie
q2_1059,Q2,1.0,0.5,1.0,0.0,tie
q2_1060,Q2,1.0,1.0,1.0,0.0,tie
q2_1061,Q2,1.0,0.5,1.0,0.0,tie
q2_1062,Q2,1.0,1.0,1.0,0.0,tie
q2_1063,Q2,1.0,1.0,1.0,0.0,tie
q2_1064,Q2,1.0,1.0,1.0,0.0,tie
q2_1065,Q2,1.0,1.0,1.0,0.0,tie
q2_1066,Q2,1.0,1.0,1.0,0.0,tie
q2_1067,Q2,1.0,1.0,1.0,0.0,tie
q2_1068,Q2,1.0,1.0,1.0,0.0,tie
q2_1069,Q2,1.0,1.0,1.0,0.0,tie
q2_1070,Q2,1.0,1.0,1.0,0.0,tie
q2_1071,Q2,1.0,1.0,1.0,0.0,tie
q2_1072,Q2,1.0,0.14285714285714285,1.0,0.0,tie
q2_1073,Q2,1.0,1.0,1.0,0.0,tie
q2_1074,Q2,1.0,1.0,1.0,0.0,tie
q2_1075,Q2,1.0,1.0,1.0,0.0,tie
q2_1076,Q2,1.0,1.0,1.0,0.0,tie
q2_1077,Q2,1.0,1.0,1.0,0.0,tie
q2_1078,Q2,1.0,1.0,1.0,0.0,tie
q2_1079,Q2,1.0,1.0,1.0,0.0,tie
q2_1080,Q2,1.0,1.0,1.0,0.0,tie
q2_1081,Q2,1.0,1.0,1.0,0.0,tie
q2_1082,Q2,1.0,1.0,1.0,0.0,tie
q2_1083,Q2,1.0,1.0,1.0,0.0,tie
q2_1084,Q2,1.0,1.0,1.0,0.0,tie
q2_1085,Q2,0.25,0.3333333333333333,0.3333333333333333,0.0,tie
q2_1086,Q2,1.0,1.0,1.0,0.0,tie
q2_1087,Q2,1.0,0.5,0.5,-0.5,hybrid_loss
q2_1088,Q2,0.5,1.0,1.0,0.0,tie
q2_1089,Q2,1.0,1.0,1.0,0.0,tie
q2_1090,Q2,0.5,0.5,0.5,0.0,tie
q2_1091,Q2,1.0,1.0,1.0,0.0,tie
q2_1092,Q2,1.0,0.0,1.0,0.0,tie
q2_1093,Q2,1.0,1.0,1.0,0.0,tie
q2_1094,Q2,1.0,0.5,1.0,0.0,tie
q2_1095,Q2,1.0,0.5,1.0,0.0,tie
q2_1096,Q2,1.0,0.2,1.0,0.0,tie
q2_1097,Q2,1.0,0.5,1.0,0.0,tie
q2_1098,Q2,1.0,0.3333333333333333,1.0,0.0,tie
q2_1099,Q2,1.0,0.5,1.0,0.0,tie
q2_1100,Q2,1.0,1.0,1.0,0.0,tie
q2_1101,Q2,1.0,1.0,1.0,0.0,tie
q2_1102,Q2,1.0,1.0,1.0,0.0,tie
q2_1103,Q2,1.0,1.0,1.0,0.0,tie
q2_1104,Q2,1.0,1.0,1.0,0.0,tie
q2_1105,Q2,1.0,1.0,1.0,0.0,tie
q2_1106,Q2,0.5,0.5,0.5,0.0,tie
q2_1107,Q2,1.0,0.5,0.5,-0.5,hybrid_loss
q2_1108,Q2,1.0,0.5,0.5,-0.5,hybrid_loss
q2_1109,Q2,1.0,0.3333333333333333,1.0,0.0,tie
q2_1110,Q2,1.0,1.0,1.0,0.0,tie
q2_1111,Q2,0.5,0.5,0.5,0.0,tie
q2_1112,Q2,1.0,1.0,1.0,0.0,tie
q2_1113,Q2,1.0,1.0,1.0,0.0,tie
q2_1114,Q2,0.0,1.0,0.0,-1.0,hybrid_loss
q2_1115,Q2,1.0,1.0,1.0,0.0,tie
q2_1116,Q2,1.0,1.0,1.0,0.0,tie
q2_1117,Q2,1.0,1.0,1.0,0.0,tie
q2_1118,Q2,0.3333333333333333,1.0,1.0,0.0,tie
q2_1119,Q2,1.0,1.0,1.0,0.0,tie
q2_1120,Q2,0.2,0.2,0.3333333333333333,0.1333333333333333,hybrid_win
q2_1121,Q2,1.0,1.0,1.0,0.0,tie
q2_1122,Q2,1.0,1.0,1.0,0.0,tie
q2_1123,Q2,1.0,1.0,1.0,0.0,tie
q2_1124,Q2,1.0,1.0,1.0,0.0,tie
q2_1125,Q2,1.0,1.0,1.0,0.0,tie
q2_1126,Q2,1.0,1.0,1.0,0.0,tie
q2_1127,Q2,1.0,1.0,1.0,0.0,tie
q2_1128,Q2,1.0,1.0,1.0,0.0,tie
q2_1129,Q2,1.0,1.0,1.0,0.0,tie
q2_1130,Q2,1.0,1.0,1.0,0.0,tie
q2_1131,Q2,1.0,1.0,1.0,0.0,tie
q2_1132,Q2,1.0,1.0,1.0,0.0,tie
q2_1133,Q2,1.0,1.0,1.0,0.0,tie
q2_1134,Q2,1.0,1.0,1.0,0.0,tie
q2_1135,Q2,1.0,1.0,1.0,0.0,tie
q2_1136,Q2,1.0,1.0,1.0,0.0,tie
q2_1137,Q2,1.0,1.0,1.0,0.0,tie
q2_1138,Q2,1.0,1.0,1.0,0.0,tie
q2_1139,Q2,1.0,1.0,1.0,0.0,tie
q2_1140,Q2,1.0,1.0,1.0,0.0,tie
q2_1141,Q2,0.5,0.5,0.5,0.0,tie
q2_1142,Q2,1.0,1.0,1.0,0.0,tie
q2_1143,Q2,1.0,1.0,1.0,0.0,tie
q2_1144,Q2,1.0,1.0,1.0,0.0,tie
q2_1145,Q2,1.0,1.0,1.0,0.0,tie
q2_1146,Q2,1.0,0.5,1.0,0.0,tie
q2_1147,Q2,0.5,1.0,0.5,-0.5,hybrid_loss
q2_1148,Q2,1.0,1.0,1.0,0.0,tie
q2_1149,Q2,1.0,1.0,1.0,0.0,tie
q2_1150,Q2,1.0,0.0,1.0,0.0,tie
q2_1151,Q2,1.0,1.0,1.0,0.0,tie
q2_1152,Q2,1.0,1.0,1.0,0.0,tie
q2_1153,Q2,1.0,1.0,1.0,0.0,tie
q2_1154,Q2,1.0,1.0,1.0,0.0,tie
q2_1155,Q2,1.0,1.0,1.0,0.0,tie
q2_1156,Q2,1.0,1.0,1.0,0.0,tie
q2_1157,Q2,1.0,0.0,1.0,0.0,tie
q2_1158,Q2,1.0,0.0,1.0,0.0,tie
q2_1159,Q2,1.0,0.0,1.0,0.0,tie
q2_1160,Q2,0.5,0.0,0.5,0.0,tie
q2_1161,Q2,1.0,0.0,1.0,0.0,tie
q2_1162,Q2,1.0,1.0,1.0,0.0,tie
q2_1163,Q2,1.0,1.0,1.0,0.0,tie
q2_1164,Q2,1.0,1.0,1.0,0.0,tie
q2_1165,Q2,0.5,0.5,0.5,0.0,tie
q2_1166,Q2,1.0,0.125,1.0,0.0,tie
q2_1167,Q2,1.0,0.3333333333333333,0.5,-0.5,hybrid_loss
q2_1168,Q2,1.0,0.5,1.0,0.0,tie
q2_1169,Q2,1.0,1.0,1.0,0.0,tie
q2_1170,Q2,1.0,1.0,1.0,0.0,tie
q2_1171,Q2,1.0,1.0,1.0,0.0,tie
q2_1172,Q2,1.0,0.0,1.0,0.0,tie
q2_1173,Q2,1.0,1.0,1.0,0.0,tie
q2_1174,Q2,0.5,0.5,0.5,0.0,tie
q2_1175,Q2,1.0,1.0,1.0,0.0,tie
q2_1176,Q2,1.0,1.0,1.0,0.0,tie
q2_1177,Q2,1.0,1.0,1.0,0.0,tie
q2_1178,Q2,1.0,0.5,1.0,0.0,tie
q2_1179,Q2,0.5,1.0,0.5,-0.5,hybrid_loss
q2_1180,Q2,1.0,1.0,1.0,0.0,tie
q2_1181,Q2,1.0,1.0,1.0,0.0,tie
q2_1182,Q2,1.0,1.0,1.0,0.0,tie
q2_1183,Q2,0.5,1.0,0.5,-0.5,hybrid_loss
q2_1184,Q2,1.0,1.0,1.0,0.0,tie
q2_1185,Q2,1.0,1.0,1.0,0.0,tie
q2_1186,Q2,1.0,1.0,1.0,0.0,tie
q2_1187,Q2,1.0,1.0,1.0,0.0,tie
q2_1188,Q2,1.0,0.5,1.0,0.0,tie
q2_1189,Q2,0.5,1.0,0.5,-0.5,hybrid_loss
q2_1190,Q2,1.0,1.0,1.0,0.0,tie
q2_1191,Q2,1.0,1.0,1.0,0.0,tie
q2_1192,Q2,1.0,1.0,1.0,0.0,tie
q2_1193,Q2,1.0,1.0,1.0,0.0,tie
q2_1194,Q2,1.0,1.0,1.0,0.0,tie
q2_1195,Q2,1.0,1.0,1.0,0.0,tie
q2_1196,Q2,1.0,1.0,1.0,0.0,tie
q2_1197,Q2,1.0,1.0,1.0,0.0,tie
q2_1198,Q2,1.0,1.0,1.0,0.0,tie
q2_1199,Q2,1.0,1.0,1.0,0.0,tie
q2_1200,Q2,1.0,1.0,1.0,0.0,tie
q2_1201,Q2,1.0,1.0,1.0,0.0,tie
q2_1202,Q2,1.0,0.5,1.0,0.0,tie
q2_1203,Q2,0.5,1.0,1.0,0.0,tie
q2_1204,Q2,1.0,1.0,1.0,0.0,tie
q2_1205,Q2,0.3333333333333333,1.0,1.0,0.0,tie
q2_1206,Q2,1.0,0.5,1.0,0.0,tie
q2_1207,Q2,0.5,1.0,0.5,-0.5,hybrid_loss
q2_1208,Q2,1.0,1.0,1.0,0.0,tie
q2_1209,Q2,1.0,1.0,1.0,0.0,tie
q2_1210,Q2,1.0,1.0,1.0,0.0,tie
q2_1211,Q2,1.0,1.0,1.0,0.0,tie
q2_1212,Q2,1.0,1.0,1.0,0.0,tie
q2_1213,Q2,1.0,0.5,1.0,0.0,tie
q2_1214,Q2,0.5,1.0,0.5,-0.5,hybrid_loss
q2_1215,Q2,1.0,1.0,1.0,0.0,tie
q2_1216,Q2,1.0,1.0,1.0,0.0,tie
q2_1217,Q2,1.0,1.0,1.0,0.0,tie
q2_1218,Q2,1.0,1.0,1.0,0.0,tie
q2_1219,Q2,1.0,1.0,1.0,0.0,tie
q2_1220,Q2,1.0,0.5,0.5,-0.5,hybrid_loss
q2_1221,Q2,1.0,1.0,1.0,0.0,tie
q2_1222,Q2,1.0,0.0,1.0,0.0,tie
q2_1223,Q2,1.0,1.0,1.0,0.0,tie
q2_1224,Q2,1.0,0.5,1.0,0.0,tie
q2_1225,Q2,1.0,1.0,1.0,0.0,tie
q2_1226,Q2,1.0,1.0,1.0,0.0,tie
q2_1227,Q2,1.0,1.0,1.0,0.0,tie
q2_1228,Q2,1.0,1.0,1.0,0.0,tie
q2_1229,Q2,1.0,1.0,1.0,0.0,tie
q2_1230,Q2,1.0,1.0,1.0,0.0,tie
q2_1231,Q2,1.0,1.0,1.0,0.0,tie
q2_1232,Q2,1.0,1.0,1.0,0.0,tie
q2_1233,Q2,1.0,1.0,1.0,0.0,tie
q2_1234,Q2,1.0,0.0,0.5,-0.5,hybrid_loss
q2_1235,Q2,1.0,1.0,1.0,0.0,tie
q2_1236,Q2,1.0,0.14285714285714285,1.0,0.0,tie
q2_1237,Q2,1.0,1.0,1.0,0.0,tie
q2_1238,Q2,1.0,1.0,1.0,0.0,tie
q2_1239,Q2,1.0,1.0,1.0,0.0,tie
q2_1240,Q2,1.0,1.0,1.0,0.0,tie
q2_1241,Q2,1.0,1.0,1.0,0.0,tie
q2_1242,Q2,1.0,1.0,1.0,0.0,tie
q2_1243,Q2,0.5,0.5,0.5,0.0,tie
q2_1244,Q2,1.0,1.0,1.0,0.0,tie
q2_1245,Q2,1.0,1.0,1.0,0.0,tie
q2_1246,Q2,1.0,1.0,1.0,0.0,tie
q2_1247,Q2,1.0,1.0,1.0,0.0,tie
q2_1248,Q2,1.0,1.0,1.0,0.0,tie
q2_1249,Q2,1.0,1.0,1.0,0.0,tie
q2_1250,Q2,1.0,1.0,1.0,0.0,tie
q2_1251,Q2,1.0,1.0,1.0,0.0,tie
q2_1252,Q2,0.5,1.0,1.0,0.0,tie
q2_1253,Q2,1.0,0.5,1.0,0.0,tie
q2_1254,Q2,1.0,1.0,1.0,0.0,tie
q2_1255,Q2,1.0,1.0,1.0,0.0,tie
q2_1256,Q2,0.5,0.5,0.5,0.0,tie
q2_1257,Q2,1.0,1.0,1.0,0.0,tie
q2_1258,Q2,1.0,1.0,1.0,0.0,tie
q2_1259,Q2,1.0,0.5,1.0,0.0,tie
q2_1260,Q2,1.0,0.25,1.0,0.0,tie
q2_1261,Q2,1.0,1.0,1.0,0.0,tie
q2_1262,Q2,1.0,1.0,1.0,0.0,tie
q2_1263,Q2,0.5,1.0,0.5,-0.5,hybrid_loss
q2_1264,Q2,1.0,1.0,1.0,0.0,tie
q2_1265,Q2,0.3333333333333333,0.3333333333333333,0.3333333333333333,0.0,tie
q2_1266,Q2,1.0,1.0,1.0,0.0,tie
q2_1267,Q2,1.0,1.0,1.0,0.0,tie
q2_1268,Q2,1.0,1.0,1.0,0.0,tie
q2_1269,Q2,1.0,1.0,1.0,0.0,tie
q2_1270,Q2,1.0,1.0,1.0,0.0,tie
q2_1271,Q2,1.0,1.0,1.0,0.0,tie
q2_1272,Q2,1.0,1.0,1.0,0.0,tie
q2_1273,Q2,1.0,1.0,1.0,0.0,tie
q2_1274,Q2,1.0,0.25,1.0,0.0,tie
q2_1275,Q2,1.0,1.0,1.0,0.0,tie
q2_1276,Q2,1.0,0.5,1.0,0.0,tie
q2_1277,Q2,0.5,1.0,0.5,-0.5,hybrid_loss
q2_1278,Q2,1.0,1.0,1.0,0.0,tie
q2_1279,Q2,1.0,1.0,1.0,0.0,tie
q2_1280,Q2,1.0,1.0,1.0,0.0,tie
q2_1281,Q2,1.0,1.0,1.0,0.0,tie
q2_1282,Q2,1.0,1.0,1.0,0.0,tie
q2_1283,Q2,0.5,0.5,0.5,0.0,tie
q2_1284,Q2,1.0,1.0,1.0,0.0,tie
q2_1285,Q2,0.3333333333333333,1.0,0.5,-0.5,hybrid_loss
q2_1286,Q2,1.0,1.0,1.0,0.0,tie
q2_1287,Q2,1.0,1.0,1.0,0.0,tie
q2_1288,Q2,1.0,0.3333333333333333,1.0,0.0,tie
q2_1289,Q2,1.0,1.0,1.0,0.0,tie
q2_1290,Q2,0.5,1.0,1.0,0.0,tie
q2_1291,Q2,1.0,0.5,1.0,0.0,tie
q2_1292,Q2,1.0,1.0,1.0,0.0,tie
q2_1293,Q2,1.0,1.0,1.0,0.0,tie
q2_1294,Q2,1.0,0.5,1.0,0.0,tie
q2_1295,Q2,1.0,0.5,1.0,0.0,tie
q2_1296,Q2,0.5,0.5,0.5,0.0,tie
q2_1297,Q2,1.0,0.2,1.0,0.0,tie
q2_1298,Q2,1.0,1.0,1.0,0.0,tie
q2_1299,Q2,1.0,1.0,1.0,0.0,tie
q2_1300,Q2,1.0,1.0,1.0,0.0,tie
q2_1301,Q2,1.0,1.0,1.0,0.0,tie
q2_1302,Q2,1.0,0.5,1.0,0.0,tie
q2_1303,Q2,1.0,1.0,1.0,0.0,tie
q2_1304,Q2,1.0,1.0,1.0,0.0,tie
q2_1305,Q2,1.0,1.0,1.0,0.0,tie
q2_1306,Q2,1.0,1.0,1.0,0.0,tie
q2_1307,Q2,1.0,1.0,1.0,0.0,tie
q2_1308,Q2,1.0,1.0,1.0,0.0,tie
q2_1309,Q2,1.0,1.0,1.0,0.0,tie
q2_1310,Q2,1.0,1.0,1.0,0.0,tie
q2_1311,Q2,1.0,1.0,1.0,0.0,tie
q2_1312,Q2,1.0,1.0,1.0,0.0,tie
q2_1313,Q2,0.5,0.5,1.0,0.5,hybrid_win
q2_1314,Q2,1.0,1.0,1.0,0.0,tie
q2_1315,Q2,1.0,1.0,1.0,0.0,tie
q2_1316,Q2,0.5,1.0,1.0,0.0,tie
q2_1317,Q2,1.0,0.5,1.0,0.0,tie
q2_1318,Q2,0.5,1.0,0.5,-0.5,hybrid_loss
q2_1319,Q2,1.0,1.0,1.0,0.0,tie
q2_1320,Q2,1.0,1.0,1.0,0.0,tie
q2_1321,Q2,1.0,0.2,1.0,0.0,tie
q2_1322,Q2,1.0,1.0,1.0,0.0,tie
q2_1323,Q2,1.0,1.0,1.0,0.0,tie
q2_1324,Q2,0.5,1.0,1.0,0.0,tie
q2_1325,Q2,1.0,0.3333333333333333,1.0,0.0,tie
q2_1326,Q2,0.5,0.3333333333333333,0.5,0.0,tie
q2_1327,Q2,0.3333333333333333,0.3333333333333333,0.3333333333333333,0.0,tie
q2_1328,Q2,1.0,1.0,1.0,0.0,tie
q2_1329,Q2,1.0,1.0,1.0,0.0,tie
q2_1330,Q2,1.0,0.1,1.0,0.0,tie
q2_1331,Q2,1.0,1.0,1.0,0.0,tie
q2_1332,Q2,1.0,1.0,1.0,0.0,tie
q2_1333,Q2,0.5,1.0,0.5,-0.5,hybrid_loss
q2_1334,Q2,1.0,0.5,1.0,0.0,tie
q2_1335,Q2,0.5,1.0,0.5,-0.5,hybrid_loss
q2_1336,Q2,1.0,1.0,1.0,0.0,tie
q2_1337,Q2,1.0,1.0,1.0,0.0,tie
q2_1338,Q2,1.0,0.5,1.0,0.0,tie
q2_1339,Q2,0.5,0.5,0.5,0.0,tie
q2_1340,Q2,1.0,1.0,1.0,0.0,tie
q2_1341,Q2,0.5,0.5,0.5,0.0,tie
q2_1342,Q2,1.0,1.0,1.0,0.0,tie
q2_1343,Q2,1.0,0.25,1.0,0.0,tie
q2_1344,Q2,1.0,1.0,1.0,0.0,tie
q2_1345,Q2,1.0,0.16666666666666666,1.0,0.0,tie
q2_1346,Q2,0.5,0.2,0.5,0.0,tie
q2_1347,Q2,1.0,0.5,1.0,0.0,tie
q2_1348,Q2,1.0,1.0,1.0,0.0,tie
q2_1349,Q2,1.0,1.0,1.0,0.0,tie
q2_1350,Q2,1.0,1.0,1.0,0.0,tie
q2_1351,Q2,1.0,1.0,1.0,0.0,tie
q2_1352,Q2,1.0,0.5,1.0,0.0,tie
q2_1353,Q2,0.5,1.0,0.5,-0.5,hybrid_loss
q2_1354,Q2,1.0,1.0,1.0,0.0,tie
q2_1355,Q2,1.0,1.0,1.0,0.0,tie
q2_1356,Q2,1.0,1.0,1.0,0.0,tie
q2_1357,Q2,1.0,1.0,1.0,0.0,tie
q2_1358,Q2,1.0,1.0,1.0,0.0,tie
q2_1359,Q2,1.0,1.0,1.0,0.0,tie
q2_1360,Q2,1.0,1.0,1.0,0.0,tie
q2_1361,Q2,0.5,1.0,0.5,-0.5,hybrid_loss
q2_1362,Q2,1.0,0.5,1.0,0.0,tie
q2_1363,Q2,0.5,0.5,0.5,0.0,tie
q2_1364,Q2,1.0,1.0,1.0,0.0,tie
q2_1365,Q2,1.0,1.0,1.0,0.0,tie
q2_1366,Q2,1.0,1.0,1.0,0.0,tie
q2_1367,Q2,1.0,1.0,1.0,0.0,tie
q2_1368,Q2,1.0,1.0,1.0,0.0,tie
q2_1369,Q2,1.0,1.0,1.0,0.0,tie
q2_1370,Q2,0.5,0.5,0.5,0.0,tie
q2_1371,Q2,1.0,1.0,1.0,0.0,tie
q2_1372,Q2,1.0,0.5,0.5,-0.5,hybrid_loss
q2_1373,Q2,0.5,1.0,0.5,-0.5,hybrid_loss
q2_1374,Q2,1.0,1.0,1.0,0.0,tie
q2_1375,Q2,1.0,1.0,1.0,0.0,tie
q2_1376,Q2,1.0,1.0,1.0,0.0,tie
q2_1377,Q2,1.0,1.0,1.0,0.0,tie
q2_1378,Q2,1.0,0.0,1.0,0.0,tie
q2_1379,Q2,1.0,1.0,1.0,0.0,tie
q2_1380,Q2,1.0,1.0,1.0,0.0,tie
q2_1381,Q2,1.0,0.25,1.0,0.0,tie
q2_1382,Q2,1.0,1.0,1.0,0.0,tie
q2_1383,Q2,1.0,1.0,1.0,0.0,tie
q2_1384,Q2,1.0,1.0,1.0,0.0,tie
q2_1385,Q2,1.0,0.5,1.0,0.0,tie
q2_1386,Q2,0.5,1.0,0.5,-0.5,hybrid_loss
q2_1387,Q2,1.0,1.0,1.0,0.0,tie
q2_1388,Q2,1.0,1.0,1.0,0.0,tie
q2_1389,Q2,1.0,1.0,1.0,0.0,tie
q2_1390,Q2,1.0,1.0,1.0,0.0,tie
q2_1391,Q2,1.0,1.0,1.0,0.0,tie
q2_1392,Q2,1.0,1.0,1.0,0.0,tie
q2_1393,Q2,0.5,1.0,0.5,-0.5,hybrid_loss
q2_1394,Q2,1.0,1.0,1.0,0.0,tie
q2_1395,Q2,1.0,1.0,1.0,0.0,tie
q2_1396,Q2,1.0,1.0,1.0,0.0,tie
q2_1397,Q2,1.0,0.5,1.0,0.0,tie
q2_1398,Q2,1.0,1.0,1.0,0.0,tie
q2_1399,Q2,1.0,1.0,1.0,0.0,tie
q2_1400,Q2,1.0,1.0,1.0,0.0,tie
q2_1401,Q2,0.5,0.3333333333333333,0.3333333333333333,-0.16666666666666669,hybrid_loss
q2_1402,Q2,1.0,0.5,0.5,-0.5,hybrid_loss
q2_1403,Q2,1.0,1.0,1.0,0.0,tie
q2_1404,Q2,1.0,1.0,1.0,0.0,tie
q2_1405,Q2,1.0,1.0,1.0,0.0,tie
q2_1406,Q2,1.0,0.0,1.0,0.0,tie
q2_1407,Q2,1.0,0.5,1.0,0.0,tie
q2_1408,Q2,0.5,1.0,0.5,-0.5,hybrid_loss
q2_1409,Q2,1.0,0.5,1.0,0.0,tie
q2_1410,Q2,0.5,0.5,0.5,0.0,tie
q2_1411,Q2,1.0,0.3333333333333333,1.0,0.0,tie
q2_1412,Q2,1.0,0.5,1.0,0.0,tie
q2_1413,Q2,1.0,1.0,1.0,0.0,tie
q2_1414,Q2,1.0,0.5,1.0,0.0,tie
q2_1415,Q2,1.0,1.0,1.0,0.0,tie
q2_1416,Q2,1.0,1.0,1.0,0.0,tie
q2_1417,Q2,1.0,1.0,1.0,0.0,tie
q2_1418,Q2,1.0,1.0,1.0,0.0,tie
q2_1419,Q2,1.0,1.0,1.0,0.0,tie
q2_1420,Q2,1.0,1.0,1.0,0.0,tie
q2_1421,Q2,1.0,0.5,1.0,0.0,tie
q2_1422,Q2,0.5,1.0,0.5,-0.5,hybrid_loss
q2_1423,Q2,1.0,0.5,1.0,0.0,tie
q2_1424,Q2,0.5,0.5,0.5,0.0,tie
q2_1425,Q2,1.0,1.0,1.0,0.0,tie
q2_1426,Q2,1.0,1.0,1.0,0.0,tie
q2_1427,Q2,0.5,0.5,0.5,0.0,tie
q2_1428,Q2,1.0,0.5,1.0,0.0,tie
q2_1429,Q2,0.5,1.0,0.5,-0.5,hybrid_loss
q2_1430,Q2,1.0,1.0,1.0,0.0,tie
q2_1431,Q2,1.0,1.0,1.0,0.0,tie
q2_1432,Q2,1.0,1.0,1.0,0.0,tie
q2_1433,Q2,1.0,0.5,1.0,0.0,tie
q2_1434,Q2,0.5,1.0,0.5,-0.5,hybrid_loss
q2_1435,Q2,1.0,1.0,1.0,0.0,tie
q2_1436,Q2,1.0,1.0,1.0,0.0,tie
q2_1437,Q2,0.3333333333333333,0.5,0.3333333333333333,-0.16666666666666669,hybrid_loss
q2_1438,Q2,1.0,1.0,1.0,0.0,tie
q2_1439,Q2,1.0,1.0,1.0,0.0,tie
q2_1440,Q2,1.0,0.5,1.0,0.0,tie
q2_1441,Q2,0.5,1.0,0.5,-0.5,hybrid_loss
q2_1442,Q2,1.0,1.0,1.0,0.0,tie
q2_1443,Q2,1.0,1.0,1.0,0.0,tie
q2_1444,Q2,1.0,0.5,1.0,0.0,tie
q2_1445,Q2,1.0,1.0,1.0,0.0,tie
q2_1446,Q2,0.3333333333333333,1.0,0.5,-0.5,hybrid_loss
q2_1447,Q2,1.0,1.0,1.0,0.0,tie
q2_1448,Q2,1.0,0.5,0.5,-0.5,hybrid_loss
q2_1449,Q2,0.5,0.5,0.5,0.0,tie
q2_1450,Q2,1.0,0.5,1.0,0.0,tie
q2_1451,Q2,0.5,0.5,0.5,0.0,tie
q2_1452,Q2,1.0,0.5,1.0,0.0,tie
q2_1453,Q2,0.5,1.0,0.5,-0.5,hybrid_loss
q2_1454,Q2,1.0,1.0,1.0,0.0,tie
q2_1455,Q2,1.0,1.0,1.0,0.0,tie
q2_1456,Q2,1.0,0.5,1.0,0.0,tie
q2_1457,Q2,0.5,0.5,0.5,0.0,tie
q2_1458,Q2,1.0,0.5,1.0,0.0,tie
q2_1459,Q2,0.5,0.5,0.5,0.0,tie
q2_1460,Q2,1.0,1.0,1.0,0.0,tie
q2_1461,Q2,1.0,1.0,1.0,0.0,tie
q2_1462,Q2,1.0,1.0,1.0,0.0,tie
q2_1463,Q2,1.0,1.0,1.0,0.0,tie
q2_1464,Q2,1.0,1.0,1.0,0.0,tie
q2_1465,Q2,1.0,1.0,1.0,0.0,tie
q2_1466,Q2,1.0,1.0,1.0,0.0,tie
q2_1467,Q2,1.0,1.0,1.0,0.0,tie
q2_1468,Q2,0.25,0.25,0.25,0.0,tie
q2_1469,Q2,0.5,0.5,0.5,0.0,tie
q2_1470,Q2,1.0,1.0,1.0,0.0,tie
q2_1471,Q2,1.0,1.0,1.0,0.0,tie
q2_1472,Q2,1.0,1.0,1.0,0.0,tie
q2_1473,Q2,1.0,1.0,1.0,0.0,tie
q2_1474,Q2,1.0,1.0,1.0,0.0,tie
q2_1475,Q2,1.0,0.5,1.0,0.0,tie
q2_1476,Q2,0.5,1.0,0.5,-0.5,hybrid_loss
q2_1477,Q2,1.0,1.0,1.0,0.0,tie
q2_1478,Q2,1.0,1.0,1.0,0.0,tie
q2_1479,Q2,1.0,1.0,1.0,0.0,tie
q2_1480,Q2,1.0,1.0,1.0,0.0,tie
q2_1481,Q2,1.0,1.0,1.0,0.0,tie
q2_1482,Q2,1.0,0.5,0.5,-0.5,hybrid_loss
q2_1483,Q2,1.0,1.0,1.0,0.0,tie
q2_1484,Q2,1.0,0.5,0.5,-0.5,hybrid_loss
q2_1485,Q2,1.0,1.0,1.0,0.0,tie
q2_1486,Q2,1.0,0.5,0.5,-0.5,hybrid_loss
q2_1487,Q2,1.0,1.0,1.0,0.0,tie
q2_1488,Q2,1.0,0.5,0.5,-0.5,hybrid_loss
q2_1489,Q2,1.0,1.0,1.0,0.0,tie
q2_1490,Q2,1.0,1.0,1.0,0.0,tie
q2_1491,Q2,1.0,1.0,1.0,0.0,tie
q2_1492,Q2,0.5,1.0,1.0,0.0,tie
q2_1493,Q2,0.5,0.25,0.5,0.0,tie
q2_1494,Q2,1.0,1.0,1.0,0.0,tie
q2_1495,Q2,1.0,0.5,1.0,0.0,tie
q2_1496,Q2,1.0,1.0,1.0,0.0,tie
q2_1497,Q2,1.0,1.0,1.0,0.0,tie
q2_1498,Q2,1.0,0.5,1.0,0.0,tie
q2_1499,Q2,1.0,1.0,1.0,0.0,tie
q2_1500,Q2,1.0,1.0,1.0,0.0,tie
q2_1501,Q2,1.0,1.0,1.0,0.0,tie
q2_1502,Q2,1.0,1.0,1.0,0.0,tie
q2_1503,Q2,1.0,0.5,0.5,-0.5,hybrid_loss
q2_1504,Q2,1.0,1.0,1.0,0.0,tie
q2_1505,Q2,1.0,0.5,1.0,0.0,tie
q2_1506,Q2,1.0,1.0,1.0,0.0,tie
q2_1507,Q2,1.0,1.0,1.0,0.0,tie
q2_1508,Q2,1.0,1.0,1.0,0.0,tie
q2_1509,Q2,1.0,0.1111111111111111,0.3333333333333333,-0.6666666666666667,hybrid_loss
q2_1510,Q2,1.0,0.1111111111111111,0.3333333333333333,-0.6666666666666667,hybrid_loss
q2_1511,Q2,1.0,0.1111111111111111,0.3333333333333333,-0.6666666666666667,hybrid_loss
q2_1512,Q2,1.0,1.0,1.0,0.0,tie
q2_1513,Q2,0.1111111111111111,0.5,0.2,-0.3,hybrid_loss
q2_1514,Q2,1.0,0.5,1.0,0.0,tie
q2_1515,Q2,0.5,0.5,0.5,0.0,tie
q2_1516,Q2,0.3333333333333333,0.25,0.25,-0.08333333333333331,hybrid_loss
q2_1517,Q2,1.0,1.0,1.0,0.0,tie
q2_1518,Q2,0.25,0.125,0.5,0.25,hybrid_win
q2_1519,Q2,0.2,0.14285714285714285,1.0,0.8,hybrid_win
q2_1520,Q2,1.0,1.0,1.0,0.0,tie
q2_1521,Q2,1.0,1.0,1.0,0.0,tie
q2_1522,Q2,1.0,1.0,1.0,0.0,tie
q2_1523,Q2,1.0,1.0,1.0,0.0,tie
q2_1524,Q2,1.0,1.0,1.0,0.0,tie
q2_1525,Q2,1.0,1.0,1.0,0.0,tie
q2_1526,Q2,1.0,1.0,1.0,0.0,tie
q2_1527,Q2,1.0,1.0,1.0,0.0,tie
q2_1528,Q2,1.0,1.0,1.0,0.0,tie
q2_1529,Q2,0.5,1.0,1.0,0.0,tie
q2_1530,Q2,1.0,1.0,1.0,0.0,tie
q2_1531,Q2,1.0,1.0,1.0,0.0,tie
q2_1532,Q2,1.0,1.0,1.0,0.0,tie
q2_1533,Q2,1.0,1.0,1.0,0.0,tie
q2_1534,Q2,1.0,1.0,1.0,0.0,tie
q2_1535,Q2,1.0,1.0,1.0,0.0,tie
q2_1536,Q2,1.0,1.0,1.0,0.0,tie
q2_1537,Q2,1.0,0.5,1.0,0.0,tie
q2_1538,Q2,1.0,1.0,1.0,0.0,tie
q2_1539,Q2,1.0,0.5,1.0,0.0,tie
q2_1540,Q2,1.0,1.0,1.0,0.0,tie
q2_1541,Q2,1.0,1.0,1.0,0.0,tie
q2_1542,Q2,1.0,1.0,1.0,0.0,tie
q2_1543,Q2,1.0,1.0,1.0,0.0,tie
q2_1544,Q2,0.5,0.5,0.5,0.0,tie
q2_1545,Q2,1.0,1.0,1.0,0.0,tie
q2_1546,Q2,1.0,1.0,1.0,0.0,tie
q2_1547,Q2,1.0,1.0,1.0,0.0,tie
q2_1548,Q2,1.0,1.0,1.0,0.0,tie
q2_1549,Q2,0.5,0.3333333333333333,0.3333333333333333,-0.16666666666666669,hybrid_loss
q2_1550,Q2,1.0,1.0,1.0,0.0,tie
q2_1551,Q2,1.0,0.5,0.5,-0.5,hybrid_loss
q2_1552,Q2,1.0,1.0,1.0,0.0,tie
q2_1553,Q2,1.0,1.0,1.0,0.0,tie
q2_1554,Q2,1.0,1.0,1.0,0.0,tie
q2_1555,Q2,0.5,0.3333333333333333,0.3333333333333333,-0.16666666666666669,hybrid_loss
q2_1556,Q2,1.0,1.0,1.0,0.0,tie
q2_1557,Q2,0.3333333333333333,1.0,1.0,0.0,tie
q2_1558,Q2,0.5,1.0,1.0,0.0,tie
q2_1559,Q2,1.0,1.0,1.0,0.0,tie
q2_1560,Q2,0.5,0.5,0.5,0.0,tie
q2_1561,Q2,1.0,1.0,1.0,0.0,tie
q2_1562,Q2,1.0,1.0,1.0,0.0,tie
q2_1563,Q2,1.0,1.0,1.0,0.0,tie
q2_1564,Q2,1.0,1.0,1.0,0.0,tie
q2_1565,Q2,1.0,0.5,1.0,0.0,tie
q2_1566,Q2,1.0,0.0,0.5,-0.5,hybrid_loss
q2_1567,Q2,1.0,1.0,1.0,0.0,tie
q2_1568,Q2,1.0,1.0,1.0,0.0,tie
q2_1569,Q2,1.0,1.0,1.0,0.0,tie
q2_1570,Q2,1.0,1.0,1.0,0.0,tie
q2_1571,Q2,1.0,1.0,1.0,0.0,tie
q2_1572,Q2,1.0,1.0,1.0,0.0,tie
q2_1573,Q2,0.0,1.0,0.1111111111111111,-0.8888888888888888,hybrid_loss
q2_1574,Q2,1.0,1.0,1.0,0.0,tie
q2_1575,Q2,1.0,1.0,1.0,0.0,tie
q2_1576,Q2,1.0,0.0,1.0,0.0,tie
q2_1577,Q2,1.0,1.0,1.0,0.0,tie
q2_1578,Q2,1.0,1.0,1.0,0.0,tie
q2_1579,Q2,1.0,1.0,1.0,0.0,tie
q2_1580,Q2,1.0,1.0,1.0,0.0,tie
q2_1581,Q2,1.0,1.0,1.0,0.0,tie
q2_1582,Q2,1.0,1.0,1.0,0.0,tie
q2_1583,Q2,1.0,0.5,1.0,0.0,tie
q2_1584,Q2,1.0,0.5,1.0,0.0,tie
q2_1585,Q2,1.0,0.5,1.0,0.0,tie
q2_1586,Q2,1.0,1.0,1.0,0.0,tie
q2_1587,Q2,1.0,1.0,1.0,0.0,tie
q2_1588,Q2,1.0,1.0,1.0,0.0,tie
q2_1589,Q2,1.0,1.0,1.0,0.0,tie
q2_1590,Q2,1.0,1.0,1.0,0.0,tie
q2_1591,Q2,1.0,1.0,1.0,0.0,tie
q2_1592,Q2,0.3333333333333333,0.0,0.3333333333333333,0.0,tie
q2_1593,Q2,1.0,1.0,1.0,0.0,tie
q2_1594,Q2,0.5,0.5,0.5,0.0,tie
q2_1595,Q2,1.0,1.0,1.0,0.0,tie
q2_1596,Q2,1.0,1.0,1.0,0.0,tie
q2_1597,Q2,1.0,1.0,1.0,0.0,tie
q2_1598,Q2,1.0,1.0,1.0,0.0,tie
q2_1599,Q2,1.0,1.0,1.0,0.0,tie
q2_1600,Q2,1.0,1.0,1.0,0.0,tie
q2_1601,Q2,1.0,1.0,1.0,0.0,tie
q2_1602,Q2,1.0,0.5,0.5,-0.5,hybrid_loss
q2_1603,Q2,0.5,1.0,1.0,0.0,tie
q2_1604,Q2,1.0,1.0,1.0,0.0,tie
q2_1605,Q2,1.0,1.0,1.0,0.0,tie
q2_1606,Q2,1.0,1.0,1.0,0.0,tie
q2_1607,Q2,1.0,1.0,1.0,0.0,tie
q2_1608,Q2,1.0,0.5,0.5,-0.5,hybrid_loss
q2_1609,Q2,0.5,0.5,0.5,0.0,tie
q2_1610,Q2,1.0,1.0,1.0,0.0,tie
q2_1611,Q2,0.5,0.5,0.5,0.0,tie
q2_1612,Q2,1.0,1.0,1.0,0.0,tie
q2_1613,Q2,1.0,1.0,1.0,0.0,tie
q2_1614,Q2,1.0,1.0,1.0,0.0,tie
q2_1615,Q2,1.0,0.5,1.0,0.0,tie
q2_1616,Q2,1.0,0.5,1.0,0.0,tie
q2_1617,Q2,1.0,1.0,1.0,0.0,tie
q2_1618,Q2,1.0,1.0,1.0,0.0,tie
q2_1619,Q2,1.0,1.0,1.0,0.0,tie
q2_1620,Q2,1.0,1.0,1.0,0.0,tie
q2_1621,Q2,1.0,1.0,1.0,0.0,tie
q2_1622,Q2,1.0,1.0,1.0,0.0,tie
q2_1623,Q2,1.0,1.0,1.0,0.0,tie
q2_1624,Q2,0.5,0.5,0.5,0.0,tie
q2_1625,Q2,1.0,1.0,1.0,0.0,tie
q2_1626,Q2,0.5,0.5,0.5,0.0,tie
q2_1627,Q2,1.0,1.0,1.0,0.0,tie
q2_1628,Q2,1.0,1.0,1.0,0.0,tie
q2_1629,Q2,1.0,0.5,0.5,-0.5,hybrid_loss
q2_1630,Q2,0.5,1.0,1.0,0.0,tie
q2_1631,Q2,0.3333333333333333,0.2,0.3333333333333333,0.0,tie
q2_1632,Q2,1.0,0.5,1.0,0.0,tie
q2_1633,Q2,0.5,1.0,0.5,-0.5,hybrid_loss
q2_1634,Q2,0.5,0.0,0.25,-0.25,hybrid_loss
q2_1635,Q2,0.3333333333333333,0.0,0.2,-0.1333333333333333,hybrid_loss
q2_1636,Q2,0.3333333333333333,0.0,0.3333333333333333,0.0,tie
q2_1637,Q2,0.2,0.0,0.2,0.0,tie
q2_1638,Q2,1.0,1.0,1.0,0.0,tie
q2_1639,Q2,1.0,1.0,1.0,0.0,tie
q2_1640,Q2,1.0,1.0,1.0,0.0,tie
q2_1641,Q2,1.0,1.0,1.0,0.0,tie
q2_1642,Q2,1.0,0.5,1.0,0.0,tie
q2_1643,Q2,0.5,1.0,0.5,-0.5,hybrid_loss
q2_1644,Q2,1.0,1.0,1.0,0.0,tie
q2_1645,Q2,1.0,1.0,1.0,0.0,tie
q2_1646,Q2,0.3333333333333333,0.25,0.3333333333333333,0.0,tie
q2_1647,Q2,0.25,0.25,0.25,0.0,tie
q2_1648,Q2,1.0,1.0,1.0,0.0,tie
q2_1649,Q2,0.5,0.3333333333333333,0.5,0.0,tie
q2_1650,Q2,0.3333333333333333,0.5,0.3333333333333333,-0.16666666666666669,hybrid_loss
q2_1651,Q2,1.0,1.0,1.0,0.0,tie
q2_1652,Q2,0.5,0.5,0.5,0.0,tie
q2_1653,Q2,1.0,1.0,1.0,0.0,tie
q2_1654,Q2,1.0,1.0,1.0,0.0,tie
q2_1655,Q2,0.5,0.5,0.5,0.0,tie
q2_1656,Q2,1.0,1.0,1.0,0.0,tie
q2_1657,Q2,1.0,1.0,1.0,0.0,tie
q2_1658,Q2,1.0,0.5,0.5,-0.5,hybrid_loss
q2_1659,Q2,1.0,1.0,1.0,0.0,tie
q2_1660,Q2,1.0,1.0,1.0,0.0,tie
q2_1661,Q2,1.0,1.0,1.0,0.0,tie
q2_1662,Q2,1.0,1.0,1.0,0.0,tie
q2_1663,Q2,0.5,0.3333333333333333,0.5,0.0,tie
q2_1664,Q2,1.0,1.0,1.0,0.0,tie
q2_1665,Q2,1.0,1.0,1.0,0.0,tie
q2_1666,Q2,1.0,1.0,1.0,0.0,tie
q2_1667,Q2,1.0,1.0,1.0,0.0,tie
q2_1668,Q2,1.0,1.0,1.0,0.0,tie
q2_1669,Q2,1.0,1.0,1.0,0.0,tie
q2_1670,Q2,1.0,1.0,1.0,0.0,tie
q2_1671,Q2,1.0,1.0,1.0,0.0,tie
q2_1672,Q2,0.5,1.0,1.0,0.0,tie
q2_1673,Q2,1.0,1.0,1.0,0.0,tie
q2_1674,Q2,1.0,1.0,1.0,0.0,tie
q2_1675,Q2,1.0,1.0,1.0,0.0,tie
q2_1676,Q2,1.0,1.0,1.0,0.0,tie
q2_1677,Q2,1.0,1.0,1.0,0.0,tie
q2_1678,Q2,1.0,1.0,1.0,0.0,tie
q2_1679,Q2,1.0,1.0,1.0,0.0,tie
q2_1680,Q2,1.0,0.5,1.0,0.0,tie
q2_1681,Q2,1.0,1.0,1.0,0.0,tie
q2_1682,Q2,1.0,1.0,1.0,0.0,tie
q2_1683,Q2,1.0,1.0,1.0,0.0,tie
q2_1684,Q2,0.5,0.5,0.5,0.0,tie
q2_1685,Q2,1.0,1.0,1.0,0.0,tie
q2_1686,Q2,1.0,0.0,1.0,0.0,tie
q2_1687,Q2,1.0,1.0,1.0,0.0,tie
q2_1688,Q2,1.0,1.0,1.0,0.0,tie
q2_1689,Q2,0.5,1.0,1.0,0.0,tie
q2_1690,Q2,1.0,1.0,1.0,0.0,tie
q2_1691,Q2,0.5,1.0,1.0,0.0,tie
q2_1692,Q2,0.3333333333333333,1.0,1.0,0.0,tie
q2_1693,Q2,1.0,1.0,1.0,0.0,tie
q2_1694,Q2,0.5,0.25,0.5,0.0,tie
q2_1695,Q2,1.0,1.0,1.0,0.0,tie
q2_1696,Q2,1.0,1.0,1.0,0.0,tie
q2_1697,Q2,1.0,1.0,1.0,0.0,tie
q2_1698,Q2,1.0,0.5,1.0,0.0,tie
q2_1699,Q2,1.0,0.5,1.0,0.0,tie
q2_1700,Q2,1.0,0.5,1.0,0.0,tie
q2_1701,Q2,1.0,0.3333333333333333,1.0,0.0,tie
q2_1702,Q2,1.0,1.0,1.0,0.0,tie
q2_1703,Q2,1.0,1.0,1.0,0.0,tie
q2_1704,Q2,1.0,0.5,1.0,0.0,tie
q2_1705,Q2,1.0,1.0,1.0,0.0,tie
q2_1706,Q2,1.0,1.0,1.0,0.0,tie
q2_1707,Q2,1.0,1.0,1.0,0.0,tie
q2_1708,Q2,1.0,1.0,1.0,0.0,tie
q2_1709,Q2,0.5,1.0,1.0,0.0,tie
q2_1710,Q2,1.0,1.0,1.0,0.0,tie
q2_1711,Q2,1.0,1.0,1.0,0.0,tie
q2_1712,Q2,1.0,0.3333333333333333,1.0,0.0,tie
q2_1713,Q2,1.0,1.0,1.0,0.0,tie
q2_1714,Q2,1.0,1.0,1.0,0.0,tie
q2_1715,Q2,1.0,0.2,1.0,0.0,tie
q2_1716,Q2,1.0,1.0,1.0,0.0,tie
q2_1717,Q2,1.0,1.0,1.0,0.0,tie
q2_1718,Q2,1.0,1.0,1.0,0.0,tie
q2_1719,Q2,1.0,1.0,1.0,0.0,tie
q2_1720,Q2,1.0,1.0,1.0,0.0,tie
q2_1721,Q2,1.0,1.0,1.0,0.0,tie
q2_1722,Q2,1.0,0.5,0.5,-0.5,hybrid_loss
q2_1723,Q2,1.0,1.0,1.0,0.0,tie
q2_1724,Q2,1.0,1.0,1.0,0.0,tie
q2_1725,Q2,0.2,1.0,0.3333333333333333,-0.6666666666666667,hybrid_loss
q2_1726,Q2,1.0,1.0,1.0,0.0,tie
q2_1727,Q2,1.0,1.0,1.0,0.0,tie
q2_1728,Q2,1.0,1.0,1.0,0.0,tie
q2_1729,Q2,0.3333333333333333,1.0,0.5,-0.5,hybrid_loss
q2_1730,Q2,1.0,0.25,1.0,0.0,tie
q2_1731,Q2,1.0,1.0,1.0,0.0,tie
q2_1732,Q2,1.0,1.0,1.0,0.0,tie
q2_1733,Q2,1.0,1.0,1.0,0.0,tie
q2_1734,Q2,1.0,1.0,1.0,0.0,tie
q2_1735,Q2,1.0,1.0,1.0,0.0,tie
q2_1736,Q2,0.5,1.0,1.0,0.0,tie
q2_1737,Q2,1.0,1.0,1.0,0.0,tie
q2_1738,Q2,1.0,1.0,1.0,0.0,tie
q2_1739,Q2,1.0,1.0,1.0,0.0,tie
q2_1740,Q2,1.0,1.0,1.0,0.0,tie
q2_1741,Q2,1.0,1.0,1.0,0.0,tie
q2_1742,Q2,1.0,1.0,1.0,0.0,tie
q2_1743,Q2,1.0,1.0,1.0,0.0,tie
q2_1744,Q2,1.0,1.0,1.0,0.0,tie
q2_1745,Q2,1.0,1.0,1.0,0.0,tie
q2_1746,Q2,1.0,1.0,1.0,0.0,tie
q2_1747,Q2,1.0,1.0,1.0,0.0,tie
q2_1748,Q2,1.0,1.0,1.0,0.0,tie
q2_1749,Q2,1.0,1.0,1.0,0.0,tie
q2_1750,Q2,1.0,1.0,1.0,0.0,tie
q2_1751,Q2,1.0,1.0,1.0,0.0,tie
q2_1752,Q2,1.0,1.0,1.0,0.0,tie
q2_1753,Q2,1.0,0.3333333333333333,0.3333333333333333,-0.6666666666666667,hybrid_loss
q2_1754,Q2,0.5,1.0,1.0,0.0,tie
q2_1755,Q2,1.0,1.0,1.0,0.0,tie
q2_1756,Q2,1.0,1.0,1.0,0.0,tie
q2_1757,Q2,1.0,0.5,0.5,-0.5,hybrid_loss
q2_1758,Q2,1.0,1.0,1.0,0.0,tie
q2_1759,Q2,1.0,1.0,1.0,0.0,tie
q2_1760,Q2,1.0,1.0,1.0,0.0,tie
q2_1761,Q2,1.0,1.0,1.0,0.0,tie
q2_1762,Q2,1.0,1.0,1.0,0.0,tie
q2_1763,Q2,1.0,1.0,1.0,0.0,tie
q2_1764,Q2,1.0,1.0,1.0,0.0,tie
q2_1765,Q2,1.0,1.0,1.0,0.0,tie
q2_1766,Q2,1.0,1.0,1.0,0.0,tie
q2_1767,Q2,1.0,1.0,1.0,0.0,tie
q2_1768,Q2,1.0,1.0,1.0,0.0,tie
q2_1769,Q2,1.0,1.0,1.0,0.0,tie
q2_1770,Q2,0.5,1.0,0.5,-0.5,hybrid_loss
q2_1771,Q2,1.0,1.0,1.0,0.0,tie
q2_1772,Q2,0.5,0.3333333333333333,0.3333333333333333,-0.16666666666666669,hybrid_loss
q2_1773,Q2,1.0,1.0,1.0,0.0,tie
q2_1774,Q2,1.0,1.0,1.0,0.0,tie
q2_1775,Q2,0.16666666666666666,0.0,0.14285714285714285,-0.023809523809523808,hybrid_loss
q2_1776,Q2,1.0,1.0,1.0,0.0,tie
q2_1777,Q2,1.0,1.0,1.0,0.0,tie
q2_1778,Q2,1.0,0.3333333333333333,1.0,0.0,tie
q2_1779,Q2,1.0,1.0,1.0,0.0,tie
q2_1780,Q2,1.0,0.16666666666666666,1.0,0.0,tie
q2_1781,Q2,1.0,1.0,1.0,0.0,tie
q2_1782,Q2,1.0,1.0,1.0,0.0,tie
q2_1783,Q2,1.0,0.16666666666666666,1.0,0.0,tie
q2_1784,Q2,1.0,1.0,1.0,0.0,tie
q2_1785,Q2,1.0,1.0,1.0,0.0,tie
q2_1786,Q2,0.3333333333333333,1.0,1.0,0.0,tie
q2_1787,Q2,1.0,1.0,1.0,0.0,tie
q2_1788,Q2,0.5,1.0,1.0,0.0,tie
q2_1789,Q2,0.5,1.0,1.0,0.0,tie
q2_1790,Q2,1.0,1.0,1.0,0.0,tie
q2_1791,Q2,1.0,0.5,1.0,0.0,tie
q2_1792,Q2,1.0,1.0,1.0,0.0,tie
q2_1793,Q2,0.5,1.0,1.0,0.0,tie
q2_1794,Q2,1.0,1.0,1.0,0.0,tie
q2_1795,Q2,1.0,1.0,1.0,0.0,tie
q2_1796,Q2,1.0,1.0,1.0,0.0,tie
q2_1797,Q2,1.0,1.0,1.0,0.0,tie
q2_1798,Q2,1.0,1.0,1.0,0.0,tie
q2_1799,Q2,1.0,1.0,1.0,0.0,tie
q2_1800,Q2,1.0,0.3333333333333333,1.0,0.0,tie
q2_1801,Q2,1.0,0.2,1.0,0.0,tie
q2_1802,Q2,0.5,0.3333333333333333,0.3333333333333333,-0.16666666666666669,hybrid_loss
q2_1803,Q2,0.5,0.2,0.2,-0.3,hybrid_loss
q2_1804,Q2,1.0,0.3333333333333333,1.0,0.0,tie
q2_1805,Q2,1.0,1.0,1.0,0.0,tie
q2_1806,Q2,1.0,1.0,1.0,0.0,tie
q2_1807,Q2,1.0,1.0,1.0,0.0,tie
q2_1808,Q2,1.0,1.0,1.0,0.0,tie
q2_1809,Q2,1.0,1.0,1.0,0.0,tie
q2_1810,Q2,1.0,1.0,1.0,0.0,tie
q2_1811,Q2,1.0,1.0,1.0,0.0,tie
q2_1812,Q2,1.0,1.0,1.0,0.0,tie
q2_1813,Q2,1.0,1.0,1.0,0.0,tie
q2_1814,Q2,1.0,1.0,1.0,0.0,tie
q2_1815,Q2,1.0,1.0,1.0,0.0,tie
q2_1816,Q2,1.0,1.0,1.0,0.0,tie
q2_1817,Q2,0.5,0.3333333333333333,0.3333333333333333,-0.16666666666666669,hybrid_loss
q2_1818,Q2,1.0,1.0,1.0,0.0,tie
q2_1819,Q2,1.0,1.0,1.0,0.0,tie
q2_1820,Q2,1.0,1.0,1.0,0.0,tie
q2_1821,Q2,1.0,1.0,1.0,0.0,tie
q2_1822,Q2,1.0,1.0,1.0,0.0,tie
q2_1823,Q2,1.0,1.0,1.0,0.0,tie
q2_1824,Q2,1.0,1.0,1.0,0.0,tie
q2_1825,Q2,1.0,1.0,1.0,0.0,tie
q2_1826,Q2,1.0,0.5,1.0,0.0,tie
q2_1827,Q2,1.0,0.5,1.0,0.0,tie
q2_1828,Q2,1.0,0.25,1.0,0.0,tie
q2_1829,Q2,1.0,0.5,1.0,0.0,tie
q2_1830,Q2,1.0,0.5,1.0,0.0,tie
q2_1831,Q2,1.0,0.5,0.5,-0.5,hybrid_loss
q2_1832,Q2,1.0,1.0,1.0,0.0,tie
q2_1833,Q2,1.0,1.0,1.0,0.0,tie
q2_1834,Q2,1.0,0.5,1.0,0.0,tie
q2_1835,Q2,1.0,1.0,1.0,0.0,tie
q2_1836,Q2,1.0,1.0,1.0,0.0,tie
q2_1837,Q2,1.0,1.0,1.0,0.0,tie
q2_1838,Q2,1.0,1.0,1.0,0.0,tie
q2_1839,Q2,1.0,1.0,1.0,0.0,tie
q2_1840,Q2,1.0,1.0,1.0,0.0,tie
q2_1841,Q2,1.0,1.0,1.0,0.0,tie
q2_1842,Q2,1.0,1.0,1.0,0.0,tie
q2_1843,Q2,1.0,1.0,1.0,0.0,tie
q2_1844,Q2,1.0,1.0,1.0,0.0,tie
q2_1845,Q2,1.0,1.0,1.0,0.0,tie
q2_1846,Q2,0.5,0.5,0.5,0.0,tie
q2_1847,Q2,1.0,1.0,1.0,0.0,tie
q2_1848,Q2,0.5,0.5,0.5,0.0,tie
q2_1849,Q2,1.0,1.0,1.0,0.0,tie
q2_1850,Q2,1.0,1.0,1.0,0.0,tie
q2_1851,Q2,1.0,1.0,1.0,0.0,tie
q2_1852,Q2,0.5,0.5,0.5,0.0,tie
q2_1853,Q2,1.0,1.0,1.0,0.0,tie
q2_1854,Q2,1.0,1.0,1.0,0.0,tie
q2_1855,Q2,1.0,1.0,1.0,0.0,tie
q2_1856,Q2,1.0,1.0,1.0,0.0,tie
q2_1857,Q2,1.0,1.0,1.0,0.0,tie
q2_1858,Q2,0.5,0.25,0.5,0.0,tie
q2_1859,Q2,1.0,1.0,1.0,0.0,tie
q2_1860,Q2,1.0,1.0,1.0,0.0,tie
q2_1861,Q2,1.0,1.0,1.0,0.0,tie
q2_1862,Q2,1.0,0.0,1.0,0.0,tie
q2_1863,Q2,1.0,1.0,1.0,0.0,tie
q2_1864,Q2,1.0,0.5,1.0,0.0,tie
q2_1865,Q2,1.0,0.5,1.0,0.0,tie
q2_1866,Q2,0.5,1.0,1.0,0.0,tie
q2_1867,Q2,1.0,1.0,1.0,0.0,tie
q2_1868,Q2,0.5,1.0,0.5,-0.5,hybrid_loss
q2_1869,Q2,1.0,1.0,1.0,0.0,tie
q2_1870,Q2,0.5,0.1111111111111111,0.5,0.0,tie
q2_1871,Q2,1.0,1.0,1.0,0.0,tie
q2_1872,Q2,1.0,1.0,1.0,0.0,tie
q2_1873,Q2,1.0,1.0,1.0,0.0,tie
q2_1874,Q2,0.5,0.5,0.5,0.0,tie
q2_1875,Q2,1.0,1.0,1.0,0.0,tie
q2_1876,Q2,0.5,1.0,1.0,0.0,tie
q2_1877,Q2,1.0,1.0,1.0,0.0,tie
q2_1878,Q2,1.0,1.0,1.0,0.0,tie
q2_1879,Q2,1.0,1.0,1.0,0.0,tie
q2_1880,Q2,1.0,1.0,1.0,0.0,tie
q2_1881,Q2,1.0,1.0,1.0,0.0,tie
q2_1882,Q2,1.0,1.0,1.0,0.0,tie
q2_1883,Q2,1.0,1.0,1.0,0.0,tie
q2_1884,Q2,1.0,0.5,1.0,0.0,tie
q2_1885,Q2,1.0,1.0,1.0,0.0,tie
q2_1886,Q2,1.0,1.0,1.0,0.0,tie
q2_1887,Q2,1.0,1.0,1.0,0.0,tie
q2_1888,Q2,1.0,1.0,1.0,0.0,tie
q2_1889,Q2,1.0,1.0,1.0,0.0,tie
q2_1890,Q2,1.0,1.0,1.0,0.0,tie
q2_1891,Q2,1.0,0.5,0.5,-0.5,hybrid_loss
q2_1892,Q2,0.5,1.0,0.5,-0.5,hybrid_loss
q2_1893,Q2,1.0,1.0,1.0,0.0,tie
q2_1894,Q2,1.0,1.0,1.0,0.0,tie
q2_1895,Q2,1.0,0.5,0.5,-0.5,hybrid_loss
q2_1896,Q2,1.0,0.5,1.0,0.0,tie
q2_1897,Q2,1.0,0.3333333333333333,0.3333333333333333,-0.6666666666666667,hybrid_loss
q2_1898,Q2,1.0,0.25,0.25,-0.75,hybrid_loss
q2_1899,Q2,1.0,1.0,1.0,0.0,tie
q2_1900,Q2,1.0,1.0,1.0,0.0,tie
q2_1901,Q2,1.0,1.0,1.0,0.0,tie
q2_1902,Q2,1.0,0.5,1.0,0.0,tie
q2_1903,Q2,1.0,1.0,1.0,0.0,tie
q2_1904,Q2,1.0,1.0,1.0,0.0,tie
q2_1905,Q2,1.0,0.5,0.5,-0.5,hybrid_loss
q2_1906,Q2,1.0,1.0,1.0,0.0,tie
q2_1907,Q2,1.0,1.0,1.0,0.0,tie
q2_1908,Q2,1.0,1.0,1.0,0.0,tie
q2_1909,Q2,1.0,1.0,1.0,0.0,tie
q2_1910,Q2,1.0,1.0,1.0,0.0,tie
q2_1911,Q2,1.0,1.0,1.0,0.0,tie
q2_1912,Q2,1.0,1.0,1.0,0.0,tie
q2_1913,Q2,1.0,1.0,1.0,0.0,tie
q2_1914,Q2,1.0,1.0,1.0,0.0,tie
q2_1915,Q2,1.0,1.0,1.0,0.0,tie
q2_1916,Q2,1.0,0.5,1.0,0.0,tie
q2_1917,Q2,1.0,1.0,1.0,0.0,tie
q2_1918,Q2,1.0,1.0,1.0,0.0,tie
q2_1919,Q2,1.0,1.0,1.0,0.0,tie
q2_1920,Q2,1.0,1.0,1.0,0.0,tie
q2_1921,Q2,1.0,1.0,1.0,0.0,tie
q2_1922,Q2,1.0,1.0,1.0,0.0,tie
q2_1923,Q2,1.0,1.0,1.0,0.0,tie
q2_1924,Q2,1.0,1.0,1.0,0.0,tie
q2_1925,Q2,1.0,1.0,1.0,0.0,tie
q2_1926,Q2,1.0,1.0,1.0,0.0,tie
q2_1927,Q2,1.0,1.0,1.0,0.0,tie
q2_1928,Q2,0.5,1.0,1.0,0.0,tie
q2_1929,Q2,1.0,1.0,1.0,0.0,tie
q2_1930,Q2,1.0,1.0,1.0,0.0,tie
q2_1931,Q2,1.0,0.0,0.5,-0.5,hybrid_loss
q2_1932,Q2,1.0,1.0,1.0,0.0,tie
q2_1933,Q2,1.0,1.0,1.0,0.0,tie
q2_1934,Q2,1.0,1.0,1.0,0.0,tie
q2_1935,Q2,1.0,1.0,1.0,0.0,tie
q2_1936,Q2,1.0,1.0,1.0,0.0,tie
q2_1937,Q2,1.0,1.0,1.0,0.0,tie
q2_1938,Q2,1.0,1.0,1.0,0.0,tie
q2_1939,Q2,1.0,1.0,1.0,0.0,tie
q2_1940,Q2,1.0,1.0,1.0,0.0,tie
q2_1941,Q2,1.0,1.0,1.0,0.0,tie
q2_1942,Q2,1.0,1.0,1.0,0.0,tie
q2_1943,Q2,1.0,0.5,1.0,0.0,tie
q2_1944,Q2,1.0,1.0,1.0,0.0,tie
q2_1945,Q2,1.0,1.0,1.0,0.0,tie
q2_1946,Q2,0.5,0.25,0.25,-0.25,hybrid_loss
q2_1947,Q2,1.0,1.0,1.0,0.0,tie
q2_1948,Q2,1.0,0.3333333333333333,1.0,0.0,tie
q2_1949,Q2,1.0,1.0,1.0,0.0,tie
q2_1950,Q2,1.0,0.5,1.0,0.0,tie
q2_1951,Q2,1.0,1.0,1.0,0.0,tie
q2_1952,Q2,1.0,0.5,1.0,0.0,tie
q2_1953,Q2,1.0,0.5,1.0,0.0,tie
q2_1954,Q2,1.0,1.0,1.0,0.0,tie
q2_1955,Q2,0.5,1.0,0.5,-0.5,hybrid_loss
q2_1956,Q2,1.0,0.5,0.5,-0.5,hybrid_loss
q2_1957,Q2,1.0,0.5,1.0,0.0,tie
q2_1958,Q2,1.0,1.0,1.0,0.0,tie
q2_1959,Q2,1.0,0.5,1.0,0.0,tie
q2_1960,Q2,1.0,1.0,1.0,0.0,tie
q2_1961,Q2,1.0,0.5,1.0,0.0,tie
q2_1962,Q2,1.0,0.5,1.0,0.0,tie
q2_1963,Q2,0.5,1.0,0.5,-0.5,hybrid_loss
q2_1964,Q2,1.0,1.0,1.0,0.0,tie
q2_1965,Q2,1.0,1.0,1.0,0.0,tie
q2_1966,Q2,1.0,1.0,1.0,0.0,tie
q2_1967,Q2,1.0,1.0,1.0,0.0,tie
q2_1968,Q2,1.0,1.0,1.0,0.0,tie
q2_1969,Q2,1.0,1.0,1.0,0.0,tie
q2_1970,Q2,0.5,0.5,0.5,0.0,tie
q2_1971,Q2,1.0,1.0,1.0,0.0,tie
q2_1972,Q2,1.0,1.0,1.0,0.0,tie
q2_1973,Q2,1.0,1.0,1.0,0.0,tie
q2_1974,Q2,1.0,1.0,1.0,0.0,tie
q2_1975,Q2,1.0,1.0,1.0,0.0,tie
q2_1976,Q2,1.0,1.0,1.0,0.0,tie
q2_1977,Q2,1.0,0.3333333333333333,1.0,0.0,tie
q2_1978,Q2,1.0,1.0,1.0,0.0,tie
q2_1979,Q2,0.5,0.5,0.5,0.0,tie
q2_1980,Q2,1.0,1.0,1.0,0.0,tie
q2_1981,Q2,1.0,1.0,1.0,0.0,tie
q2_1982,Q2,1.0,1.0,1.0,0.0,tie
q2_1983,Q2,0.3333333333333333,0.5,0.5,0.0,tie
q2_1984,Q2,1.0,1.0,1.0,0.0,tie
q2_1985,Q2,1.0,0.5,1.0,0.0,tie
q2_1986,Q2,0.5,1.0,0.5,-0.5,hybrid_loss
q2_1987,Q2,1.0,1.0,1.0,0.0,tie
q2_1988,Q2,1.0,0.5,1.0,0.0,tie
q2_1989,Q2,1.0,1.0,1.0,0.0,tie
q2_1990,Q2,1.0,1.0,1.0,0.0,tie
q2_1991,Q2,0.0,0.0,0.0,0.0,tie
q2_1992,Q2,1.0,0.5,1.0,0.0,tie
q2_1993,Q2,1.0,1.0,1.0,0.0,tie
q2_1994,Q2,1.0,1.0,1.0,0.0,tie
q2_1995,Q2,0.5,1.0,0.5,-0.5,hybrid_loss
q2_1996,Q2,1.0,0.5,1.0,0.0,tie
q2_1997,Q2,0.5,1.0,0.5,-0.5,hybrid_loss
q2_1998,Q2,1.0,1.0,1.0,0.0,tie
q2_1999,Q2,1.0,1.0,1.0,0.0,tie
q2_2000,Q2,1.0,1.0,1.0,0.0,tie
q2_2001,Q2,1.0,1.0,1.0,0.0,tie
q2_2002,Q2,1.0,1.0,1.0,0.0,tie
q2_2003,Q2,1.0,1.0,1.0,0.0,tie
q2_2004,Q2,1.0,1.0,1.0,0.0,tie
q2_2005,Q2,1.0,1.0,1.0,0.0,tie
q2_2006,Q2,1.0,1.0,1.0,0.0,tie
q2_2007,Q2,1.0,1.0,1.0,0.0,tie
q2_2008,Q2,1.0,1.0,1.0,0.0,tie
q2_2009,Q2,1.0,1.0,1.0,0.0,tie
q2_2010,Q2,1.0,1.0,1.0,0.0,tie
q2_2011,Q2,1.0,1.0,1.0,0.0,tie
q2_2012,Q2,1.0,1.0,1.0,0.0,tie
q2_2013,Q2,1.0,1.0,1.0,0.0,tie
q2_2014,Q2,1.0,1.0,1.0,0.0,tie
q2_2015,Q2,1.0,1.0,1.0,0.0,tie
q2_2016,Q2,1.0,0.5,1.0,0.0,tie
q2_2017,Q2,1.0,0.2,1.0,0.0,tie
q2_2018,Q2,1.0,1.0,1.0,0.0,tie
q2_2019,Q2,1.0,0.5,1.0,0.0,tie
q2_2020,Q2,1.0,1.0,1.0,0.0,tie
q2_2021,Q2,0.5,0.5,0.5,0.0,tie
q2_2022,Q2,1.0,0.5,1.0,0.0,tie
q2_2023,Q2,0.5,1.0,0.5,-0.5,hybrid_loss
q2_2024,Q2,1.0,0.25,1.0,0.0,tie
q2_2025,Q2,0.5,0.3333333333333333,0.5,0.0,tie
q2_2026,Q2,1.0,0.5,1.0,0.0,tie
q2_2027,Q2,0.5,1.0,0.5,-0.5,hybrid_loss
q2_2028,Q2,0.3333333333333333,0.3333333333333333,0.3333333333333333,0.0,tie
q2_2029,Q2,1.0,1.0,1.0,0.0,tie
q2_2030,Q2,1.0,1.0,1.0,0.0,tie
q2_2031,Q2,1.0,1.0,1.0,0.0,tie
q2_2032,Q2,1.0,0.5,1.0,0.0,tie
q2_2033,Q2,0.5,1.0,0.5,-0.5,hybrid_loss
q2_2034,Q2,1.0,1.0,1.0,0.0,tie
q2_2035,Q2,1.0,0.5,1.0,0.0,tie
q2_2036,Q2,1.0,1.0,1.0,0.0,tie
q2_2037,Q2,1.0,1.0,1.0,0.0,tie
q2_2038,Q2,1.0,1.0,1.0,0.0,tie
q2_2039,Q2,1.0,1.0,1.0,0.0,tie
q2_2040,Q2,1.0,1.0,1.0,0.0,tie
q2_2041,Q2,1.0,1.0,1.0,0.0,tie
q2_2042,Q2,1.0,1.0,1.0,0.0,tie
q2_2043,Q2,1.0,1.0,1.0,0.0,tie
q2_2044,Q2,1.0,1.0,1.0,0.0,tie
q2_2045,Q2,1.0,1.0,1.0,0.0,tie
q2_2046,Q2,1.0,1.0,1.0,0.0,tie
q2_2047,Q2,1.0,1.0,1.0,0.0,tie
q2_2048,Q2,1.0,1.0,1.0,0.0,tie
q2_2049,Q2,1.0,1.0,1.0,0.0,tie
q2_2050,Q2,1.0,0.5,1.0,0.0,tie
q2_2051,Q2,1.0,1.0,1.0,0.0,tie
q2_2052,Q2,1.0,1.0,1.0,0.0,tie
q2_2053,Q2,1.0,1.0,1.0,0.0,tie
q2_2054,Q2,1.0,1.0,1.0,0.0,tie
q2_2055,Q2,1.0,1.0,1.0,0.0,tie
q2_2056,Q2,1.0,0.5,1.0,0.0,tie
q2_2057,Q2,1.0,1.0,1.0,0.0,tie
q2_2058,Q2,1.0,1.0,1.0,0.0,tie
q2_2059,Q2,1.0,1.0,1.0,0.0,tie
q2_2060,Q2,1.0,1.0,1.0,0.0,tie
q2_2061,Q2,1.0,0.5,1.0,0.0,tie
q2_2062,Q2,1.0,1.0,1.0,0.0,tie
q2_2063,Q2,1.0,1.0,1.0,0.0,tie
q2_2064,Q2,1.0,1.0,1.0,0.0,tie
q2_2065,Q2,1.0,1.0,1.0,0.0,tie
q2_2066,Q2,1.0,1.0,1.0,0.0,tie
q2_2067,Q2,1.0,1.0,1.0,0.0,tie
q2_2068,Q2,1.0,0.5,1.0,0.0,tie
q2_2069,Q2,1.0,1.0,1.0,0.0,tie
q2_2070,Q2,1.0,1.0,1.0,0.0,tie
q2_2071,Q2,1.0,1.0,1.0,0.0,tie
q2_2072,Q2,1.0,1.0,1.0,0.0,tie
q2_2073,Q2,1.0,1.0,1.0,0.0,tie
q2_2074,Q2,0.5,1.0,1.0,0.0,tie
q2_2075,Q2,1.0,1.0,1.0,0.0,tie
q2_2076,Q2,1.0,1.0,1.0,0.0,tie
q2_2077,Q2,1.0,1.0,1.0,0.0,tie
q2_2078,Q2,1.0,0.3333333333333333,0.5,-0.5,hybrid_loss
q2_2079,Q2,1.0,0.5,1.0,0.0,tie
q2_2080,Q2,1.0,1.0,1.0,0.0,tie
q2_2081,Q2,1.0,1.0,1.0,0.0,tie
q2_2082,Q2,1.0,0.125,1.0,0.0,tie
q2_2083,Q2,0.5,0.3333333333333333,0.5,0.0,tie
q2_2084,Q2,1.0,1.0,1.0,0.0,tie
q2_2085,Q2,1.0,0.5,1.0,0.0,tie
q2_2086,Q2,1.0,1.0,1.0,0.0,tie
q2_2087,Q2,1.0,1.0,1.0,0.0,tie
q2_2088,Q2,1.0,1.0,1.0,0.0,tie
q2_2089,Q2,1.0,1.0,1.0,0.0,tie
q2_2090,Q2,1.0,1.0,1.0,0.0,tie
q2_2091,Q2,1.0,1.0,1.0,0.0,tie
q2_2092,Q2,1.0,1.0,1.0,0.0,tie
q2_2093,Q2,1.0,1.0,1.0,0.0,tie
q2_2094,Q2,1.0,1.0,1.0,0.0,tie
q2_2095,Q2,1.0,1.0,1.0,0.0,tie
q2_2096,Q2,1.0,1.0,1.0,0.0,tie
q2_2097,Q2,1.0,1.0,1.0,0.0,tie
q2_2098,Q2,1.0,1.0,1.0,0.0,tie
q2_2099,Q2,1.0,1.0,1.0,0.0,tie
q2_2100,Q2,1.0,1.0,1.0,0.0,tie
q2_2101,Q2,1.0,1.0,1.0,0.0,tie
q2_2102,Q2,1.0,0.3333333333333333,1.0,0.0,tie
q2_2103,Q2,1.0,1.0,1.0,0.0,tie
q2_2104,Q2,1.0,1.0,1.0,0.0,tie
q2_2105,Q2,1.0,1.0,1.0,0.0,tie
q2_2106,Q2,1.0,1.0,1.0,0.0,tie
q2_2107,Q2,1.0,1.0,1.0,0.0,tie
q2_2108,Q2,1.0,1.0,1.0,0.0,tie
q2_2109,Q2,1.0,1.0,1.0,0.0,tie
q2_2110,Q2,1.0,1.0,1.0,0.0,tie
q2_2111,Q2,1.0,1.0,1.0,0.0,tie
q2_2112,Q2,1.0,1.0,1.0,0.0,tie
q2_2113,Q2,1.0,1.0,1.0,0.0,tie
q2_2114,Q2,1.0,0.5,1.0,0.0,tie
q2_2115,Q2,1.0,1.0,1.0,0.0,tie
q2_2116,Q2,1.0,1.0,1.0,0.0,tie
q2_2117,Q2,1.0,1.0,1.0,0.0,tie
q2_2118,Q2,1.0,1.0,1.0,0.0,tie
q2_2119,Q2,1.0,1.0,1.0,0.0,tie
q2_2120,Q2,1.0,1.0,1.0,0.0,tie
q2_2121,Q2,1.0,1.0,1.0,0.0,tie
q2_2122,Q2,1.0,1.0,1.0,0.0,tie
q2_2123,Q2,1.0,1.0,1.0,0.0,tie
q2_2124,Q2,1.0,1.0,1.0,0.0,tie
q2_2125,Q2,1.0,1.0,1.0,0.0,tie
q2_2126,Q2,1.0,0.5,1.0,0.0,tie
q2_2127,Q2,1.0,1.0,1.0,0.0,tie
q2_2128,Q2,1.0,1.0,1.0,0.0,tie
q2_2129,Q2,1.0,1.0,1.0,0.0,tie
q2_2130,Q2,1.0,1.0,1.0,0.0,tie
q2_2131,Q2,0.5,0.3333333333333333,1.0,0.5,hybrid_win
q2_2132,Q2,1.0,1.0,1.0,0.0,tie
q2_2133,Q2,1.0,1.0,1.0,0.0,tie
q2_2134,Q2,1.0,1.0,1.0,0.0,tie
q2_2135,Q2,1.0,1.0,1.0,0.0,tie
q2_2136,Q2,1.0,1.0,1.0,0.0,tie
q2_2137,Q2,1.0,1.0,1.0,0.0,tie
q2_2138,Q2,1.0,1.0,1.0,0.0,tie
q2_2139,Q2,1.0,0.5,0.5,-0.5,hybrid_loss
q2_2140,Q2,0.5,1.0,1.0,0.0,tie
q2_2141,Q2,1.0,1.0,1.0,0.0,tie
q2_2142,Q2,0.5,1.0,0.5,-0.5,hybrid_loss
q2_2143,Q2,1.0,1.0,1.0,0.0,tie
q2_2144,Q2,1.0,1.0,1.0,0.0,tie
q2_2145,Q2,1.0,0.3333333333333333,0.5,-0.5,hybrid_loss
q2_2146,Q2,0.5,0.3333333333333333,0.5,0.0,tie
q2_2147,Q2,1.0,1.0,1.0,0.0,tie
q2_2148,Q2,1.0,1.0,1.0,0.0,tie
q2_2149,Q2,1.0,1.0,1.0,0.0,tie
q2_2150,Q2,1.0,1.0,1.0,0.0,tie
q2_2151,Q2,1.0,0.5,1.0,0.0,tie
q2_2152,Q2,1.0,1.0,1.0,0.0,tie
q2_2153,Q2,1.0,1.0,1.0,0.0,tie
q2_2154,Q2,0.3333333333333333,0.0,0.3333333333333333,0.0,tie
q2_2155,Q2,0.5,1.0,1.0,0.0,tie
q2_2156,Q2,1.0,1.0,1.0,0.0,tie
q2_2157,Q2,1.0,1.0,1.0,0.0,tie
q2_2158,Q2,1.0,1.0,1.0,0.0,tie
q2_2159,Q2,1.0,1.0,1.0,0.0,tie
q2_2160,Q2,1.0,1.0,1.0,0.0,tie
q2_2161,Q2,1.0,1.0,1.0,0.0,tie
q2_2162,Q2,1.0,1.0,1.0,0.0,tie
q2_2163,Q2,1.0,1.0,1.0,0.0,tie
q2_2164,Q2,1.0,0.0,1.0,0.0,tie
q2_2165,Q2,0.5,0.0,0.5,0.0,tie
q2_2166,Q2,0.2,1.0,0.3333333333333333,-0.6666666666666667,hybrid_loss
q2_2167,Q2,0.25,1.0,1.0,0.0,tie
q2_2168,Q2,0.16666666666666666,1.0,0.3333333333333333,-0.6666666666666667,hybrid_loss
q2_2169,Q2,1.0,1.0,1.0,0.0,tie
q2_2170,Q2,1.0,1.0,1.0,0.0,tie
q2_2171,Q2,0.5,0.5,0.5,0.0,tie
q2_2172,Q2,1.0,0.125,0.5,-0.5,hybrid_loss
q2_2173,Q2,1.0,1.0,1.0,0.0,tie
q2_2174,Q2,1.0,1.0,1.0,0.0,tie
q2_2175,Q2,1.0,1.0,1.0,0.0,tie
q2_2176,Q2,1.0,1.0,1.0,0.0,tie
q2_2177,Q2,1.0,1.0,1.0,0.0,tie
q2_2178,Q2,1.0,1.0,1.0,0.0,tie
q2_2179,Q2,0.5,1.0,0.5,-0.5,hybrid_loss
q2_2180,Q2,1.0,1.0,1.0,0.0,tie
q2_2181,Q2,1.0,1.0,1.0,0.0,tie
q2_2182,Q2,1.0,1.0,1.0,0.0,tie
q2_2183,Q2,1.0,0.3333333333333333,1.0,0.0,tie
q2_2184,Q2,1.0,1.0,1.0,0.0,tie
q2_2185,Q2,1.0,1.0,1.0,0.0,tie
q2_2186,Q2,1.0,0.5,1.0,0.0,tie
q2_2187,Q2,1.0,1.0,1.0,0.0,tie
q2_2188,Q2,1.0,1.0,1.0,0.0,tie
q2_2189,Q2,1.0,1.0,1.0,0.0,tie
q2_2190,Q2,1.0,1.0,1.0,0.0,tie
q2_2191,Q2,1.0,0.3333333333333333,0.3333333333333333,-0.6666666666666667,hybrid_loss
q2_2192,Q2,0.5,1.0,1.0,0.0,tie
q2_2193,Q2,0.3333333333333333,0.5,0.5,0.0,tie
q2_2194,Q2,1.0,1.0,1.0,0.0,tie
q2_2195,Q2,1.0,1.0,1.0,0.0,tie
q2_2196,Q2,1.0,1.0,1.0,0.0,tie
q2_2197,Q2,1.0,1.0,1.0,0.0,tie
q2_2198,Q2,1.0,1.0,1.0,0.0,tie
q2_2199,Q2,1.0,0.5,1.0,0.0,tie
q2_2200,Q2,1.0,1.0,1.0,0.0,tie
q2_2201,Q2,1.0,0.5,1.0,0.0,tie
q2_2202,Q2,1.0,1.0,1.0,0.0,tie
q2_2203,Q2,1.0,1.0,1.0,0.0,tie
q2_2204,Q2,1.0,1.0,1.0,0.0,tie
q2_2205,Q2,1.0,1.0,1.0,0.0,tie
q2_2206,Q2,1.0,1.0,1.0,0.0,tie
q2_2207,Q2,1.0,1.0,1.0,0.0,tie
q2_2208,Q2,1.0,0.5,1.0,0.0,tie
q2_2209,Q2,1.0,0.5,1.0,0.0,tie
q2_2210,Q2,0.5,1.0,0.5,-0.5,hybrid_loss
q2_2211,Q2,1.0,1.0,1.0,0.0,tie
q2_2212,Q2,1.0,0.5,1.0,0.0,tie
q2_2213,Q2,0.5,1.0,0.5,-0.5,hybrid_loss
q2_2214,Q2,1.0,1.0,1.0,0.0,tie
q2_2215,Q2,0.5,1.0,0.5,-0.5,hybrid_loss
q2_2216,Q2,1.0,0.25,1.0,0.0,tie
q2_2217,Q2,1.0,0.25,1.0,0.0,tie
q2_2218,Q2,1.0,0.0,1.0,0.0,tie
q2_2219,Q2,1.0,1.0,1.0,0.0,tie
q2_2220,Q2,1.0,1.0,1.0,0.0,tie
q2_2221,Q2,1.0,1.0,1.0,0.0,tie
q2_2222,Q2,1.0,1.0,1.0,0.0,tie
q2_2223,Q2,1.0,1.0,1.0,0.0,tie
q2_2224,Q2,1.0,1.0,1.0,0.0,tie
q2_2225,Q2,1.0,1.0,1.0,0.0,tie
q2_2226,Q2,1.0,1.0,1.0,0.0,tie
q2_2227,Q2,1.0,1.0,1.0,0.0,tie
q2_2228,Q2,1.0,1.0,1.0,0.0,tie
q2_2229,Q2,1.0,1.0,1.0,0.0,tie
q2_2230,Q2,1.0,1.0,1.0,0.0,tie
q2_2231,Q2,1.0,1.0,1.0,0.0,tie
q2_2232,Q2,1.0,1.0,1.0,0.0,tie
q2_2233,Q2,1.0,1.0,1.0,0.0,tie
q2_2234,Q2,1.0,0.3333333333333333,1.0,0.0,tie
q2_2235,Q2,0.5,0.25,0.5,0.0,tie
q2_2236,Q2,1.0,1.0,1.0,0.0,tie
q2_2237,Q2,1.0,1.0,1.0,0.0,tie
q2_2238,Q2,1.0,0.5,1.0,0.0,tie
q2_2239,Q2,0.5,0.5,0.5,0.0,tie
q2_2240,Q2,1.0,1.0,1.0,0.0,tie
q2_2241,Q2,1.0,0.5,1.0,0.0,tie
q2_2242,Q2,1.0,1.0,1.0,0.0,tie
q2_2243,Q2,1.0,1.0,1.0,0.0,tie
q2_2244,Q2,1.0,1.0,1.0,0.0,tie
q2_2245,Q2,1.0,1.0,1.0,0.0,tie
q2_2246,Q2,1.0,1.0,1.0,0.0,tie
q2_2247,Q2,1.0,1.0,1.0,0.0,tie
q2_2248,Q2,1.0,1.0,1.0,0.0,tie
q2_2249,Q2,1.0,1.0,1.0,0.0,tie
q2_2250,Q2,1.0,1.0,1.0,0.0,tie
q2_2251,Q2,1.0,0.25,1.0,0.0,tie
q2_2252,Q2,1.0,1.0,1.0,0.0,tie
q2_2253,Q2,1.0,1.0,1.0,0.0,tie
q2_2254,Q2,1.0,1.0,1.0,0.0,tie
q2_2255,Q2,1.0,1.0,1.0,0.0,tie
q2_2256,Q2,1.0,1.0,1.0,0.0,tie
q2_2257,Q2,1.0,1.0,1.0,0.0,tie
q2_2258,Q2,1.0,1.0,1.0,0.0,tie
q2_2259,Q2,1.0,1.0,1.0,0.0,tie
q2_2260,Q2,1.0,0.0,0.5,-0.5,hybrid_loss
q2_2261,Q2,1.0,0.3333333333333333,1.0,0.0,tie
q2_2262,Q2,1.0,1.0,1.0,0.0,tie
q2_2263,Q2,0.5,0.5,0.5,0.0,tie
q2_2264,Q2,1.0,1.0,1.0,0.0,tie
q2_2265,Q2,0.5,0.5,0.5,0.0,tie
q2_2266,Q2,1.0,0.5,1.0,0.0,tie
q2_2267,Q2,0.5,1.0,0.5,-0.5,hybrid_loss
q2_2268,Q2,1.0,0.25,1.0,0.0,tie
q2_2269,Q2,1.0,1.0,1.0,0.0,tie
q2_2270,Q2,1.0,0.5,1.0,0.0,tie
q2_2271,Q2,1.0,1.0,1.0,0.0,tie
q2_2272,Q2,1.0,1.0,1.0,0.0,tie
q2_2273,Q2,1.0,1.0,1.0,0.0,tie
q2_2274,Q2,1.0,1.0,1.0,0.0,tie
q2_2275,Q2,1.0,1.0,1.0,0.0,tie
q2_2276,Q2,1.0,1.0,1.0,0.0,tie
q2_2277,Q2,1.0,1.0,1.0,0.0,tie
q2_2278,Q2,1.0,0.0,1.0,0.0,tie
q2_2279,Q2,0.5,0.0,0.5,0.0,tie
q2_2280,Q2,1.0,1.0,1.0,0.0,tie
q2_2281,Q2,1.0,0.25,1.0,0.0,tie
q2_2282,Q2,0.5,0.125,1.0,0.5,hybrid_win
q2_2283,Q2,0.5,0.5,0.5,0.0,tie
q2_2284,Q2,1.0,1.0,1.0,0.0,tie
q2_2285,Q2,1.0,1.0,1.0,0.0,tie
q2_2286,Q2,1.0,0.5,1.0,0.0,tie
q2_2287,Q2,1.0,0.3333333333333333,1.0,0.0,tie
q2_2288,Q2,1.0,1.0,1.0,0.0,tie
q2_2289,Q2,1.0,1.0,1.0,0.0,tie
q2_2290,Q2,1.0,0.5,1.0,0.0,tie
q2_2291,Q2,1.0,1.0,1.0,0.0,tie
q2_2292,Q2,1.0,1.0,1.0,0.0,tie
q2_2293,Q2,1.0,1.0,1.0,0.0,tie
q2_2294,Q2,0.3333333333333333,0.25,0.3333333333333333,0.0,tie
q2_2295,Q2,1.0,1.0,1.0,0.0,tie
q2_2296,Q2,1.0,1.0,1.0,0.0,tie
q2_2297,Q2,1.0,1.0,1.0,0.0,tie
q2_2298,Q2,1.0,1.0,1.0,0.0,tie
q2_2299,Q2,1.0,0.5,1.0,0.0,tie
q2_2300,Q2,0.5,1.0,0.5,-0.5,hybrid_loss
q2_2301,Q2,1.0,1.0,1.0,0.0,tie
q2_2302,Q2,1.0,1.0,1.0,0.0,tie
q2_2303,Q2,1.0,1.0,1.0,0.0,tie
q2_2304,Q2,1.0,1.0,1.0,0.0,tie
q2_2305,Q2,1.0,0.25,1.0,0.0,tie
q2_2306,Q2,1.0,1.0,1.0,0.0,tie
q2_2307,Q2,1.0,0.0,1.0,0.0,tie
q2_2308,Q2,0.5,0.0,0.5,0.0,tie
q2_2309,Q2,1.0,0.2,1.0,0.0,tie
q2_2310,Q2,1.0,1.0,1.0,0.0,tie
q2_2311,Q2,0.5,0.5,0.5,0.0,tie
q2_2312,Q2,1.0,1.0,1.0,0.0,tie
q2_2313,Q2,1.0,1.0,1.0,0.0,tie
q2_2314,Q2,1.0,1.0,1.0,0.0,tie
q2_2315,Q2,1.0,1.0,1.0,0.0,tie
q2_2316,Q2,1.0,0.5,1.0,0.0,tie
q2_2317,Q2,1.0,1.0,1.0,0.0,tie
q2_2318,Q2,1.0,1.0,1.0,0.0,tie
q2_2319,Q2,1.0,1.0,1.0,0.0,tie
q2_2320,Q2,1.0,1.0,1.0,0.0,tie
q2_2321,Q2,1.0,1.0,1.0,0.0,tie
q2_2322,Q2,1.0,0.5,1.0,0.0,tie
q2_2323,Q2,1.0,1.0,1.0,0.0,tie
q2_2324,Q2,1.0,0.125,1.0,0.0,tie
q2_2325,Q2,1.0,1.0,1.0,0.0,tie
q2_2326,Q2,1.0,1.0,1.0,0.0,tie
q2_2327,Q2,1.0,0.25,1.0,0.0,tie
q2_2328,Q2,1.0,1.0,1.0,0.0,tie
q2_2329,Q2,1.0,1.0,1.0,0.0,tie
q2_2330,Q2,1.0,1.0,1.0,0.0,tie
q2_2331,Q2,1.0,1.0,1.0,0.0,tie
q2_2332,Q2,1.0,1.0,1.0,0.0,tie
q2_2333,Q2,1.0,1.0,1.0,0.0,tie
q2_2334,Q2,1.0,1.0,1.0,0.0,tie
q2_2335,Q2,0.5,0.3333333333333333,0.5,0.0,tie
q2_2336,Q2,0.5,1.0,1.0,0.0,tie
q2_2337,Q2,1.0,0.3333333333333333,1.0,0.0,tie
q2_2338,Q2,1.0,0.5,1.0,0.0,tie
q2_2339,Q2,1.0,1.0,1.0,0.0,tie
q2_2340,Q2,1.0,1.0,1.0,0.0,tie
q2_2341,Q2,1.0,1.0,1.0,0.0,tie
q2_2342,Q2,1.0,1.0,1.0,0.0,tie
q2_2343,Q2,1.0,1.0,1.0,0.0,tie
q2_2344,Q2,1.0,1.0,1.0,0.0,tie
q2_2345,Q2,1.0,1.0,1.0,0.0,tie
q2_2346,Q2,1.0,1.0,1.0,0.0,tie
q2_2347,Q2,1.0,0.5,1.0,0.0,tie
q2_2348,Q2,1.0,1.0,1.0,0.0,tie
q2_2349,Q2,1.0,0.3333333333333333,1.0,0.0,tie
q2_2350,Q2,0.5,0.5,0.5,0.0,tie
q2_2351,Q2,1.0,0.5,1.0,0.0,tie
q2_2352,Q2,1.0,1.0,1.0,0.0,tie
q2_2353,Q2,1.0,1.0,1.0,0.0,tie
q2_2354,Q2,1.0,0.5,1.0,0.0,tie
q2_2355,Q2,1.0,0.25,1.0,0.0,tie
q2_2356,Q2,1.0,0.5,1.0,0.0,tie
q2_2357,Q2,1.0,1.0,1.0,0.0,tie
q2_2358,Q2,1.0,1.0,1.0,0.0,tie
q2_2359,Q2,1.0,1.0,1.0,0.0,tie
q2_2360,Q2,1.0,1.0,1.0,0.0,tie
q2_2361,Q2,1.0,1.0,1.0,0.0,tie
q2_2362,Q2,1.0,0.5,1.0,0.0,tie
q2_2363,Q2,1.0,1.0,1.0,0.0,tie
q2_2364,Q2,1.0,1.0,1.0,0.0,tie
q2_2365,Q2,1.0,1.0,1.0,0.0,tie
q2_2366,Q2,1.0,1.0,1.0,0.0,tie
q2_2367,Q2,1.0,1.0,1.0,0.0,tie
q2_2368,Q2,1.0,1.0,1.0,0.0,tie
q2_2369,Q2,1.0,1.0,1.0,0.0,tie
q2_2370,Q2,1.0,1.0,1.0,0.0,tie
q2_2371,Q2,1.0,0.3333333333333333,1.0,0.0,tie
q2_2372,Q2,1.0,0.3333333333333333,1.0,0.0,tie
q2_2373,Q2,1.0,0.3333333333333333,1.0,0.0,tie
q2_2374,Q2,1.0,1.0,1.0,0.0,tie
q2_2375,Q2,1.0,1.0,1.0,0.0,tie
q2_2376,Q2,1.0,1.0,1.0,0.0,tie
q2_2377,Q2,1.0,1.0,1.0,0.0,tie
q2_2378,Q2,0.5,1.0,0.5,-0.5,hybrid_loss
q2_2379,Q2,1.0,0.3333333333333333,1.0,0.0,tie
q2_2380,Q2,1.0,1.0,1.0,0.0,tie
q2_2381,Q2,0.5,1.0,0.5,-0.5,hybrid_loss
q2_2382,Q2,1.0,1.0,1.0,0.0,tie
q2_2383,Q2,1.0,1.0,1.0,0.0,tie
q2_2384,Q2,1.0,1.0,1.0,0.0,tie
q2_2385,Q2,1.0,1.0,1.0,0.0,tie
q2_2386,Q2,1.0,1.0,1.0,0.0,tie
q2_2387,Q2,1.0,1.0,1.0,0.0,tie
q2_2388,Q2,1.0,0.5,1.0,0.0,tie
q2_2389,Q2,1.0,1.0,1.0,0.0,tie
q2_2390,Q2,1.0,0.25,1.0,0.0,tie
q2_2391,Q2,1.0,0.5,1.0,0.0,tie
q2_2392,Q2,1.0,1.0,1.0,0.0,tie
q2_2393,Q2,1.0,0.5,1.0,0.0,tie
q2_2394,Q2,1.0,0.125,1.0,0.0,tie
q2_2395,Q2,1.0,1.0,1.0,0.0,tie
q2_2396,Q2,0.2,1.0,1.0,0.0,tie
q2_2397,Q2,0.2,1.0,0.2,-0.8,hybrid_loss
q2_2398,Q2,1.0,0.16666666666666666,1.0,0.0,tie
q2_2399,Q2,1.0,1.0,1.0,0.0,tie
q2_2400,Q2,1.0,1.0,1.0,0.0,tie
q2_2401,Q2,0.3333333333333333,0.3333333333333333,0.3333333333333333,0.0,tie
q2_2402,Q2,0.2,1.0,1.0,0.0,tie
q2_2403,Q2,1.0,1.0,1.0,0.0,tie
q2_2404,Q2,1.0,0.3333333333333333,1.0,0.0,tie
q2_2405,Q2,1.0,1.0,1.0,0.0,tie
q2_2406,Q2,1.0,1.0,1.0,0.0,tie
q2_2407,Q2,1.0,1.0,1.0,0.0,tie
q2_2408,Q2,1.0,0.1,1.0,0.0,tie
q2_2409,Q2,0.5,0.2,0.2,-0.3,hybrid_loss
q2_2410,Q2,0.3333333333333333,0.3333333333333333,0.3333333333333333,0.0,tie
q2_2411,Q2,1.0,0.3333333333333333,1.0,0.0,tie
q2_2412,Q2,1.0,1.0,1.0,0.0,tie
q2_2413,Q2,1.0,0.125,1.0,0.0,tie
q2_2414,Q2,1.0,0.5,1.0,0.0,tie
q2_2415,Q2,0.3333333333333333,0.14285714285714285,0.2,-0.1333333333333333,hybrid_loss
q2_2416,Q2,0.3333333333333333,0.2,0.2,-0.1333333333333333,hybrid_loss
q2_2417,Q2,1.0,1.0,1.0,0.0,tie
q2_2418,Q2,1.0,1.0,1.0,0.0,tie
q2_2419,Q2,1.0,1.0,1.0,0.0,tie
q2_2420,Q2,1.0,1.0,1.0,0.0,tie
q2_2421,Q2,1.0,1.0,1.0,0.0,tie
q2_2422,Q2,1.0,1.0,1.0,0.0,tie
q2_2423,Q2,1.0,0.5,0.5,-0.5,hybrid_loss
q2_2424,Q2,1.0,0.5,0.5,-0.5,hybrid_loss
q2_2425,Q2,0.5,1.0,1.0,0.0,tie
q2_2426,Q2,1.0,1.0,1.0,0.0,tie
q2_2427,Q2,1.0,1.0,1.0,0.0,tie
q2_2428,Q2,1.0,0.3333333333333333,1.0,0.0,tie
q2_2429,Q2,0.5,0.5,0.5,0.0,tie
q2_2430,Q2,0.5,0.25,0.25,-0.25,hybrid_loss
q2_2431,Q2,1.0,1.0,1.0,0.0,tie
q2_2432,Q2,1.0,1.0,1.0,0.0,tie
q2_2433,Q2,1.0,1.0,1.0,0.0,tie
q2_2434,Q2,1.0,1.0,1.0,0.0,tie
q2_2435,Q2,1.0,1.0,1.0,0.0,tie
q2_2436,Q2,1.0,1.0,1.0,0.0,tie
q2_2437,Q2,1.0,1.0,1.0,0.0,tie
q2_2438,Q2,1.0,1.0,1.0,0.0,tie
q2_2439,Q2,1.0,1.0,1.0,0.0,tie
q2_2440,Q2,1.0,1.0,1.0,0.0,tie
q2_2441,Q2,1.0,1.0,1.0,0.0,tie
q2_2442,Q2,1.0,1.0,1.0,0.0,tie
q2_2443,Q2,1.0,1.0,1.0,0.0,tie
q2_2444,Q2,1.0,1.0,1.0,0.0,tie
q2_2445,Q2,1.0,1.0,1.0,0.0,tie
q2_2446,Q2,1.0,1.0,1.0,0.0,tie
q2_2447,Q2,1.0,1.0,1.0,0.0,tie
q2_2448,Q2,1.0,1.0,1.0,0.0,tie
q2_2449,Q2,1.0,1.0,1.0,0.0,tie
q2_2450,Q2,1.0,1.0,1.0,0.0,tie
q2_2451,Q2,0.5,1.0,1.0,0.0,tie
q2_2452,Q2,1.0,0.5,1.0,0.0,tie
q2_2453,Q2,1.0,1.0,1.0,0.0,tie
q2_2454,Q2,0.5,0.5,0.5,0.0,tie
q2_2455,Q2,1.0,1.0,1.0,0.0,tie
q2_2456,Q2,1.0,0.25,0.5,-0.5,hybrid_loss
q2_2457,Q2,1.0,1.0,1.0,0.0,tie
q2_2458,Q2,1.0,1.0,1.0,0.0,tie
q2_2459,Q2,0.5,1.0,1.0,0.0,tie
q2_2460,Q2,0.5,0.5,0.5,0.0,tie
q2_2461,Q2,0.0,1.0,0.2,-0.8,hybrid_loss
q2_2462,Q2,1.0,0.0,0.5,-0.5,hybrid_loss
q2_2463,Q2,1.0,0.2,1.0,0.0,tie
q2_2464,Q2,1.0,0.5,1.0,0.0,tie
q2_2465,Q2,0.5,1.0,0.5,-0.5,hybrid_loss
q2_2466,Q2,1.0,0.1,1.0,0.0,tie
q2_2467,Q2,1.0,1.0,1.0,0.0,tie
q2_2468,Q2,1.0,0.2,0.5,-0.5,hybrid_loss
q2_2469,Q2,1.0,1.0,1.0,0.0,tie
q2_2470,Q2,1.0,0.25,0.5,-0.5,hybrid_loss
q2_2471,Q2,1.0,1.0,1.0,0.0,tie
q2_2472,Q2,0.5,0.16666666666666666,0.5,0.0,tie
q2_2473,Q2,1.0,1.0,1.0,0.0,tie
q2_2474,Q2,1.0,1.0,1.0,0.0,tie
q2_2475,Q2,1.0,0.5,1.0,0.0,tie
q2_2476,Q2,1.0,1.0,1.0,0.0,tie
q2_2477,Q2,1.0,1.0,1.0,0.0,tie
q2_2478,Q2,1.0,1.0,1.0,0.0,tie
q2_2479,Q2,1.0,0.5,0.5,-0.5,hybrid_loss
q2_2480,Q2,1.0,1.0,1.0,0.0,tie
q2_2481,Q2,1.0,1.0,1.0,0.0,tie
q2_2482,Q2,1.0,1.0,1.0,0.0,tie
q2_2483,Q2,1.0,1.0,1.0,0.0,tie
q2_2484,Q2,1.0,1.0,1.0,0.0,tie
q2_2485,Q2,1.0,1.0,1.0,0.0,tie
q2_2486,Q2,1.0,1.0,1.0,0.0,tie
q2_2487,Q2,1.0,1.0,1.0,0.0,tie
q2_2488,Q2,0.5,1.0,1.0,0.0,tie
q2_2489,Q2,0.5,1.0,0.5,-0.5,hybrid_loss
q2_2490,Q2,1.0,1.0,1.0,0.0,tie
q2_2491,Q2,0.5,1.0,1.0,0.0,tie
q2_2492,Q2,1.0,1.0,1.0,0.0,tie
q2_2493,Q2,0.5,0.5,0.5,0.0,tie
q2_2494,Q2,0.3333333333333333,0.3333333333333333,0.25,-0.08333333333333331,hybrid_loss
q2_2495,Q2,0.5,1.0,1.0,0.0,tie
q2_2496,Q2,0.5,0.5,0.5,0.0,tie
q2_2497,Q2,1.0,1.0,1.0,0.0,tie
q2_2498,Q2,1.0,0.5,1.0,0.0,tie
q2_2499,Q2,1.0,1.0,1.0,0.0,tie
q2_2500,Q2,1.0,1.0,1.0,0.0,tie
q2_2501,Q2,1.0,1.0,1.0,0.0,tie
q2_2502,Q2,1.0,0.0,1.0,0.0,tie
q2_2503,Q2,1.0,1.0,1.0,0.0,tie
q2_2504,Q2,1.0,0.14285714285714285,1.0,0.0,tie
q2_2505,Q2,1.0,1.0,1.0,0.0,tie
q2_2506,Q2,1.0,0.0,1.0,0.0,tie
q2_2507,Q2,1.0,0.3333333333333333,1.0,0.0,tie
q2_2508,Q2,1.0,0.16666666666666666,1.0,0.0,tie
q2_2509,Q2,1.0,0.0,1.0,0.0,tie
q2_2510,Q2,1.0,0.5,0.5,-0.5,hybrid_loss
q2_2511,Q2,1.0,1.0,1.0,0.0,tie
q2_2512,Q2,1.0,1.0,1.0,0.0,tie
q2_2513,Q2,1.0,1.0,1.0,0.0,tie
q2_2514,Q2,1.0,1.0,1.0,0.0,tie
q2_2515,Q2,1.0,1.0,1.0,0.0,tie
q2_2516,Q2,1.0,1.0,1.0,0.0,tie
q2_2517,Q2,1.0,1.0,1.0,0.0,tie
q2_2518,Q2,1.0,1.0,1.0,0.0,tie
q2_2519,Q2,1.0,1.0,1.0,0.0,tie
q2_2520,Q2,1.0,1.0,1.0,0.0,tie
q2_2521,Q2,1.0,1.0,1.0,0.0,tie
q2_2522,Q2,0.0,0.0,0.0,0.0,tie
q2_2523,Q2,1.0,1.0,1.0,0.0,tie
q2_2524,Q2,1.0,1.0,1.0,0.0,tie
q2_2525,Q2,0.5,1.0,1.0,0.0,tie
q2_2526,Q2,0.5,1.0,1.0,0.0,tie
q2_2527,Q2,0.5,1.0,1.0,0.0,tie
q2_2528,Q2,1.0,1.0,1.0,0.0,tie
q2_2529,Q2,1.0,0.5,1.0,0.0,tie
q2_2530,Q2,1.0,1.0,1.0,0.0,tie
q2_2531,Q2,1.0,1.0,1.0,0.0,tie
q2_2532,Q2,1.0,1.0,1.0,0.0,tie
q2_2533,Q2,1.0,1.0,1.0,0.0,tie
q2_2534,Q2,1.0,1.0,1.0,0.0,tie
q2_2535,Q2,0.5,0.0,0.5,0.0,tie
q2_2536,Q2,1.0,1.0,1.0,0.0,tie
q2_2537,Q2,1.0,1.0,1.0,0.0,tie
q2_2538,Q2,1.0,1.0,1.0,0.0,tie
q2_2539,Q2,1.0,1.0,1.0,0.0,tie
q2_2540,Q2,1.0,1.0,1.0,0.0,tie
q2_2541,Q2,1.0,0.25,1.0,0.0,tie
q2_2542,Q2,1.0,1.0,1.0,0.0,tie
q2_2543,Q2,1.0,1.0,1.0,0.0,tie
q2_2544,Q2,1.0,1.0,1.0,0.0,tie
q2_2545,Q2,1.0,1.0,1.0,0.0,tie
q2_2546,Q2,1.0,1.0,1.0,0.0,tie
q2_2547,Q2,0.3333333333333333,1.0,1.0,0.0,tie
q2_2548,Q2,1.0,0.5,1.0,0.0,tie
q2_2549,Q2,0.5,1.0,0.5,-0.5,hybrid_loss
q2_2550,Q2,1.0,1.0,1.0,0.0,tie
q2_2551,Q2,1.0,1.0,1.0,0.0,tie
q2_2552,Q2,1.0,1.0,1.0,0.0,tie
q2_2553,Q2,1.0,1.0,1.0,0.0,tie
q2_2554,Q2,1.0,1.0,1.0,0.0,tie
q2_2555,Q2,1.0,1.0,1.0,0.0,tie
q2_2556,Q2,1.0,1.0,1.0,0.0,tie
q2_2557,Q2,1.0,1.0,1.0,0.0,tie
q2_2558,Q2,1.0,1.0,1.0,0.0,tie
q2_2559,Q2,1.0,1.0,1.0,0.0,tie
q2_2560,Q2,1.0,1.0,1.0,0.0,tie
q2_2561,Q2,1.0,1.0,1.0,0.0,tie
q2_2562,Q2,1.0,0.3333333333333333,1.0,0.0,tie
q2_2563,Q2,0.5,0.5,0.5,0.0,tie
q2_2564,Q2,1.0,1.0,1.0,0.0,tie
q2_2565,Q2,1.0,1.0,1.0,0.0,tie
q2_2566,Q2,1.0,1.0,1.0,0.0,tie
q2_2567,Q2,1.0,1.0,1.0,0.0,tie
q2_2568,Q2,1.0,1.0,1.0,0.0,tie
q2_2569,Q2,1.0,1.0,1.0,0.0,tie
q2_2570,Q2,1.0,1.0,1.0,0.0,tie
q2_2571,Q2,1.0,1.0,1.0,0.0,tie
q2_2572,Q2,1.0,1.0,1.0,0.0,tie
q2_2573,Q2,1.0,1.0,1.0,0.0,tie
q2_2574,Q2,1.0,1.0,1.0,0.0,tie
q2_2575,Q2,1.0,1.0,1.0,0.0,tie
q2_2576,Q2,0.5,1.0,0.5,-0.5,hybrid_loss
q2_2577,Q2,1.0,1.0,1.0,0.0,tie
q2_2578,Q2,1.0,1.0,1.0,0.0,tie
q2_2579,Q2,1.0,1.0,1.0,0.0,tie
q2_2580,Q2,0.5,0.5,0.5,0.0,tie
q2_2581,Q2,1.0,0.5,0.5,-0.5,hybrid_loss
q2_2582,Q2,1.0,1.0,1.0,0.0,tie
q2_2583,Q2,1.0,1.0,1.0,0.0,tie
q2_2584,Q2,1.0,1.0,1.0,0.0,tie
q2_2585,Q2,1.0,1.0,1.0,0.0,tie
q2_2586,Q2,1.0,1.0,1.0,0.0,tie
q2_2587,Q2,1.0,1.0,1.0,0.0,tie
q2_2588,Q2,1.0,1.0,1.0,0.0,tie
q2_2589,Q2,1.0,0.14285714285714285,1.0,0.0,tie
q2_2590,Q2,0.5,0.25,0.5,0.0,tie
q2_2591,Q2,0.3333333333333333,0.2,0.3333333333333333,0.0,tie
q2_2592,Q2,0.5,1.0,1.0,0.0,tie
q2_2593,Q2,1.0,1.0,1.0,0.0,tie
q2_2594,Q2,0.5,0.5,0.5,0.0,tie
q2_2595,Q2,1.0,1.0,1.0,0.0,tie
q2_2596,Q2,1.0,1.0,1.0,0.0,tie
q2_2597,Q2,1.0,0.5,1.0,0.0,tie
q2_2598,Q2,1.0,1.0,1.0,0.0,tie
q2_2599,Q2,1.0,1.0,1.0,0.0,tie
q2_2600,Q2,1.0,1.0,1.0,0.0,tie
q2_2601,Q2,1.0,1.0,1.0,0.0,tie
q2_2602,Q2,1.0,1.0,1.0,0.0,tie
q2_2603,Q2,1.0,1.0,1.0,0.0,tie
q2_2604,Q2,1.0,1.0,1.0,0.0,tie
q2_2605,Q2,1.0,1.0,1.0,0.0,tie
q2_2606,Q2,1.0,1.0,1.0,0.0,tie
q2_2607,Q2,1.0,0.25,1.0,0.0,tie
q2_2608,Q2,1.0,1.0,1.0,0.0,tie
q2_2609,Q2,1.0,1.0,1.0,0.0,tie
q2_2610,Q2,1.0,1.0,1.0,0.0,tie
q2_2611,Q2,1.0,1.0,1.0,0.0,tie
q2_2612,Q2,1.0,0.3333333333333333,1.0,0.0,tie
q2_2613,Q2,1.0,1.0,1.0,0.0,tie
q2_2614,Q2,1.0,1.0,1.0,0.0,tie
q2_2615,Q2,1.0,0.2,1.0,0.0,tie
q2_2616,Q2,1.0,1.0,1.0,0.0,tie
q2_2617,Q2,1.0,1.0,1.0,0.0,tie
q2_2618,Q2,1.0,1.0,1.0,0.0,tie
q2_2619,Q2,1.0,1.0,1.0,0.0,tie
q2_2620,Q2,1.0,1.0,1.0,0.0,tie
q2_2621,Q2,0.5,0.5,0.5,0.0,tie
q2_2622,Q2,0.5,1.0,1.0,0.0,tie
q2_2623,Q2,1.0,1.0,1.0,0.0,tie
q2_2624,Q2,1.0,1.0,1.0,0.0,tie
q2_2625,Q2,0.3333333333333333,1.0,0.3333333333333333,-0.6666666666666667,hybrid_loss
q2_2626,Q2,1.0,1.0,1.0,0.0,tie
q2_2627,Q2,1.0,1.0,1.0,0.0,tie
q2_2628,Q2,1.0,1.0,1.0,0.0,tie
q2_2629,Q2,1.0,1.0,1.0,0.0,tie
q2_2630,Q2,1.0,0.25,1.0,0.0,tie
q2_2631,Q2,1.0,1.0,1.0,0.0,tie
q2_2632,Q2,1.0,1.0,1.0,0.0,tie
q2_2633,Q2,1.0,1.0,1.0,0.0,tie
q2_2634,Q2,1.0,1.0,1.0,0.0,tie
q2_2635,Q2,1.0,1.0,1.0,0.0,tie
q2_2636,Q2,0.25,0.5,0.5,0.0,tie
q2_2637,Q2,1.0,0.5,1.0,0.0,tie
q2_2638,Q2,1.0,1.0,1.0,0.0,tie
q2_2639,Q2,1.0,1.0,1.0,0.0,tie
q2_2640,Q2,1.0,1.0,1.0,0.0,tie
q2_2641,Q2,1.0,1.0,1.0,0.0,tie
q2_2642,Q2,1.0,1.0,1.0,0.0,tie
q2_2643,Q2,1.0,1.0,1.0,0.0,tie
q2_2644,Q2,1.0,1.0,1.0,0.0,tie
q2_2645,Q2,1.0,1.0,1.0,0.0,tie
q2_2646,Q2,1.0,1.0,1.0,0.0,tie
q2_2647,Q2,1.0,1.0,1.0,0.0,tie
q2_2648,Q2,1.0,1.0,1.0,0.0,tie
q2_2649,Q2,1.0,1.0,1.0,0.0,tie
q2_2650,Q2,1.0,1.0,1.0,0.0,tie
q2_2651,Q2,1.0,1.0,1.0,0.0,tie
q2_2652,Q2,1.0,1.0,1.0,0.0,tie
q2_2653,Q2,1.0,0.3333333333333333,0.3333333333333333,-0.6666666666666667,hybrid_loss
q2_2654,Q2,0.5,1.0,1.0,0.0,tie
q2_2655,Q2,1.0,1.0,1.0,0.0,tie
q2_2656,Q2,1.0,0.5,1.0,0.0,tie
q2_2657,Q2,1.0,1.0,1.0,0.0,tie
q2_2658,Q2,1.0,1.0,1.0,0.0,tie
q2_2659,Q2,1.0,1.0,1.0,0.0,tie
q2_2660,Q2,1.0,1.0,1.0,0.0,tie
q2_2661,Q2,1.0,1.0,1.0,0.0,tie
q2_2662,Q2,1.0,1.0,1.0,0.0,tie
q2_2663,Q2,1.0,1.0,1.0,0.0,tie
q2_2664,Q2,1.0,1.0,1.0,0.0,tie
q2_2665,Q2,1.0,1.0,1.0,0.0,tie
q2_2666,Q2,1.0,1.0,1.0,0.0,tie
q2_2667,Q2,1.0,1.0,1.0,0.0,tie
q2_2668,Q2,1.0,1.0,1.0,0.0,tie
q2_2669,Q2,1.0,1.0,1.0,0.0,tie
q2_2670,Q2,1.0,1.0,1.0,0.0,tie
q2_2671,Q2,1.0,1.0,1.0,0.0,tie
q2_2672,Q2,1.0,0.5,1.0,0.0,tie
q2_2673,Q2,0.5,1.0,0.5,-0.5,hybrid_loss
q2_2674,Q2,1.0,1.0,1.0,0.0,tie
q2_2675,Q2,1.0,0.1111111111111111,1.0,0.0,tie
q2_2676,Q2,0.5,0.5,1.0,0.5,hybrid_win
q2_2677,Q2,0.25,0.0,1.0,0.75,hybrid_win
q2_2678,Q2,0.25,0.0,1.0,0.75,hybrid_win
q2_2679,Q2,0.2,0.0,1.0,0.8,hybrid_win
q2_2680,Q2,1.0,1.0,1.0,0.0,tie
q2_2681,Q2,1.0,1.0,1.0,0.0,tie
q2_2682,Q2,1.0,1.0,1.0,0.0,tie
q2_2683,Q2,1.0,0.25,1.0,0.0,tie
q2_2684,Q2,1.0,1.0,1.0,0.0,tie
q2_2685,Q2,1.0,1.0,1.0,0.0,tie
q2_2686,Q2,1.0,1.0,1.0,0.0,tie
q2_2687,Q2,1.0,1.0,1.0,0.0,tie
q2_2688,Q2,1.0,1.0,1.0,0.0,tie
q2_2689,Q2,1.0,1.0,1.0,0.0,tie
q2_2690,Q2,1.0,1.0,1.0,0.0,tie
q2_2691,Q2,1.0,0.0,1.0,0.0,tie
q2_2692,Q2,1.0,1.0,1.0,0.0,tie
q2_2693,Q2,1.0,1.0,1.0,0.0,tie
q2_2694,Q2,1.0,1.0,1.0,0.0,tie
q2_2695,Q2,1.0,0.3333333333333333,1.0,0.0,tie
q2_2696,Q2,1.0,1.0,1.0,0.0,tie
q2_2697,Q2,1.0,1.0,1.0,0.0,tie
q2_2698,Q2,1.0,0.5,1.0,0.0,tie
q2_2699,Q2,1.0,1.0,1.0,0.0,tie
q2_2700,Q2,1.0,1.0,1.0,0.0,tie
q2_2701,Q2,1.0,1.0,1.0,0.0,tie
q2_2702,Q2,1.0,1.0,1.0,0.0,tie
q2_2703,Q2,1.0,1.0,1.0,0.0,tie
q2_2704,Q2,1.0,1.0,1.0,0.0,tie
q2_2705,Q2,1.0,1.0,1.0,0.0,tie
q2_2706,Q2,0.25,1.0,0.5,-0.5,hybrid_loss
q2_2707,Q2,1.0,0.3333333333333333,1.0,0.0,tie
q2_2708,Q2,0.2,0.5,0.5,0.0,tie
q2_2709,Q2,1.0,1.0,1.0,0.0,tie
q2_2710,Q2,1.0,1.0,1.0,0.0,tie
q2_2711,Q2,1.0,1.0,1.0,0.0,tie
q2_2712,Q2,1.0,0.0,0.25,-0.75,hybrid_loss
q2_2713,Q2,0.5,0.2,0.3333333333333333,-0.16666666666666669,hybrid_loss
q2_2714,Q2,1.0,1.0,1.0,0.0,tie
q2_2715,Q2,1.0,0.25,0.5,-0.5,hybrid_loss
q2_2716,Q2,1.0,0.5,0.5,-0.5,hybrid_loss
q2_2717,Q2,1.0,0.5,0.5,-0.5,hybrid_loss
q2_2718,Q2,1.0,1.0,1.0,0.0,tie
q2_2719,Q2,1.0,0.5,1.0,0.0,tie
q2_2720,Q2,0.5,1.0,0.5,-0.5,hybrid_loss
q2_2721,Q2,1.0,1.0,1.0,0.0,tie
q2_2722,Q2,1.0,0.5,1.0,0.0,tie
q2_2723,Q2,1.0,0.5,0.5,-0.5,hybrid_loss
q2_2724,Q2,1.0,1.0,1.0,0.0,tie
q2_2725,Q2,1.0,1.0,1.0,0.0,tie
q2_2726,Q2,0.5,0.5,0.5,0.0,tie
q2_2727,Q2,0.5,0.5,0.5,0.0,tie
q2_2728,Q2,1.0,0.5,1.0,0.0,tie
q2_2729,Q2,0.5,1.0,0.5,-0.5,hybrid_loss
q2_2730,Q2,1.0,1.0,1.0,0.0,tie
q2_2731,Q2,1.0,1.0,1.0,0.0,tie
q2_2732,Q2,1.0,1.0,1.0,0.0,tie
q2_2733,Q2,1.0,1.0,1.0,0.0,tie
q2_2734,Q2,1.0,1.0,1.0,0.0,tie
q2_2735,Q2,1.0,1.0,1.0,0.0,tie
q2_2736,Q2,1.0,0.5,0.5,-0.5,hybrid_loss
q2_2737,Q2,1.0,1.0,1.0,0.0,tie
q2_2738,Q2,1.0,1.0,1.0,0.0,tie
q2_2739,Q2,1.0,1.0,1.0,0.0,tie
q2_2740,Q2,1.0,1.0,1.0,0.0,tie
q2_2741,Q2,1.0,1.0,1.0,0.0,tie
q2_2742,Q2,1.0,1.0,1.0,0.0,tie
q2_2743,Q2,1.0,1.0,1.0,0.0,tie
q2_2744,Q2,1.0,1.0,1.0,0.0,tie
q2_2745,Q2,0.5,0.5,0.5,0.0,tie
q2_2746,Q2,1.0,1.0,1.0,0.0,tie
q2_2747,Q2,0.5,0.5,0.5,0.0,tie
q2_2748,Q2,1.0,1.0,1.0,0.0,tie
q2_2749,Q2,1.0,1.0,1.0,0.0,tie
q2_2750,Q2,0.5,0.5,0.5,0.0,tie
q2_2751,Q2,1.0,1.0,1.0,0.0,tie
q2_2752,Q2,1.0,1.0,1.0,0.0,tie
q2_2753,Q2,1.0,1.0,1.0,0.0,tie
q2_2754,Q2,1.0,1.0,1.0,0.0,tie
q2_2755,Q2,1.0,1.0,1.0,0.0,tie
q2_2756,Q2,1.0,1.0,1.0,0.0,tie
q2_2757,Q2,1.0,1.0,1.0,0.0,tie
q2_2758,Q2,1.0,1.0,1.0,0.0,tie
q2_2759,Q2,0.5,1.0,1.0,0.0,tie
q2_2760,Q2,1.0,0.5,1.0,0.0,tie
q2_2761,Q2,1.0,1.0,1.0,0.0,tie
q2_2762,Q2,1.0,1.0,1.0,0.0,tie
q2_2763,Q2,1.0,1.0,1.0,0.0,tie
q2_2764,Q2,1.0,1.0,1.0,0.0,tie
q2_2765,Q2,1.0,0.5,0.5,-0.5,hybrid_loss
q2_2766,Q2,0.3333333333333333,0.25,0.25,-0.08333333333333331,hybrid_loss
q2_2767,Q2,0.5,1.0,1.0,0.0,tie
q2_2768,Q2,0.25,0.5,0.3333333333333333,-0.16666666666666669,hybrid_loss
q2_2769,Q2,1.0,1.0,1.0,0.0,tie
q2_2770,Q2,1.0,1.0,1.0,0.0,tie
q2_2771,Q2,1.0,1.0,1.0,0.0,tie
q2_2772,Q2,1.0,0.5,1.0,0.0,tie
q2_2773,Q2,1.0,0.16666666666666666,1.0,0.0,tie
q2_2774,Q2,1.0,1.0,1.0,0.0,tie
q2_2775,Q2,1.0,1.0,1.0,0.0,tie
q2_2776,Q2,1.0,1.0,1.0,0.0,tie
q2_2777,Q2,1.0,1.0,1.0,0.0,tie
q2_2778,Q2,1.0,1.0,1.0,0.0,tie
q2_2779,Q2,1.0,1.0,1.0,0.0,tie
q2_2780,Q2,1.0,1.0,1.0,0.0,tie
q2_2781,Q2,1.0,1.0,1.0,0.0,tie
q2_2782,Q2,1.0,1.0,1.0,0.0,tie
q2_2783,Q2,1.0,1.0,1.0,0.0,tie
q2_2784,Q2,1.0,0.5,1.0,0.0,tie
q2_2785,Q2,1.0,1.0,1.0,0.0,tie
q2_2786,Q2,0.5,0.5,0.5,0.0,tie
q2_2787,Q2,1.0,1.0,1.0,0.0,tie
q2_2788,Q2,0.5,0.5,0.5,0.0,tie
q2_2789,Q2,1.0,1.0,1.0,0.0,tie
q2_2790,Q2,1.0,1.0,1.0,0.0,tie
q2_2791,Q2,1.0,1.0,1.0,0.0,tie
q2_2792,Q2,1.0,1.0,1.0,0.0,tie
q2_2793,Q2,1.0,1.0,1.0,0.0,tie
q2_2794,Q2,1.0,1.0,1.0,0.0,tie
q2_2795,Q2,1.0,1.0,1.0,0.0,tie
q2_2796,Q2,1.0,0.5,1.0,0.0,tie
q2_2797,Q2,1.0,1.0,1.0,0.0,tie
q2_2798,Q2,1.0,0.14285714285714285,1.0,0.0,tie
q2_2799,Q2,0.0,0.0,0.0,0.0,tie
q2_2800,Q2,0.0,0.0,0.0,0.0,tie
q2_2801,Q2,1.0,1.0,1.0,0.0,tie
q2_2802,Q2,1.0,0.0,1.0,0.0,tie
q2_2803,Q2,1.0,1.0,1.0,0.0,tie
q2_2804,Q2,1.0,1.0,1.0,0.0,tie
q2_2805,Q2,1.0,1.0,1.0,0.0,tie
q2_2806,Q2,0.5,1.0,1.0,0.0,tie
q2_2807,Q2,1.0,0.0,1.0,0.0,tie
q2_2808,Q2,1.0,0.0,1.0,0.0,tie
q2_2809,Q2,1.0,1.0,1.0,0.0,tie
q2_2810,Q2,1.0,1.0,1.0,0.0,tie
q2_2811,Q2,1.0,1.0,1.0,0.0,tie
q2_2812,Q2,1.0,1.0,1.0,0.0,tie
q2_2813,Q2,1.0,0.0,1.0,0.0,tie
q2_2814,Q2,1.0,1.0,1.0,0.0,tie
q2_2815,Q2,0.5,0.5,0.5,0.0,tie
q2_2816,Q2,1.0,1.0,1.0,0.0,tie
q2_2817,Q2,1.0,1.0,1.0,0.0,tie
q2_2818,Q2,0.25,1.0,1.0,0.0,tie
q2_2819,Q2,1.0,1.0,1.0,0.0,tie
q2_2820,Q2,1.0,1.0,1.0,0.0,tie
q2_2821,Q2,1.0,0.3333333333333333,1.0,0.0,tie
q2_2822,Q2,1.0,1.0,1.0,0.0,tie
q2_2823,Q2,1.0,1.0,1.0,0.0,tie
q2_2824,Q2,1.0,0.3333333333333333,1.0,0.0,tie
q2_2825,Q2,1.0,0.5,1.0,0.0,tie
q2_2826,Q2,1.0,1.0,1.0,0.0,tie
q2_2827,Q2,0.3333333333333333,1.0,1.0,0.0,tie
q2_2828,Q2,1.0,1.0,1.0,0.0,tie
q2_2829,Q2,1.0,1.0,1.0,0.0,tie
q2_2830,Q2,1.0,1.0,1.0,0.0,tie
q2_2831,Q2,1.0,1.0,1.0,0.0,tie
q2_2832,Q2,1.0,1.0,1.0,0.0,tie
q2_2833,Q2,1.0,0.3333333333333333,1.0,0.0,tie
q2_2834,Q2,1.0,0.5,1.0,0.0,tie
q2_2835,Q2,1.0,1.0,1.0,0.0,tie
q2_2836,Q2,1.0,1.0,1.0,0.0,tie
q2_2837,Q2,1.0,1.0,1.0,0.0,tie
q2_2838,Q2,1.0,1.0,1.0,0.0,tie
q2_2839,Q2,1.0,1.0,1.0,0.0,tie
q2_2840,Q2,1.0,1.0,1.0,0.0,tie
q2_2841,Q2,1.0,1.0,1.0,0.0,tie
q2_2842,Q2,1.0,1.0,1.0,0.0,tie
q2_2843,Q2,1.0,1.0,1.0,0.0,tie
q2_2844,Q2,1.0,0.5,1.0,0.0,tie
q2_2845,Q2,0.5,1.0,1.0,0.0,tie
q2_2846,Q2,1.0,1.0,1.0,0.0,tie
q2_2847,Q2,1.0,1.0,1.0,0.0,tie
q2_2848,Q2,1.0,0.3333333333333333,1.0,0.0,tie
q2_2849,Q2,1.0,1.0,1.0,0.0,tie
q2_2850,Q2,1.0,1.0,1.0,0.0,tie
q2_2851,Q2,0.14285714285714285,0.2,0.25,0.04999999999999999,hybrid_win
q2_2852,Q2,1.0,0.2,1.0,0.0,tie
q2_2853,Q2,1.0,0.5,1.0,0.0,tie
q2_2854,Q2,1.0,0.14285714285714285,1.0,0.0,tie
q2_2855,Q2,1.0,1.0,1.0,0.0,tie
q2_2856,Q2,1.0,1.0,1.0,0.0,tie
q2_2857,Q2,1.0,1.0,1.0,0.0,tie
q2_2858,Q2,1.0,1.0,1.0,0.0,tie
q2_2859,Q2,1.0,1.0,1.0,0.0,tie
q2_2860,Q2,1.0,1.0,1.0,0.0,tie
q2_2861,Q2,1.0,1.0,1.0,0.0,tie
q2_2862,Q2,0.5,0.5,0.5,0.0,tie
q2_2863,Q2,1.0,0.5,0.5,-0.5,hybrid_loss
q2_2864,Q2,1.0,0.5,0.5,-0.5,hybrid_loss
q2_2865,Q2,0.5,1.0,1.0,0.0,tie
q2_2866,Q2,0.5,1.0,1.0,0.0,tie
q2_2867,Q2,1.0,1.0,1.0,0.0,tie
q2_2868,Q2,1.0,1.0,1.0,0.0,tie
q2_2869,Q2,0.0,1.0,0.25,-0.75,hybrid_loss
q2_2870,Q2,0.0,1.0,0.3333333333333333,-0.6666666666666667,hybrid_loss
q2_2871,Q2,1.0,1.0,1.0,0.0,tie
q2_2872,Q2,1.0,1.0,1.0,0.0,tie
q2_2873,Q2,1.0,0.5,1.0,0.0,tie
q2_2874,Q2,1.0,0.3333333333333333,1.0,0.0,tie
q2_2875,Q2,1.0,0.5,1.0,0.0,tie
q2_2876,Q2,1.0,1.0,1.0,0.0,tie
q2_2877,Q2,1.0,1.0,1.0,0.0,tie
q2_2878,Q2,1.0,1.0,1.0,0.0,tie
q2_2879,Q2,1.0,1.0,1.0,0.0,tie
q2_2880,Q2,1.0,1.0,1.0,0.0,tie
q2_2881,Q2,1.0,1.0,1.0,0.0,tie
q2_2882,Q2,1.0,1.0,1.0,0.0,tie
q2_2883,Q2,1.0,0.125,1.0,0.0,tie
q2_2884,Q2,1.0,1.0,1.0,0.0,tie
q2_2885,Q2,1.0,1.0,1.0,0.0,tie
q2_2886,Q2,1.0,1.0,1.0,0.0,tie
q2_2887,Q2,1.0,1.0,1.0,0.0,tie
q2_2888,Q2,1.0,1.0,1.0,0.0,tie
q2_2889,Q2,0.5,1.0,1.0,0.0,tie
q2_2890,Q2,1.0,1.0,1.0,0.0,tie
q2_2891,Q2,0.5,1.0,1.0,0.0,tie
q2_2892,Q2,1.0,1.0,1.0,0.0,tie
q2_2893,Q2,1.0,1.0,1.0,0.0,tie
q2_2894,Q2,1.0,1.0,1.0,0.0,tie
q2_2895,Q2,1.0,1.0,1.0,0.0,tie
q2_2896,Q2,1.0,0.5,1.0,0.0,tie
q2_2897,Q2,1.0,1.0,1.0,0.0,tie
q2_2898,Q2,1.0,1.0,1.0,0.0,tie
q2_2899,Q2,1.0,1.0,1.0,0.0,tie
q2_2900,Q2,1.0,1.0,1.0,0.0,tie
q2_2901,Q2,1.0,0.3333333333333333,1.0,0.0,tie
q2_2902,Q2,0.5,0.3333333333333333,0.5,0.0,tie
q2_2903,Q2,1.0,0.25,1.0,0.0,tie
q2_2904,Q2,0.5,0.5,0.5,0.0,tie
q2_2905,Q2,1.0,1.0,1.0,0.0,tie
q2_2906,Q2,1.0,1.0,1.0,0.0,tie
q2_2907,Q2,1.0,0.0,1.0,0.0,tie
q2_2908,Q2,1.0,0.0,1.0,0.0,tie
q2_2909,Q2,1.0,0.14285714285714285,1.0,0.0,tie
q2_2910,Q2,1.0,1.0,1.0,0.0,tie
q2_2911,Q2,1.0,0.5,0.5,-0.5,hybrid_loss
q2_2912,Q2,1.0,1.0,1.0,0.0,tie
q2_2913,Q2,1.0,1.0,1.0,0.0,tie
q2_2914,Q2,0.3333333333333333,0.5,0.3333333333333333,-0.16666666666666669,hybrid_loss
q2_2915,Q2,1.0,1.0,1.0,0.0,tie
q2_2916,Q2,1.0,0.14285714285714285,1.0,0.0,tie
q2_2917,Q2,1.0,0.3333333333333333,1.0,0.0,tie
q2_2918,Q2,0.5,1.0,1.0,0.0,tie
q2_2919,Q2,0.5,1.0,1.0,0.0,tie
q2_2920,Q2,1.0,1.0,1.0,0.0,tie
q2_2921,Q2,0.5,1.0,1.0,0.0,tie
q2_2922,Q2,1.0,0.5,1.0,0.0,tie
q2_2923,Q2,0.25,0.3333333333333333,0.3333333333333333,0.0,tie
q2_2924,Q2,1.0,1.0,1.0,0.0,tie
q2_2925,Q2,1.0,0.5,1.0,0.0,tie
q2_2926,Q2,0.5,1.0,0.5,-0.5,hybrid_loss
q2_2927,Q2,1.0,1.0,1.0,0.0,tie
q2_2928,Q2,1.0,1.0,1.0,0.0,tie
q2_2929,Q2,0.5,0.3333333333333333,0.3333333333333333,-0.16666666666666669,hybrid_loss
q2_2930,Q2,0.5,1.0,1.0,0.0,tie
q2_2931,Q2,1.0,1.0,1.0,0.0,tie
q2_2932,Q2,1.0,0.5,0.5,-0.5,hybrid_loss
q2_2933,Q2,1.0,1.0,1.0,0.0,tie
q2_2934,Q2,1.0,0.5,0.5,-0.5,hybrid_loss
q2_2935,Q2,1.0,1.0,1.0,0.0,tie
q2_2936,Q2,1.0,1.0,1.0,0.0,tie
q2_2937,Q2,1.0,0.5,0.5,-0.5,hybrid_loss
q2_2938,Q2,1.0,1.0,1.0,0.0,tie
q2_2939,Q2,1.0,0.5,0.5,-0.5,hybrid_loss
q2_2940,Q2,1.0,1.0,1.0,0.0,tie
q2_2941,Q2,1.0,1.0,1.0,0.0,tie
q2_2942,Q2,1.0,0.0,1.0,0.0,tie
q2_2943,Q2,1.0,1.0,1.0,0.0,tie
q2_2944,Q2,0.3333333333333333,0.3333333333333333,1.0,0.6666666666666667,hybrid_win
q2_2945,Q2,1.0,1.0,1.0,0.0,tie
q2_2946,Q2,1.0,1.0,1.0,0.0,tie
q2_2947,Q2,1.0,1.0,1.0,0.0,tie
q2_2948,Q2,1.0,1.0,1.0,0.0,tie
q2_2949,Q2,1.0,1.0,1.0,0.0,tie
q2_2950,Q2,1.0,1.0,1.0,0.0,tie
q2_2951,Q2,1.0,1.0,1.0,0.0,tie
q2_2952,Q2,1.0,1.0,1.0,0.0,tie
q2_2953,Q2,1.0,1.0,1.0,0.0,tie
q2_2954,Q2,1.0,1.0,1.0,0.0,tie
q2_2955,Q2,1.0,1.0,1.0,0.0,tie
q2_2956,Q2,1.0,0.5,1.0,0.0,tie
q2_2957,Q2,1.0,0.5,1.0,0.0,tie
q2_2958,Q2,1.0,1.0,1.0,0.0,tie
q2_2959,Q2,1.0,1.0,1.0,0.0,tie
q2_2960,Q2,1.0,1.0,1.0,0.0,tie
q2_2961,Q2,1.0,1.0,1.0,0.0,tie
q2_2962,Q2,1.0,1.0,1.0,0.0,tie
q2_2963,Q2,1.0,1.0,1.0,0.0,tie
q2_2964,Q2,1.0,1.0,1.0,0.0,tie
q2_2965,Q2,1.0,1.0,1.0,0.0,tie
q2_2966,Q2,1.0,1.0,1.0,0.0,tie
q2_2967,Q2,1.0,1.0,1.0,0.0,tie
q2_2968,Q2,1.0,1.0,1.0,0.0,tie
q2_2969,Q2,1.0,1.0,1.0,0.0,tie
q2_2970,Q2,1.0,1.0,1.0,0.0,tie
q2_2971,Q2,1.0,1.0,1.0,0.0,tie
q2_2972,Q2,1.0,1.0,1.0,0.0,tie
q2_2973,Q2,1.0,1.0,1.0,0.0,tie
q2_2974,Q2,1.0,0.3333333333333333,1.0,0.0,tie
q2_2975,Q2,1.0,1.0,1.0,0.0,tie
q2_2976,Q2,1.0,1.0,1.0,0.0,tie
q2_2977,Q2,0.3333333333333333,0.3333333333333333,0.3333333333333333,0.0,tie
q2_2978,Q2,1.0,1.0,1.0,0.0,tie
q2_2979,Q2,0.5,0.5,0.5,0.0,tie
q2_2980,Q2,1.0,1.0,1.0,0.0,tie
q2_2981,Q2,1.0,1.0,1.0,0.0,tie
q2_2982,Q2,1.0,1.0,1.0,0.0,tie
q2_2983,Q2,1.0,1.0,1.0,0.0,tie
q2_2984,Q2,1.0,1.0,1.0,0.0,tie
q2_2985,Q2,1.0,1.0,1.0,0.0,tie
q2_2986,Q2,1.0,0.16666666666666666,1.0,0.0,tie
q2_2987,Q2,1.0,0.5,0.5,-0.5,hybrid_loss
q2_2988,Q2,0.5,0.5,0.5,0.0,tie
q2_2989,Q2,1.0,1.0,1.0,0.0,tie
q2_2990,Q2,1.0,1.0,1.0,0.0,tie
q2_2991,Q2,1.0,1.0,1.0,0.0,tie
q2_2992,Q2,1.0,1.0,1.0,0.0,tie
q2_2993,Q2,1.0,1.0,1.0,0.0,tie
q2_2994,Q2,1.0,1.0,1.0,0.0,tie
q2_2995,Q2,1.0,0.5,0.5,-0.5,hybrid_loss
q2_2996,Q2,0.3333333333333333,0.3333333333333333,0.3333333333333333,0.0,tie
q2_2997,Q2,1.0,1.0,1.0,0.0,tie
q2_2998,Q2,1.0,1.0,1.0,0.0,tie
q2_2999,Q2,1.0,1.0,1.0,0.0,tie
q2_3000,Q2,1.0,0.0,1.0,0.0,tie
q2_3001,Q2,1.0,1.0,1.0,0.0,tie
q2_3002,Q2,1.0,1.0,1.0,0.0,tie
q2_3003,Q2,1.0,1.0,1.0,0.0,tie
q2_3004,Q2,1.0,1.0,1.0,0.0,tie
q2_3005,Q2,0.3333333333333333,0.1111111111111111,0.14285714285714285,-0.19047619047619047,hybrid_loss
q2_3006,Q2,1.0,1.0,1.0,0.0,tie
q2_3007,Q2,1.0,1.0,1.0,0.0,tie
q2_3008,Q2,1.0,1.0,1.0,0.0,tie
q2_3009,Q2,0.5,1.0,1.0,0.0,tie
q2_3010,Q2,0.3333333333333333,1.0,1.0,0.0,tie
q2_3011,Q2,0.5,0.0,0.5,0.0,tie
q2_3012,Q2,1.0,0.0,1.0,0.0,tie
q2_3013,Q2,0.5,0.2,1.0,0.5,hybrid_win
q2_3014,Q2,0.25,1.0,1.0,0.0,tie
q2_3015,Q2,0.2,0.0,1.0,0.8,hybrid_win
q2_3016,Q2,1.0,1.0,1.0,0.0,tie
q2_3017,Q2,1.0,1.0,1.0,0.0,tie
q2_3018,Q2,0.5,1.0,1.0,0.0,tie
q2_3019,Q2,0.3333333333333333,0.14285714285714285,1.0,0.6666666666666667,hybrid_win
q2_3020,Q2,1.0,1.0,1.0,0.0,tie
q2_3021,Q2,0.5,0.0,0.5,0.0,tie
q2_3022,Q2,1.0,1.0,1.0,0.0,tie
q2_3023,Q2,1.0,1.0,1.0,0.0,tie
q2_3024,Q2,1.0,1.0,1.0,0.0,tie
q2_3025,Q2,1.0,0.5,1.0,0.0,tie
q2_3026,Q2,0.5,0.5,0.5,0.0,tie
q2_3027,Q2,0.5,1.0,1.0,0.0,tie
q2_3028,Q2,1.0,0.5,1.0,0.0,tie
q2_3029,Q2,0.5,1.0,0.5,-0.5,hybrid_loss
q2_3030,Q2,1.0,1.0,1.0,0.0,tie
q2_3031,Q2,1.0,1.0,1.0,0.0,tie
q2_3032,Q2,1.0,0.0,1.0,0.0,tie
q2_3033,Q2,1.0,0.25,1.0,0.0,tie
q2_3034,Q2,1.0,0.5,1.0,0.0,tie
q2_3035,Q2,1.0,0.5,1.0,0.0,tie
q2_3036,Q2,0.5,1.0,1.0,0.0,tie
q2_3037,Q2,1.0,1.0,1.0,0.0,tie
q2_3038,Q2,0.5,0.5,0.5,0.0,tie
q2_3039,Q2,1.0,1.0,1.0,0.0,tie
q2_3040,Q2,1.0,1.0,1.0,0.0,tie
q2_3041,Q2,1.0,1.0,1.0,0.0,tie
q2_3042,Q2,0.5,0.25,0.5,0.0,tie
q2_3043,Q2,0.5,0.5,0.5,0.0,tie
q2_3044,Q2,0.5,1.0,1.0,0.0,tie
q2_3045,Q2,1.0,1.0,1.0,0.0,tie
q2_3046,Q2,0.3333333333333333,0.3333333333333333,0.3333333333333333,0.0,tie
q2_3047,Q2,1.0,1.0,1.0,0.0,tie
q2_3048,Q2,1.0,1.0,1.0,0.0,tie
q2_3049,Q2,1.0,1.0,1.0,0.0,tie
q2_3050,Q2,1.0,0.0,1.0,0.0,tie
q2_3051,Q2,1.0,1.0,1.0,0.0,tie
q2_3052,Q2,1.0,1.0,1.0,0.0,tie
q2_3053,Q2,1.0,1.0,1.0,0.0,tie
q2_3054,Q2,1.0,1.0,1.0,0.0,tie
q2_3055,Q2,0.3333333333333333,0.1111111111111111,0.14285714285714285,-0.19047619047619047,hybrid_loss
q2_3056,Q2,1.0,1.0,1.0,0.0,tie
q2_3057,Q2,1.0,1.0,1.0,0.0,tie
q2_3058,Q2,1.0,1.0,1.0,0.0,tie
q2_3059,Q2,0.5,1.0,1.0,0.0,tie
q2_3060,Q2,0.3333333333333333,1.0,1.0,0.0,tie
q2_3061,Q2,0.5,0.0,0.3333333333333333,-0.16666666666666669,hybrid_loss
q2_3062,Q2,1.0,0.0,1.0,0.0,tie
q2_3063,Q2,0.25,1.0,1.0,0.0,tie
q2_3064,Q2,0.2,0.0,1.0,0.8,hybrid_win
q2_3065,Q2,1.0,1.0,1.0,0.0,tie
q2_3066,Q2,1.0,1.0,1.0,0.0,tie
q2_3067,Q2,0.5,1.0,1.0,0.0,tie
q2_3068,Q2,0.3333333333333333,0.14285714285714285,1.0,0.6666666666666667,hybrid_win
q2_3069,Q2,1.0,1.0,1.0,0.0,tie
q2_3070,Q2,0.5,0.0,0.5,0.0,tie
q2_3071,Q2,1.0,1.0,1.0,0.0,tie
q2_3072,Q2,1.0,1.0,1.0,0.0,tie
q2_3073,Q2,0.5,1.0,1.0,0.0,tie
q2_3074,Q2,1.0,1.0,1.0,0.0,tie
q2_3075,Q2,0.5,1.0,1.0,0.0,tie
q2_3076,Q2,1.0,0.1,1.0,0.0,tie
q2_3077,Q2,1.0,1.0,1.0,0.0,tie
q2_3078,Q2,1.0,1.0,1.0,0.0,tie
q2_3079,Q2,1.0,1.0,1.0,0.0,tie
q2_3080,Q2,1.0,0.5,1.0,0.0,tie
q2_3081,Q2,0.5,0.5,0.5,0.0,tie
q2_3082,Q2,1.0,1.0,1.0,0.0,tie
q2_3083,Q2,1.0,0.5,1.0,0.0,tie
q2_3084,Q2,1.0,0.25,1.0,0.0,tie
q2_3085,Q2,1.0,1.0,1.0,0.0,tie
q2_3086,Q2,0.5,1.0,0.5,-0.5,hybrid_loss
q2_3087,Q2,1.0,1.0,1.0,0.0,tie
q2_3088,Q2,1.0,1.0,1.0,0.0,tie
q2_3089,Q2,1.0,0.125,1.0,0.0,tie
q2_3090,Q2,0.0,0.0,0.0,0.0,tie
q2_3091,Q2,0.25,0.5,1.0,0.5,hybrid_win
q2_3092,Q2,1.0,1.0,1.0,0.0,tie
q2_3093,Q2,0.5,1.0,1.0,0.0,tie
q2_3094,Q2,1.0,1.0,1.0,0.0,tie
q2_3095,Q2,1.0,1.0,1.0,0.0,tie
q2_3096,Q2,1.0,1.0,1.0,0.0,tie
q2_3097,Q2,1.0,1.0,1.0,0.0,tie
q2_3098,Q2,1.0,1.0,1.0,0.0,tie
q2_3099,Q2,1.0,1.0,1.0,0.0,tie
q2_3100,Q2,0.5,1.0,0.5,-0.5,hybrid_loss
q2_3101,Q2,1.0,1.0,1.0,0.0,tie
q2_3102,Q2,1.0,1.0,1.0,0.0,tie
q2_3103,Q2,0.5,0.5,0.5,0.0,tie
q2_3104,Q2,1.0,1.0,1.0,0.0,tie
q2_3105,Q2,1.0,1.0,1.0,0.0,tie
q2_3106,Q2,1.0,1.0,1.0,0.0,tie
q2_3107,Q2,1.0,1.0,1.0,0.0,tie
q2_3108,Q2,1.0,1.0,1.0,0.0,tie
q2_3109,Q2,1.0,1.0,1.0,0.0,tie
q2_3110,Q2,1.0,1.0,1.0,0.0,tie
q2_3111,Q2,1.0,1.0,1.0,0.0,tie
q2_3112,Q2,1.0,1.0,1.0,0.0,tie
q2_3113,Q2,1.0,1.0,1.0,0.0,tie
q2_3114,Q2,1.0,1.0,1.0,0.0,tie
q2_3115,Q2,0.5,1.0,0.5,-0.5,hybrid_loss
q2_3116,Q2,1.0,1.0,1.0,0.0,tie
q2_3117,Q2,0.5,0.3333333333333333,0.3333333333333333,-0.16666666666666669,hybrid_loss
q2_3118,Q2,1.0,1.0,1.0,0.0,tie
q2_3119,Q2,1.0,1.0,1.0,0.0,tie
q2_3120,Q2,0.16666666666666666,0.0,0.14285714285714285,-0.023809523809523808,hybrid_loss
q2_3121,Q2,1.0,1.0,1.0,0.0,tie
q2_3122,Q2,1.0,0.3333333333333333,1.0,0.0,tie
q2_3123,Q2,1.0,0.16666666666666666,1.0,0.0,tie
q2_3124,Q2,1.0,1.0,1.0,0.0,tie
q2_3125,Q2,0.5,0.5,0.5,0.0,tie
q2_3126,Q2,1.0,0.3333333333333333,1.0,0.0,tie
q2_3127,Q2,1.0,1.0,1.0,0.0,tie
q2_3128,Q2,1.0,1.0,1.0,0.0,tie
q2_3129,Q2,0.5,0.3333333333333333,1.0,0.5,hybrid_win
q2_3130,Q2,0.5,1.0,1.0,0.0,tie
q2_3131,Q2,1.0,1.0,1.0,0.0,tie
q2_3132,Q2,0.3333333333333333,0.25,1.0,0.6666666666666667,hybrid_win
q2_3133,Q2,1.0,1.0,1.0,0.0,tie
q2_3134,Q2,0.5,1.0,1.0,0.0,tie
q2_3135,Q2,1.0,1.0,1.0,0.0,tie
q2_3136,Q2,1.0,1.0,1.0,0.0,tie
q2_3137,Q2,1.0,1.0,1.0,0.0,tie
q2_3138,Q2,0.0,0.3333333333333333,0.125,-0.20833333333333331,hybrid_loss
q2_3139,Q2,1.0,1.0,1.0,0.0,tie
q2_3140,Q2,0.5,0.25,0.5,0.0,tie
q2_3141,Q2,0.5,0.3333333333333333,0.3333333333333333,-0.16666666666666669,hybrid_loss
q2_3142,Q2,0.5,0.2,0.2,-0.3,hybrid_loss
q2_3143,Q2,1.0,0.3333333333333333,1.0,0.0,tie
q2_3144,Q2,1.0,1.0,1.0,0.0,tie
q2_3145,Q2,0.5,1.0,0.5,-0.5,hybrid_loss
q2_3146,Q2,1.0,0.3333333333333333,1.0,0.0,tie
q2_3147,Q2,1.0,1.0,1.0,0.0,tie
q2_3148,Q2,1.0,0.14285714285714285,1.0,0.0,tie
q2_3149,Q2,1.0,1.0,1.0,0.0,tie
q2_3150,Q2,1.0,1.0,1.0,0.0,tie
q2_3151,Q2,1.0,1.0,1.0,0.0,tie
q2_3152,Q2,1.0,1.0,1.0,0.0,tie
q2_3153,Q2,1.0,1.0,1.0,0.0,tie
q2_3154,Q2,1.0,1.0,1.0,0.0,tie
q2_3155,Q2,0.5,0.5,0.5,0.0,tie
q2_3156,Q2,1.0,1.0,1.0,0.0,tie
q2_3157,Q2,1.0,1.0,1.0,0.0,tie
q2_3158,Q2,0.5,0.3333333333333333,0.3333333333333333,-0.16666666666666669,hybrid_loss
q2_3159,Q2,1.0,1.0,1.0,0.0,tie
q2_3160,Q2,1.0,1.0,1.0,0.0,tie
q2_3161,Q2,1.0,1.0,1.0,0.0,tie
q2_3162,Q2,1.0,1.0,1.0,0.0,tie
q2_3163,Q2,1.0,1.0,1.0,0.0,tie
q2_3164,Q2,1.0,1.0,1.0,0.0,tie
q2_3165,Q2,1.0,1.0,1.0,0.0,tie
q2_3166,Q2,1.0,1.0,1.0,0.0,tie
q2_3167,Q2,0.3333333333333333,1.0,1.0,0.0,tie
q2_3168,Q2,0.25,0.5,0.5,0.0,tie
q2_3169,Q2,0.5,1.0,0.5,-0.5,hybrid_loss
q2_3170,Q2,1.0,0.25,1.0,0.0,tie
q2_3171,Q2,1.0,0.5,1.0,0.0,tie
q2_3172,Q2,1.0,1.0,1.0,0.0,tie
q2_3173,Q2,0.5,1.0,1.0,0.0,tie
q2_3174,Q2,1.0,1.0,1.0,0.0,tie
q2_3175,Q2,1.0,1.0,1.0,0.0,tie
q2_3176,Q2,1.0,1.0,1.0,0.0,tie
q2_3177,Q2,0.5,0.5,0.5,0.0,tie
q2_3178,Q2,1.0,0.16666666666666666,1.0,0.0,tie
q2_3179,Q2,1.0,0.5,1.0,0.0,tie
q2_3180,Q2,1.0,1.0,1.0,0.0,tie
q2_3181,Q2,1.0,1.0,1.0,0.0,tie
q2_3182,Q2,1.0,0.5,1.0,0.0,tie
q2_3183,Q2,1.0,1.0,1.0,0.0,tie
q2_3184,Q2,1.0,1.0,1.0,0.0,tie
q2_3185,Q2,1.0,0.5,1.0,0.0,tie
q2_3186,Q2,0.5,1.0,0.5,-0.5,hybrid_loss
q2_3187,Q2,1.0,1.0,1.0,0.0,tie
q2_3188,Q2,1.0,1.0,1.0,0.0,tie
q2_3189,Q2,1.0,0.5,1.0,0.0,tie
q2_3190,Q2,1.0,1.0,1.0,0.0,tie
q2_3191,Q2,1.0,0.3333333333333333,0.3333333333333333,-0.6666666666666667,hybrid_loss
q2_3192,Q2,0.5,0.25,0.25,-0.25,hybrid_loss
q2_3193,Q2,0.3333333333333333,1.0,1.0,0.0,tie
q2_3194,Q2,0.25,0.5,0.5,0.0,tie
q2_3195,Q2,0.5,0.2,0.25,-0.25,hybrid_loss
q2_3196,Q2,0.3333333333333333,0.16666666666666666,0.2,-0.1333333333333333,hybrid_loss
q2_3197,Q2,0.25,0.25,0.16666666666666666,-0.08333333333333334,hybrid_loss
q2_3198,Q2,0.2,0.5,1.0,0.5,hybrid_win
q2_3199,Q2,0.16666666666666666,0.5,0.5,0.0,tie
q2_3200,Q2,0.14285714285714285,1.0,0.3333333333333333,-0.6666666666666667,hybrid_loss
q2_3201,Q2,1.0,1.0,1.0,0.0,tie
q2_3202,Q2,1.0,1.0,1.0,0.0,tie
q2_3203,Q2,1.0,1.0,1.0,0.0,tie
q2_3204,Q2,1.0,1.0,1.0,0.0,tie
q2_3205,Q2,1.0,1.0,1.0,0.0,tie
q2_3206,Q2,1.0,1.0,1.0,0.0,tie
q2_3207,Q2,1.0,1.0,1.0,0.0,tie
q2_3208,Q2,0.5,0.5,0.5,0.0,tie
q2_3209,Q2,0.3333333333333333,0.3333333333333333,0.3333333333333333,0.0,tie
q2_3210,Q2,1.0,1.0,1.0,0.0,tie
q2_3211,Q2,1.0,1.0,1.0,0.0,tie
q2_3212,Q2,1.0,1.0,1.0,0.0,tie
q2_3213,Q2,1.0,1.0,1.0,0.0,tie
q2_3214,Q2,1.0,1.0,1.0,0.0,tie
q2_3215,Q2,1.0,1.0,1.0,0.0,tie
q2_3216,Q2,0.5,1.0,1.0,0.0,tie
q2_3217,Q2,1.0,0.3333333333333333,1.0,0.0,tie
q2_3218,Q2,1.0,0.5,1.0,0.0,tie
q2_3219,Q2,1.0,1.0,1.0,0.0,tie
q2_3220,Q2,1.0,1.0,1.0,0.0,tie
q2_3221,Q2,0.5,0.2,0.3333333333333333,-0.16666666666666669,hybrid_loss
q2_3222,Q2,1.0,1.0,1.0,0.0,tie
q2_3223,Q2,1.0,1.0,1.0,0.0,tie
q2_3224,Q2,1.0,1.0,1.0,0.0,tie
q2_3225,Q2,1.0,1.0,1.0,0.0,tie
q2_3226,Q2,1.0,1.0,1.0,0.0,tie
q2_3227,Q2,1.0,1.0,1.0,0.0,tie
q2_3228,Q2,1.0,1.0,1.0,0.0,tie
q2_3229,Q2,1.0,1.0,1.0,0.0,tie
q2_3230,Q2,1.0,1.0,1.0,0.0,tie
q2_3231,Q2,1.0,1.0,1.0,0.0,tie
q2_3232,Q2,1.0,1.0,1.0,0.0,tie
q2_3233,Q2,1.0,1.0,1.0,0.0,tie
q2_3234,Q2,1.0,1.0,1.0,0.0,tie
q2_3235,Q2,1.0,1.0,1.0,0.0,tie
q2_3236,Q2,1.0,1.0,1.0,0.0,tie
q2_3237,Q2,0.3333333333333333,0.25,0.3333333333333333,0.0,tie
q2_3238,Q2,0.25,1.0,0.25,-0.75,hybrid_loss
q2_3239,Q2,0.3333333333333333,0.3333333333333333,0.3333333333333333,0.0,tie
q2_3240,Q2,0.25,1.0,0.25,-0.75,hybrid_loss
q2_3241,Q2,1.0,1.0,1.0,0.0,tie
q2_3242,Q2,1.0,1.0,1.0,0.0,tie
q2_3243,Q2,1.0,0.5,1.0,0.0,tie
q2_3244,Q2,1.0,0.0,1.0,0.0,tie
q2_3245,Q2,1.0,0.14285714285714285,1.0,0.0,tie
q2_3246,Q2,1.0,1.0,1.0,0.0,tie
q2_3247,Q2,0.5,1.0,1.0,0.0,tie
q2_3248,Q2,1.0,0.5,1.0,0.0,tie
q2_3249,Q2,1.0,1.0,1.0,0.0,tie
q2_3250,Q2,0.3333333333333333,0.5,0.3333333333333333,-0.16666666666666669,hybrid_loss
q2_3251,Q2,1.0,1.0,1.0,0.0,tie
q2_3252,Q2,1.0,0.14285714285714285,1.0,0.0,tie
q2_3253,Q2,1.0,0.2,1.0,0.0,tie
q2_3254,Q2,0.2,0.3333333333333333,0.3333333333333333,0.0,tie
q2_3255,Q2,0.3333333333333333,0.5,0.5,0.0,tie
q2_3256,Q2,0.25,0.25,0.25,0.0,tie
q2_3257,Q2,0.5,0.5,0.5,0.0,tie
q2_3258,Q2,0.5,1.0,1.0,0.0,tie
q2_3259,Q2,0.5,0.5,0.5,0.0,tie
q2_3260,Q2,0.5,1.0,1.0,0.0,tie
q2_3261,Q2,1.0,1.0,1.0,0.0,tie
q2_3262,Q2,1.0,1.0,1.0,0.0,tie
q2_3263,Q2,0.5,1.0,1.0,0.0,tie
q2_3264,Q2,0.5,1.0,1.0,0.0,tie
q2_3265,Q2,1.0,1.0,1.0,0.0,tie
q2_3266,Q2,0.3333333333333333,0.5,0.5,0.0,tie
q2_3267,Q2,1.0,0.5,1.0,0.0,tie
q2_3268,Q2,1.0,0.0,1.0,0.0,tie
q2_3269,Q2,1.0,1.0,1.0,0.0,tie
q2_3270,Q2,1.0,1.0,1.0,0.0,tie
q2_3271,Q2,1.0,1.0,1.0,0.0,tie
q2_3272,Q2,1.0,1.0,1.0,0.0,tie
q2_3273,Q2,1.0,0.5,1.0,0.0,tie
q2_3274,Q2,0.5,0.5,0.5,0.0,tie
q2_3275,Q2,1.0,1.0,1.0,0.0,tie
q2_3276,Q2,1.0,0.5,1.0,0.0,tie
q2_3277,Q2,1.0,0.0,1.0,0.0,tie
q2_3278,Q2,1.0,1.0,1.0,0.0,tie
q2_3279,Q2,1.0,1.0,1.0,0.0,tie
q2_3280,Q2,1.0,1.0,1.0,0.0,tie
q2_3281,Q2,1.0,1.0,1.0,0.0,tie
q2_3282,Q2,1.0,0.5,1.0,0.0,tie
q2_3283,Q2,1.0,1.0,1.0,0.0,tie
q2_3284,Q2,1.0,1.0,1.0,0.0,tie
q2_3285,Q2,1.0,1.0,1.0,0.0,tie
q2_3286,Q2,1.0,1.0,1.0,0.0,tie
q2_3287,Q2,1.0,0.2,0.5,-0.5,hybrid_loss
q2_3288,Q2,1.0,0.14285714285714285,1.0,0.0,tie
q2_3289,Q2,1.0,1.0,1.0,0.0,tie
q2_3290,Q2,1.0,1.0,1.0,0.0,tie
q2_3291,Q2,1.0,0.125,1.0,0.0,tie
q2_3292,Q2,1.0,1.0,1.0,0.0,tie
q2_3293,Q2,1.0,1.0,1.0,0.0,tie
q2_3294,Q2,1.0,1.0,1.0,0.0,tie
q2_3295,Q2,1.0,1.0,1.0,0.0,tie
q2_3296,Q2,1.0,1.0,1.0,0.0,tie
q2_3297,Q2,0.3333333333333333,1.0,1.0,0.0,tie
q2_3298,Q2,1.0,0.5,1.0,0.0,tie
q2_3299,Q2,0.5,1.0,0.5,-0.5,hybrid_loss
q2_3300,Q2,1.0,1.0,1.0,0.0,tie
q2_3301,Q2,1.0,1.0,1.0,0.0,tie
q2_3302,Q2,1.0,1.0,1.0,0.0,tie
q2_3303,Q2,1.0,1.0,1.0,0.0,tie
q2_3304,Q2,1.0,1.0,1.0,0.0,tie
q2_3305,Q2,1.0,0.0,1.0,0.0,tie
q2_3306,Q2,1.0,0.5,1.0,0.0,tie
q2_3307,Q2,1.0,1.0,1.0,0.0,tie
q2_3308,Q2,1.0,0.5,1.0,0.0,tie
q2_3309,Q2,1.0,0.5,0.5,-0.5,hybrid_loss
q2_3310,Q2,1.0,1.0,1.0,0.0,tie
q2_3311,Q2,0.2,1.0,1.0,0.0,tie
q2_3312,Q2,0.2,1.0,0.2,-0.8,hybrid_loss
q2_3313,Q2,1.0,0.5,1.0,0.0,tie
q2_3314,Q2,1.0,1.0,1.0,0.0,tie
q2_3315,Q2,1.0,1.0,1.0,0.0,tie
q2_3316,Q2,0.2,1.0,0.3333333333333333,-0.6666666666666667,hybrid_loss
q2_3317,Q2,0.3333333333333333,1.0,0.3333333333333333,-0.6666666666666667,hybrid_loss
q2_3318,Q2,1.0,1.0,1.0,0.0,tie
q2_3319,Q2,1.0,0.3333333333333333,1.0,0.0,tie
q2_3320,Q2,1.0,1.0,1.0,0.0,tie
q2_3321,Q2,1.0,1.0,1.0,0.0,tie
q2_3322,Q2,1.0,1.0,1.0,0.0,tie
q2_3323,Q2,1.0,0.3333333333333333,1.0,0.0,tie
q2_3324,Q2,0.5,0.2,0.2,-0.3,hybrid_loss
q2_3325,Q2,0.3333333333333333,0.3333333333333333,0.3333333333333333,0.0,tie
q2_3326,Q2,1.0,0.3333333333333333,1.0,0.0,tie
q2_3327,Q2,1.0,1.0,1.0,0.0,tie
q2_3328,Q2,1.0,0.125,1.0,0.0,tie
q2_3329,Q2,1.0,0.5,1.0,0.0,tie
q2_3330,Q2,0.3333333333333333,0.14285714285714285,0.2,-0.1333333333333333,hybrid_loss
q2_3331,Q2,0.3333333333333333,0.3333333333333333,0.3333333333333333,0.0,tie
q2_3332,Q2,1.0,1.0,1.0,0.0,tie
q2_3333,Q2,1.0,1.0,1.0,0.0,tie
q2_3334,Q2,1.0,1.0,1.0,0.0,tie
q2_3335,Q2,1.0,1.0,1.0,0.0,tie
q2_3336,Q2,1.0,1.0,1.0,0.0,tie
q2_3337,Q2,1.0,1.0,1.0,0.0,tie
q2_3338,Q2,1.0,0.5,0.5,-0.5,hybrid_loss
q2_3339,Q2,1.0,0.5,1.0,0.0,tie
q2_3340,Q2,0.5,1.0,1.0,0.0,tie
q2_3341,Q2,1.0,1.0,1.0,0.0,tie
q2_3342,Q2,1.0,1.0,1.0,0.0,tie
q2_3343,Q2,1.0,1.0,1.0,0.0,tie
q2_3344,Q2,0.5,0.5,0.5,0.0,tie
q2_3345,Q2,0.5,0.2,0.3333333333333333,-0.16666666666666669,hybrid_loss
q2_3346,Q2,1.0,1.0,1.0,0.0,tie
q2_3347,Q2,1.0,1.0,1.0,0.0,tie
q2_3348,Q2,1.0,1.0,1.0,0.0,tie
q2_3349,Q2,1.0,1.0,1.0,0.0,tie
q2_3350,Q2,1.0,1.0,1.0,0.0,tie
q2_3351,Q2,1.0,1.0,1.0,0.0,tie
q2_3352,Q2,1.0,1.0,1.0,0.0,tie
q2_3353,Q2,0.5,0.14285714285714285,0.5,0.0,tie
q2_3354,Q2,1.0,1.0,1.0,0.0,tie
q2_3355,Q2,0.5,0.5,0.5,0.0,tie
q2_3356,Q2,1.0,1.0,1.0,0.0,tie
q2_3357,Q2,1.0,1.0,1.0,0.0,tie
q2_3358,Q2,1.0,1.0,1.0,0.0,tie
q2_3359,Q2,1.0,1.0,1.0,0.0,tie
q2_3360,Q2,1.0,1.0,1.0,0.0,tie
q2_3361,Q2,0.2,1.0,0.25,-0.75,hybrid_loss
q2_3362,Q2,0.3333333333333333,0.3333333333333333,0.3333333333333333,0.0,tie
q2_3363,Q2,0.5,0.5,0.5,0.0,tie
q2_3364,Q2,1.0,1.0,1.0,0.0,tie
q2_3365,Q2,1.0,1.0,1.0,0.0,tie
q2_3366,Q2,0.5,0.3333333333333333,0.5,0.0,tie
q2_3367,Q2,1.0,1.0,1.0,0.0,tie
q2_3368,Q2,1.0,1.0,1.0,0.0,tie
q2_3369,Q2,0.5,1.0,1.0,0.0,tie
q2_3370,Q2,1.0,1.0,1.0,0.0,tie
q2_3371,Q2,1.0,1.0,1.0,0.0,tie
q2_3372,Q2,1.0,1.0,1.0,0.0,tie
q2_3373,Q2,1.0,1.0,1.0,0.0,tie
q2_3374,Q2,1.0,1.0,1.0,0.0,tie
q2_3375,Q2,1.0,1.0,1.0,0.0,tie
q2_3376,Q2,1.0,0.25,1.0,0.0,tie
q2_3377,Q2,1.0,1.0,1.0,0.0,tie
q2_3378,Q2,0.25,0.5,0.5,0.0,tie
q2_3379,Q2,1.0,1.0,1.0,0.0,tie
q2_3380,Q2,0.5,1.0,1.0,0.0,tie
q2_3381,Q2,0.25,1.0,1.0,0.0,tie
q2_3382,Q2,0.0,0.0,0.0,0.0,tie
q2_3383,Q2,1.0,0.5,1.0,0.0,tie
q2_3384,Q2,1.0,1.0,1.0,0.0,tie
q2_3385,Q2,1.0,1.0,1.0,0.0,tie
q2_3386,Q2,0.5,1.0,1.0,0.0,tie
q2_3387,Q2,1.0,0.5,1.0,0.0,tie
q2_3388,Q2,1.0,1.0,1.0,0.0,tie
q2_3389,Q2,1.0,1.0,1.0,0.0,tie
q2_3390,Q2,1.0,1.0,1.0,0.0,tie
q2_3391,Q2,1.0,0.3333333333333333,0.5,-0.5,hybrid_loss
q2_3392,Q2,0.5,0.3333333333333333,0.5,0.0,tie
q2_3393,Q2,0.5,0.25,0.5,0.0,tie
q2_3394,Q2,0.5,0.2,1.0,0.5,hybrid_win
q2_3395,Q2,1.0,1.0,1.0,0.0,tie
q2_3396,Q2,1.0,1.0,1.0,0.0,tie
q2_3397,Q2,1.0,0.5,1.0,0.0,tie
q2_3398,Q2,1.0,1.0,1.0,0.0,tie
q2_3399,Q2,0.5,0.25,0.5,0.0,tie
q2_3400,Q2,1.0,1.0,1.0,0.0,tie
q2_3401,Q2,1.0,1.0,1.0,0.0,tie
q2_3402,Q2,1.0,1.0,1.0,0.0,tie
q2_3403,Q2,1.0,1.0,1.0,0.0,tie
q2_3404,Q2,0.2,0.2,0.3333333333333333,0.1333333333333333,hybrid_win
q2_3405,Q2,1.0,1.0,1.0,0.0,tie
q2_3406,Q2,1.0,1.0,1.0,0.0,tie
q2_3407,Q2,1.0,1.0,1.0,0.0,tie
q2_3408,Q2,1.0,1.0,1.0,0.0,tie
q2_3409,Q2,0.2,0.2,0.2,0.0,tie
q2_3410,Q2,0.5,0.5,0.5,0.0,tie
q2_3411,Q2,1.0,1.0,1.0,0.0,tie
q2_3412,Q2,1.0,1.0,1.0,0.0,tie
q2_3413,Q2,1.0,1.0,1.0,0.0,tie
q2_3414,Q2,1.0,1.0,1.0,0.0,tie
q2_3415,Q2,1.0,1.0,1.0,0.0,tie
q2_3416,Q2,1.0,1.0,1.0,0.0,tie
q2_3417,Q2,1.0,1.0,1.0,0.0,tie
q2_3418,Q2,1.0,1.0,1.0,0.0,tie
q2_3419,Q2,1.0,1.0,1.0,0.0,tie
q2_3420,Q2,0.3333333333333333,0.0,0.25,-0.08333333333333331,hybrid_loss
q2_3421,Q2,1.0,1.0,1.0,0.0,tie
q2_3422,Q2,1.0,1.0,1.0,0.0,tie
q2_3423,Q2,1.0,1.0,1.0,0.0,tie
q2_3424,Q2,1.0,1.0,1.0,0.0,tie
q2_3425,Q2,1.0,1.0,1.0,0.0,tie
q2_3426,Q2,0.5,1.0,0.5,-0.5,hybrid_loss
q2_3427,Q2,1.0,1.0,1.0,0.0,tie
q2_3428,Q2,1.0,1.0,1.0,0.0,tie
q2_3429,Q2,0.5,0.25,0.5,0.0,tie
q2_3430,Q2,0.3333333333333333,0.3333333333333333,0.3333333333333333,0.0,tie
q2_3431,Q2,1.0,0.25,1.0,0.0,tie
q2_3432,Q2,1.0,1.0,1.0,0.0,tie
q2_3433,Q2,1.0,0.3333333333333333,1.0,0.0,tie
q2_3434,Q2,0.5,0.3333333333333333,0.5,0.0,tie
q2_3435,Q2,1.0,1.0,1.0,0.0,tie
q2_3436,Q2,1.0,1.0,1.0,0.0,tie
q2_3437,Q2,1.0,1.0,1.0,0.0,tie
q2_3438,Q2,1.0,1.0,1.0,0.0,tie
q2_3439,Q2,1.0,1.0,1.0,0.0,tie
q2_3440,Q2,1.0,1.0,1.0,0.0,tie
q2_3441,Q2,1.0,1.0,1.0,0.0,tie
q2_3442,Q2,1.0,1.0,1.0,0.0,tie
q2_3443,Q2,1.0,1.0,1.0,0.0,tie
q2_3444,Q2,1.0,0.5,1.0,0.0,tie
q2_3445,Q2,1.0,0.14285714285714285,1.0,0.0,tie
q2_3446,Q2,1.0,0.5,1.0,0.0,tie
q2_3447,Q2,0.5,1.0,0.5,-0.5,hybrid_loss
q2_3448,Q2,1.0,1.0,1.0,0.0,tie
q2_3449,Q2,1.0,1.0,1.0,0.0,tie
q2_3450,Q2,1.0,1.0,1.0,0.0,tie
q2_3451,Q2,1.0,0.14285714285714285,0.25,-0.75,hybrid_loss
q2_3452,Q2,0.5,0.16666666666666666,0.2,-0.3,hybrid_loss
q2_3453,Q2,1.0,0.5,1.0,0.0,tie
q2_3454,Q2,1.0,1.0,1.0,0.0,tie
q2_3455,Q2,1.0,1.0,1.0,0.0,tie
q2_3456,Q2,1.0,1.0,1.0,0.0,tie
q2_3457,Q2,0.5,1.0,1.0,0.0,tie
q2_3458,Q2,0.5,1.0,1.0,0.0,tie
q2_3459,Q2,0.5,1.0,1.0,0.0,tie
q2_3460,Q2,0.5,1.0,1.0,0.0,tie
q2_3461,Q2,1.0,0.3333333333333333,1.0,0.0,tie
q2_3462,Q2,1.0,1.0,1.0,0.0,tie
q2_3463,Q2,1.0,0.2,1.0,0.0,tie
q2_3464,Q2,0.5,0.5,0.5,0.0,tie
q2_3465,Q2,0.3333333333333333,0.5,0.3333333333333333,-0.16666666666666669,hybrid_loss
q2_3466,Q2,0.25,1.0,0.25,-0.75,hybrid_loss
q2_3467,Q2,0.2,0.2,0.2,0.0,tie
q2_3468,Q2,0.16666666666666666,0.3333333333333333,0.16666666666666666,-0.16666666666666666,hybrid_loss
q2_3469,Q2,1.0,0.125,1.0,0.0,tie
q2_3470,Q2,0.5,0.14285714285714285,0.5,0.0,tie
q2_3471,Q2,0.3333333333333333,0.1,0.3333333333333333,0.0,tie
q2_3472,Q2,0.25,0.1111111111111111,0.25,0.0,tie
q2_3473,Q2,1.0,0.25,1.0,0.0,tie
q2_3474,Q2,0.5,0.3333333333333333,0.5,0.0,tie
q2_3475,Q2,0.3333333333333333,0.5,0.3333333333333333,-0.16666666666666669,hybrid_loss
q2_3476,Q2,0.25,0.3333333333333333,0.25,-0.08333333333333331,hybrid_loss
q2_3477,Q2,1.0,0.25,1.0,0.0,tie
q2_3478,Q2,0.5,0.3333333333333333,0.5,0.0,tie
q2_3479,Q2,0.3333333333333333,0.5,0.3333333333333333,-0.16666666666666669,hybrid_loss
q2_3480,Q2,0.25,1.0,0.25,-0.75,hybrid_loss
q2_3481,Q2,1.0,0.3333333333333333,1.0,0.0,tie
q2_3482,Q2,0.5,0.3333333333333333,0.5,0.0,tie
q2_3483,Q2,0.3333333333333333,0.25,0.3333333333333333,0.0,tie
q2_3484,Q2,0.25,0.3333333333333333,0.25,-0.08333333333333331,hybrid_loss
q2_3485,Q2,1.0,1.0,1.0,0.0,tie
q2_3486,Q2,1.0,1.0,1.0,0.0,tie
q2_3487,Q2,1.0,1.0,1.0,0.0,tie
q2_3488,Q2,1.0,0.0,1.0,0.0,tie
q2_3489,Q2,0.5,0.0,0.5,0.0,tie
q2_3490,Q2,1.0,0.0,1.0,0.0,tie
q2_3491,Q2,1.0,0.0,0.3333333333333333,-0.6666666666666667,hybrid_loss
q2_3492,Q2,0.5,0.0,0.25,-0.25,hybrid_loss
q2_3493,Q2,1.0,0.5,1.0,0.0,tie
q2_3494,Q2,0.5,1.0,0.5,-0.5,hybrid_loss
q2_3495,Q2,0.2,0.0,0.2,0.0,tie
q2_3496,Q2,1.0,1.0,1.0,0.0,tie
q2_3497,Q2,0.5,0.5,0.5,0.0,tie
q2_3498,Q2,1.0,0.5,1.0,0.0,tie
q2_3499,Q2,0.5,0.25,0.5,0.0,tie
q2_3500,Q2,0.3333333333333333,0.3333333333333333,0.3333333333333333,0.0,tie
q2_3501,Q2,0.25,0.25,0.25,0.0,tie
q2_3502,Q2,1.0,1.0,1.0,0.0,tie
q2_3503,Q2,0.5,0.5,0.5,0.0,tie
q2_3504,Q2,1.0,1.0,1.0,0.0,tie
q2_3505,Q2,1.0,0.5,1.0,0.0,tie
q2_3506,Q2,0.5,0.5,0.5,0.0,tie
q2_3507,Q2,1.0,1.0,1.0,0.0,tie
q2_3508,Q2,1.0,1.0,1.0,0.0,tie
q2_3509,Q2,1.0,0.5,1.0,0.0,tie
q2_3510,Q2,1.0,0.5,1.0,0.0,tie
q2_3511,Q2,0.5,1.0,0.5,-0.5,hybrid_loss
q2_3512,Q2,1.0,1.0,1.0,0.0,tie
q2_3513,Q2,1.0,1.0,1.0,0.0,tie
q2_3514,Q2,1.0,1.0,1.0,0.0,tie
q2_3515,Q2,1.0,1.0,1.0,0.0,tie
q2_3516,Q2,1.0,0.5,1.0,0.0,tie
q2_3517,Q2,0.5,1.0,0.5,-0.5,hybrid_loss
q2_3518,Q2,1.0,1.0,1.0,0.0,tie
q2_3519,Q2,1.0,1.0,1.0,0.0,tie
q2_3520,Q2,0.5,0.5,0.5,0.0,tie
q2_3521,Q2,1.0,1.0,1.0,0.0,tie
q2_3522,Q2,1.0,1.0,1.0,0.0,tie
q2_3523,Q2,1.0,1.0,1.0,0.0,tie
q2_3524,Q2,1.0,1.0,1.0,0.0,tie
q2_3525,Q2,1.0,0.5,1.0,0.0,tie
q2_3526,Q2,0.5,1.0,0.5,-0.5,hybrid_loss
q2_3527,Q2,1.0,1.0,1.0,0.0,tie
q2_3528,Q2,1.0,1.0,1.0,0.0,tie
q2_3529,Q2,1.0,1.0,1.0,0.0,tie
q2_3530,Q2,1.0,0.25,1.0,0.0,tie
q2_3531,Q2,1.0,1.0,1.0,0.0,tie
q2_3532,Q2,1.0,1.0,1.0,0.0,tie
q2_3533,Q2,1.0,1.0,1.0,0.0,tie
q2_3534,Q2,0.3333333333333333,0.25,1.0,0.6666666666666667,hybrid_win
q2_3535,Q2,0.25,0.3333333333333333,0.5,0.16666666666666669,hybrid_win
q2_3536,Q2,1.0,0.0,1.0,0.0,tie
q2_3537,Q2,1.0,1.0,1.0,0.0,tie
q2_3538,Q2,1.0,1.0,1.0,0.0,tie
q2_3539,Q2,1.0,1.0,1.0,0.0,tie
q2_3540,Q2,1.0,1.0,1.0,0.0,tie
q2_3541,Q2,1.0,1.0,1.0,0.0,tie
q2_3542,Q2,1.0,1.0,1.0,0.0,tie
q2_3543,Q2,1.0,1.0,1.0,0.0,tie
q2_3544,Q2,1.0,0.5,1.0,0.0,tie
q2_3545,Q2,1.0,1.0,1.0,0.0,tie
q2_3546,Q2,1.0,1.0,1.0,0.0,tie
q2_3547,Q2,1.0,1.0,1.0,0.0,tie
q2_3548,Q2,1.0,1.0,1.0,0.0,tie
q2_3549,Q2,1.0,0.3333333333333333,1.0,0.0,tie
q2_3550,Q2,1.0,1.0,1.0,0.0,tie
q2_3551,Q2,1.0,1.0,1.0,0.0,tie
q2_3552,Q2,1.0,1.0,1.0,0.0,tie
q2_3553,Q2,1.0,1.0,1.0,0.0,tie
q2_3554,Q2,1.0,1.0,1.0,0.0,tie
q2_3555,Q2,1.0,1.0,1.0,0.0,tie
q2_3556,Q2,1.0,0.5,0.5,-0.5,hybrid_loss
q2_3557,Q2,0.5,1.0,1.0,0.0,tie
q2_3558,Q2,1.0,1.0,1.0,0.0,tie
q2_3559,Q2,1.0,1.0,1.0,0.0,tie
q2_3560,Q2,1.0,1.0,1.0,0.0,tie
q2_3561,Q2,1.0,0.25,1.0,0.0,tie
q2_3562,Q2,1.0,0.5,1.0,0.0,tie
q2_3563,Q2,1.0,1.0,1.0,0.0,tie
q2_3564,Q2,1.0,1.0,1.0,0.0,tie
q2_3565,Q2,1.0,0.5,1.0,0.0,tie
q2_3566,Q2,1.0,1.0,1.0,0.0,tie
q2_3567,Q2,1.0,1.0,1.0,0.0,tie
q2_3568,Q2,1.0,1.0,1.0,0.0,tie
q2_3569,Q2,1.0,1.0,1.0,0.0,tie
q2_3570,Q2,1.0,1.0,1.0,0.0,tie
q2_3571,Q2,1.0,1.0,1.0,0.0,tie
q2_3572,Q2,1.0,1.0,1.0,0.0,tie
q2_3573,Q2,1.0,1.0,1.0,0.0,tie
q2_3574,Q2,1.0,1.0,1.0,0.0,tie
q2_3575,Q2,1.0,1.0,1.0,0.0,tie
q2_3576,Q2,1.0,1.0,1.0,0.0,tie
q2_3577,Q2,0.25,0.5,0.3333333333333333,-0.16666666666666669,hybrid_loss
q2_3578,Q2,0.5,0.5,0.5,0.0,tie
q2_3579,Q2,0.5,1.0,1.0,0.0,tie
q2_3580,Q2,1.0,1.0,1.0,0.0,tie
q2_3581,Q2,1.0,1.0,1.0,0.0,tie
q2_3582,Q2,1.0,1.0,1.0,0.0,tie
q2_3583,Q2,1.0,1.0,1.0,0.0,tie
q2_3584,Q2,1.0,1.0,1.0,0.0,tie
q2_3585,Q2,1.0,0.3333333333333333,1.0,0.0,tie
q2_3586,Q2,0.5,1.0,0.5,-0.5,hybrid_loss
q2_3587,Q2,0.3333333333333333,1.0,0.3333333333333333,-0.6666666666666667,hybrid_loss
q2_3588,Q2,1.0,0.25,1.0,0.0,tie
q2_3589,Q2,0.5,1.0,0.5,-0.5,hybrid_loss
q2_3590,Q2,0.3333333333333333,0.3333333333333333,0.3333333333333333,0.0,tie
q2_3591,Q2,0.25,0.5,0.25,-0.25,hybrid_loss
q2_3592,Q2,1.0,1.0,1.0,0.0,tie
q2_3593,Q2,0.5,0.5,0.5,0.0,tie
q2_3594,Q2,1.0,1.0,1.0,0.0,tie
q2_3595,Q2,0.2,0.2,0.3333333333333333,0.1333333333333333,hybrid_win
q2_3596,Q2,1.0,0.3333333333333333,1.0,0.0,tie
q2_3597,Q2,0.5,1.0,0.5,-0.5,hybrid_loss
q2_3598,Q2,0.3333333333333333,0.5,0.3333333333333333,-0.16666666666666669,hybrid_loss
q2_3599,Q2,1.0,1.0,1.0,0.0,tie
q2_3600,Q2,1.0,1.0,1.0,0.0,tie
q2_3601,Q2,1.0,0.5,1.0,0.0,tie
q2_3602,Q2,0.5,1.0,0.5,-0.5,hybrid_loss
q2_3603,Q2,1.0,1.0,1.0,0.0,tie
q2_3604,Q2,0.5,0.5,0.5,0.0,tie
q2_3605,Q2,1.0,1.0,1.0,0.0,tie
q2_3606,Q2,1.0,1.0,1.0,0.0,tie
q2_3607,Q2,1.0,0.5,1.0,0.0,tie
q2_3608,Q2,1.0,0.5,1.0,0.0,tie
q2_3609,Q2,0.5,0.3333333333333333,0.5,0.0,tie
q2_3610,Q2,1.0,1.0,1.0,0.0,tie
q2_3611,Q2,1.0,1.0,1.0,0.0,tie
q2_3612,Q2,1.0,1.0,1.0,0.0,tie
q2_3613,Q2,0.5,0.5,0.5,0.0,tie
q2_3614,Q2,1.0,1.0,1.0,0.0,tie
q2_3615,Q2,1.0,1.0,1.0,0.0,tie
q2_3616,Q2,1.0,1.0,1.0,0.0,tie
q2_3617,Q2,1.0,1.0,1.0,0.0,tie
q2_3618,Q2,1.0,1.0,1.0,0.0,tie
q2_3619,Q2,1.0,0.5,1.0,0.0,tie
q2_3620,Q2,0.5,1.0,0.5,-0.5,hybrid_loss
q2_3621,Q2,1.0,0.5,1.0,0.0,tie
q2_3622,Q2,0.5,1.0,0.5,-0.5,hybrid_loss
q2_3623,Q2,1.0,1.0,1.0,0.0,tie
q2_3624,Q2,1.0,1.0,1.0,0.0,tie
q2_3625,Q2,1.0,1.0,1.0,0.0,tie
q2_3626,Q2,1.0,1.0,1.0,0.0,tie
q2_3627,Q2,1.0,0.5,1.0,0.0,tie
q2_3628,Q2,0.3333333333333333,1.0,0.5,-0.5,hybrid_loss
q2_3629,Q2,1.0,1.0,1.0,0.0,tie
q2_3630,Q2,1.0,1.0,1.0,0.0,tie
q2_3631,Q2,1.0,1.0,1.0,0.0,tie
q2_3632,Q2,1.0,1.0,1.0,0.0,tie
q2_3633,Q2,0.5,1.0,0.5,-0.5,hybrid_loss
q2_3634,Q2,1.0,1.0,1.0,0.0,tie
q2_3635,Q2,1.0,1.0,1.0,0.0,tie
q2_3636,Q2,1.0,0.0,1.0,0.0,tie
q2_3637,Q2,1.0,0.5,1.0,0.0,tie
q2_3638,Q2,0.5,0.3333333333333333,0.5,0.0,tie
q2_3639,Q2,0.3333333333333333,1.0,0.3333333333333333,-0.6666666666666667,hybrid_loss
q2_3640,Q2,1.0,1.0,1.0,0.0,tie
q2_3641,Q2,1.0,1.0,1.0,0.0,tie
q2_3642,Q2,1.0,1.0,1.0,0.0,tie
q2_3643,Q2,1.0,0.125,1.0,0.0,tie
q2_3644,Q2,1.0,0.5,1.0,0.0,tie
q2_3645,Q2,0.5,1.0,0.5,-0.5,hybrid_loss
q2_3646,Q2,1.0,0.3333333333333333,1.0,0.0,tie
q2_3647,Q2,0.5,0.3333333333333333,0.5,0.0,tie
q2_3648,Q2,0.3333333333333333,0.25,0.3333333333333333,0.0,tie
q2_3649,Q2,0.25,0.5,0.25,-0.25,hybrid_loss
q2_3650,Q2,1.0,1.0,1.0,0.0,tie
q2_3651,Q2,0.5,0.5,0.5,0.0,tie
q2_3652,Q2,1.0,0.5,1.0,0.0,tie
q2_3653,Q2,0.5,0.5,0.5,0.0,tie
q2_3654,Q2,1.0,1.0,1.0,0.0,tie
q2_3655,Q2,0.5,0.5,0.5,0.0,tie
q2_3656,Q2,1.0,1.0,1.0,0.0,tie
q2_3657,Q2,1.0,1.0,1.0,0.0,tie
q2_3658,Q2,0.5,0.5,0.5,0.0,tie
q2_3659,Q2,0.3333333333333333,1.0,0.3333333333333333,-0.6666666666666667,hybrid_loss
q2_3660,Q2,1.0,1.0,1.0,0.0,tie
q2_3661,Q2,0.5,0.5,0.5,0.0,tie
q2_3662,Q2,1.0,1.0,1.0,0.0,tie
q2_3663,Q2,1.0,1.0,1.0,0.0,tie
q2_3664,Q2,1.0,1.0,1.0,0.0,tie
q2_3665,Q2,0.5,1.0,0.5,-0.5,hybrid_loss
q2_3666,Q2,1.0,1.0,1.0,0.0,tie
q2_3667,Q2,1.0,1.0,1.0,0.0,tie
q2_3668,Q2,1.0,0.25,1.0,0.0,tie
q2_3669,Q2,1.0,0.5,1.0,0.0,tie
q2_3670,Q2,0.5,0.5,0.5,0.0,tie
q2_3671,Q2,1.0,1.0,1.0,0.0,tie
q2_3672,Q2,0.5,0.5,0.5,0.0,tie
q2_3673,Q2,1.0,1.0,1.0,0.0,tie
q2_3674,Q2,1.0,1.0,1.0,0.0,tie
q2_3675,Q2,1.0,1.0,1.0,0.0,tie
q2_3676,Q2,1.0,1.0,1.0,0.0,tie
q2_3677,Q2,1.0,1.0,1.0,0.0,tie
q2_3678,Q2,1.0,1.0,1.0,0.0,tie
q2_3679,Q2,0.3333333333333333,0.5,0.5,0.0,tie
q2_3680,Q2,0.5,1.0,1.0,0.0,tie
q2_3681,Q2,1.0,1.0,1.0,0.0,tie
q2_3682,Q2,0.0,1.0,0.14285714285714285,-0.8571428571428572,hybrid_loss
q2_3683,Q2,1.0,1.0,1.0,0.0,tie
q2_3684,Q2,1.0,0.3333333333333333,0.3333333333333333,-0.6666666666666667,hybrid_loss
q2_3685,Q2,0.5,1.0,1.0,0.0,tie
q2_3686,Q2,0.5,0.5,0.5,0.0,tie
q2_3687,Q2,1.0,1.0,1.0,0.0,tie
q2_3688,Q2,1.0,0.5,1.0,0.0,tie
q2_3689,Q2,0.5,1.0,1.0,0.0,tie
q2_3690,Q2,1.0,0.5,1.0,0.0,tie
q2_3691,Q2,1.0,1.0,1.0,0.0,tie
q2_3692,Q2,1.0,1.0,1.0,0.0,tie
q2_3693,Q2,1.0,1.0,1.0,0.0,tie
q2_3694,Q2,1.0,1.0,1.0,0.0,tie
q2_3695,Q2,1.0,1.0,1.0,0.0,tie
q2_3696,Q2,1.0,1.0,1.0,0.0,tie
q2_3697,Q2,0.5,0.5,0.5,0.0,tie
q2_3698,Q2,1.0,1.0,1.0,0.0,tie
q2_3699,Q2,1.0,0.0,0.25,-0.75,hybrid_loss
q2_3700,Q2,1.0,0.0,0.5,-0.5,hybrid_loss
q2_3701,Q2,1.0,1.0,1.0,0.0,tie
q2_3702,Q2,1.0,1.0,1.0,0.0,tie
q2_3703,Q2,1.0,1.0,1.0,0.0,tie
q2_3704,Q2,1.0,1.0,1.0,0.0,tie
q2_3705,Q2,1.0,1.0,1.0,0.0,tie
q2_3706,Q2,1.0,1.0,1.0,0.0,tie
q2_3707,Q2,1.0,0.0,1.0,0.0,tie
q2_3708,Q2,0.5,0.0,0.5,0.0,tie
q2_3709,Q2,0.5,0.0,1.0,0.5,hybrid_win
q2_3710,Q2,1.0,1.0,1.0,0.0,tie
q2_3711,Q2,0.25,0.0,0.25,0.0,tie
q2_3712,Q2,0.5,0.0,0.5,0.0,tie
q2_3713,Q2,1.0,1.0,1.0,0.0,tie
q2_3714,Q2,1.0,1.0,1.0,0.0,tie
q2_3715,Q2,1.0,0.0,1.0,0.0,tie
q2_3716,Q2,1.0,1.0,1.0,0.0,tie
q2_3717,Q2,1.0,1.0,1.0,0.0,tie
q2_3718,Q2,1.0,1.0,1.0,0.0,tie
q2_3719,Q2,1.0,1.0,1.0,0.0,tie
q2_3720,Q2,1.0,1.0,1.0,0.0,tie
q2_3721,Q2,1.0,1.0,1.0,0.0,tie
q2_3722,Q2,1.0,0.5,1.0,0.0,tie
q2_3723,Q2,1.0,1.0,1.0,0.0,tie
q2_3724,Q2,1.0,1.0,1.0,0.0,tie
q2_3725,Q2,1.0,1.0,1.0,0.0,tie
q2_3726,Q2,1.0,1.0,1.0,0.0,tie
q2_3727,Q2,1.0,1.0,1.0,0.0,tie
q2_3728,Q2,1.0,1.0,1.0,0.0,tie
q2_3729,Q2,1.0,1.0,1.0,0.0,tie
q2_3730,Q2,1.0,1.0,1.0,0.0,tie
q2_3731,Q2,0.5,1.0,1.0,0.0,tie
q2_3732,Q2,1.0,1.0,1.0,0.0,tie
q2_3733,Q2,1.0,1.0,1.0,0.0,tie
q2_3734,Q2,0.5,0.5,0.5,0.0,tie
q2_3735,Q2,1.0,1.0,1.0,0.0,tie
q2_3736,Q2,1.0,1.0,1.0,0.0,tie
q2_3737,Q2,1.0,1.0,1.0,0.0,tie
q2_3738,Q2,1.0,1.0,1.0,0.0,tie
q2_3739,Q2,1.0,1.0,1.0,0.0,tie
q2_3740,Q2,1.0,1.0,1.0,0.0,tie
q2_3741,Q2,1.0,0.0,1.0,0.0,tie
q2_3742,Q2,1.0,1.0,1.0,0.0,tie
q2_3743,Q2,1.0,1.0,1.0,0.0,tie
q2_3744,Q2,1.0,1.0,1.0,0.0,tie
q2_3745,Q2,1.0,1.0,1.0,0.0,tie
q2_3746,Q2,1.0,1.0,1.0,0.0,tie
q2_3747,Q2,1.0,1.0,1.0,0.0,tie
q2_3748,Q2,1.0,0.5,1.0,0.0,tie
q2_3749,Q2,1.0,0.5,1.0,0.0,tie
q2_3750,Q2,1.0,1.0,1.0,0.0,tie
q2_3751,Q2,1.0,1.0,1.0,0.0,tie
q2_3752,Q2,1.0,1.0,1.0,0.0,tie
q2_3753,Q2,1.0,1.0,1.0,0.0,tie
q2_3754,Q2,1.0,1.0,1.0,0.0,tie
q2_3755,Q2,1.0,0.5,1.0,0.0,tie
q2_3756,Q2,1.0,0.5,1.0,0.0,tie
q2_3757,Q2,1.0,1.0,1.0,0.0,tie
q2_3758,Q2,1.0,1.0,1.0,0.0,tie
q2_3759,Q2,1.0,1.0,1.0,0.0,tie
q2_3760,Q2,1.0,1.0,1.0,0.0,tie
q2_3761,Q2,1.0,1.0,1.0,0.0,tie
q2_3762,Q2,1.0,1.0,1.0,0.0,tie
q2_3763,Q2,1.0,0.5,1.0,0.0,tie
q2_3764,Q2,1.0,1.0,1.0,0.0,tie
q2_3765,Q2,1.0,1.0,1.0,0.0,tie
q3_0,Q3,1.0,1.0,1.0,0.0,tie
q3_1,Q3,1.0,1.0,1.0,0.0,tie
q3_2,Q3,1.0,1.0,1.0,0.0,tie
q3_3,Q3,1.0,1.0,1.0,0.0,tie
q3_4,Q3,1.0,1.0,1.0,0.0,tie
q3_5,Q3,1.0,1.0,1.0,0.0,tie
q3_6,Q3,1.0,1.0,1.0,0.0,tie
q3_7,Q3,1.0,1.0,1.0,0.0,tie
q3_8,Q3,1.0,1.0,1.0,0.0,tie
q3_9,Q3,1.0,1.0,1.0,0.0,tie
q3_10,Q3,1.0,1.0,1.0,0.0,tie
q3_11,Q3,0.5,0.16666666666666666,0.5,0.0,tie
q3_12,Q3,0.1,0.3333333333333333,0.25,-0.08333333333333331,hybrid_loss
q3_13,Q3,0.3333333333333333,1.0,1.0,0.0,tie
q3_14,Q3,1.0,0.5,1.0,0.0,tie
q3_15,Q3,0.5,1.0,0.5,-0.5,hybrid_loss
q3_16,Q3,1.0,1.0,1.0,0.0,tie
q3_17,Q3,1.0,1.0,1.0,0.0,tie
q3_18,Q3,1.0,1.0,1.0,0.0,tie
q3_19,Q3,1.0,1.0,1.0,0.0,tie
q3_20,Q3,1.0,1.0,1.0,0.0,tie
q3_21,Q3,0.5,0.5,0.5,0.0,tie
q3_22,Q3,1.0,0.3333333333333333,1.0,0.0,tie
q3_23,Q3,0.5,0.25,0.5,0.0,tie
q3_24,Q3,1.0,1.0,1.0,0.0,tie
q3_25,Q3,1.0,1.0,1.0,0.0,tie
q3_26,Q3,1.0,1.0,1.0,0.0,tie
q3_27,Q3,1.0,0.5,0.5,-0.5,hybrid_loss
q3_28,Q3,1.0,1.0,1.0,0.0,tie
q3_29,Q3,0.5,1.0,1.0,0.0,tie
q3_30,Q3,1.0,0.5,1.0,0.0,tie
q3_31,Q3,0.5,1.0,0.5,-0.5,hybrid_loss
q3_32,Q3,1.0,1.0,1.0,0.0,tie
q3_33,Q3,0.5,0.5,0.5,0.0,tie
q3_34,Q3,1.0,0.5,1.0,0.0,tie
q3_35,Q3,0.5,1.0,0.5,-0.5,hybrid_loss
q3_36,Q3,1.0,0.25,0.25,-0.75,hybrid_loss
q3_37,Q3,0.3333333333333333,0.5,0.5,0.0,tie
q3_38,Q3,0.5,0.3333333333333333,0.3333333333333333,-0.16666666666666669,hybrid_loss
q3_39,Q3,0.25,1.0,1.0,0.0,tie
q3_40,Q3,1.0,1.0,1.0,0.0,tie
q3_41,Q3,1.0,1.0,1.0,0.0,tie
q3_42,Q3,1.0,0.5,1.0,0.0,tie
q3_43,Q3,1.0,0.0,1.0,0.0,tie
q3_44,Q3,1.0,1.0,1.0,0.0,tie
q3_45,Q3,1.0,1.0,1.0,0.0,tie
q3_46,Q3,0.3333333333333333,0.3333333333333333,0.3333333333333333,0.0,tie
q3_47,Q3,1.0,0.5,1.0,0.0,tie
q3_48,Q3,0.5,1.0,0.5,-0.5,hybrid_loss
q3_49,Q3,1.0,1.0,1.0,0.0,tie
q3_50,Q3,0.5,0.5,0.5,0.0,tie
q3_51,Q3,1.0,1.0,1.0,0.0,tie
q3_52,Q3,1.0,1.0,1.0,0.0,tie
q3_53,Q3,1.0,1.0,1.0,0.0,tie
q3_54,Q3,1.0,0.5,0.5,-0.5,hybrid_loss
q3_55,Q3,1.0,0.5,1.0,0.0,tie
q3_56,Q3,0.5,1.0,0.5,-0.5,hybrid_loss
q3_57,Q3,1.0,1.0,1.0,0.0,tie
q3_58,Q3,1.0,0.5,1.0,0.0,tie
q3_59,Q3,0.5,1.0,0.5,-0.5,hybrid_loss
q3_60,Q3,1.0,1.0,1.0,0.0,tie
q3_61,Q3,1.0,0.5,1.0,0.0,tie
q3_62,Q3,1.0,1.0,1.0,0.0,tie
q3_63,Q3,0.5,0.5,0.5,0.0,tie
q3_64,Q3,0.3333333333333333,0.3333333333333333,0.3333333333333333,0.0,tie
q3_65,Q3,1.0,1.0,1.0,0.0,tie
q3_66,Q3,0.5,0.3333333333333333,0.5,0.0,tie
q3_67,Q3,0.3333333333333333,0.5,0.3333333333333333,-0.16666666666666669,hybrid_loss
q3_68,Q3,1.0,1.0,1.0,0.0,tie
q3_69,Q3,1.0,0.5,1.0,0.0,tie
q3_70,Q3,0.5,1.0,0.5,-0.5,hybrid_loss
q3_71,Q3,1.0,1.0,1.0,0.0,tie
q3_72,Q3,1.0,1.0,1.0,0.0,tie
q3_73,Q3,1.0,0.0,1.0,0.0,tie
q3_74,Q3,1.0,1.0,1.0,0.0,tie
q3_75,Q3,1.0,0.5,0.5,-0.5,hybrid_loss
q3_76,Q3,1.0,1.0,1.0,0.0,tie
q3_77,Q3,0.5,0.3333333333333333,0.5,0.0,tie
q3_78,Q3,1.0,1.0,1.0,0.0,tie
q3_79,Q3,1.0,1.0,1.0,0.0,tie
q3_80,Q3,1.0,1.0,1.0,0.0,tie
q3_82,Q3,0.5,0.5,0.5,0.0,tie
q3_83,Q3,1.0,1.0,1.0,0.0,tie
q3_84,Q3,1.0,1.0,1.0,0.0,tie
q3_89,Q3,1.0,0.0,1.0,0.0,tie
q3_90,Q3,1.0,1.0,1.0,0.0,tie
q3_91,Q3,1.0,1.0,1.0,0.0,tie
q3_92,Q3,1.0,1.0,1.0,0.0,tie
q3_93,Q3,1.0,1.0,1.0,0.0,tie
q3_94,Q3,1.0,1.0,1.0,0.0,tie
q3_95,Q3,1.0,0.5,1.0,0.0,tie
q3_96,Q3,1.0,0.5,1.0,0.0,tie
q3_97,Q3,0.3333333333333333,1.0,0.5,-0.5,hybrid_loss
q3_98,Q3,1.0,0.5,1.0,0.0,tie
q3_99,Q3,0.5,1.0,0.5,-0.5,hybrid_loss
q3_100,Q3,1.0,1.0,1.0,0.0,tie
q3_101,Q3,0.5,0.3333333333333333,0.5,0.0,tie
q3_102,Q3,0.3333333333333333,0.5,0.3333333333333333,-0.16666666666666669,hybrid_loss
q3_103,Q3,1.0,1.0,1.0,0.0,tie
q3_104,Q3,1.0,1.0,1.0,0.0,tie
q3_105,Q3,1.0,1.0,1.0,0.0,tie
q3_106,Q3,1.0,0.0,0.5,-0.5,hybrid_loss
q3_107,Q3,1.0,1.0,1.0,0.0,tie
q3_108,Q3,0.5,0.5,0.5,0.0,tie
q3_109,Q3,1.0,1.0,1.0,0.0,tie
q3_110,Q3,1.0,0.5,1.0,0.0,tie
q3_111,Q3,1.0,1.0,1.0,0.0,tie
q3_112,Q3,0.3333333333333333,1.0,0.3333333333333333,-0.6666666666666667,hybrid_loss
q3_113,Q3,1.0,1.0,1.0,0.0,tie
q3_114,Q3,0.5,0.5,0.5,0.0,tie
q3_115,Q3,0.3333333333333333,0.3333333333333333,0.3333333333333333,0.0,tie
q3_116,Q3,0.0,1.0,1.0,0.0,tie
q3_117,Q3,1.0,0.5,1.0,0.0,tie
q3_118,Q3,1.0,0.5,1.0,0.0,tie
q3_119,Q3,0.3333333333333333,1.0,0.3333333333333333,-0.6666666666666667,hybrid_loss
q3_120,Q3,1.0,1.0,1.0,0.0,tie
q3_121,Q3,1.0,1.0,1.0,0.0,tie
q3_123,Q3,1.0,1.0,1.0,0.0,tie
q3_124,Q3,1.0,1.0,1.0,0.0,tie
q3_125,Q3,1.0,1.0,1.0,0.0,tie
q3_126,Q3,0.5,0.5,0.5,0.0,tie
q3_127,Q3,1.0,1.0,1.0,0.0,tie
q3_128,Q3,1.0,0.5,1.0,0.0,tie
q3_129,Q3,0.5,1.0,0.5,-0.5,hybrid_loss
q3_130,Q3,1.0,1.0,1.0,0.0,tie
q3_131,Q3,1.0,1.0,1.0,0.0,tie
q3_132,Q3,0.5,0.5,0.5,0.0,tie
q3_133,Q3,1.0,1.0,1.0,0.0,tie
q3_134,Q3,1.0,1.0,1.0,0.0,tie
q3_135,Q3,1.0,0.5,1.0,0.0,tie
q3_136,Q3,1.0,1.0,1.0,0.0,tie
q3_137,Q3,1.0,1.0,1.0,0.0,tie
q3_138,Q3,1.0,0.3333333333333333,1.0,0.0,tie
q3_139,Q3,0.5,0.5,0.5,0.0,tie
q3_140,Q3,1.0,1.0,1.0,0.0,tie
q3_141,Q3,1.0,1.0,1.0,0.0,tie
q3_142,Q3,1.0,1.0,1.0,0.0,tie
q3_143,Q3,0.3333333333333333,1.0,1.0,0.0,tie
q3_144,Q3,1.0,0.5,0.5,-0.5,hybrid_loss
q3_145,Q3,0.5,0.3333333333333333,0.3333333333333333,-0.16666666666666669,hybrid_loss
q3_146,Q3,0.0,0.0,0.0,0.0,tie
q3_147,Q3,0.25,1.0,1.0,0.0,tie
q3_148,Q3,1.0,1.0,1.0,0.0,tie
q3_149,Q3,1.0,0.0,1.0,0.0,tie
q3_150,Q3,1.0,1.0,1.0,0.0,tie
q3_151,Q3,0.5,0.5,0.5,0.0,tie
q3_153,Q3,1.0,1.0,1.0,0.0,tie
q3_154,Q3,1.0,1.0,1.0,0.0,tie
q3_155,Q3,1.0,1.0,1.0,0.0,tie
q3_156,Q3,1.0,0.3333333333333333,1.0,0.0,tie
q3_157,Q3,1.0,1.0,1.0,0.0,tie
q3_158,Q3,1.0,1.0,1.0,0.0,tie
q3_159,Q3,1.0,1.0,1.0,0.0,tie
q3_160,Q3,1.0,1.0,1.0,0.0,tie
q3_161,Q3,1.0,1.0,1.0,0.0,tie
q3_162,Q3,1.0,1.0,1.0,0.0,tie
q3_163,Q3,1.0,1.0,1.0,0.0,tie
q3_164,Q3,1.0,1.0,1.0,0.0,tie
q3_165,Q3,1.0,1.0,1.0,0.0,tie
q3_166,Q3,1.0,1.0,1.0,0.0,tie
q3_167,Q3,0.5,0.5,0.5,0.0,tie
q3_168,Q3,0.3333333333333333,0.3333333333333333,0.3333333333333333,0.0,tie
q3_169,Q3,1.0,1.0,1.0,0.0,tie
q3_170,Q3,0.5,0.5,0.5,0.0,tie
q3_171,Q3,1.0,1.0,1.0,0.0,tie
q3_172,Q3,1.0,0.5,1.0,0.0,tie
q3_173,Q3,0.5,0.3333333333333333,0.5,0.0,tie
q3_174,Q3,1.0,1.0,1.0,0.0,tie
q3_175,Q3,1.0,1.0,1.0,0.0,tie
q3_176,Q3,1.0,0.5,0.5,-0.5,hybrid_loss
q3_177,Q3,0.5,1.0,1.0,0.0,tie
q3_178,Q3,1.0,1.0,1.0,0.0,tie
q3_179,Q3,1.0,0.5,1.0,0.0,tie
q3_180,Q3,0.5,1.0,0.5,-0.5,hybrid_loss
q3_181,Q3,1.0,0.5,1.0,0.0,tie
q3_182,Q3,1.0,1.0,1.0,0.0,tie
q3_183,Q3,1.0,1.0,1.0,0.0,tie
q3_185,Q3,1.0,1.0,1.0,0.0,tie
q3_186,Q3,1.0,1.0,1.0,0.0,tie
q3_187,Q3,1.0,1.0,1.0,0.0,tie
q3_188,Q3,1.0,1.0,1.0,0.0,tie
q3_191,Q3,1.0,0.16666666666666666,0.3333333333333333,-0.6666666666666667,hybrid_loss
q3_192,Q3,0.5,0.25,0.5,0.0,tie
q3_193,Q3,1.0,1.0,1.0,0.0,tie
q3_194,Q3,1.0,1.0,1.0,0.0,tie
q3_195,Q3,1.0,1.0,1.0,0.0,tie
q3_196,Q3,1.0,1.0,1.0,0.0,tie
q3_197,Q3,1.0,1.0,1.0,0.0,tie
q3_198,Q3,1.0,1.0,1.0,0.0,tie
q3_199,Q3,1.0,1.0,1.0,0.0,tie
q3_200,Q3,1.0,1.0,1.0,0.0,tie
q3_201,Q3,0.5,0.5,0.5,0.0,tie
q3_202,Q3,1.0,1.0,1.0,0.0,tie
q3_203,Q3,1.0,0.25,1.0,0.0,tie
q3_204,Q3,1.0,1.0,1.0,0.0,tie
q3_207,Q3,1.0,1.0,1.0,0.0,tie
q3_208,Q3,1.0,1.0,1.0,0.0,tie
q3_209,Q3,1.0,1.0,1.0,0.0,tie
q3_210,Q3,1.0,1.0,1.0,0.0,tie
q3_211,Q3,1.0,1.0,1.0,0.0,tie
q3_212,Q3,1.0,1.0,1.0,0.0,tie
q3_213,Q3,1.0,1.0,1.0,0.0,tie
q3_214,Q3,1.0,1.0,1.0,0.0,tie
q3_215,Q3,1.0,1.0,1.0,0.0,tie
q3_216,Q3,1.0,1.0,1.0,0.0,tie
q3_217,Q3,1.0,1.0,1.0,0.0,tie
q3_218,Q3,1.0,1.0,1.0,0.0,tie
q3_219,Q3,1.0,1.0,1.0,0.0,tie
q3_220,Q3,1.0,1.0,1.0,0.0,tie
q3_233,Q3,1.0,1.0,1.0,0.0,tie
q3_238,Q3,1.0,1.0,1.0,0.0,tie
q3_251,Q3,0.5,1.0,1.0,0.0,tie
q3_252,Q3,1.0,1.0,1.0,0.0,tie
q3_253,Q3,1.0,1.0,1.0,0.0,tie
q3_254,Q3,1.0,1.0,1.0,0.0,tie
q3_255,Q3,1.0,1.0,1.0,0.0,tie
q3_260,Q3,1.0,1.0,1.0,0.0,tie
q3_261,Q3,1.0,1.0,1.0,0.0,tie
q3_262,Q3,1.0,1.0,1.0,0.0,tie
q3_263,Q3,1.0,1.0,1.0,0.0,tie
q3_264,Q3,1.0,1.0,1.0,0.0,tie
q3_265,Q3,0.0,0.0,0.0,0.0,tie
q3_266,Q3,1.0,1.0,1.0,0.0,tie
q3_267,Q3,1.0,1.0,1.0,0.0,tie
q3_268,Q3,1.0,1.0,1.0,0.0,tie
q3_269,Q3,1.0,1.0,1.0,0.0,tie
q3_270,Q3,0.3333333333333333,0.16666666666666666,0.16666666666666666,-0.16666666666666666,hybrid_loss
q3_271,Q3,1.0,1.0,1.0,0.0,tie
q3_272,Q3,0.25,0.3333333333333333,0.3333333333333333,0.0,tie
q3_273,Q3,0.5,0.5,0.5,0.0,tie
q3_274,Q3,0.2,0.25,0.25,0.0,tie
q3_275,Q3,0.16666666666666666,0.2,0.2,0.0,tie
q3_276,Q3,1.0,1.0,1.0,0.0,tie
q3_277,Q3,1.0,1.0,1.0,0.0,tie
q3_278,Q3,1.0,1.0,1.0,0.0,tie
q3_279,Q3,1.0,1.0,1.0,0.0,tie
q3_280,Q3,1.0,1.0,1.0,0.0,tie
q3_281,Q3,1.0,1.0,1.0,0.0,tie
q3_282,Q3,1.0,1.0,1.0,0.0,tie
q3_284,Q3,0.5,0.5,1.0,0.5,hybrid_win
q3_285,Q3,0.3333333333333333,0.25,0.5,0.16666666666666669,hybrid_win
q3_286,Q3,0.25,0.3333333333333333,0.3333333333333333,0.0,tie
q3_287,Q3,1.0,1.0,1.0,0.0,tie
q3_288,Q3,1.0,1.0,1.0,0.0,tie
q3_289,Q3,0.25,1.0,1.0,0.0,tie
q3_290,Q3,1.0,1.0,1.0,0.0,tie
q3_291,Q3,0.5,0.5,0.5,0.0,tie
q3_292,Q3,1.0,0.2,0.5,-0.5,hybrid_loss
q3_293,Q3,1.0,1.0,1.0,0.0,tie
q3_294,Q3,1.0,1.0,1.0,0.0,tie
q3_295,Q3,1.0,1.0,1.0,0.0,tie
q3_296,Q3,0.3333333333333333,1.0,0.5,-0.5,hybrid_loss
q3_297,Q3,0.1111111111111111,1.0,0.5,-0.5,hybrid_loss
q3_298,Q3,1.0,1.0,1.0,0.0,tie
q3_299,Q3,1.0,0.5,1.0,0.0,tie
q3_300,Q3,0.5,1.0,0.5,-0.5,hybrid_loss
q3_301,Q3,1.0,1.0,1.0,0.0,tie
q3_302,Q3,1.0,0.3333333333333333,1.0,0.0,tie
q3_303,Q3,1.0,1.0,1.0,0.0,tie
q3_304,Q3,0.5,0.5,0.5,0.0,tie
q3_305,Q3,0.3333333333333333,0.3333333333333333,0.3333333333333333,0.0,tie
q3_306,Q3,1.0,1.0,1.0,0.0,tie
q3_307,Q3,1.0,0.5,1.0,0.0,tie
q3_308,Q3,0.5,1.0,0.5,-0.5,hybrid_loss
q3_309,Q3,0.3333333333333333,0.3333333333333333,0.3333333333333333,0.0,tie
q3_310,Q3,0.25,1.0,1.0,0.0,tie
q3_311,Q3,1.0,1.0,1.0,0.0,tie
q3_312,Q3,0.0,0.0,0.0,0.0,tie
q3_313,Q3,1.0,1.0,1.0,0.0,tie
q3_314,Q3,1.0,0.0,1.0,0.0,tie
q3_315,Q3,1.0,0.3333333333333333,0.5,-0.5,hybrid_loss
q3_316,Q3,0.5,0.5,0.3333333333333333,-0.16666666666666669,hybrid_loss
q3_317,Q3,0.3333333333333333,1.0,1.0,0.0,tie
q3_318,Q3,1.0,1.0,1.0,0.0,tie
q3_319,Q3,1.0,1.0,1.0,0.0,tie
q3_320,Q3,1.0,1.0,1.0,0.0,tie
q3_322,Q3,0.2,1.0,1.0,0.0,tie
q3_323,Q3,1.0,1.0,1.0,0.0,tie
q3_324,Q3,1.0,0.5,0.5,-0.5,hybrid_loss
q3_325,Q3,1.0,1.0,1.0,0.0,tie
q3_326,Q3,1.0,1.0,1.0,0.0,tie
q3_327,Q3,1.0,1.0,1.0,0.0,tie
q3_328,Q3,1.0,1.0,1.0,0.0,tie
q3_329,Q3,0.5,0.5,0.5,0.0,tie
q3_330,Q3,1.0,1.0,1.0,0.0,tie
q3_331,Q3,1.0,1.0,1.0,0.0,tie
q3_332,Q3,1.0,1.0,1.0,0.0,tie
q3_333,Q3,1.0,1.0,1.0,0.0,tie
q3_334,Q3,1.0,1.0,1.0,0.0,tie
q3_335,Q3,1.0,1.0,1.0,0.0,tie
q3_336,Q3,1.0,0.5,1.0,0.0,tie
q3_337,Q3,1.0,1.0,1.0,0.0,tie
q3_338,Q3,0.5,0.5,0.5,0.0,tie
q3_339,Q3,1.0,1.0,1.0,0.0,tie
q3_342,Q3,1.0,1.0,1.0,0.0,tie
q3_343,Q3,1.0,1.0,1.0,0.0,tie
q3_344,Q3,0.2,0.16666666666666666,0.2,0.0,tie
q3_345,Q3,0.16666666666666666,0.2,0.16666666666666666,-0.033333333333333354,hybrid_loss
q3_346,Q3,1.0,0.3333333333333333,1.0,0.0,tie
q3_347,Q3,0.5,0.5,0.5,0.0,tie
q3_348,Q3,0.3333333333333333,0.25,0.3333333333333333,0.0,tie
q3_349,Q3,0.25,1.0,0.25,-0.75,hybrid_loss
q3_350,Q3,1.0,1.0,1.0,0.0,tie
q3_351,Q3,0.1111111111111111,0.14285714285714285,1.0,0.8571428571428572,hybrid_win
q3_352,Q3,1.0,1.0,1.0,0.0,tie
q3_353,Q3,0.5,0.5,0.5,0.0,tie
q3_354,Q3,1.0,1.0,1.0,0.0,tie
q3_355,Q3,1.0,1.0,1.0,0.0,tie
q3_356,Q3,1.0,1.0,1.0,0.0,tie
q3_357,Q3,1.0,0.5,1.0,0.0,tie
q3_358,Q3,0.5,1.0,0.5,-0.5,hybrid_loss
q3_359,Q3,1.0,1.0,1.0,0.0,tie
q3_360,Q3,0.3333333333333333,0.5,0.5,0.0,tie
q3_361,Q3,1.0,1.0,1.0,0.0,tie
q3_362,Q3,0.5,1.0,1.0,0.0,tie
q3_364,Q3,1.0,1.0,1.0,0.0,tie
q3_365,Q3,1.0,1.0,1.0,0.0,tie
q3_366,Q3,1.0,1.0,1.0,0.0,tie
q3_367,Q3,1.0,1.0,1.0,0.0,tie
q3_368,Q3,1.0,0.3333333333333333,0.5,-0.5,hybrid_loss
q3_369,Q3,0.5,1.0,1.0,0.0,tie
q3_370,Q3,0.3333333333333333,0.5,0.3333333333333333,-0.16666666666666669,hybrid_loss
q3_371,Q3,1.0,1.0,1.0,0.0,tie
q3_372,Q3,1.0,1.0,1.0,0.0,tie
q3_373,Q3,1.0,1.0,1.0,0.0,tie
q3_374,Q3,1.0,1.0,1.0,0.0,tie
q3_375,Q3,1.0,1.0,1.0,0.0,tie
q3_376,Q3,1.0,1.0,1.0,0.0,tie
q3_377,Q3,1.0,0.25,1.0,0.0,tie
q3_378,Q3,1.0,0.5,1.0,0.0,tie
q3_380,Q3,0.3333333333333333,1.0,1.0,0.0,tie
q3_381,Q3,1.0,1.0,1.0,0.0,tie
q3_382,Q3,1.0,1.0,1.0,0.0,tie
q3_383,Q3,0.5,1.0,1.0,0.0,tie
q3_384,Q3,1.0,1.0,1.0,0.0,tie
q3_385,Q3,1.0,1.0,1.0,0.0,tie
q3_386,Q3,0.5,0.5,0.5,0.0,tie
q3_387,Q3,1.0,1.0,1.0,0.0,tie
q3_388,Q3,1.0,1.0,1.0,0.0,tie
q3_389,Q3,1.0,1.0,1.0,0.0,tie
q3_390,Q3,1.0,1.0,1.0,0.0,tie
q3_391,Q3,1.0,1.0,1.0,0.0,tie
q3_392,Q3,0.5,0.3333333333333333,0.3333333333333333,-0.16666666666666669,hybrid_loss
q3_393,Q3,1.0,1.0,1.0,0.0,tie
q3_394,Q3,0.5,1.0,1.0,0.0,tie
q3_395,Q3,1.0,1.0,1.0,0.0,tie
q3_396,Q3,1.0,1.0,1.0,0.0,tie
q3_397,Q3,1.0,1.0,1.0,0.0,tie
q3_398,Q3,1.0,0.0,0.5,-0.5,hybrid_loss
q3_399,Q3,1.0,1.0,1.0,0.0,tie
q3_400,Q3,1.0,0.0,1.0,0.0,tie
q3_401,Q3,1.0,1.0,1.0,0.0,tie
q3_402,Q3,1.0,1.0,1.0,0.0,tie
q3_403,Q3,1.0,1.0,1.0,0.0,tie
q3_404,Q3,1.0,1.0,1.0,0.0,tie
q3_405,Q3,0.5,1.0,1.0,0.0,tie
q3_406,Q3,1.0,1.0,1.0,0.0,tie
q3_407,Q3,1.0,1.0,1.0,0.0,tie
q3_408,Q3,1.0,1.0,1.0,0.0,tie
q3_420,Q3,1.0,1.0,1.0,0.0,tie
q3_421,Q3,1.0,1.0,1.0,0.0,tie
q3_422,Q3,1.0,1.0,1.0,0.0,tie
q3_425,Q3,1.0,1.0,1.0,0.0,tie
q3_426,Q3,1.0,1.0,1.0,0.0,tie
q3_427,Q3,1.0,1.0,1.0,0.0,tie
q3_428,Q3,1.0,1.0,1.0,0.0,tie
q3_429,Q3,0.5,1.0,0.5,-0.5,hybrid_loss
q3_430,Q3,1.0,1.0,1.0,0.0,tie
q3_431,Q3,0.5,1.0,1.0,0.0,tie
q3_432,Q3,0.2,1.0,1.0,0.0,tie
q3_433,Q3,1.0,0.0,1.0,0.0,tie
q3_434,Q3,0.3333333333333333,1.0,0.3333333333333333,-0.6666666666666667,hybrid_loss
q3_435,Q3,1.0,1.0,1.0,0.0,tie
q3_436,Q3,1.0,1.0,1.0,0.0,tie
q3_437,Q3,1.0,1.0,1.0,0.0,tie
q3_438,Q3,0.5,1.0,0.5,-0.5,hybrid_loss
q3_439,Q3,1.0,0.5,1.0,0.0,tie
q3_440,Q3,1.0,1.0,1.0,0.0,tie
q3_441,Q3,1.0,1.0,1.0,0.0,tie
q3_442,Q3,1.0,1.0,1.0,0.0,tie
q3_443,Q3,1.0,1.0,1.0,0.0,tie
q3_444,Q3,1.0,1.0,1.0,0.0,tie
q3_445,Q3,0.0,0.0,0.0,0.0,tie
q3_446,Q3,1.0,1.0,1.0,0.0,tie
q3_447,Q3,1.0,1.0,1.0,0.0,tie
q3_448,Q3,0.5,0.5,0.5,0.0,tie
q3_449,Q3,0.0,0.0,0.0,0.0,tie
q3_450,Q3,1.0,0.3333333333333333,0.5,-0.5,hybrid_loss
q3_451,Q3,0.5,0.5,0.3333333333333333,-0.16666666666666669,hybrid_loss
q3_452,Q3,1.0,1.0,1.0,0.0,tie
q3_453,Q3,0.5,0.5,0.5,0.0,tie
q3_454,Q3,1.0,0.5,1.0,0.0,tie
q3_455,Q3,1.0,1.0,1.0,0.0,tie
q3_456,Q3,0.25,0.0,0.5,0.25,hybrid_win
q3_457,Q3,1.0,1.0,1.0,0.0,tie
q3_458,Q3,1.0,1.0,1.0,0.0,tie
q3_459,Q3,1.0,1.0,1.0,0.0,tie
q3_460,Q3,1.0,1.0,1.0,0.0,tie
q3_461,Q3,0.5,0.25,0.5,0.0,tie
q3_462,Q3,1.0,1.0,1.0,0.0,tie
q3_463,Q3,0.5,1.0,0.5,-0.5,hybrid_loss
q3_464,Q3,1.0,1.0,1.0,0.0,tie
q3_465,Q3,0.3333333333333333,1.0,0.5,-0.5,hybrid_loss
q3_466,Q3,1.0,1.0,1.0,0.0,tie
q3_467,Q3,0.3333333333333333,1.0,1.0,0.0,tie
q3_468,Q3,1.0,1.0,1.0,0.0,tie
q3_469,Q3,0.16666666666666666,0.5,0.3333333333333333,-0.16666666666666669,hybrid_loss
q3_470,Q3,1.0,1.0,1.0,0.0,tie
q3_471,Q3,1.0,0.25,1.0,0.0,tie
q3_472,Q3,1.0,1.0,1.0,0.0,tie
q3_473,Q3,1.0,1.0,1.0,0.0,tie
q3_474,Q3,1.0,1.0,1.0,0.0,tie
q3_475,Q3,1.0,1.0,1.0,0.0,tie
q3_477,Q3,1.0,1.0,1.0,0.0,tie
q3_478,Q3,1.0,1.0,1.0,0.0,tie
q3_479,Q3,1.0,1.0,1.0,0.0,tie
q3_480,Q3,1.0,1.0,1.0,0.0,tie
q3_481,Q3,1.0,1.0,1.0,0.0,tie
q3_482,Q3,1.0,1.0,1.0,0.0,tie
q3_483,Q3,1.0,0.5,1.0,0.0,tie
q3_484,Q3,1.0,1.0,1.0,0.0,tie
q3_485,Q3,1.0,1.0,1.0,0.0,tie
q3_486,Q3,0.3333333333333333,1.0,1.0,0.0,tie
q3_487,Q3,1.0,0.0,0.5,-0.5,hybrid_loss
q3_488,Q3,0.5,0.0,0.3333333333333333,-0.16666666666666669,hybrid_loss
q3_489,Q3,1.0,0.0,0.25,-0.75,hybrid_loss
q3_490,Q3,0.5,0.0,0.2,-0.3,hybrid_loss
q3_491,Q3,1.0,1.0,1.0,0.0,tie
q3_495,Q3,1.0,1.0,1.0,0.0,tie
q3_496,Q3,1.0,1.0,1.0,0.0,tie
q3_497,Q3,0.5,0.5,0.5,0.0,tie
q3_498,Q3,1.0,1.0,1.0,0.0,tie
q3_499,Q3,1.0,1.0,1.0,0.0,tie
q3_500,Q3,1.0,1.0,1.0,0.0,tie
q3_501,Q3,1.0,1.0,1.0,0.0,tie
q3_502,Q3,1.0,1.0,1.0,0.0,tie
q3_504,Q3,1.0,0.25,0.5,-0.5,hybrid_loss
q3_505,Q3,0.5,0.3333333333333333,0.3333333333333333,-0.16666666666666669,hybrid_loss
q3_506,Q3,0.3333333333333333,1.0,1.0,0.0,tie
q3_507,Q3,1.0,1.0,1.0,0.0,tie
q3_508,Q3,1.0,1.0,1.0,0.0,tie
q3_509,Q3,1.0,1.0,1.0,0.0,tie
q3_510,Q3,1.0,1.0,1.0,0.0,tie
q3_511,Q3,1.0,1.0,1.0,0.0,tie
q3_512,Q3,1.0,1.0,1.0,0.0,tie
q3_513,Q3,1.0,1.0,1.0,0.0,tie
q3_514,Q3,1.0,1.0,1.0,0.0,tie
q3_515,Q3,1.0,1.0,1.0,0.0,tie
q3_516,Q3,1.0,1.0,1.0,0.0,tie
q3_517,Q3,1.0,1.0,1.0,0.0,tie
q3_518,Q3,1.0,1.0,1.0,0.0,tie
q3_519,Q3,0.5,0.3333333333333333,0.5,0.0,tie
q3_520,Q3,0.3333333333333333,0.5,0.3333333333333333,-0.16666666666666669,hybrid_loss
q3_521,Q3,1.0,1.0,1.0,0.0,tie
q3_522,Q3,1.0,1.0,1.0,0.0,tie
q3_523,Q3,1.0,1.0,1.0,0.0,tie
q3_524,Q3,1.0,1.0,1.0,0.0,tie
q3_525,Q3,1.0,1.0,1.0,0.0,tie
q3_526,Q3,0.3333333333333333,0.3333333333333333,0.3333333333333333,0.0,tie
q3_527,Q3,1.0,0.25,1.0,0.0,tie
q3_528,Q3,0.5,0.3333333333333333,0.5,0.0,tie
q3_529,Q3,0.3333333333333333,0.5,0.3333333333333333,-0.16666666666666669,hybrid_loss
q3_530,Q3,0.25,1.0,0.25,-0.75,hybrid_loss
q3_531,Q3,0.2,0.2,0.2,0.0,tie
q3_532,Q3,1.0,1.0,1.0,0.0,tie
q3_533,Q3,1.0,0.25,0.5,-0.5,hybrid_loss
q3_534,Q3,0.5,0.3333333333333333,0.3333333333333333,-0.16666666666666669,hybrid_loss
q3_535,Q3,0.3333333333333333,0.5,0.25,-0.25,hybrid_loss
q3_536,Q3,0.25,1.0,1.0,0.0,tie
q3_537,Q3,1.0,1.0,1.0,0.0,tie
q3_538,Q3,1.0,1.0,1.0,0.0,tie
q3_539,Q3,1.0,1.0,1.0,0.0,tie
q3_540,Q3,1.0,0.5,0.5,-0.5,hybrid_loss
q3_541,Q3,0.5,1.0,1.0,0.0,tie
q3_542,Q3,1.0,1.0,1.0,0.0,tie
q3_543,Q3,0.5,0.5,0.5,0.0,tie
q3_544,Q3,1.0,1.0,1.0,0.0,tie
q3_545,Q3,1.0,0.5,1.0,0.0,tie
q3_546,Q3,0.5,1.0,0.5,-0.5,hybrid_loss
q3_547,Q3,1.0,0.5,1.0,0.0,tie
q3_548,Q3,0.5,0.3333333333333333,0.5,0.0,tie
q3_549,Q3,0.3333333333333333,1.0,0.3333333333333333,-0.6666666666666667,hybrid_loss
q3_550,Q3,0.5,0.5,0.5,0.0,tie
q3_551,Q3,1.0,1.0,1.0,0.0,tie
q3_552,Q3,1.0,1.0,1.0,0.0,tie
q3_553,Q3,1.0,1.0,1.0,0.0,tie
q3_554,Q3,0.5,0.5,0.5,0.0,tie
q3_555,Q3,1.0,1.0,1.0,0.0,tie
q3_556,Q3,0.5,1.0,1.0,0.0,tie
q3_557,Q3,0.2,1.0,1.0,0.0,tie
q3_558,Q3,0.16666666666666666,0.5,0.5,0.0,tie
q3_559,Q3,0.0,0.5,0.3333333333333333,-0.16666666666666669,hybrid_loss
q3_560,Q3,0.14285714285714285,0.25,0.25,0.0,tie
q3_561,Q3,0.5,0.5,1.0,0.5,hybrid_win
q3_562,Q3,0.3333333333333333,1.0,0.5,-0.5,hybrid_loss
q3_563,Q3,1.0,0.3333333333333333,0.3333333333333333,-0.6666666666666667,hybrid_loss
q3_564,Q3,1.0,1.0,1.0,0.0,tie
q3_565,Q3,0.5,0.5,0.5,0.0,tie
q3_566,Q3,1.0,1.0,1.0,0.0,tie
q3_567,Q3,0.5,0.5,0.5,0.0,tie
q3_568,Q3,0.5,1.0,1.0,0.0,tie
q3_569,Q3,0.3333333333333333,0.5,0.5,0.0,tie
q3_570,Q3,0.25,0.3333333333333333,0.3333333333333333,0.0,tie
q3_571,Q3,0.2,0.25,0.25,0.0,tie
q3_572,Q3,1.0,0.3333333333333333,0.3333333333333333,-0.6666666666666667,hybrid_loss
q3_573,Q3,0.3333333333333333,1.0,1.0,0.0,tie
q3_574,Q3,0.5,0.25,0.25,-0.25,hybrid_loss
q3_575,Q3,0.25,0.5,0.5,0.0,tie
q3_576,Q3,1.0,1.0,1.0,0.0,tie
q3_577,Q3,0.5,1.0,1.0,0.0,tie
q3_578,Q3,0.5,1.0,0.5,-0.5,hybrid_loss
q3_579,Q3,1.0,1.0,1.0,0.0,tie
q3_580,Q3,1.0,1.0,1.0,0.0,tie
q3_581,Q3,1.0,0.5,1.0,0.0,tie
q3_582,Q3,1.0,0.5,0.5,-0.5,hybrid_loss
q3_583,Q3,0.5,1.0,1.0,0.0,tie
q3_584,Q3,1.0,1.0,1.0,0.0,tie
q3_585,Q3,1.0,1.0,1.0,0.0,tie
q3_586,Q3,1.0,1.0,1.0,0.0,tie
q3_587,Q3,0.5,0.5,0.5,0.0,tie
q3_588,Q3,1.0,1.0,1.0,0.0,tie
q3_589,Q3,1.0,1.0,1.0,0.0,tie
q3_590,Q3,0.5,0.5,0.5,0.0,tie
q3_591,Q3,1.0,1.0,1.0,0.0,tie
q3_592,Q3,1.0,0.5,1.0,0.0,tie
q3_593,Q3,1.0,1.0,1.0,0.0,tie
q3_594,Q3,1.0,1.0,1.0,0.0,tie
q3_595,Q3,1.0,0.5,1.0,0.0,tie
q3_596,Q3,0.5,1.0,0.5,-0.5,hybrid_loss
q3_597,Q3,1.0,1.0,1.0,0.0,tie
q3_598,Q3,1.0,1.0,1.0,0.0,tie
q3_599,Q3,0.5,0.5,0.5,0.0,tie
q3_600,Q3,0.3333333333333333,0.2,0.3333333333333333,0.0,tie
q3_601,Q3,0.25,0.3333333333333333,0.25,-0.08333333333333331,hybrid_loss
q3_602,Q3,0.2,0.16666666666666666,0.2,0.0,tie
q3_603,Q3,0.16666666666666666,0.25,0.16666666666666666,-0.08333333333333334,hybrid_loss
q3_604,Q3,0.2,1.0,1.0,0.0,tie
q3_605,Q3,0.16666666666666666,0.5,0.5,0.0,tie
q3_606,Q3,1.0,0.2,0.3333333333333333,-0.6666666666666667,hybrid_loss
q3_607,Q3,0.5,0.16666666666666666,0.25,-0.25,hybrid_loss
q3_608,Q3,0.3333333333333333,0.25,0.2,-0.1333333333333333,hybrid_loss
q3_609,Q3,0.25,0.3333333333333333,0.16666666666666666,-0.16666666666666666,hybrid_loss
q3_610,Q3,0.14285714285714285,0.125,0.14285714285714285,0.0,tie
q3_611,Q3,0.125,0.1111111111111111,0.125,0.0,tie
q3_612,Q3,0.1111111111111111,0.14285714285714285,0.1111111111111111,-0.031746031746031744,hybrid_loss
q3_613,Q3,0.1,0.1,0.1,0.0,tie
q3_614,Q3,1.0,0.5,1.0,0.0,tie
q3_615,Q3,0.5,1.0,0.5,-0.5,hybrid_loss
q3_616,Q3,0.14285714285714285,0.1,0.14285714285714285,0.0,tie
q3_617,Q3,0.125,0.1111111111111111,0.125,0.0,tie
q3_618,Q3,0.1111111111111111,0.125,0.1111111111111111,-0.013888888888888895,hybrid_loss
q3_619,Q3,0.1,0.14285714285714285,0.1,-0.042857142857142844,hybrid_loss
q3_620,Q3,0.3333333333333333,0.3333333333333333,0.3333333333333333,0.0,tie
q3_621,Q3,0.25,0.16666666666666666,0.25,0.0,tie
q3_622,Q3,0.2,0.2,0.2,0.0,tie
q3_623,Q3,0.16666666666666666,0.25,0.16666666666666666,-0.08333333333333334,hybrid_loss
q3_624,Q3,1.0,1.0,1.0,0.0,tie
q3_625,Q3,1.0,0.5,1.0,0.0,tie
q3_626,Q3,0.5,1.0,0.5,-0.5,hybrid_loss
q3_627,Q3,0.125,0.0,0.0,-0.125,hybrid_loss
q3_628,Q3,0.1111111111111111,0.0,0.0,-0.1111111111111111,hybrid_loss
q3_629,Q3,0.2,0.0,0.0,-0.2,hybrid_loss
q3_630,Q3,0.16666666666666666,0.0,0.0,-0.16666666666666666,hybrid_loss
q3_631,Q3,0.3333333333333333,0.0,0.0,-0.3333333333333333,hybrid_loss
q3_632,Q3,0.25,0.0,0.0,-0.25,hybrid_loss
q3_633,Q3,0.14285714285714285,0.1,0.0,-0.14285714285714285,hybrid_loss
q3_634,Q3,1.0,0.5,1.0,0.0,tie
q3_635,Q3,0.5,1.0,0.5,-0.5,hybrid_loss
q3_636,Q3,0.3333333333333333,0.25,0.3333333333333333,0.0,tie
q3_637,Q3,0.25,0.3333333333333333,0.25,-0.08333333333333331,hybrid_loss
q3_638,Q3,0.2,0.1111111111111111,0.2,0.0,tie
q3_639,Q3,0.16666666666666666,0.14285714285714285,0.16666666666666666,0.0,tie
q3_640,Q3,0.14285714285714285,0.16666666666666666,0.14285714285714285,-0.023809523809523808,hybrid_loss
q3_641,Q3,0.125,0.2,0.125,-0.07500000000000001,hybrid_loss
q3_642,Q3,0.1111111111111111,0.125,0.1111111111111111,-0.013888888888888895,hybrid_loss
q3_643,Q3,1.0,1.0,1.0,0.0,tie
q3_644,Q3,0.5,0.5,0.5,0.0,tie
q3_645,Q3,0.0,0.0,0.0,0.0,tie
q3_646,Q3,0.5,0.16666666666666666,0.5,0.0,tie
q3_647,Q3,1.0,0.14285714285714285,1.0,0.0,tie
q3_648,Q3,1.0,0.5,1.0,0.0,tie
q3_651,Q3,1.0,1.0,1.0,0.0,tie
q3_652,Q3,1.0,1.0,1.0,0.0,tie
q3_653,Q3,1.0,1.0,1.0,0.0,tie
q3_654,Q3,1.0,1.0,1.0,0.0,tie
q3_655,Q3,1.0,1.0,1.0,0.0,tie
q3_656,Q3,1.0,1.0,1.0,0.0,tie
q3_657,Q3,0.5,0.5,1.0,0.5,hybrid_win
q3_658,Q3,1.0,1.0,1.0,0.0,tie
q3_659,Q3,0.3333333333333333,0.3333333333333333,0.3333333333333333,0.0,tie
q3_660,Q3,0.25,0.5,0.3333333333333333,-0.16666666666666669,hybrid_loss
q3_661,Q3,0.25,0.25,0.25,0.0,tie
q3_662,Q3,1.0,1.0,1.0,0.0,tie
q3_663,Q3,1.0,1.0,1.0,0.0,tie
q3_667,Q3,1.0,1.0,1.0,0.0,tie
q3_668,Q3,1.0,1.0,1.0,0.0,tie
q3_671,Q3,1.0,1.0,1.0,0.0,tie
q3_672,Q3,1.0,1.0,1.0,0.0,tie
q3_673,Q3,1.0,1.0,1.0,0.0,tie
q3_675,Q3,1.0,1.0,1.0,0.0,tie
q3_676,Q3,1.0,1.0,1.0,0.0,tie
q3_679,Q3,1.0,1.0,1.0,0.0,tie
q3_680,Q3,1.0,0.5,1.0,0.0,tie
q3_681,Q3,0.5,1.0,0.5,-0.5,hybrid_loss
q3_682,Q3,1.0,1.0,1.0,0.0,tie
q3_683,Q3,1.0,1.0,1.0,0.0,tie
q3_684,Q3,1.0,0.5,1.0,0.0,tie
q3_685,Q3,0.5,1.0,0.5,-0.5,hybrid_loss
q3_686,Q3,1.0,1.0,1.0,0.0,tie
q3_687,Q3,1.0,1.0,1.0,0.0,tie
q3_688,Q3,1.0,1.0,1.0,0.0,tie
q3_691,Q3,1.0,1.0,1.0,0.0,tie
q3_692,Q3,1.0,1.0,1.0,0.0,tie
q3_694,Q3,0.2,0.2,0.2,0.0,tie
q3_695,Q3,0.16666666666666666,0.16666666666666666,0.16666666666666666,0.0,tie
q3_696,Q3,1.0,0.3333333333333333,1.0,0.0,tie
q3_697,Q3,0.5,1.0,0.5,-0.5,hybrid_loss
q3_698,Q3,0.3333333333333333,0.25,0.3333333333333333,0.0,tie
q3_699,Q3,0.25,0.5,0.25,-0.25,hybrid_loss
q3_701,Q3,1.0,1.0,1.0,0.0,tie
q3_702,Q3,0.5,1.0,1.0,0.0,tie
q3_707,Q3,1.0,1.0,1.0,0.0,tie
q3_708,Q3,1.0,1.0,1.0,0.0,tie
q3_709,Q3,1.0,1.0,1.0,0.0,tie
q3_710,Q3,1.0,1.0,1.0,0.0,tie
q3_711,Q3,1.0,1.0,1.0,0.0,tie
q3_712,Q3,1.0,0.5,1.0,0.0,tie
q3_713,Q3,0.5,1.0,0.5,-0.5,hybrid_loss
q3_714,Q3,1.0,1.0,1.0,0.0,tie
q3_715,Q3,0.5,0.3333333333333333,0.5,0.0,tie
q3_716,Q3,1.0,1.0,1.0,0.0,tie
q3_717,Q3,0.5,1.0,1.0,0.0,tie
q3_718,Q3,1.0,0.5,0.5,-0.5,hybrid_loss
q3_719,Q3,0.5,0.5,0.5,0.0,tie
q3_720,Q3,1.0,1.0,1.0,0.0,tie
q3_721,Q3,1.0,0.5,1.0,0.0,tie
q3_722,Q3,0.5,1.0,0.5,-0.5,hybrid_loss
q3_723,Q3,1.0,1.0,1.0,0.0,tie
q3_724,Q3,1.0,1.0,1.0,0.0,tie
q3_725,Q3,1.0,1.0,1.0,0.0,tie
q3_726,Q3,1.0,1.0,1.0,0.0,tie
q3_729,Q3,1.0,1.0,1.0,0.0,tie
q3_730,Q3,1.0,1.0,1.0,0.0,tie
q3_732,Q3,1.0,1.0,1.0,0.0,tie
q3_734,Q3,1.0,1.0,1.0,0.0,tie
q3_737,Q3,1.0,1.0,1.0,0.0,tie
q3_738,Q3,1.0,1.0,1.0,0.0,tie
q3_739,Q3,1.0,0.5,0.5,-0.5,hybrid_loss
q3_740,Q3,1.0,1.0,1.0,0.0,tie
q3_741,Q3,1.0,1.0,1.0,0.0,tie
q3_745,Q3,1.0,0.5,1.0,0.0,tie
q3_746,Q3,0.5,1.0,0.5,-0.5,hybrid_loss
q3_747,Q3,1.0,1.0,1.0,0.0,tie
q3_748,Q3,0.5,1.0,1.0,0.0,tie
q3_749,Q3,1.0,1.0,1.0,0.0,tie
q3_750,Q3,1.0,1.0,1.0,0.0,tie
q3_751,Q3,1.0,1.0,1.0,0.0,tie
q3_752,Q3,1.0,1.0,1.0,0.0,tie
q3_753,Q3,1.0,1.0,1.0,0.0,tie
q3_754,Q3,1.0,0.5,1.0,0.0,tie
q3_755,Q3,0.5,1.0,0.5,-0.5,hybrid_loss
q3_756,Q3,1.0,1.0,1.0,0.0,tie
q3_757,Q3,1.0,1.0,1.0,0.0,tie
q3_758,Q3,0.5,1.0,1.0,0.0,tie
q3_759,Q3,1.0,1.0,1.0,0.0,tie
q3_760,Q3,0.3333333333333333,0.0,0.3333333333333333,0.0,tie
q3_761,Q3,0.25,0.0,0.25,0.0,tie
q3_762,Q3,0.2,0.0,0.2,0.0,tie
q3_763,Q3,0.16666666666666666,0.0,0.16666666666666666,0.0,tie
q3_764,Q3,0.14285714285714285,0.0,0.14285714285714285,0.0,tie
q3_765,Q3,1.0,0.5,1.0,0.0,tie
q3_766,Q3,0.5,0.3333333333333333,0.5,0.0,tie
q3_767,Q3,1.0,1.0,1.0,0.0,tie
q3_768,Q3,0.5,0.5,0.5,0.0,tie
q3_769,Q3,0.3333333333333333,0.3333333333333333,0.3333333333333333,0.0,tie
q3_770,Q3,1.0,0.5,0.5,-0.5,hybrid_loss
q3_771,Q3,0.5,1.0,1.0,0.0,tie
q3_772,Q3,1.0,0.5,0.5,-0.5,hybrid_loss
q3_773,Q3,0.5,1.0,1.0,0.0,tie
q3_774,Q3,1.0,1.0,1.0,0.0,tie
q3_775,Q3,1.0,0.5,1.0,0.0,tie
q3_776,Q3,0.5,1.0,0.5,-0.5,hybrid_loss
q3_777,Q3,0.5,0.5,0.5,0.0,tie
q3_778,Q3,1.0,1.0,1.0,0.0,tie
q3_779,Q3,0.3333333333333333,0.3333333333333333,0.3333333333333333,0.0,tie
q3_780,Q3,1.0,1.0,1.0,0.0,tie
q3_781,Q3,1.0,1.0,1.0,0.0,tie
q3_782,Q3,1.0,1.0,1.0,0.0,tie
q3_783,Q3,1.0,0.5,0.5,-0.5,hybrid_loss
q3_784,Q3,0.5,1.0,1.0,0.0,tie
q3_785,Q3,1.0,1.0,1.0,0.0,tie
q3_788,Q3,1.0,1.0,1.0,0.0,tie
q3_789,Q3,0.5,0.5,0.5,0.0,tie
q3_790,Q3,1.0,1.0,1.0,0.0,tie
q3_791,Q3,1.0,1.0,1.0,0.0,tie
q3_792,Q3,1.0,0.5,1.0,0.0,tie
q3_793,Q3,0.5,1.0,0.5,-0.5,hybrid_loss
q3_794,Q3,1.0,1.0,1.0,0.0,tie
q3_795,Q3,1.0,1.0,1.0,0.0,tie
q3_796,Q3,1.0,0.0,1.0,0.0,tie
q3_797,Q3,1.0,0.3333333333333333,0.3333333333333333,-0.6666666666666667,hybrid_loss
q3_798,Q3,0.5,0.25,0.25,-0.25,hybrid_loss
q3_799,Q3,1.0,1.0,1.0,0.0,tie
q3_800,Q3,1.0,0.3333333333333333,1.0,0.0,tie
q3_801,Q3,1.0,0.5,0.5,-0.5,hybrid_loss
q3_802,Q3,0.5,1.0,1.0,0.0,tie
q3_803,Q3,0.3333333333333333,0.3333333333333333,0.3333333333333333,0.0,tie
q3_804,Q3,1.0,1.0,1.0,0.0,tie
q3_805,Q3,0.5,0.5,0.5,0.0,tie
q3_806,Q3,1.0,1.0,1.0,0.0,tie
q3_807,Q3,1.0,1.0,1.0,0.0,tie
q3_808,Q3,1.0,1.0,1.0,0.0,tie
q3_809,Q3,0.5,0.5,0.5,0.0,tie
q3_815,Q3,1.0,0.5,1.0,0.0,tie
q3_816,Q3,0.5,1.0,0.5,-0.5,hybrid_loss
q3_817,Q3,0.5,0.5,0.5,0.0,tie
q3_818,Q3,1.0,1.0,1.0,0.0,tie
q3_832,Q3,1.0,1.0,1.0,0.0,tie
q3_833,Q3,1.0,0.25,0.3333333333333333,-0.6666666666666667,hybrid_loss
q3_834,Q3,0.5,0.3333333333333333,1.0,0.5,hybrid_win
q3_835,Q3,0.3333333333333333,0.5,0.5,0.0,tie
q3_837,Q3,1.0,1.0,1.0,0.0,tie
q3_838,Q3,1.0,1.0,1.0,0.0,tie
q3_839,Q3,1.0,1.0,1.0,0.0,tie
q3_843,Q3,1.0,1.0,1.0,0.0,tie
q3_844,Q3,1.0,1.0,1.0,0.0,tie
q3_845,Q3,1.0,1.0,1.0,0.0,tie
q3_846,Q3,1.0,1.0,1.0,0.0,tie
q3_847,Q3,1.0,1.0,1.0,0.0,tie
q3_850,Q3,1.0,1.0,1.0,0.0,tie
q3_851,Q3,1.0,0.5,1.0,0.0,tie
q3_852,Q3,0.5,1.0,0.5,-0.5,hybrid_loss
q3_853,Q3,0.5,1.0,1.0,0.0,tie
q3_854,Q3,1.0,0.5,0.5,-0.5,hybrid_loss
q3_855,Q3,1.0,1.0,1.0,0.0,tie
q3_856,Q3,1.0,1.0,1.0,0.0,tie
q3_857,Q3,0.5,0.5,0.5,0.0,tie
q3_858,Q3,1.0,1.0,1.0,0.0,tie
q3_859,Q3,1.0,1.0,1.0,0.0,tie
q3_860,Q3,1.0,1.0,1.0,0.0,tie
q3_861,Q3,1.0,1.0,1.0,0.0,tie
q3_862,Q3,0.5,0.5,0.5,0.0,tie
q3_863,Q3,1.0,1.0,1.0,0.0,tie
q3_864,Q3,1.0,0.25,1.0,0.0,tie
q3_865,Q3,0.5,0.3333333333333333,0.5,0.0,tie
q3_866,Q3,0.3333333333333333,0.2,0.3333333333333333,0.0,tie
q3_867,Q3,0.25,0.16666666666666666,0.25,0.0,tie
q3_868,Q3,1.0,0.5,1.0,0.0,tie
q3_869,Q3,0.5,1.0,0.5,-0.5,hybrid_loss
q3_870,Q3,1.0,0.5,1.0,0.0,tie
q3_871,Q3,0.5,1.0,0.5,-0.5,hybrid_loss
q3_872,Q3,1.0,1.0,1.0,0.0,tie
q3_873,Q3,1.0,1.0,1.0,0.0,tie
q3_875,Q3,1.0,1.0,1.0,0.0,tie
q3_876,Q3,1.0,1.0,1.0,0.0,tie
q3_877,Q3,1.0,1.0,1.0,0.0,tie
q3_878,Q3,0.5,0.5,0.5,0.0,tie
q3_879,Q3,1.0,1.0,1.0,0.0,tie
q3_880,Q3,0.5,0.5,0.5,0.0,tie
q3_881,Q3,1.0,1.0,1.0,0.0,tie
q3_882,Q3,1.0,1.0,1.0,0.0,tie
q3_883,Q3,1.0,1.0,1.0,0.0,tie
q3_884,Q3,1.0,1.0,1.0,0.0,tie
q3_885,Q3,1.0,1.0,1.0,0.0,tie
q3_886,Q3,1.0,1.0,1.0,0.0,tie
q3_887,Q3,1.0,1.0,1.0,0.0,tie
q3_888,Q3,1.0,1.0,1.0,0.0,tie
q3_889,Q3,1.0,1.0,1.0,0.0,tie
q3_890,Q3,1.0,1.0,1.0,0.0,tie
q3_891,Q3,1.0,0.5,1.0,0.0,tie
q3_892,Q3,1.0,0.3333333333333333,1.0,0.0,tie
q3_893,Q3,1.0,1.0,1.0,0.0,tie
q3_894,Q3,0.0,1.0,1.0,0.0,tie
q3_895,Q3,0.0,0.0,0.0,0.0,tie
q3_896,Q3,1.0,1.0,1.0,0.0,tie
q3_897,Q3,1.0,1.0,1.0,0.0,tie
q3_898,Q3,1.0,1.0,1.0,0.0,tie
q3_899,Q3,1.0,1.0,1.0,0.0,tie
q3_900,Q3,0.5,1.0,0.5,-0.5,hybrid_loss
q3_901,Q3,1.0,1.0,1.0,0.0,tie
q3_902,Q3,1.0,1.0,1.0,0.0,tie
q3_907,Q3,1.0,1.0,1.0,0.0,tie
q3_908,Q3,1.0,0.3333333333333333,0.3333333333333333,-0.6666666666666667,hybrid_loss
q3_909,Q3,0.5,1.0,1.0,0.0,tie
q3_910,Q3,0.3333333333333333,0.5,0.5,0.0,tie
q3_914,Q3,1.0,1.0,1.0,0.0,tie
q3_915,Q3,0.3333333333333333,1.0,1.0,0.0,tie
q3_916,Q3,1.0,1.0,1.0,0.0,tie
q3_917,Q3,1.0,1.0,1.0,0.0,tie
q3_918,Q3,1.0,1.0,1.0,0.0,tie
q3_919,Q3,1.0,0.5,0.5,-0.5,hybrid_loss
q3_920,Q3,0.5,0.3333333333333333,0.3333333333333333,-0.16666666666666669,hybrid_loss
q3_933,Q3,1.0,1.0,1.0,0.0,tie
q3_936,Q3,0.0,0.0,0.0,0.0,tie
q3_937,Q3,0.0,0.0,0.0,0.0,tie
q3_938,Q3,1.0,1.0,1.0,0.0,tie
q3_939,Q3,1.0,0.5,1.0,0.0,tie
q3_940,Q3,0.5,1.0,0.5,-0.5,hybrid_loss
q3_941,Q3,1.0,1.0,1.0,0.0,tie
q3_942,Q3,0.0,0.0,0.0,0.0,tie
q3_943,Q3,1.0,1.0,1.0,0.0,tie
q3_944,Q3,0.3333333333333333,0.16666666666666666,0.25,-0.08333333333333331,hybrid_loss
q3_945,Q3,1.0,1.0,1.0,0.0,tie
q3_946,Q3,0.0,0.0,0.0,0.0,tie
q3_947,Q3,1.0,1.0,1.0,0.0,tie
q3_948,Q3,1.0,1.0,1.0,0.0,tie
q3_949,Q3,0.5,0.5,0.5,0.0,tie
q3_950,Q3,1.0,1.0,1.0,0.0,tie
q3_951,Q3,0.5,0.5,0.5,0.0,tie
q3_952,Q3,1.0,1.0,1.0,0.0,tie
q3_953,Q3,0.0,0.3333333333333333,0.3333333333333333,0.0,tie
q3_954,Q3,1.0,1.0,1.0,0.0,tie
q3_955,Q3,1.0,1.0,1.0,0.0,tie
q3_956,Q3,1.0,1.0,1.0,0.0,tie
q3_957,Q3,1.0,1.0,1.0,0.0,tie
q3_958,Q3,0.5,0.5,0.5,0.0,tie
q3_959,Q3,1.0,1.0,1.0,0.0,tie
q3_960,Q3,1.0,1.0,1.0,0.0,tie
q3_961,Q3,0.5,0.16666666666666666,0.5,0.0,tie
q3_962,Q3,1.0,1.0,1.0,0.0,tie
q3_963,Q3,1.0,0.2,1.0,0.0,tie
q3_964,Q3,0.5,0.0,0.25,-0.25,hybrid_loss
q3_965,Q3,0.25,0.25,0.16666666666666666,-0.08333333333333334,hybrid_loss
q3_966,Q3,0.5,1.0,1.0,0.0,tie
q3_967,Q3,0.3333333333333333,0.14285714285714285,0.14285714285714285,-0.19047619047619047,hybrid_loss
q3_968,Q3,1.0,1.0,1.0,0.0,tie
q3_969,Q3,1.0,1.0,1.0,0.0,tie
q3_970,Q3,0.2,0.0,1.0,0.8,hybrid_win
q3_971,Q3,1.0,1.0,1.0,0.0,tie
q3_972,Q3,1.0,1.0,1.0,0.0,tie
q3_973,Q3,0.25,0.0,0.1,-0.15,hybrid_loss
q3_974,Q3,1.0,1.0,1.0,0.0,tie
q3_975,Q3,1.0,1.0,1.0,0.0,tie
q3_976,Q3,1.0,1.0,1.0,0.0,tie
q3_977,Q3,1.0,1.0,1.0,0.0,tie
q3_978,Q3,1.0,1.0,1.0,0.0,tie
q3_979,Q3,1.0,1.0,1.0,0.0,tie
q3_980,Q3,0.5,1.0,0.5,-0.5,hybrid_loss
q3_981,Q3,1.0,1.0,1.0,0.0,tie
q3_982,Q3,1.0,1.0,1.0,0.0,tie
q3_983,Q3,0.0,0.5,1.0,0.5,hybrid_win
q3_984,Q3,0.0,0.0,0.0,0.0,tie
q3_985,Q3,1.0,1.0,1.0,0.0,tie
q3_986,Q3,1.0,1.0,1.0,0.0,tie
q3_987,Q3,1.0,1.0,1.0,0.0,tie
q3_988,Q3,1.0,1.0,1.0,0.0,tie
q3_989,Q3,1.0,1.0,1.0,0.0,tie
q3_990,Q3,0.3333333333333333,1.0,1.0,0.0,tie
q3_991,Q3,1.0,1.0,1.0,0.0,tie
q3_992,Q3,1.0,1.0,1.0,0.0,tie
q3_993,Q3,0.0,0.0,0.0,0.0,tie
q3_994,Q3,1.0,0.0,1.0,0.0,tie
q3_995,Q3,1.0,1.0,1.0,0.0,tie
q3_996,Q3,1.0,1.0,1.0,0.0,tie
q3_997,Q3,0.0,0.0,0.0,0.0,tie
q3_998,Q3,0.0,0.0,0.0,0.0,tie
q3_999,Q3,1.0,1.0,1.0,0.0,tie
q3_1000,Q3,1.0,1.0,1.0,0.0,tie
q3_1001,Q3,0.125,0.25,1.0,0.75,hybrid_win
q3_1003,Q3,0.5,0.5,1.0,0.5,hybrid_win
q3_1004,Q3,1.0,0.2,0.5,-0.5,hybrid_loss
q3_1005,Q3,1.0,1.0,1.0,0.0,tie
q3_1006,Q3,1.0,1.0,1.0,0.0,tie
q3_1007,Q3,1.0,1.0,1.0,0.0,tie
q3_1008,Q3,1.0,1.0,1.0,0.0,tie
q3_1009,Q3,1.0,1.0,1.0,0.0,tie
q3_1010,Q3,0.5,1.0,1.0,0.0,tie
q3_1011,Q3,1.0,1.0,1.0,0.0,tie
q3_1013,Q3,1.0,1.0,1.0,0.0,tie
q3_1014,Q3,0.5,0.3333333333333333,0.3333333333333333,-0.16666666666666669,hybrid_loss
q3_1015,Q3,1.0,0.5,1.0,0.0,tie
q3_1016,Q3,0.5,1.0,0.5,-0.5,hybrid_loss
q3_1017,Q3,1.0,1.0,1.0,0.0,tie
q3_1018,Q3,1.0,1.0,1.0,0.0,tie
q3_1019,Q3,1.0,1.0,1.0,0.0,tie
q3_1020,Q3,0.5,0.5,0.5,0.0,tie
q3_1021,Q3,1.0,1.0,1.0,0.0,tie
q3_1022,Q3,1.0,1.0,1.0,0.0,tie
q3_1023,Q3,1.0,0.25,1.0,0.0,tie
q3_1024,Q3,1.0,1.0,1.0,0.0,tie
q3_1025,Q3,1.0,1.0,1.0,0.0,tie
q3_1026,Q3,0.5,1.0,1.0,0.0,tie
q3_1027,Q3,1.0,0.5,0.5,-0.5,hybrid_loss
q3_1028,Q3,1.0,1.0,1.0,0.0,tie
q3_1029,Q3,0.3333333333333333,0.0,0.5,0.16666666666666669,hybrid_win
q3_1030,Q3,1.0,0.25,1.0,0.0,tie
q3_1031,Q3,1.0,1.0,1.0,0.0,tie
q3_1032,Q3,1.0,1.0,1.0,0.0,tie
q3_1033,Q3,1.0,1.0,1.0,0.0,tie
q3_1034,Q3,1.0,1.0,1.0,0.0,tie
q3_1035,Q3,1.0,1.0,1.0,0.0,tie
q3_1036,Q3,0.14285714285714285,0.16666666666666666,0.16666666666666666,0.0,tie
q3_1037,Q3,0.5,0.2,0.5,0.0,tie
q3_1038,Q3,1.0,1.0,1.0,0.0,tie
q3_1039,Q3,1.0,1.0,1.0,0.0,tie
q3_1040,Q3,0.2,1.0,0.5,-0.5,hybrid_loss
q3_1041,Q3,1.0,1.0,1.0,0.0,tie
q3_1042,Q3,1.0,1.0,1.0,0.0,tie
q3_1043,Q3,0.1111111111111111,1.0,0.3333333333333333,-0.6666666666666667,hybrid_loss
q3_1044,Q3,1.0,1.0,1.0,0.0,tie
q3_1045,Q3,0.5,0.5,0.5,0.0,tie
q3_1046,Q3,0.3333333333333333,0.5,0.5,0.0,tie
q3_1047,Q3,1.0,1.0,1.0,0.0,tie
q3_1048,Q3,1.0,1.0,1.0,0.0,tie
q3_1049,Q3,1.0,1.0,1.0,0.0,tie
q3_1050,Q3,0.125,1.0,1.0,0.0,tie
q3_1051,Q3,0.0,0.0,0.0,0.0,tie
q3_1052,Q3,0.0,0.0,0.0,0.0,tie
q3_1053,Q3,0.0,0.125,0.0,-0.125,hybrid_loss
q3_1054,Q3,0.0,1.0,0.2,-0.8,hybrid_loss
q3_1055,Q3,0.0,1.0,0.5,-0.5,hybrid_loss
q3_1056,Q3,1.0,1.0,1.0,0.0,tie
q3_1057,Q3,0.5,1.0,0.5,-0.5,hybrid_loss
q3_1058,Q3,0.3333333333333333,1.0,1.0,0.0,tie
q3_1059,Q3,0.0,0.5,0.25,-0.25,hybrid_loss
q3_1060,Q3,0.16666666666666666,1.0,0.5,-0.5,hybrid_loss
q3_1061,Q3,0.0,1.0,0.25,-0.75,hybrid_loss
q3_1062,Q3,1.0,1.0,1.0,0.0,tie
q3_1063,Q3,0.3333333333333333,1.0,0.5,-0.5,hybrid_loss
q3_1064,Q3,1.0,1.0,1.0,0.0,tie
q3_1065,Q3,1.0,1.0,1.0,0.0,tie
q3_1066,Q3,1.0,1.0,1.0,0.0,tie
q3_1067,Q3,1.0,1.0,1.0,0.0,tie
q3_1068,Q3,0.0,0.0,0.0,0.0,tie
q3_1069,Q3,0.0,0.0,0.0,0.0,tie
q3_1070,Q3,1.0,1.0,1.0,0.0,tie
q3_1071,Q3,0.3333333333333333,0.25,0.3333333333333333,0.0,tie
q3_1072,Q3,0.5,0.5,0.5,0.0,tie
q3_1073,Q3,1.0,1.0,1.0,0.0,tie
q3_1074,Q3,1.0,1.0,1.0,0.0,tie
q3_1075,Q3,1.0,1.0,1.0,0.0,tie
q3_1076,Q3,1.0,0.3333333333333333,1.0,0.0,tie
q3_1077,Q3,1.0,1.0,1.0,0.0,tie
q3_1078,Q3,1.0,1.0,1.0,0.0,tie
q3_1079,Q3,1.0,1.0,1.0,0.0,tie
q3_1080,Q3,1.0,1.0,1.0,0.0,tie
q3_1081,Q3,1.0,1.0,1.0,0.0,tie
q3_1082,Q3,0.5,1.0,1.0,0.0,tie
q3_1083,Q3,1.0,1.0,1.0,0.0,tie
q3_1084,Q3,0.3333333333333333,0.25,0.25,-0.08333333333333331,hybrid_loss
q3_1085,Q3,0.5,1.0,0.5,-0.5,hybrid_loss
q3_1086,Q3,0.5,1.0,1.0,0.0,tie
q3_1087,Q3,0.5,1.0,0.5,-0.5,hybrid_loss
q3_1088,Q3,1.0,1.0,1.0,0.0,tie
q3_1089,Q3,0.1111111111111111,1.0,1.0,0.0,tie
q3_1090,Q3,0.25,0.5,0.5,0.0,tie
q3_1091,Q3,1.0,1.0,1.0,0.0,tie
q3_1092,Q3,1.0,1.0,1.0,0.0,tie
q3_1093,Q3,1.0,1.0,1.0,0.0,tie
q3_1094,Q3,1.0,1.0,1.0,0.0,tie
q3_1095,Q3,1.0,1.0,1.0,0.0,tie
q3_1096,Q3,0.5,0.3333333333333333,0.5,0.0,tie
q3_1097,Q3,1.0,0.5,0.5,-0.5,hybrid_loss
q3_1098,Q3,1.0,0.3333333333333333,0.5,-0.5,hybrid_loss
q3_1099,Q3,1.0,0.5,0.5,-0.5,hybrid_loss
q3_1100,Q3,1.0,1.0,1.0,0.0,tie
q3_1104,Q3,0.2,0.0,0.1111111111111111,-0.0888888888888889,hybrid_loss
q3_1105,Q3,1.0,1.0,1.0,0.0,tie
q3_1106,Q3,0.5,0.5,0.5,0.0,tie
q3_1107,Q3,1.0,1.0,1.0,0.0,tie
q3_1108,Q3,1.0,0.5,1.0,0.0,tie
q3_1109,Q3,1.0,1.0,1.0,0.0,tie
q3_1110,Q3,1.0,0.0,0.25,-0.75,hybrid_loss
q3_1111,Q3,0.5,0.0,0.2,-0.3,hybrid_loss
q3_1112,Q3,0.3333333333333333,0.0,0.25,-0.08333333333333331,hybrid_loss
q3_1113,Q3,1.0,0.0,0.1,-0.9,hybrid_loss
q3_1114,Q3,0.25,0.0,0.0,-0.25,hybrid_loss
q3_1115,Q3,0.3333333333333333,0.0,0.1,-0.2333333333333333,hybrid_loss
q3_1116,Q3,1.0,1.0,1.0,0.0,tie
q3_1117,Q3,0.5,1.0,1.0,0.0,tie
q3_1118,Q3,1.0,1.0,1.0,0.0,tie
q3_1119,Q3,1.0,1.0,1.0,0.0,tie
q3_1120,Q3,0.3333333333333333,1.0,0.5,-0.5,hybrid_loss
q3_1121,Q3,1.0,0.5,1.0,0.0,tie
q3_1122,Q3,0.25,0.1111111111111111,0.25,0.0,tie
q3_1123,Q3,1.0,1.0,1.0,0.0,tie
q3_1124,Q3,1.0,1.0,1.0,0.0,tie
q3_1125,Q3,1.0,1.0,1.0,0.0,tie
q3_1126,Q3,1.0,1.0,1.0,0.0,tie
q3_1127,Q3,0.5,0.3333333333333333,0.3333333333333333,-0.16666666666666669,hybrid_loss
q3_1128,Q3,0.5,0.1111111111111111,1.0,0.5,hybrid_win
q3_1129,Q3,1.0,1.0,1.0,0.0,tie
q3_1130,Q3,1.0,1.0,1.0,0.0,tie
q3_1131,Q3,1.0,1.0,1.0,0.0,tie
q3_1132,Q3,1.0,1.0,1.0,0.0,tie
q3_1133,Q3,0.5,0.25,1.0,0.5,hybrid_win
q3_1134,Q3,1.0,0.0,0.25,-0.75,hybrid_loss
q3_1135,Q3,1.0,1.0,1.0,0.0,tie
q3_1136,Q3,1.0,1.0,1.0,0.0,tie
q3_1137,Q3,1.0,1.0,1.0,0.0,tie
q3_1138,Q3,1.0,1.0,1.0,0.0,tie
q3_1139,Q3,1.0,1.0,1.0,0.0,tie
q3_1140,Q3,0.2,0.2,1.0,0.8,hybrid_win
q3_1141,Q3,0.16666666666666666,0.25,0.5,0.25,hybrid_win
q3_1142,Q3,1.0,1.0,1.0,0.0,tie
q3_1143,Q3,1.0,1.0,1.0,0.0,tie
q3_1144,Q3,1.0,1.0,1.0,0.0,tie
q3_1145,Q3,1.0,1.0,1.0,0.0,tie
q3_1146,Q3,1.0,1.0,1.0,0.0,tie
q3_1147,Q3,0.5,0.5,0.5,0.0,tie
q3_1148,Q3,1.0,1.0,1.0,0.0,tie
q3_1149,Q3,1.0,1.0,1.0,0.0,tie
q3_1150,Q3,1.0,1.0,1.0,0.0,tie
q3_1151,Q3,1.0,1.0,1.0,0.0,tie
q3_1152,Q3,1.0,1.0,1.0,0.0,tie
q3_1153,Q3,1.0,1.0,1.0,0.0,tie
q3_1154,Q3,1.0,1.0,1.0,0.0,tie
q3_1155,Q3,1.0,1.0,1.0,0.0,tie
q3_1156,Q3,1.0,1.0,1.0,0.0,tie
q3_1157,Q3,1.0,1.0,1.0,0.0,tie
q3_1158,Q3,0.5,0.3333333333333333,0.3333333333333333,-0.16666666666666669,hybrid_loss
q3_1159,Q3,0.3333333333333333,0.25,0.25,-0.08333333333333331,hybrid_loss
q3_1160,Q3,0.25,0.2,0.2,-0.04999999999999999,hybrid_loss
q3_1161,Q3,0.2,0.5,0.5,0.0,tie
q3_1162,Q3,1.0,1.0,1.0,0.0,tie
q3_1163,Q3,1.0,1.0,1.0,0.0,tie
q3_1164,Q3,1.0,0.5,1.0,0.0,tie
q3_1165,Q3,0.5,1.0,0.5,-0.5,hybrid_loss
q3_1166,Q3,1.0,1.0,1.0,0.0,tie
q3_1167,Q3,1.0,1.0,1.0,0.0,tie
q3_1168,Q3,1.0,1.0,1.0,0.0,tie
q3_1169,Q3,1.0,1.0,1.0,0.0,tie
q3_1170,Q3,1.0,1.0,1.0,0.0,tie
q3_1171,Q3,1.0,1.0,1.0,0.0,tie
q3_1172,Q3,1.0,1.0,1.0,0.0,tie
q3_1173,Q3,1.0,1.0,1.0,0.0,tie
q3_1174,Q3,0.5,0.5,0.5,0.0,tie
q3_1175,Q3,1.0,1.0,1.0,0.0,tie
q3_1176,Q3,1.0,1.0,1.0,0.0,tie
q3_1177,Q3,1.0,1.0,1.0,0.0,tie
q3_1178,Q3,1.0,0.5,1.0,0.0,tie
q3_1179,Q3,0.5,1.0,0.5,-0.5,hybrid_loss
q3_1180,Q3,1.0,1.0,1.0,0.0,tie
q3_1181,Q3,1.0,1.0,1.0,0.0,tie
q3_1182,Q3,1.0,0.5,1.0,0.0,tie
q3_1183,Q3,0.5,1.0,0.5,-0.5,hybrid_loss
q3_1184,Q3,1.0,1.0,1.0,0.0,tie
q3_1185,Q3,1.0,1.0,1.0,0.0,tie
q3_1186,Q3,1.0,1.0,1.0,0.0,tie
q3_1187,Q3,1.0,1.0,1.0,0.0,tie
q3_1188,Q3,1.0,0.5,1.0,0.0,tie
q3_1189,Q3,0.5,1.0,0.5,-0.5,hybrid_loss
q3_1190,Q3,1.0,1.0,1.0,0.0,tie
q3_1191,Q3,1.0,1.0,1.0,0.0,tie
q3_1192,Q3,1.0,1.0,1.0,0.0,tie
q3_1193,Q3,0.5,0.0,0.14285714285714285,-0.35714285714285715,hybrid_loss
q3_1194,Q3,0.3333333333333333,0.14285714285714285,0.3333333333333333,0.0,tie
q3_1195,Q3,0.25,0.0,0.0,-0.25,hybrid_loss
q3_1196,Q3,0.2,0.0,0.1,-0.1,hybrid_loss
q3_1197,Q3,1.0,1.0,1.0,0.0,tie
q3_1198,Q3,1.0,1.0,1.0,0.0,tie
q3_1199,Q3,1.0,1.0,1.0,0.0,tie
q3_1200,Q3,1.0,1.0,1.0,0.0,tie
q3_1201,Q3,0.125,0.125,0.3333333333333333,0.20833333333333331,hybrid_win
q3_1202,Q3,1.0,1.0,1.0,0.0,tie
q3_1203,Q3,1.0,1.0,1.0,0.0,tie
q3_1204,Q3,1.0,1.0,1.0,0.0,tie
q3_1205,Q3,1.0,1.0,1.0,0.0,tie
q3_1206,Q3,0.2,0.0,0.2,0.0,tie
q3_1207,Q3,0.16666666666666666,0.0,0.16666666666666666,0.0,tie
q3_1208,Q3,0.5,1.0,1.0,0.0,tie
q3_1209,Q3,1.0,1.0,1.0,0.0,tie
q3_1210,Q3,1.0,1.0,1.0,0.0,tie
q3_1211,Q3,0.25,0.5,0.5,0.0,tie
q3_1212,Q3,0.2,0.3333333333333333,0.3333333333333333,0.0,tie
q3_1213,Q3,0.16666666666666666,0.25,0.25,0.0,tie
q3_1214,Q3,0.14285714285714285,0.2,0.2,0.0,tie
q3_1215,Q3,0.5,1.0,1.0,0.0,tie
q3_1216,Q3,0.3333333333333333,0.5,0.5,0.0,tie
q3_1217,Q3,1.0,1.0,1.0,0.0,tie
q3_1218,Q3,1.0,1.0,1.0,0.0,tie
q3_1219,Q3,1.0,1.0,1.0,0.0,tie
q3_1220,Q3,1.0,1.0,1.0,0.0,tie
q3_1221,Q3,0.1,0.0,0.14285714285714285,0.042857142857142844,hybrid_win
q3_1222,Q3,0.16666666666666666,1.0,1.0,0.0,tie
q3_1223,Q3,1.0,1.0,1.0,0.0,tie
q3_1224,Q3,1.0,1.0,1.0,0.0,tie
q3_1225,Q3,1.0,1.0,1.0,0.0,tie
q3_1226,Q3,1.0,1.0,1.0,0.0,tie
q3_1227,Q3,1.0,1.0,1.0,0.0,tie
q3_1228,Q3,1.0,1.0,1.0,0.0,tie
q3_1229,Q3,0.5,0.5,0.5,0.0,tie
q3_1230,Q3,1.0,1.0,1.0,0.0,tie
q3_1231,Q3,1.0,1.0,1.0,0.0,tie
q3_1232,Q3,1.0,1.0,1.0,0.0,tie
q3_1233,Q3,1.0,1.0,1.0,0.0,tie
q3_1234,Q3,0.1111111111111111,0.1,0.16666666666666666,0.05555555555555555,hybrid_win
q3_1235,Q3,0.1,0.0,0.14285714285714285,0.042857142857142844,hybrid_win
q3_1236,Q3,0.0,0.0,0.0,0.0,tie
q3_1237,Q3,0.0,0.0,0.0,0.0,tie
q3_1238,Q3,0.0,0.0,0.0,0.0,tie
q3_1239,Q3,0.0,0.0,0.0,0.0,tie
q3_1240,Q3,0.0,0.1111111111111111,0.0,-0.1111111111111111,hybrid_loss
q3_1241,Q3,0.0,0.5,0.0,-0.5,hybrid_loss
q3_1242,Q3,0.0,0.14285714285714285,0.0,-0.14285714285714285,hybrid_loss
q3_1243,Q3,0.0,0.16666666666666666,0.0,-0.16666666666666666,hybrid_loss
q3_1244,Q3,0.0,1.0,0.1111111111111111,-0.8888888888888888,hybrid_loss
q3_1245,Q3,0.0,0.3333333333333333,0.0,-0.3333333333333333,hybrid_loss
q3_1246,Q3,0.25,0.3333333333333333,0.25,-0.08333333333333331,hybrid_loss
q3_1247,Q3,0.2,0.2,0.2,0.0,tie
q3_1248,Q3,1.0,1.0,1.0,0.0,tie
q3_1249,Q3,1.0,0.5,0.5,-0.5,hybrid_loss
q3_1250,Q3,1.0,1.0,1.0,0.0,tie
q3_1251,Q3,1.0,1.0,1.0,0.0,tie
q3_1252,Q3,1.0,1.0,1.0,0.0,tie
q3_1253,Q3,1.0,1.0,1.0,0.0,tie
q3_1254,Q3,1.0,1.0,1.0,0.0,tie
q3_1255,Q3,1.0,1.0,1.0,0.0,tie
q3_1256,Q3,0.5,0.5,0.5,0.0,tie
q3_1257,Q3,0.3333333333333333,0.25,0.3333333333333333,0.0,tie
q3_1258,Q3,0.25,0.2,0.25,0.0,tie
q3_1259,Q3,1.0,1.0,1.0,0.0,tie
q3_1260,Q3,1.0,1.0,1.0,0.0,tie
q3_1261,Q3,1.0,1.0,1.0,0.0,tie
q3_1262,Q3,1.0,0.5,1.0,0.0,tie
q3_1263,Q3,0.5,0.3333333333333333,0.5,0.0,tie
q3_1264,Q3,1.0,1.0,1.0,0.0,tie
q3_1265,Q3,0.5,0.5,0.5,0.0,tie
q3_1266,Q3,1.0,1.0,1.0,0.0,tie
q3_1268,Q3,1.0,1.0,1.0,0.0,tie
q3_1269,Q3,1.0,1.0,1.0,0.0,tie
q3_1270,Q3,1.0,1.0,1.0,0.0,tie
q3_1271,Q3,1.0,1.0,1.0,0.0,tie
q3_1272,Q3,1.0,1.0,1.0,0.0,tie
q3_1273,Q3,0.5,0.5,0.5,0.0,tie
q3_1274,Q3,1.0,1.0,1.0,0.0,tie
q3_1275,Q3,1.0,1.0,1.0,0.0,tie
q3_1276,Q3,1.0,0.5,1.0,0.0,tie
q3_1277,Q3,0.5,1.0,0.5,-0.5,hybrid_loss
q3_1278,Q3,0.3333333333333333,0.3333333333333333,0.3333333333333333,0.0,tie
q3_1279,Q3,1.0,1.0,1.0,0.0,tie
q3_1280,Q3,1.0,1.0,1.0,0.0,tie
q3_1281,Q3,1.0,1.0,1.0,0.0,tie
q3_1282,Q3,0.5,0.3333333333333333,0.5,0.0,tie
q3_1283,Q3,0.3333333333333333,0.5,0.3333333333333333,-0.16666666666666669,hybrid_loss
q3_1284,Q3,1.0,1.0,1.0,0.0,tie
q3_1285,Q3,0.5,0.5,0.5,0.0,tie
q3_1286,Q3,0.3333333333333333,0.3333333333333333,0.3333333333333333,0.0,tie
q3_1287,Q3,1.0,1.0,1.0,0.0,tie
q3_1288,Q3,1.0,1.0,1.0,0.0,tie
q3_1289,Q3,1.0,1.0,1.0,0.0,tie
q3_1290,Q3,0.14285714285714285,0.0,0.125,-0.01785714285714285,hybrid_loss
q3_1291,Q3,0.5,0.0,0.0,-0.5,hybrid_loss
q3_1292,Q3,0.3333333333333333,0.0,0.0,-0.3333333333333333,hybrid_loss
q3_1293,Q3,1.0,1.0,1.0,0.0,tie
q3_1294,Q3,1.0,1.0,1.0,0.0,tie
q3_1295,Q3,0.5,0.3333333333333333,0.5,0.0,tie
q3_1296,Q3,0.3333333333333333,0.5,0.3333333333333333,-0.16666666666666669,hybrid_loss
q3_1297,Q3,1.0,1.0,1.0,0.0,tie
q3_1298,Q3,1.0,1.0,1.0,0.0,tie
q3_1299,Q3,1.0,1.0,1.0,0.0,tie
q3_1300,Q3,0.5,1.0,1.0,0.0,tie
q3_1301,Q3,1.0,1.0,1.0,0.0,tie
q3_1302,Q3,1.0,1.0,1.0,0.0,tie
q3_1303,Q3,1.0,1.0,1.0,0.0,tie
q3_1304,Q3,1.0,0.5,0.5,-0.5,hybrid_loss
q3_1305,Q3,0.5,1.0,1.0,0.0,tie
q3_1306,Q3,1.0,1.0,1.0,0.0,tie
q3_1307,Q3,1.0,1.0,1.0,0.0,tie
q3_1308,Q3,1.0,0.3333333333333333,1.0,0.0,tie
q3_1309,Q3,1.0,1.0,1.0,0.0,tie
q3_1312,Q3,1.0,1.0,1.0,0.0,tie
q3_1313,Q3,1.0,1.0,1.0,0.0,tie
q3_1314,Q3,1.0,1.0,1.0,0.0,tie
q3_1315,Q3,1.0,1.0,1.0,0.0,tie
q3_1316,Q3,1.0,1.0,1.0,0.0,tie
q3_1317,Q3,1.0,1.0,1.0,0.0,tie
q3_1318,Q3,0.5,0.5,0.5,0.0,tie
q3_1319,Q3,1.0,1.0,1.0,0.0,tie
q3_1320,Q3,1.0,1.0,1.0,0.0,tie
q3_1321,Q3,1.0,1.0,1.0,0.0,tie
q3_1322,Q3,1.0,1.0,1.0,0.0,tie
q3_1323,Q3,1.0,1.0,1.0,0.0,tie
q3_1324,Q3,1.0,1.0,1.0,0.0,tie
q3_1325,Q3,1.0,1.0,1.0,0.0,tie
q3_1326,Q3,0.5,0.3333333333333333,0.5,0.0,tie
q3_1327,Q3,0.3333333333333333,0.5,0.3333333333333333,-0.16666666666666669,hybrid_loss
q3_1328,Q3,1.0,1.0,1.0,0.0,tie
q3_1329,Q3,1.0,1.0,1.0,0.0,tie
q3_1330,Q3,1.0,1.0,1.0,0.0,tie
q3_1331,Q3,1.0,1.0,1.0,0.0,tie
q3_1332,Q3,1.0,0.0,0.25,-0.75,hybrid_loss
q3_1333,Q3,0.5,0.0,0.2,-0.3,hybrid_loss
q3_1334,Q3,0.3333333333333333,0.0,0.1,-0.2333333333333333,hybrid_loss
q3_1335,Q3,0.25,0.0,0.0,-0.25,hybrid_loss
q3_1336,Q3,1.0,0.25,0.3333333333333333,-0.6666666666666667,hybrid_loss
q3_1338,Q3,1.0,0.0,1.0,0.0,tie
q3_1339,Q3,0.5,0.0,0.5,0.0,tie
q3_1340,Q3,0.3333333333333333,0.0,0.25,-0.08333333333333331,hybrid_loss
q3_1341,Q3,0.25,0.0,0.2,-0.04999999999999999,hybrid_loss
q3_1342,Q3,1.0,1.0,1.0,0.0,tie
q3_1343,Q3,1.0,1.0,1.0,0.0,tie
q3_1344,Q3,0.5,0.5,0.3333333333333333,-0.16666666666666669,hybrid_loss
q3_1345,Q3,1.0,0.5,1.0,0.0,tie
q3_1346,Q3,0.5,1.0,0.5,-0.5,hybrid_loss
q3_1347,Q3,0.3333333333333333,0.3333333333333333,0.3333333333333333,0.0,tie
q3_1348,Q3,1.0,0.5,0.5,-0.5,hybrid_loss
q3_1349,Q3,1.0,1.0,1.0,0.0,tie
q3_1350,Q3,1.0,1.0,1.0,0.0,tie
q3_1351,Q3,1.0,1.0,1.0,0.0,tie
q3_1352,Q3,1.0,0.5,1.0,0.0,tie
q3_1353,Q3,0.5,1.0,0.5,-0.5,hybrid_loss
q3_1354,Q3,1.0,1.0,1.0,0.0,tie
q3_1355,Q3,1.0,1.0,1.0,0.0,tie
q3_1359,Q3,1.0,1.0,1.0,0.0,tie
q3_1360,Q3,1.0,1.0,1.0,0.0,tie
q3_1361,Q3,1.0,0.3333333333333333,0.3333333333333333,-0.6666666666666667,hybrid_loss
q3_1362,Q3,1.0,0.5,1.0,0.0,tie
q3_1363,Q3,0.5,1.0,0.5,-0.5,hybrid_loss
q3_1364,Q3,0.5,1.0,1.0,0.0,tie
q3_1365,Q3,1.0,1.0,1.0,0.0,tie
q3_1366,Q3,0.5,0.5,0.5,0.0,tie
q3_1367,Q3,1.0,1.0,1.0,0.0,tie
q3_1368,Q3,1.0,1.0,1.0,0.0,tie
q3_1369,Q3,0.3333333333333333,1.0,1.0,0.0,tie
q3_1370,Q3,0.25,0.5,0.5,0.0,tie
q3_1371,Q3,1.0,1.0,1.0,0.0,tie
q3_1372,Q3,1.0,0.5,0.5,-0.5,hybrid_loss
q3_1373,Q3,1.0,1.0,1.0,0.0,tie
q3_1374,Q3,1.0,1.0,1.0,0.0,tie
q3_1375,Q3,1.0,1.0,1.0,0.0,tie
q3_1377,Q3,1.0,0.125,0.14285714285714285,-0.8571428571428572,hybrid_loss
q3_1378,Q3,0.3333333333333333,0.25,0.3333333333333333,0.0,tie
q3_1380,Q3,1.0,1.0,1.0,0.0,tie
q3_1381,Q3,1.0,1.0,1.0,0.0,tie
q3_1382,Q3,1.0,1.0,1.0,0.0,tie
q3_1383,Q3,1.0,1.0,1.0,0.0,tie
q3_1384,Q3,1.0,1.0,1.0,0.0,tie
q3_1385,Q3,1.0,0.5,1.0,0.0,tie
q3_1386,Q3,0.5,1.0,0.5,-0.5,hybrid_loss
q3_1387,Q3,1.0,1.0,1.0,0.0,tie
q3_1388,Q3,0.5,0.5,0.5,0.0,tie
q3_1389,Q3,0.3333333333333333,0.3333333333333333,0.3333333333333333,0.0,tie
q3_1390,Q3,1.0,1.0,1.0,0.0,tie
q3_1391,Q3,1.0,1.0,1.0,0.0,tie
q3_1392,Q3,1.0,1.0,1.0,0.0,tie
q3_1393,Q3,1.0,1.0,1.0,0.0,tie
q3_1394,Q3,1.0,1.0,1.0,0.0,tie
q3_1395,Q3,1.0,1.0,1.0,0.0,tie
q3_1396,Q3,1.0,1.0,1.0,0.0,tie
q3_1397,Q3,1.0,1.0,1.0,0.0,tie
q3_1398,Q3,1.0,1.0,1.0,0.0,tie
q3_1399,Q3,1.0,1.0,1.0,0.0,tie
q3_1400,Q3,0.5,0.5,0.5,0.0,tie
q3_1401,Q3,1.0,1.0,1.0,0.0,tie
q3_1402,Q3,1.0,1.0,1.0,0.0,tie
q3_1403,Q3,1.0,1.0,1.0,0.0,tie
q3_1404,Q3,1.0,1.0,1.0,0.0,tie
q3_1405,Q3,1.0,1.0,1.0,0.0,tie
q3_1406,Q3,0.14285714285714285,0.25,0.25,0.0,tie
q3_1407,Q3,0.25,0.16666666666666666,0.2,-0.04999999999999999,hybrid_loss
q3_1408,Q3,0.2,0.2,0.16666666666666666,-0.033333333333333354,hybrid_loss
q3_1409,Q3,0.5,0.3333333333333333,0.5,0.0,tie
q3_1410,Q3,0.3333333333333333,0.5,0.3333333333333333,-0.16666666666666669,hybrid_loss
q3_1411,Q3,0.16666666666666666,1.0,1.0,0.0,tie
q3_1412,Q3,1.0,1.0,1.0,0.0,tie
q3_1413,Q3,1.0,1.0,1.0,0.0,tie
q3_1414,Q3,0.5,1.0,1.0,0.0,tie
q3_1415,Q3,1.0,1.0,1.0,0.0,tie
q3_1416,Q3,0.0,0.2,0.2,0.0,tie
q3_1417,Q3,0.0,0.16666666666666666,0.16666666666666666,0.0,tie
q3_1418,Q3,0.16666666666666666,0.0,0.0,-0.16666666666666666,hybrid_loss
q3_1419,Q3,0.2,0.0,0.0,-0.2,hybrid_loss
q3_1420,Q3,1.0,0.5,0.5,-0.5,hybrid_loss
q3_1421,Q3,0.5,0.25,0.3333333333333333,-0.16666666666666669,hybrid_loss
q3_1422,Q3,0.3333333333333333,0.3333333333333333,0.25,-0.08333333333333331,hybrid_loss
q3_1423,Q3,0.0,0.1111111111111111,0.1111111111111111,0.0,tie
q3_1424,Q3,0.0,0.1,0.1,0.0,tie
q3_1425,Q3,0.25,1.0,1.0,0.0,tie
q3_1426,Q3,0.14285714285714285,0.125,0.14285714285714285,0.0,tie
q3_1427,Q3,0.125,0.14285714285714285,0.125,-0.01785714285714285,hybrid_loss
q3_1428,Q3,0.1,0.0,0.0,-0.1,hybrid_loss
q3_1429,Q3,0.0,0.0,0.0,0.0,tie
q3_1430,Q3,0.1111111111111111,0.0,0.0,-0.1111111111111111,hybrid_loss
q3_1431,Q3,1.0,1.0,1.0,0.0,tie
q3_1432,Q3,1.0,0.0,0.3333333333333333,-0.6666666666666667,hybrid_loss
q3_1433,Q3,1.0,0.5,1.0,0.0,tie
q3_1434,Q3,0.5,1.0,0.5,-0.5,hybrid_loss
q3_1435,Q3,0.5,0.0,0.5,0.0,tie
q3_1436,Q3,1.0,1.0,1.0,0.0,tie
q3_1437,Q3,0.5,0.3333333333333333,0.3333333333333333,-0.16666666666666669,hybrid_loss
q3_1438,Q3,1.0,1.0,1.0,0.0,tie
q3_1439,Q3,1.0,1.0,1.0,0.0,tie
q3_1440,Q3,1.0,0.0,0.5,-0.5,hybrid_loss
q3_1441,Q3,0.5,0.0,0.3333333333333333,-0.16666666666666669,hybrid_loss
q3_1442,Q3,0.3333333333333333,0.25,0.25,-0.08333333333333331,hybrid_loss
q3_1443,Q3,0.25,0.5,0.5,0.0,tie
q3_1444,Q3,1.0,1.0,1.0,0.0,tie
q3_1445,Q3,0.5,0.3333333333333333,0.3333333333333333,-0.16666666666666669,hybrid_loss
q3_1446,Q3,0.3333333333333333,0.5,1.0,0.5,hybrid_win
q3_1447,Q3,1.0,1.0,1.0,0.0,tie
q3_1448,Q3,1.0,0.5,1.0,0.0,tie
q3_1449,Q3,1.0,1.0,1.0,0.0,tie
q3_1450,Q3,0.3333333333333333,0.14285714285714285,0.25,-0.08333333333333331,hybrid_loss
q3_1451,Q3,0.25,0.16666666666666666,0.2,-0.04999999999999999,hybrid_loss
q3_1452,Q3,1.0,0.1,0.125,-0.875,hybrid_loss
q3_1453,Q3,0.5,0.1111111111111111,0.1111111111111111,-0.3888888888888889,hybrid_loss
q3_1454,Q3,1.0,1.0,1.0,0.0,tie
q3_1455,Q3,0.25,0.16666666666666666,0.16666666666666666,-0.08333333333333334,hybrid_loss
q3_1456,Q3,0.2,0.25,0.25,0.0,tie
q3_1457,Q3,0.16666666666666666,0.2,0.2,0.0,tie
q3_1458,Q3,0.5,0.5,0.5,0.0,tie
q3_1459,Q3,0.3333333333333333,0.3333333333333333,0.3333333333333333,0.0,tie
q3_1460,Q3,1.0,1.0,1.0,0.0,tie
q3_1461,Q3,0.5,0.5,0.5,0.0,tie
q3_1462,Q3,0.125,1.0,0.3333333333333333,-0.6666666666666667,hybrid_loss
q3_1463,Q3,1.0,1.0,1.0,0.0,tie
q3_1464,Q3,0.25,1.0,0.5,-0.5,hybrid_loss
q3_1465,Q3,1.0,1.0,1.0,0.0,tie
q3_1466,Q3,1.0,1.0,1.0,0.0,tie
q3_1467,Q3,0.25,0.0,0.25,0.0,tie
q3_1468,Q3,1.0,1.0,1.0,0.0,tie
q3_1469,Q3,0.5,0.5,0.5,0.0,tie
q3_1470,Q3,1.0,1.0,1.0,0.0,tie
q3_1471,Q3,0.5,1.0,1.0,0.0,tie
q3_1472,Q3,1.0,0.5,0.5,-0.5,hybrid_loss
q3_1473,Q3,1.0,1.0,1.0,0.0,tie
q3_1474,Q3,1.0,1.0,1.0,0.0,tie
q3_1475,Q3,1.0,0.5,1.0,0.0,tie
q3_1476,Q3,0.5,1.0,0.5,-0.5,hybrid_loss
q3_1477,Q3,1.0,1.0,1.0,0.0,tie
q3_1478,Q3,0.5,0.5,0.5,0.0,tie
q3_1479,Q3,0.2,1.0,1.0,0.0,tie
q3_1480,Q3,0.16666666666666666,0.5,0.5,0.0,tie
q3_1481,Q3,1.0,1.0,1.0,0.0,tie
q3_1482,Q3,1.0,0.5,1.0,0.0,tie
q3_1483,Q3,1.0,1.0,1.0,0.0,tie
q3_1484,Q3,0.5,0.5,0.5,0.0,tie
q3_1485,Q3,1.0,1.0,1.0,0.0,tie
q3_1486,Q3,1.0,0.3333333333333333,0.3333333333333333,-0.6666666666666667,hybrid_loss
q3_1487,Q3,1.0,1.0,1.0,0.0,tie
q3_1488,Q3,1.0,0.5,0.5,-0.5,hybrid_loss
q3_1489,Q3,1.0,1.0,1.0,0.0,tie
q3_1490,Q3,1.0,1.0,1.0,0.0,tie
q3_1491,Q3,0.3333333333333333,1.0,0.5,-0.5,hybrid_loss
q3_1492,Q3,1.0,0.5,0.5,-0.5,hybrid_loss
q3_1493,Q3,1.0,1.0,1.0,0.0,tie
q3_1494,Q3,1.0,1.0,1.0,0.0,tie
q3_1495,Q3,0.5,0.3333333333333333,0.3333333333333333,-0.16666666666666669,hybrid_loss
q3_1496,Q3,1.0,1.0,1.0,0.0,tie
q3_1497,Q3,1.0,1.0,1.0,0.0,tie
q3_1498,Q3,1.0,1.0,1.0,0.0,tie
q3_1499,Q3,1.0,1.0,1.0,0.0,tie
q3_1500,Q3,0.5,0.5,0.5,0.0,tie
q3_1501,Q3,1.0,1.0,1.0,0.0,tie
q3_1502,Q3,1.0,1.0,1.0,0.0,tie
q3_1503,Q3,1.0,1.0,1.0,0.0,tie
q3_1504,Q3,1.0,1.0,1.0,0.0,tie
q3_1505,Q3,1.0,1.0,1.0,0.0,tie
q3_1506,Q3,1.0,1.0,1.0,0.0,tie
q3_1507,Q3,1.0,1.0,1.0,0.0,tie
q3_1508,Q3,1.0,1.0,1.0,0.0,tie
q3_1509,Q3,0.1111111111111111,0.16666666666666666,0.5,0.33333333333333337,hybrid_win
q3_1510,Q3,0.0,0.0,0.0,0.0,tie
q3_1511,Q3,0.0,0.0,0.0,0.0,tie
q3_1513,Q3,0.0,0.2,0.16666666666666666,-0.033333333333333354,hybrid_loss
q3_1518,Q3,0.0,0.3333333333333333,0.5,0.16666666666666669,hybrid_win
q3_1519,Q3,1.0,1.0,1.0,0.0,tie
q3_1522,Q3,1.0,1.0,1.0,0.0,tie
q3_1524,Q3,1.0,1.0,1.0,0.0,tie
q3_1525,Q3,1.0,1.0,1.0,0.0,tie
q3_1526,Q3,1.0,1.0,1.0,0.0,tie
q3_1527,Q3,1.0,1.0,1.0,0.0,tie
q3_1528,Q3,1.0,1.0,1.0,0.0,tie
q3_1529,Q3,0.5,1.0,1.0,0.0,tie
q3_1530,Q3,1.0,1.0,1.0,0.0,tie
q3_1531,Q3,1.0,1.0,1.0,0.0,tie
q3_1532,Q3,1.0,1.0,1.0,0.0,tie
q3_1533,Q3,0.5,1.0,1.0,0.0,tie
q3_1534,Q3,1.0,0.25,0.3333333333333333,-0.6666666666666667,hybrid_loss
q3_1535,Q3,0.5,0.3333333333333333,0.5,0.0,tie
q3_1536,Q3,1.0,1.0,1.0,0.0,tie
q3_1537,Q3,1.0,1.0,1.0,0.0,tie
q3_1538,Q3,1.0,1.0,1.0,0.0,tie
q3_1539,Q3,1.0,1.0,1.0,0.0,tie
q3_1540,Q3,0.3333333333333333,0.2,0.3333333333333333,0.0,tie
q3_1541,Q3,1.0,1.0,1.0,0.0,tie
q3_1542,Q3,1.0,1.0,1.0,0.0,tie
q3_1543,Q3,1.0,0.5,1.0,0.0,tie
q3_1544,Q3,0.5,1.0,0.5,-0.5,hybrid_loss
q3_1545,Q3,1.0,1.0,1.0,0.0,tie
q3_1546,Q3,1.0,1.0,1.0,0.0,tie
q3_1547,Q3,0.5,0.25,0.5,0.0,tie
q3_1548,Q3,1.0,1.0,1.0,0.0,tie
q3_1549,Q3,0.25,0.3333333333333333,0.25,-0.08333333333333331,hybrid_loss
q3_1550,Q3,0.3333333333333333,0.5,0.3333333333333333,-0.16666666666666669,hybrid_loss
q3_1551,Q3,0.2,0.2,0.2,0.0,tie
q3_1552,Q3,0.2,0.125,0.14285714285714285,-0.05714285714285716,hybrid_loss
q3_1553,Q3,1.0,1.0,1.0,0.0,tie
q3_1554,Q3,1.0,1.0,1.0,0.0,tie
q3_1555,Q3,1.0,0.25,0.3333333333333333,-0.6666666666666667,hybrid_loss
q3_1556,Q3,1.0,1.0,1.0,0.0,tie
q3_1557,Q3,1.0,1.0,1.0,0.0,tie
q3_1558,Q3,0.25,0.2,0.2,-0.04999999999999999,hybrid_loss
q3_1559,Q3,1.0,0.3333333333333333,0.3333333333333333,-0.6666666666666667,hybrid_loss
q3_1560,Q3,1.0,1.0,1.0,0.0,tie
q3_1561,Q3,1.0,1.0,1.0,0.0,tie
q3_1562,Q3,1.0,1.0,1.0,0.0,tie
q3_1563,Q3,1.0,1.0,1.0,0.0,tie
q3_1564,Q3,1.0,1.0,1.0,0.0,tie
q3_1565,Q3,0.3333333333333333,0.14285714285714285,0.3333333333333333,0.0,tie
q3_1566,Q3,0.5,0.3333333333333333,0.5,0.0,tie
q3_1568,Q3,1.0,1.0,1.0,0.0,tie
q3_1569,Q3,1.0,1.0,1.0,0.0,tie
q3_1570,Q3,0.0,1.0,1.0,0.0,tie
q3_1571,Q3,1.0,1.0,1.0,0.0,tie
q3_1572,Q3,0.0,1.0,1.0,0.0,tie
q3_1573,Q3,0.5,1.0,1.0,0.0,tie
q3_1574,Q3,0.5,1.0,1.0,0.0,tie
q3_1575,Q3,0.25,1.0,1.0,0.0,tie
q3_1576,Q3,1.0,1.0,1.0,0.0,tie
q3_1577,Q3,1.0,1.0,1.0,0.0,tie
q3_1578,Q3,1.0,1.0,1.0,0.0,tie
q3_1579,Q3,1.0,1.0,1.0,0.0,tie
q3_1580,Q3,1.0,1.0,1.0,0.0,tie
q3_1581,Q3,1.0,1.0,1.0,0.0,tie
q3_1582,Q3,1.0,1.0,1.0,0.0,tie
q3_1583,Q3,1.0,0.5,1.0,0.0,tie
q3_1584,Q3,1.0,1.0,1.0,0.0,tie
q3_1585,Q3,1.0,1.0,1.0,0.0,tie
q3_1586,Q3,1.0,1.0,1.0,0.0,tie
q3_1587,Q3,1.0,1.0,1.0,0.0,tie
q3_1589,Q3,1.0,1.0,1.0,0.0,tie
q3_1590,Q3,1.0,1.0,1.0,0.0,tie
q3_1591,Q3,1.0,1.0,1.0,0.0,tie
q3_1592,Q3,1.0,1.0,1.0,0.0,tie
q3_1593,Q3,1.0,1.0,1.0,0.0,tie
q3_1594,Q3,0.3333333333333333,1.0,1.0,0.0,tie
q3_1595,Q3,1.0,1.0,1.0,0.0,tie
q3_1596,Q3,1.0,1.0,1.0,0.0,tie
q3_1597,Q3,1.0,0.0,1.0,0.0,tie
q3_1598,Q3,0.5,0.0,0.5,0.0,tie
q3_1600,Q3,0.0,1.0,1.0,0.0,tie
q3_1601,Q3,1.0,1.0,1.0,0.0,tie
q3_1604,Q3,1.0,1.0,1.0,0.0,tie
q3_1605,Q3,1.0,0.5,1.0,0.0,tie
q3_1606,Q3,1.0,1.0,1.0,0.0,tie
q3_1607,Q3,1.0,1.0,1.0,0.0,tie
q3_1608,Q3,0.5,1.0,0.5,-0.5,hybrid_loss
q3_1609,Q3,1.0,0.5,1.0,0.0,tie
q3_1611,Q3,1.0,0.5,1.0,0.0,tie
q3_1612,Q3,1.0,1.0,1.0,0.0,tie
q3_1613,Q3,1.0,1.0,1.0,0.0,tie
q3_1614,Q3,1.0,1.0,1.0,0.0,tie
q3_1615,Q3,1.0,1.0,1.0,0.0,tie
q3_1616,Q3,1.0,1.0,1.0,0.0,tie
q3_1617,Q3,1.0,1.0,1.0,0.0,tie
q3_1618,Q3,1.0,1.0,1.0,0.0,tie
q3_1619,Q3,1.0,1.0,1.0,0.0,tie
q3_1620,Q3,1.0,1.0,1.0,0.0,tie
q3_1621,Q3,0.5,0.0,0.3333333333333333,-0.16666666666666669,hybrid_loss
q3_1622,Q3,1.0,0.0,1.0,0.0,tie
q3_1623,Q3,1.0,1.0,1.0,0.0,tie
q3_1624,Q3,1.0,1.0,1.0,0.0,tie
q3_1625,Q3,1.0,1.0,1.0,0.0,tie
q3_1626,Q3,1.0,0.5,0.5,-0.5,hybrid_loss
q3_1627,Q3,1.0,1.0,1.0,0.0,tie
q3_1628,Q3,1.0,0.0,0.5,-0.5,hybrid_loss
q3_1629,Q3,1.0,0.5,0.5,-0.5,hybrid_loss
q3_1630,Q3,0.5,1.0,1.0,0.0,tie
q3_1631,Q3,0.3333333333333333,1.0,1.0,0.0,tie
q3_1632,Q3,1.0,0.5,1.0,0.0,tie
q3_1633,Q3,0.5,1.0,0.5,-0.5,hybrid_loss
q3_1634,Q3,1.0,0.2,0.25,-0.75,hybrid_loss
q3_1635,Q3,0.5,1.0,1.0,0.0,tie
q3_1636,Q3,0.3333333333333333,0.3333333333333333,0.5,0.16666666666666669,hybrid_win
q3_1637,Q3,0.25,0.5,0.3333333333333333,-0.16666666666666669,hybrid_loss
q3_1638,Q3,1.0,1.0,1.0,0.0,tie
q3_1639,Q3,0.5,0.5,0.5,0.0,tie
q3_1640,Q3,0.16666666666666666,0.14285714285714285,0.14285714285714285,-0.023809523809523808,hybrid_loss
q3_1641,Q3,1.0,0.5,0.5,-0.5,hybrid_loss
q3_1642,Q3,0.5,0.2,0.25,-0.25,hybrid_loss
q3_1643,Q3,0.3333333333333333,0.25,0.2,-0.1333333333333333,hybrid_loss
q3_1644,Q3,0.16666666666666666,0.16666666666666666,0.16666666666666666,0.0,tie
q3_1645,Q3,1.0,1.0,1.0,0.0,tie
q3_1646,Q3,0.25,1.0,1.0,0.0,tie
q3_1647,Q3,0.2,0.5,0.5,0.0,tie
q3_1648,Q3,1.0,0.2,0.3333333333333333,-0.6666666666666667,hybrid_loss
q3_1649,Q3,0.5,0.25,0.25,-0.25,hybrid_loss
q3_1650,Q3,0.3333333333333333,0.3333333333333333,0.2,-0.1333333333333333,hybrid_loss
q3_1651,Q3,0.16666666666666666,0.16666666666666666,0.16666666666666666,0.0,tie
q3_1652,Q3,0.14285714285714285,0.14285714285714285,0.14285714285714285,0.0,tie
q3_1655,Q3,1.0,1.0,1.0,0.0,tie
q3_1656,Q3,1.0,1.0,1.0,0.0,tie
q3_1657,Q3,0.0,0.0,0.0,0.0,tie
q3_1658,Q3,1.0,0.5,1.0,0.0,tie
q3_1659,Q3,1.0,1.0,1.0,0.0,tie
q3_1660,Q3,1.0,1.0,1.0,0.0,tie
q3_1661,Q3,1.0,1.0,1.0,0.0,tie
q3_1662,Q3,0.0,0.0,0.0,0.0,tie
q3_1663,Q3,0.1,0.0,0.0,-0.1,hybrid_loss
q3_1664,Q3,0.2,0.0,0.125,-0.07500000000000001,hybrid_loss
q3_1665,Q3,1.0,1.0,1.0,0.0,tie
q3_1666,Q3,1.0,1.0,1.0,0.0,tie
q3_1667,Q3,1.0,1.0,1.0,0.0,tie
q3_1668,Q3,0.5,0.0,1.0,0.5,hybrid_win
q3_1669,Q3,1.0,1.0,1.0,0.0,tie
q3_1670,Q3,1.0,1.0,1.0,0.0,tie
q3_1671,Q3,1.0,1.0,1.0,0.0,tie
q3_1672,Q3,1.0,1.0,1.0,0.0,tie
q3_1673,Q3,0.3333333333333333,1.0,1.0,0.0,tie
q3_1674,Q3,1.0,1.0,1.0,0.0,tie
q3_1675,Q3,1.0,1.0,1.0,0.0,tie
q3_1676,Q3,1.0,0.5,1.0,0.0,tie
q3_1677,Q3,0.5,0.3333333333333333,0.5,0.0,tie
q3_1678,Q3,1.0,1.0,1.0,0.0,tie
q3_1679,Q3,1.0,1.0,1.0,0.0,tie
q3_1680,Q3,0.0,0.0,0.0,0.0,tie
q3_1681,Q3,1.0,1.0,1.0,0.0,tie
q3_1682,Q3,1.0,1.0,1.0,0.0,tie
q3_1683,Q3,1.0,0.5,1.0,0.0,tie
q3_1684,Q3,0.5,1.0,0.5,-0.5,hybrid_loss
q3_1685,Q3,1.0,1.0,1.0,0.0,tie
q3_1686,Q3,1.0,1.0,1.0,0.0,tie
q3_1687,Q3,1.0,1.0,1.0,0.0,tie
q3_1688,Q3,1.0,0.5,1.0,0.0,tie
q3_1689,Q3,0.14285714285714285,0.25,0.2,-0.04999999999999999,hybrid_loss
q3_1690,Q3,1.0,1.0,1.0,0.0,tie
q3_1691,Q3,0.5,1.0,0.5,-0.5,hybrid_loss
q3_1692,Q3,1.0,0.3333333333333333,1.0,0.0,tie
q3_1693,Q3,1.0,1.0,1.0,0.0,tie
q3_1694,Q3,1.0,1.0,1.0,0.0,tie
q3_1695,Q3,0.0,0.0,0.0,0.0,tie
q3_1696,Q3,1.0,1.0,1.0,0.0,tie
q3_1697,Q3,0.5,1.0,1.0,0.0,tie
q3_1698,Q3,1.0,1.0,1.0,0.0,tie
q3_1699,Q3,1.0,1.0,1.0,0.0,tie
q3_1700,Q3,1.0,1.0,1.0,0.0,tie
q3_1701,Q3,1.0,0.5,1.0,0.0,tie
q3_1702,Q3,0.5,1.0,1.0,0.0,tie
q3_1703,Q3,1.0,1.0,1.0,0.0,tie
q3_1704,Q3,1.0,0.3333333333333333,1.0,0.0,tie
q3_1705,Q3,1.0,1.0,1.0,0.0,tie
q3_1706,Q3,1.0,0.5,0.5,-0.5,hybrid_loss
q3_1707,Q3,1.0,0.3333333333333333,0.5,-0.5,hybrid_loss
q3_1708,Q3,1.0,1.0,1.0,0.0,tie
q3_1709,Q3,1.0,1.0,1.0,0.0,tie
q3_1710,Q3,1.0,1.0,1.0,0.0,tie
q3_1711,Q3,1.0,1.0,1.0,0.0,tie
q3_1712,Q3,1.0,1.0,1.0,0.0,tie
q3_1713,Q3,1.0,1.0,1.0,0.0,tie
q3_1714,Q3,1.0,1.0,1.0,0.0,tie
q3_1715,Q3,1.0,1.0,1.0,0.0,tie
q3_1716,Q3,1.0,1.0,1.0,0.0,tie
q3_1717,Q3,1.0,1.0,1.0,0.0,tie
q3_1718,Q3,1.0,1.0,1.0,0.0,tie
q3_1719,Q3,1.0,1.0,1.0,0.0,tie
q3_1720,Q3,1.0,1.0,1.0,0.0,tie
q3_1721,Q3,0.5,0.5,0.5,0.0,tie
q3_1722,Q3,0.25,0.0,0.0,-0.25,hybrid_loss
q3_1723,Q3,0.3333333333333333,1.0,1.0,0.0,tie
q3_1724,Q3,1.0,1.0,1.0,0.0,tie
q3_1725,Q3,1.0,1.0,1.0,0.0,tie
q3_1726,Q3,1.0,1.0,1.0,0.0,tie
q3_1727,Q3,1.0,1.0,1.0,0.0,tie
q3_1728,Q3,1.0,1.0,1.0,0.0,tie
q3_1729,Q3,1.0,1.0,1.0,0.0,tie
q3_1730,Q3,1.0,1.0,1.0,0.0,tie
q3_1731,Q3,1.0,1.0,1.0,0.0,tie
q3_1732,Q3,1.0,1.0,1.0,0.0,tie
q3_1733,Q3,1.0,1.0,1.0,0.0,tie
q3_1734,Q3,1.0,1.0,1.0,0.0,tie
q3_1735,Q3,1.0,1.0,1.0,0.0,tie
q3_1736,Q3,1.0,1.0,1.0,0.0,tie
q3_1737,Q3,1.0,1.0,1.0,0.0,tie
q3_1738,Q3,1.0,1.0,1.0,0.0,tie
q3_1739,Q3,1.0,1.0,1.0,0.0,tie
q3_1740,Q3,1.0,1.0,1.0,0.0,tie
q3_1741,Q3,1.0,1.0,1.0,0.0,tie
q3_1742,Q3,0.3333333333333333,1.0,1.0,0.0,tie
q3_1743,Q3,1.0,1.0,1.0,0.0,tie
q3_1744,Q3,1.0,1.0,1.0,0.0,tie
q3_1745,Q3,1.0,0.2,0.3333333333333333,-0.6666666666666667,hybrid_loss
q3_1746,Q3,1.0,1.0,1.0,0.0,tie
q3_1747,Q3,1.0,1.0,1.0,0.0,tie
q3_1748,Q3,1.0,1.0,1.0,0.0,tie
q3_1749,Q3,1.0,1.0,1.0,0.0,tie
q3_1750,Q3,1.0,1.0,1.0,0.0,tie
q3_1751,Q3,1.0,0.3333333333333333,1.0,0.0,tie
q3_1752,Q3,0.5,0.125,0.125,-0.375,hybrid_loss
q3_1753,Q3,0.14285714285714285,0.1111111111111111,0.1111111111111111,-0.031746031746031744,hybrid_loss
q3_1754,Q3,0.3333333333333333,0.14285714285714285,0.16666666666666666,-0.16666666666666666,hybrid_loss
q3_1755,Q3,0.3333333333333333,1.0,0.5,-0.5,hybrid_loss
q3_1756,Q3,1.0,1.0,1.0,0.0,tie
q3_1757,Q3,1.0,1.0,1.0,0.0,tie
q3_1758,Q3,1.0,1.0,1.0,0.0,tie
q3_1759,Q3,1.0,1.0,1.0,0.0,tie
q3_1760,Q3,1.0,0.2,1.0,0.0,tie
q3_1761,Q3,0.2,0.2,0.2,0.0,tie
q3_1762,Q3,1.0,1.0,1.0,0.0,tie
q3_1763,Q3,1.0,1.0,1.0,0.0,tie
q3_1764,Q3,0.14285714285714285,0.25,0.16666666666666666,-0.08333333333333334,hybrid_loss
q3_1765,Q3,1.0,1.0,1.0,0.0,tie
q3_1766,Q3,1.0,1.0,1.0,0.0,tie
q3_1767,Q3,0.5,1.0,1.0,0.0,tie
q3_1768,Q3,0.5,1.0,1.0,0.0,tie
q3_1769,Q3,1.0,1.0,1.0,0.0,tie
q3_1770,Q3,1.0,1.0,1.0,0.0,tie
q3_1771,Q3,1.0,1.0,1.0,0.0,tie
q3_1772,Q3,1.0,1.0,1.0,0.0,tie
q3_1773,Q3,1.0,1.0,1.0,0.0,tie
q3_1774,Q3,1.0,1.0,1.0,0.0,tie
q3_1775,Q3,0.5,1.0,1.0,0.0,tie
q3_1776,Q3,1.0,0.3333333333333333,0.3333333333333333,-0.6666666666666667,hybrid_loss
q3_1777,Q3,1.0,1.0,1.0,0.0,tie
q3_1778,Q3,1.0,1.0,1.0,0.0,tie
q3_1779,Q3,0.25,0.25,1.0,0.75,hybrid_win
q3_1780,Q3,1.0,1.0,1.0,0.0,tie
q3_1781,Q3,1.0,1.0,1.0,0.0,tie
q3_1782,Q3,0.5,0.5,0.5,0.0,tie
q3_1783,Q3,1.0,1.0,1.0,0.0,tie
q3_1784,Q3,1.0,1.0,1.0,0.0,tie
q3_1785,Q3,1.0,1.0,1.0,0.0,tie
q3_1786,Q3,1.0,1.0,1.0,0.0,tie
q3_1787,Q3,1.0,1.0,1.0,0.0,tie
q3_1788,Q3,0.3333333333333333,1.0,1.0,0.0,tie
q3_1789,Q3,1.0,0.3333333333333333,0.3333333333333333,-0.6666666666666667,hybrid_loss
q3_1790,Q3,1.0,1.0,1.0,0.0,tie
q3_1791,Q3,1.0,1.0,1.0,0.0,tie
q3_1792,Q3,1.0,1.0,1.0,0.0,tie
q3_1793,Q3,1.0,1.0,1.0,0.0,tie
q3_1794,Q3,1.0,1.0,1.0,0.0,tie
q3_1795,Q3,1.0,1.0,1.0,0.0,tie
q3_1796,Q3,1.0,1.0,1.0,0.0,tie
q3_1797,Q3,0.3333333333333333,0.3333333333333333,1.0,0.6666666666666667,hybrid_win
q3_1798,Q3,1.0,1.0,1.0,0.0,tie
q3_1799,Q3,1.0,1.0,1.0,0.0,tie
q3_1800,Q3,0.3333333333333333,0.3333333333333333,0.3333333333333333,0.0,tie
q3_1801,Q3,0.3333333333333333,0.1,0.25,-0.08333333333333331,hybrid_loss
q3_1802,Q3,1.0,0.3333333333333333,1.0,0.0,tie
q3_1803,Q3,1.0,1.0,1.0,0.0,tie
q3_1804,Q3,1.0,1.0,1.0,0.0,tie
q3_1805,Q3,1.0,1.0,1.0,0.0,tie
q3_1806,Q3,1.0,1.0,1.0,0.0,tie
q3_1807,Q3,1.0,1.0,1.0,0.0,tie
q3_1808,Q3,1.0,1.0,1.0,0.0,tie
q3_1809,Q3,1.0,1.0,1.0,0.0,tie
q3_1810,Q3,1.0,1.0,1.0,0.0,tie
q3_1811,Q3,1.0,1.0,1.0,0.0,tie
q3_1812,Q3,1.0,1.0,1.0,0.0,tie
q3_1813,Q3,1.0,1.0,1.0,0.0,tie
q3_1814,Q3,0.3333333333333333,0.25,0.3333333333333333,0.0,tie
q3_1815,Q3,1.0,0.2,0.3333333333333333,-0.6666666666666667,hybrid_loss
q3_1816,Q3,1.0,1.0,1.0,0.0,tie
q3_1817,Q3,1.0,0.14285714285714285,0.3333333333333333,-0.6666666666666667,hybrid_loss
q3_1818,Q3,1.0,1.0,1.0,0.0,tie
q3_1819,Q3,1.0,1.0,1.0,0.0,tie
q3_1820,Q3,1.0,1.0,1.0,0.0,tie
q3_1821,Q3,1.0,1.0,1.0,0.0,tie
q3_1822,Q3,1.0,0.25,0.3333333333333333,-0.6666666666666667,hybrid_loss
q3_1823,Q3,0.5,0.16666666666666666,0.2,-0.3,hybrid_loss
q3_1824,Q3,1.0,1.0,1.0,0.0,tie
q3_1825,Q3,1.0,1.0,1.0,0.0,tie
q3_1826,Q3,1.0,0.3333333333333333,1.0,0.0,tie
q3_1827,Q3,1.0,1.0,1.0,0.0,tie
q3_1828,Q3,1.0,1.0,1.0,0.0,tie
q3_1829,Q3,0.3333333333333333,0.3333333333333333,0.3333333333333333,0.0,tie
q3_1830,Q3,1.0,1.0,1.0,0.0,tie
q3_1831,Q3,1.0,0.5,1.0,0.0,tie
q3_1832,Q3,1.0,1.0,1.0,0.0,tie
q3_1833,Q3,0.5,1.0,1.0,0.0,tie
q3_1834,Q3,0.0,0.0,0.0,0.0,tie
q3_1835,Q3,0.0,0.0,0.0,0.0,tie
q3_1836,Q3,1.0,1.0,1.0,0.0,tie
q3_1837,Q3,1.0,0.0,0.5,-0.5,hybrid_loss
q3_1838,Q3,1.0,1.0,1.0,0.0,tie
q3_1839,Q3,1.0,1.0,1.0,0.0,tie
q3_1840,Q3,1.0,1.0,1.0,0.0,tie
q3_1841,Q3,0.2,0.5,0.5,0.0,tie
q3_1842,Q3,1.0,1.0,1.0,0.0,tie
q3_1843,Q3,1.0,1.0,1.0,0.0,tie
q3_1844,Q3,0.0,0.0,0.16666666666666666,0.16666666666666666,hybrid_win
q3_1845,Q3,1.0,0.0,0.3333333333333333,-0.6666666666666667,hybrid_loss
q3_1846,Q3,0.3333333333333333,0.0,0.14285714285714285,-0.19047619047619047,hybrid_loss
q3_1847,Q3,1.0,1.0,1.0,0.0,tie
q3_1848,Q3,1.0,1.0,1.0,0.0,tie
q3_1849,Q3,0.5,1.0,1.0,0.0,tie
q3_1850,Q3,1.0,0.3333333333333333,0.5,-0.5,hybrid_loss
q3_1851,Q3,0.5,1.0,1.0,0.0,tie
q3_1852,Q3,0.3333333333333333,0.125,0.25,-0.08333333333333331,hybrid_loss
q3_1853,Q3,0.2,0.5,0.3333333333333333,-0.16666666666666669,hybrid_loss
q3_1854,Q3,1.0,1.0,1.0,0.0,tie
q3_1855,Q3,1.0,1.0,1.0,0.0,tie
q3_1856,Q3,1.0,1.0,1.0,0.0,tie
q3_1857,Q3,1.0,1.0,1.0,0.0,tie
q3_1858,Q3,1.0,1.0,1.0,0.0,tie
q3_1859,Q3,0.5,0.25,0.5,0.0,tie
q3_1860,Q3,0.0,0.125,0.1111111111111111,-0.013888888888888895,hybrid_loss
q3_1861,Q3,0.125,0.5,0.3333333333333333,-0.16666666666666669,hybrid_loss
q3_1862,Q3,1.0,1.0,1.0,0.0,tie
q3_1863,Q3,1.0,1.0,1.0,0.0,tie
q3_1864,Q3,0.3333333333333333,0.5,0.5,0.0,tie
q3_1865,Q3,1.0,0.5,1.0,0.0,tie
q3_1866,Q3,1.0,1.0,1.0,0.0,tie
q3_1867,Q3,1.0,1.0,1.0,0.0,tie
q3_1868,Q3,1.0,1.0,1.0,0.0,tie
q3_1869,Q3,1.0,1.0,1.0,0.0,tie
q3_1870,Q3,1.0,1.0,1.0,0.0,tie
q3_1871,Q3,1.0,1.0,1.0,0.0,tie
q3_1872,Q3,1.0,1.0,1.0,0.0,tie
q3_1873,Q3,1.0,1.0,1.0,0.0,tie
q3_1874,Q3,1.0,1.0,1.0,0.0,tie
q3_1875,Q3,1.0,1.0,1.0,0.0,tie
q3_1876,Q3,1.0,1.0,1.0,0.0,tie
q3_1877,Q3,1.0,0.3333333333333333,1.0,0.0,tie
q3_1878,Q3,1.0,1.0,1.0,0.0,tie
q3_1879,Q3,1.0,1.0,1.0,0.0,tie
q3_1880,Q3,1.0,1.0,1.0,0.0,tie
q3_1881,Q3,1.0,1.0,1.0,0.0,tie
q3_1882,Q3,1.0,1.0,1.0,0.0,tie
q3_1883,Q3,1.0,1.0,1.0,0.0,tie
q3_1884,Q3,1.0,1.0,1.0,0.0,tie
q3_1885,Q3,0.5,0.3333333333333333,1.0,0.5,hybrid_win
q3_1886,Q3,1.0,1.0,1.0,0.0,tie
q3_1887,Q3,1.0,1.0,1.0,0.0,tie
q3_1888,Q3,0.5,1.0,1.0,0.0,tie
q3_1889,Q3,1.0,1.0,1.0,0.0,tie
q3_1890,Q3,0.25,0.25,0.25,0.0,tie
q3_1891,Q3,1.0,1.0,1.0,0.0,tie
q3_1892,Q3,0.5,0.5,0.5,0.0,tie
q3_1893,Q3,0.3333333333333333,0.3333333333333333,0.3333333333333333,0.0,tie
q3_1894,Q3,1.0,1.0,1.0,0.0,tie
q3_1895,Q3,0.5,0.5,0.5,0.0,tie
q3_1896,Q3,1.0,1.0,1.0,0.0,tie
q3_1897,Q3,0.5,1.0,0.5,-0.5,hybrid_loss
q3_1898,Q3,0.3333333333333333,0.3333333333333333,0.3333333333333333,0.0,tie
q3_1899,Q3,1.0,1.0,1.0,0.0,tie
q3_1900,Q3,0.5,0.5,1.0,0.5,hybrid_win
q3_1902,Q3,0.5,1.0,1.0,0.0,tie
q3_1903,Q3,1.0,1.0,1.0,0.0,tie
q3_1904,Q3,1.0,1.0,1.0,0.0,tie
q3_1905,Q3,0.3333333333333333,1.0,1.0,0.0,tie
q3_1906,Q3,1.0,1.0,1.0,0.0,tie
q3_1907,Q3,0.2,0.25,0.25,0.0,tie
q3_1908,Q3,1.0,1.0,1.0,0.0,tie
q3_1909,Q3,1.0,1.0,1.0,0.0,tie
q3_1910,Q3,1.0,0.5,1.0,0.0,tie
q3_1911,Q3,1.0,1.0,1.0,0.0,tie
q3_1912,Q3,1.0,1.0,1.0,0.0,tie
q3_1913,Q3,1.0,1.0,1.0,0.0,tie
q3_1914,Q3,1.0,1.0,1.0,0.0,tie
q3_1915,Q3,0.3333333333333333,0.14285714285714285,0.25,-0.08333333333333331,hybrid_loss
q3_1916,Q3,1.0,0.25,1.0,0.0,tie
q3_1917,Q3,0.5,0.25,1.0,0.5,hybrid_win
q3_1918,Q3,1.0,1.0,1.0,0.0,tie
q3_1919,Q3,1.0,1.0,1.0,0.0,tie
q3_1920,Q3,1.0,0.3333333333333333,1.0,0.0,tie
q3_1921,Q3,1.0,1.0,1.0,0.0,tie
q3_1922,Q3,1.0,1.0,1.0,0.0,tie
q3_1923,Q3,1.0,1.0,1.0,0.0,tie
q3_1924,Q3,1.0,1.0,1.0,0.0,tie
q3_1925,Q3,1.0,1.0,1.0,0.0,tie
q3_1926,Q3,1.0,1.0,1.0,0.0,tie
q3_1927,Q3,1.0,1.0,1.0,0.0,tie
q3_1928,Q3,0.2,0.5,0.5,0.0,tie
q3_1929,Q3,0.5,0.5,1.0,0.5,hybrid_win
q3_1930,Q3,1.0,1.0,1.0,0.0,tie
q3_1931,Q3,1.0,1.0,1.0,0.0,tie
q3_1932,Q3,1.0,1.0,1.0,0.0,tie
q3_1933,Q3,0.5,0.25,0.5,0.0,tie
q3_1934,Q3,1.0,0.5,1.0,0.0,tie
q3_1935,Q3,1.0,1.0,1.0,0.0,tie
q3_1936,Q3,1.0,0.3333333333333333,1.0,0.0,tie
q3_1939,Q3,0.5,0.1111111111111111,0.2,-0.3,hybrid_loss
q3_1940,Q3,0.5,0.2,0.5,0.0,tie
q3_1941,Q3,1.0,0.3333333333333333,1.0,0.0,tie
q3_1943,Q3,1.0,1.0,1.0,0.0,tie
q3_1944,Q3,1.0,1.0,1.0,0.0,tie
q3_1945,Q3,1.0,1.0,1.0,0.0,tie
q3_1946,Q3,1.0,1.0,1.0,0.0,tie
q3_1947,Q3,1.0,1.0,1.0,0.0,tie
q3_1948,Q3,0.5,1.0,1.0,0.0,tie
q3_1949,Q3,1.0,1.0,1.0,0.0,tie
q3_1950,Q3,1.0,0.5,1.0,0.0,tie
q3_1951,Q3,0.5,1.0,1.0,0.0,tie
q3_1952,Q3,1.0,1.0,1.0,0.0,tie
q3_1953,Q3,1.0,1.0,1.0,0.0,tie
q3_1954,Q3,0.3333333333333333,1.0,1.0,0.0,tie
q3_1955,Q3,1.0,1.0,1.0,0.0,tie
q3_1956,Q3,0.3333333333333333,0.14285714285714285,0.5,0.16666666666666669,hybrid_win
q3_1957,Q3,0.16666666666666666,1.0,1.0,0.0,tie
q3_1958,Q3,1.0,1.0,1.0,0.0,tie
q3_1959,Q3,0.5,1.0,0.5,-0.5,hybrid_loss
q3_1960,Q3,1.0,1.0,1.0,0.0,tie
q3_1961,Q3,0.3333333333333333,0.5,0.5,0.0,tie
q3_1962,Q3,1.0,1.0,1.0,0.0,tie
q3_1963,Q3,0.5,0.5,0.5,0.0,tie
q3_1964,Q3,1.0,0.5,1.0,0.0,tie
q3_1965,Q3,0.25,1.0,1.0,0.0,tie
q3_1966,Q3,1.0,1.0,1.0,0.0,tie
q3_1967,Q3,1.0,1.0,1.0,0.0,tie
q3_1968,Q3,1.0,1.0,1.0,0.0,tie
q3_1969,Q3,0.5,0.3333333333333333,0.5,0.0,tie
q3_1970,Q3,0.3333333333333333,0.5,0.3333333333333333,-0.16666666666666669,hybrid_loss
q3_1971,Q3,0.25,0.25,0.25,0.0,tie
q3_1972,Q3,1.0,1.0,1.0,0.0,tie
q3_1973,Q3,1.0,1.0,1.0,0.0,tie
q3_1974,Q3,0.125,1.0,0.5,-0.5,hybrid_loss
q3_1975,Q3,1.0,1.0,1.0,0.0,tie
q3_1976,Q3,0.3333333333333333,1.0,0.3333333333333333,-0.6666666666666667,hybrid_loss
q3_1977,Q3,1.0,0.3333333333333333,0.3333333333333333,-0.6666666666666667,hybrid_loss
q3_1978,Q3,1.0,1.0,1.0,0.0,tie
q3_1979,Q3,0.5,0.5,0.5,0.0,tie
q3_1980,Q3,1.0,1.0,1.0,0.0,tie
q3_1981,Q3,1.0,1.0,1.0,0.0,tie
q3_1982,Q3,1.0,1.0,1.0,0.0,tie
q3_1983,Q3,1.0,1.0,1.0,0.0,tie
q3_1984,Q3,1.0,1.0,1.0,0.0,tie
q3_1985,Q3,1.0,0.5,1.0,0.0,tie
q3_1986,Q3,0.5,1.0,0.5,-0.5,hybrid_loss
q3_1987,Q3,1.0,0.3333333333333333,1.0,0.0,tie
q3_1988,Q3,0.5,0.5,0.5,0.0,tie
q3_1989,Q3,1.0,1.0,1.0,0.0,tie
q3_1990,Q3,0.5,0.5,0.5,0.0,tie
q3_1991,Q3,1.0,1.0,1.0,0.0,tie
q3_1992,Q3,1.0,1.0,1.0,0.0,tie
q3_1993,Q3,0.3333333333333333,1.0,1.0,0.0,tie
q3_1994,Q3,1.0,1.0,1.0,0.0,tie
q3_1996,Q3,1.0,0.5,1.0,0.0,tie
q3_1997,Q3,0.5,1.0,0.5,-0.5,hybrid_loss
q3_1998,Q3,1.0,1.0,1.0,0.0,tie
q3_1999,Q3,1.0,1.0,1.0,0.0,tie
q3_2000,Q3,1.0,1.0,1.0,0.0,tie
q3_2001,Q3,1.0,1.0,1.0,0.0,tie
q3_2002,Q3,0.5,1.0,1.0,0.0,tie
q3_2003,Q3,1.0,0.5,0.5,-0.5,hybrid_loss
q3_2004,Q3,1.0,1.0,1.0,0.0,tie
q3_2005,Q3,0.5,0.5,0.5,0.0,tie
q3_2007,Q3,1.0,0.3333333333333333,0.5,-0.5,hybrid_loss
q3_2008,Q3,1.0,1.0,1.0,0.0,tie
q3_2009,Q3,1.0,1.0,1.0,0.0,tie
q3_2010,Q3,1.0,1.0,1.0,0.0,tie
q3_2011,Q3,1.0,1.0,1.0,0.0,tie
q3_2012,Q3,1.0,1.0,1.0,0.0,tie
q3_2013,Q3,1.0,0.5,0.5,-0.5,hybrid_loss
q3_2014,Q3,0.5,1.0,1.0,0.0,tie
q3_2015,Q3,1.0,1.0,1.0,0.0,tie
q3_2016,Q3,1.0,0.5,1.0,0.0,tie
q3_2017,Q3,0.5,0.0,0.3333333333333333,-0.16666666666666669,hybrid_loss
q3_2018,Q3,1.0,1.0,1.0,0.0,tie
q3_2019,Q3,0.5,0.5,0.5,0.0,tie
q3_2020,Q3,0.14285714285714285,0.5,1.0,0.5,hybrid_win
q3_2021,Q3,0.125,1.0,0.5,-0.5,hybrid_loss
q3_2022,Q3,1.0,1.0,1.0,0.0,tie
q3_2023,Q3,0.5,0.5,0.5,0.0,tie
q3_2024,Q3,0.3333333333333333,0.25,0.3333333333333333,0.0,tie
q3_2025,Q3,0.25,0.3333333333333333,0.25,-0.08333333333333331,hybrid_loss
q3_2026,Q3,1.0,1.0,1.0,0.0,tie
q3_2027,Q3,0.5,0.5,0.5,0.0,tie
q3_2028,Q3,0.3333333333333333,0.3333333333333333,0.3333333333333333,0.0,tie
q3_2029,Q3,0.25,0.25,0.25,0.0,tie
q3_2030,Q3,1.0,1.0,1.0,0.0,tie
q3_2031,Q3,0.5,0.5,0.5,0.0,tie
q3_2032,Q3,1.0,1.0,1.0,0.0,tie
q3_2033,Q3,0.5,0.5,0.5,0.0,tie
q3_2034,Q3,1.0,1.0,1.0,0.0,tie
q3_2035,Q3,0.3333333333333333,0.3333333333333333,1.0,0.6666666666666667,hybrid_win
q3_2036,Q3,0.5,1.0,1.0,0.0,tie
q3_2037,Q3,1.0,0.5,0.5,-0.5,hybrid_loss
q3_2038,Q3,0.3333333333333333,1.0,1.0,0.0,tie
q3_2039,Q3,0.5,1.0,1.0,0.0,tie
q3_2040,Q3,1.0,0.5,0.5,-0.5,hybrid_loss
q3_2041,Q3,1.0,1.0,1.0,0.0,tie
q3_2042,Q3,0.5,1.0,1.0,0.0,tie
q3_2043,Q3,1.0,0.5,0.5,-0.5,hybrid_loss
q3_2044,Q3,1.0,1.0,1.0,0.0,tie
q3_2045,Q3,1.0,1.0,1.0,0.0,tie
q3_2046,Q3,1.0,1.0,1.0,0.0,tie
q3_2047,Q3,1.0,1.0,1.0,0.0,tie
q3_2049,Q3,0.5,1.0,1.0,0.0,tie
q3_2050,Q3,1.0,1.0,1.0,0.0,tie
q3_2051,Q3,1.0,1.0,1.0,0.0,tie
q3_2052,Q3,1.0,1.0,1.0,0.0,tie
q3_2053,Q3,1.0,1.0,1.0,0.0,tie
q3_2054,Q3,1.0,1.0,1.0,0.0,tie
q3_2055,Q3,1.0,1.0,1.0,0.0,tie
q3_2056,Q3,1.0,1.0,1.0,0.0,tie
q3_2057,Q3,1.0,0.5,1.0,0.0,tie
q3_2058,Q3,1.0,1.0,1.0,0.0,tie
q3_2059,Q3,1.0,1.0,1.0,0.0,tie
q3_2060,Q3,0.5,0.5,0.5,0.0,tie
q3_2061,Q3,1.0,1.0,1.0,0.0,tie
q3_2063,Q3,1.0,1.0,1.0,0.0,tie
q3_2064,Q3,1.0,1.0,1.0,0.0,tie
q3_2065,Q3,0.3333333333333333,1.0,1.0,0.0,tie
q3_2066,Q3,0.5,0.5,0.5,0.0,tie
q3_2067,Q3,1.0,1.0,1.0,0.0,tie
q3_2068,Q3,1.0,1.0,1.0,0.0,tie
q3_2069,Q3,1.0,1.0,1.0,0.0,tie
q3_2070,Q3,1.0,1.0,1.0,0.0,tie
q3_2071,Q3,0.3333333333333333,0.25,0.5,0.16666666666666669,hybrid_win
q3_2072,Q3,1.0,0.3333333333333333,1.0,0.0,tie
q3_2073,Q3,1.0,1.0,1.0,0.0,tie
q3_2074,Q3,1.0,1.0,1.0,0.0,tie
q3_2075,Q3,1.0,1.0,1.0,0.0,tie
q3_2076,Q3,1.0,1.0,1.0,0.0,tie
q3_2077,Q3,1.0,1.0,1.0,0.0,tie
q3_2078,Q3,0.5,0.3333333333333333,0.5,0.0,tie
q3_2079,Q3,1.0,0.3333333333333333,1.0,0.0,tie
q3_2080,Q3,1.0,1.0,1.0,0.0,tie
q3_2081,Q3,1.0,1.0,1.0,0.0,tie
q3_2084,Q3,1.0,1.0,1.0,0.0,tie
q3_2085,Q3,1.0,0.3333333333333333,0.5,-0.5,hybrid_loss
q3_2086,Q3,0.14285714285714285,0.5,0.5,0.0,tie
q3_2087,Q3,1.0,1.0,1.0,0.0,tie
q3_2088,Q3,1.0,1.0,1.0,0.0,tie
q3_2089,Q3,0.5,1.0,1.0,0.0,tie
q3_2090,Q3,0.3333333333333333,1.0,1.0,0.0,tie
q3_2091,Q3,1.0,1.0,1.0,0.0,tie
q3_2092,Q3,1.0,1.0,1.0,0.0,tie
q3_2093,Q3,1.0,1.0,1.0,0.0,tie
q3_2094,Q3,1.0,1.0,1.0,0.0,tie
q3_2095,Q3,1.0,1.0,1.0,0.0,tie
q3_2096,Q3,1.0,1.0,1.0,0.0,tie
q3_2097,Q3,1.0,1.0,1.0,0.0,tie
q3_2098,Q3,1.0,1.0,1.0,0.0,tie
q3_2099,Q3,0.5,1.0,1.0,0.0,tie
q3_2100,Q3,1.0,0.5,0.5,-0.5,hybrid_loss
q3_2101,Q3,1.0,1.0,1.0,0.0,tie
q3_2102,Q3,1.0,1.0,1.0,0.0,tie
q3_2103,Q3,0.5,0.3333333333333333,0.3333333333333333,-0.16666666666666669,hybrid_loss
q3_2105,Q3,1.0,0.5,1.0,0.0,tie
q3_2106,Q3,1.0,1.0,1.0,0.0,tie
q3_2107,Q3,1.0,0.5,0.5,-0.5,hybrid_loss
q3_2108,Q3,0.5,1.0,1.0,0.0,tie
q3_2109,Q3,1.0,1.0,1.0,0.0,tie
q3_2110,Q3,0.5,1.0,1.0,0.0,tie
q3_2111,Q3,1.0,1.0,1.0,0.0,tie
q3_2112,Q3,1.0,1.0,1.0,0.0,tie
q3_2113,Q3,0.5,1.0,1.0,0.0,tie
q3_2114,Q3,1.0,1.0,1.0,0.0,tie
q3_2115,Q3,1.0,1.0,1.0,0.0,tie
q3_2116,Q3,1.0,1.0,1.0,0.0,tie
q3_2117,Q3,1.0,1.0,1.0,0.0,tie
q3_2118,Q3,1.0,1.0,1.0,0.0,tie
q3_2119,Q3,1.0,1.0,1.0,0.0,tie
q3_2120,Q3,1.0,1.0,1.0,0.0,tie
q3_2121,Q3,1.0,1.0,1.0,0.0,tie
q3_2122,Q3,1.0,1.0,1.0,0.0,tie
q3_2123,Q3,1.0,1.0,1.0,0.0,tie
q3_2124,Q3,1.0,1.0,1.0,0.0,tie
q3_2125,Q3,1.0,1.0,1.0,0.0,tie
q3_2126,Q3,1.0,0.5,1.0,0.0,tie
q3_2127,Q3,1.0,1.0,1.0,0.0,tie
q3_2128,Q3,1.0,1.0,1.0,0.0,tie
q3_2129,Q3,1.0,1.0,1.0,0.0,tie
q3_2130,Q3,1.0,1.0,1.0,0.0,tie
q3_2131,Q3,1.0,1.0,1.0,0.0,tie
q3_2132,Q3,1.0,0.0,1.0,0.0,tie
q3_2133,Q3,1.0,1.0,1.0,0.0,tie
q3_2134,Q3,1.0,1.0,1.0,0.0,tie
q3_2135,Q3,1.0,1.0,1.0,0.0,tie
q3_2136,Q3,0.5,1.0,1.0,0.0,tie
q3_2137,Q3,1.0,0.5,0.5,-0.5,hybrid_loss
q3_2138,Q3,1.0,1.0,1.0,0.0,tie
q3_2139,Q3,1.0,1.0,1.0,0.0,tie
q3_2140,Q3,1.0,1.0,1.0,0.0,tie
q3_2141,Q3,1.0,1.0,1.0,0.0,tie
q3_2142,Q3,0.5,0.5,0.5,0.0,tie
q3_2143,Q3,1.0,1.0,1.0,0.0,tie
q3_2144,Q3,1.0,0.5,1.0,0.0,tie
q3_2145,Q3,1.0,0.0,1.0,0.0,tie
q3_2146,Q3,1.0,0.0,0.14285714285714285,-0.8571428571428572,hybrid_loss
q3_2147,Q3,1.0,1.0,1.0,0.0,tie
q3_2148,Q3,0.5,0.5,1.0,0.5,hybrid_win
q3_2149,Q3,0.5,0.2,0.25,-0.25,hybrid_loss
q3_2150,Q3,1.0,0.3333333333333333,0.5,-0.5,hybrid_loss
q3_2151,Q3,1.0,1.0,1.0,0.0,tie
q3_2152,Q3,0.2,0.3333333333333333,0.3333333333333333,0.0,tie
q3_2153,Q3,1.0,0.5,1.0,0.0,tie
q3_2154,Q3,1.0,1.0,1.0,0.0,tie
q3_2155,Q3,1.0,1.0,1.0,0.0,tie
q3_2156,Q3,1.0,1.0,1.0,0.0,tie
q3_2157,Q3,1.0,1.0,1.0,0.0,tie
q3_2158,Q3,1.0,1.0,1.0,0.0,tie
q3_2159,Q3,0.5,0.5,0.5,0.0,tie
q3_2160,Q3,1.0,1.0,1.0,0.0,tie
q3_2161,Q3,0.5,1.0,1.0,0.0,tie
q3_2162,Q3,1.0,1.0,1.0,0.0,tie
q3_2163,Q3,1.0,1.0,1.0,0.0,tie
q3_2164,Q3,1.0,1.0,1.0,0.0,tie
q3_2165,Q3,0.5,0.5,0.5,0.0,tie
q3_2166,Q3,1.0,1.0,1.0,0.0,tie
q3_2167,Q3,0.5,0.5,0.5,0.0,tie
q3_2168,Q3,1.0,1.0,1.0,0.0,tie
q3_2169,Q3,1.0,1.0,1.0,0.0,tie
q3_2170,Q3,1.0,0.3333333333333333,1.0,0.0,tie
q3_2171,Q3,1.0,0.2,1.0,0.0,tie
q3_2172,Q3,1.0,1.0,1.0,0.0,tie
q3_2180,Q3,1.0,1.0,1.0,0.0,tie
q3_2181,Q3,1.0,1.0,1.0,0.0,tie
q3_2182,Q3,0.16666666666666666,1.0,0.5,-0.5,hybrid_loss
q3_2183,Q3,1.0,1.0,1.0,0.0,tie
q3_2184,Q3,0.125,1.0,0.5,-0.5,hybrid_loss
q3_2185,Q3,1.0,1.0,1.0,0.0,tie
q3_2186,Q3,0.5,1.0,1.0,0.0,tie
q3_2187,Q3,0.5,1.0,1.0,0.0,tie
q3_2188,Q3,1.0,1.0,1.0,0.0,tie
q3_2189,Q3,0.3333333333333333,0.2,0.3333333333333333,0.0,tie
q3_2190,Q3,1.0,1.0,1.0,0.0,tie
q3_2191,Q3,1.0,1.0,1.0,0.0,tie
q3_2192,Q3,0.5,0.5,1.0,0.5,hybrid_win
q3_2193,Q3,0.3333333333333333,1.0,0.5,-0.5,hybrid_loss
q3_2194,Q3,1.0,1.0,1.0,0.0,tie
q3_2195,Q3,1.0,1.0,1.0,0.0,tie
q3_2196,Q3,0.5,1.0,1.0,0.0,tie
q3_2197,Q3,1.0,0.5,0.5,-0.5,hybrid_loss
q3_2198,Q3,1.0,1.0,1.0,0.0,tie
q3_2199,Q3,0.5,0.3333333333333333,1.0,0.5,hybrid_win
q3_2200,Q3,1.0,1.0,1.0,0.0,tie
q3_2201,Q3,1.0,1.0,1.0,0.0,tie
q3_2202,Q3,1.0,1.0,1.0,0.0,tie
q3_2203,Q3,0.3333333333333333,0.3333333333333333,0.3333333333333333,0.0,tie
q3_2204,Q3,1.0,1.0,1.0,0.0,tie
q3_2205,Q3,1.0,1.0,1.0,0.0,tie
q3_2206,Q3,1.0,0.0,1.0,0.0,tie
q3_2207,Q3,1.0,1.0,1.0,0.0,tie
q3_2208,Q3,1.0,1.0,1.0,0.0,tie
q3_2209,Q3,1.0,1.0,1.0,0.0,tie
q3_2210,Q3,0.5,0.5,0.5,0.0,tie
q3_2211,Q3,1.0,1.0,1.0,0.0,tie
q3_2212,Q3,1.0,1.0,1.0,0.0,tie
q3_2213,Q3,0.5,0.5,0.5,0.0,tie
q3_2214,Q3,1.0,0.0,0.3333333333333333,-0.6666666666666667,hybrid_loss
q3_2215,Q3,0.5,0.0,0.25,-0.25,hybrid_loss
q3_2216,Q3,1.0,1.0,1.0,0.0,tie
q3_2217,Q3,1.0,1.0,1.0,0.0,tie
q3_2218,Q3,0.5,0.5,0.5,0.0,tie
q3_2219,Q3,1.0,1.0,1.0,0.0,tie
q3_2220,Q3,1.0,0.3333333333333333,1.0,0.0,tie
q3_2221,Q3,1.0,1.0,1.0,0.0,tie
q3_2222,Q3,1.0,1.0,1.0,0.0,tie
q3_2223,Q3,1.0,1.0,1.0,0.0,tie
q3_2224,Q3,1.0,1.0,1.0,0.0,tie
q3_2225,Q3,0.3333333333333333,0.0,0.5,0.16666666666666669,hybrid_win
q3_2226,Q3,1.0,0.1111111111111111,1.0,0.0,tie
q3_2227,Q3,0.5,0.0,0.5,0.0,tie
q3_2228,Q3,1.0,0.0,0.5,-0.5,hybrid_loss
q3_2229,Q3,0.5,0.125,1.0,0.5,hybrid_win
q3_2230,Q3,1.0,1.0,1.0,0.0,tie
q3_2231,Q3,1.0,1.0,1.0,0.0,tie
q3_2232,Q3,1.0,0.5,0.5,-0.5,hybrid_loss
q3_2233,Q3,0.5,0.5,0.5,0.0,tie
q3_2234,Q3,0.2,1.0,1.0,0.0,tie
q3_2235,Q3,0.16666666666666666,0.5,0.5,0.0,tie
q3_2236,Q3,0.3333333333333333,0.2,0.25,-0.08333333333333331,hybrid_loss
q3_2237,Q3,1.0,0.5,0.5,-0.5,hybrid_loss
q3_2238,Q3,0.25,0.25,0.3333333333333333,0.08333333333333331,hybrid_win
q3_2239,Q3,0.5,1.0,1.0,0.0,tie
q3_2240,Q3,1.0,1.0,1.0,0.0,tie
q3_2241,Q3,1.0,1.0,1.0,0.0,tie
q3_2242,Q3,1.0,1.0,1.0,0.0,tie
q3_2243,Q3,1.0,1.0,1.0,0.0,tie
q3_2244,Q3,0.5,0.5,0.5,0.0,tie
q3_2245,Q3,1.0,1.0,1.0,0.0,tie
q3_2246,Q3,1.0,1.0,1.0,0.0,tie
q3_2247,Q3,0.5,1.0,1.0,0.0,tie
q3_2248,Q3,1.0,1.0,1.0,0.0,tie
q3_2249,Q3,0.5,1.0,1.0,0.0,tie
q3_2250,Q3,1.0,1.0,1.0,0.0,tie
q3_2251,Q3,1.0,1.0,1.0,0.0,tie
q3_2252,Q3,1.0,1.0,1.0,0.0,tie
q3_2253,Q3,0.5,0.5,0.5,0.0,tie
q3_2254,Q3,1.0,1.0,1.0,0.0,tie
q3_2255,Q3,1.0,1.0,1.0,0.0,tie
q3_2256,Q3,1.0,1.0,1.0,0.0,tie
q3_2257,Q3,1.0,1.0,1.0,0.0,tie
q3_2258,Q3,1.0,1.0,1.0,0.0,tie
q3_2259,Q3,1.0,1.0,1.0,0.0,tie
q3_2260,Q3,1.0,1.0,1.0,0.0,tie
q3_2261,Q3,0.25,0.0,0.0,-0.25,hybrid_loss
q3_2262,Q3,1.0,0.0,1.0,0.0,tie
q3_2263,Q3,0.5,0.0,0.5,0.0,tie
q3_2264,Q3,0.5,0.0,0.16666666666666666,-0.33333333333333337,hybrid_loss
q3_2265,Q3,0.3333333333333333,0.0,0.14285714285714285,-0.19047619047619047,hybrid_loss
q3_2266,Q3,0.25,0.0,0.125,-0.125,hybrid_loss
q3_2267,Q3,0.2,0.0,0.1111111111111111,-0.0888888888888889,hybrid_loss
q3_2268,Q3,1.0,1.0,1.0,0.0,tie
q3_2269,Q3,0.5,0.5,0.5,0.0,tie
q3_2270,Q3,1.0,1.0,1.0,0.0,tie
q3_2271,Q3,1.0,1.0,1.0,0.0,tie
q3_2272,Q3,1.0,1.0,1.0,0.0,tie
q3_2273,Q3,1.0,1.0,1.0,0.0,tie
q3_2274,Q3,1.0,0.2,0.5,-0.5,hybrid_loss
q3_2275,Q3,1.0,0.1,1.0,0.0,tie
q3_2276,Q3,1.0,1.0,1.0,0.0,tie
q3_2277,Q3,1.0,1.0,1.0,0.0,tie
q3_2278,Q3,1.0,0.5,1.0,0.0,tie
q3_2279,Q3,0.5,1.0,0.5,-0.5,hybrid_loss
q3_2280,Q3,1.0,0.125,1.0,0.0,tie
q3_2281,Q3,1.0,1.0,1.0,0.0,tie
q3_2282,Q3,1.0,1.0,1.0,0.0,tie
q3_2283,Q3,0.5,1.0,1.0,0.0,tie
q3_2284,Q3,1.0,1.0,1.0,0.0,tie
q3_2285,Q3,1.0,0.5,1.0,0.0,tie
q3_2286,Q3,1.0,1.0,1.0,0.0,tie
q3_2287,Q3,1.0,1.0,1.0,0.0,tie
q3_2288,Q3,1.0,1.0,1.0,0.0,tie
q3_2289,Q3,1.0,1.0,1.0,0.0,tie
q3_2290,Q3,1.0,0.5,1.0,0.0,tie
q3_2291,Q3,1.0,1.0,1.0,0.0,tie
q3_2292,Q3,1.0,1.0,1.0,0.0,tie
q3_2293,Q3,1.0,1.0,1.0,0.0,tie
q3_2294,Q3,1.0,1.0,1.0,0.0,tie
q3_2295,Q3,1.0,1.0,1.0,0.0,tie
q3_2296,Q3,1.0,1.0,1.0,0.0,tie
q3_2297,Q3,1.0,1.0,1.0,0.0,tie
q3_2298,Q3,1.0,1.0,1.0,0.0,tie
q3_2299,Q3,1.0,0.5,1.0,0.0,tie
q3_2300,Q3,0.5,1.0,0.5,-0.5,hybrid_loss
q3_2301,Q3,1.0,1.0,1.0,0.0,tie
q3_2302,Q3,0.3333333333333333,1.0,1.0,0.0,tie
q3_2303,Q3,1.0,1.0,1.0,0.0,tie
q3_2304,Q3,0.3333333333333333,0.3333333333333333,0.3333333333333333,0.0,tie
q3_2305,Q3,1.0,0.5,0.5,-0.5,hybrid_loss
q3_2306,Q3,0.5,1.0,1.0,0.0,tie
q3_2307,Q3,1.0,1.0,1.0,0.0,tie
q3_2308,Q3,0.5,0.5,0.5,0.0,tie
q3_2309,Q3,1.0,1.0,1.0,0.0,tie
q3_2310,Q3,0.5,0.5,0.5,0.0,tie
q3_2311,Q3,1.0,1.0,1.0,0.0,tie
q3_2312,Q3,1.0,1.0,1.0,0.0,tie
q3_2313,Q3,1.0,1.0,1.0,0.0,tie
q3_2314,Q3,1.0,1.0,1.0,0.0,tie
q3_2315,Q3,1.0,0.0,1.0,0.0,tie
q3_2316,Q3,1.0,1.0,1.0,0.0,tie
q3_2318,Q3,1.0,1.0,1.0,0.0,tie
q3_2319,Q3,1.0,1.0,1.0,0.0,tie
q3_2320,Q3,1.0,1.0,1.0,0.0,tie
q3_2321,Q3,1.0,1.0,1.0,0.0,tie
q3_2322,Q3,1.0,0.3333333333333333,1.0,0.0,tie
q3_2323,Q3,0.5,1.0,1.0,0.0,tie
q3_2324,Q3,0.5,0.2,0.5,0.0,tie
q3_2325,Q3,1.0,1.0,1.0,0.0,tie
q3_2326,Q3,1.0,0.0,1.0,0.0,tie
q3_2327,Q3,0.5,1.0,1.0,0.0,tie
q3_2328,Q3,1.0,1.0,1.0,0.0,tie
q3_2329,Q3,1.0,1.0,1.0,0.0,tie
q3_2330,Q3,1.0,1.0,1.0,0.0,tie
q3_2331,Q3,1.0,1.0,1.0,0.0,tie
q3_2332,Q3,1.0,1.0,1.0,0.0,tie
q3_2333,Q3,0.5,1.0,1.0,0.0,tie
q3_2334,Q3,1.0,1.0,1.0,0.0,tie
q3_2335,Q3,0.5,0.5,0.5,0.0,tie
q3_2336,Q3,1.0,1.0,1.0,0.0,tie
q3_2337,Q3,0.5,0.2,0.5,0.0,tie
q3_2338,Q3,1.0,0.25,1.0,0.0,tie
q3_2339,Q3,1.0,1.0,1.0,0.0,tie
q3_2340,Q3,1.0,1.0,1.0,0.0,tie
q3_2341,Q3,1.0,0.5,1.0,0.0,tie
q3_2342,Q3,0.5,0.3333333333333333,0.5,0.0,tie
q3_2343,Q3,1.0,0.25,1.0,0.0,tie
q3_2344,Q3,0.3333333333333333,1.0,1.0,0.0,tie
q3_2345,Q3,0.5,1.0,1.0,0.0,tie
q3_2346,Q3,1.0,0.5,0.5,-0.5,hybrid_loss
q3_2347,Q3,1.0,1.0,1.0,0.0,tie
q3_2348,Q3,1.0,1.0,1.0,0.0,tie
q3_2349,Q3,1.0,1.0,1.0,0.0,tie
q3_2350,Q3,0.5,0.5,0.5,0.0,tie
q3_2351,Q3,0.3333333333333333,0.3333333333333333,0.3333333333333333,0.0,tie
q3_2352,Q3,0.25,1.0,0.3333333333333333,-0.6666666666666667,hybrid_loss
q3_2353,Q3,0.2,0.25,0.2,-0.04999999999999999,hybrid_loss
q3_2354,Q3,1.0,1.0,1.0,0.0,tie
q3_2355,Q3,0.5,0.5,0.5,0.0,tie
q3_2356,Q3,0.3333333333333333,0.3333333333333333,0.3333333333333333,0.0,tie
q3_2357,Q3,0.25,1.0,0.5,-0.5,hybrid_loss
q3_2358,Q3,1.0,1.0,1.0,0.0,tie
q3_2359,Q3,1.0,1.0,1.0,0.0,tie
q3_2360,Q3,0.5,0.5,0.5,0.0,tie
q3_2361,Q3,0.3333333333333333,0.3333333333333333,0.3333333333333333,0.0,tie
q3_2362,Q3,1.0,0.5,0.5,-0.5,hybrid_loss
q3_2363,Q3,1.0,1.0,1.0,0.0,tie
q3_2364,Q3,1.0,1.0,1.0,0.0,tie
q3_2365,Q3,1.0,1.0,1.0,0.0,tie
q3_2366,Q3,1.0,0.5,1.0,0.0,tie
q3_2367,Q3,1.0,0.5,0.5,-0.5,hybrid_loss
q3_2368,Q3,1.0,1.0,1.0,0.0,tie
q3_2369,Q3,0.5,0.5,0.5,0.0,tie
q3_2370,Q3,1.0,0.3333333333333333,1.0,0.0,tie
q3_2371,Q3,0.5,0.25,0.5,0.0,tie
q3_2372,Q3,0.3333333333333333,0.5,0.3333333333333333,-0.16666666666666669,hybrid_loss
q3_2373,Q3,0.25,0.3333333333333333,0.25,-0.08333333333333331,hybrid_loss
q3_2374,Q3,1.0,1.0,1.0,0.0,tie
q3_2375,Q3,1.0,1.0,1.0,0.0,tie
q3_2376,Q3,0.3333333333333333,1.0,1.0,0.0,tie
q3_2377,Q3,1.0,0.3333333333333333,0.5,-0.5,hybrid_loss
q3_2378,Q3,0.5,0.5,0.3333333333333333,-0.16666666666666669,hybrid_loss
q3_2379,Q3,0.3333333333333333,0.3333333333333333,0.3333333333333333,0.0,tie
q3_2380,Q3,1.0,0.5,1.0,0.0,tie
q3_2381,Q3,0.5,1.0,0.5,-0.5,hybrid_loss
q3_2382,Q3,1.0,1.0,1.0,0.0,tie
q3_2383,Q3,1.0,1.0,1.0,0.0,tie
q3_2384,Q3,1.0,0.5,1.0,0.0,tie
q3_2385,Q3,1.0,1.0,1.0,0.0,tie
q3_2386,Q3,1.0,1.0,1.0,0.0,tie
q3_2387,Q3,1.0,1.0,1.0,0.0,tie
q3_2388,Q3,0.0,0.0,0.0,0.0,tie
q3_2389,Q3,1.0,1.0,1.0,0.0,tie
q3_2390,Q3,0.3333333333333333,0.5,0.5,0.0,tie
q3_2391,Q3,1.0,1.0,1.0,0.0,tie
q3_2392,Q3,1.0,1.0,1.0,0.0,tie
q3_2393,Q3,1.0,0.5,0.5,-0.5,hybrid_loss
q3_2394,Q3,1.0,1.0,1.0,0.0,tie
q3_2395,Q3,1.0,0.0,0.2,-0.8,hybrid_loss
q3_2396,Q3,0.14285714285714285,1.0,0.3333333333333333,-0.6666666666666667,hybrid_loss
q3_2397,Q3,0.2,0.3333333333333333,0.2,-0.1333333333333333,hybrid_loss
q3_2398,Q3,1.0,0.3333333333333333,1.0,0.0,tie
q3_2399,Q3,0.3333333333333333,1.0,1.0,0.0,tie
q3_2400,Q3,0.0,0.0,0.0,0.0,tie
q3_2401,Q3,0.3333333333333333,0.3333333333333333,1.0,0.6666666666666667,hybrid_win
q3_2402,Q3,1.0,0.3333333333333333,1.0,0.0,tie
q3_2403,Q3,1.0,1.0,1.0,0.0,tie
q3_2404,Q3,0.3333333333333333,0.3333333333333333,0.3333333333333333,0.0,tie
q3_2405,Q3,0.3333333333333333,1.0,1.0,0.0,tie
q3_2406,Q3,1.0,1.0,1.0,0.0,tie
q3_2407,Q3,1.0,1.0,1.0,0.0,tie
q3_2408,Q3,1.0,0.3333333333333333,1.0,0.0,tie
q3_2409,Q3,1.0,1.0,1.0,0.0,tie
q3_2410,Q3,1.0,1.0,1.0,0.0,tie
q3_2411,Q3,1.0,1.0,1.0,0.0,tie
q3_2412,Q3,1.0,1.0,1.0,0.0,tie
q3_2413,Q3,0.3333333333333333,0.3333333333333333,0.3333333333333333,0.0,tie
q3_2414,Q3,1.0,1.0,1.0,0.0,tie
q3_2415,Q3,1.0,0.0,0.3333333333333333,-0.6666666666666667,hybrid_loss
q3_2416,Q3,1.0,0.3333333333333333,1.0,0.0,tie
q3_2417,Q3,1.0,1.0,1.0,0.0,tie
q3_2418,Q3,1.0,0.2,1.0,0.0,tie
q3_2419,Q3,1.0,1.0,1.0,0.0,tie
q3_2420,Q3,1.0,0.3333333333333333,1.0,0.0,tie
q3_2421,Q3,1.0,1.0,1.0,0.0,tie
q3_2422,Q3,0.3333333333333333,1.0,1.0,0.0,tie
q3_2423,Q3,0.5,0.5,0.5,0.0,tie
q3_2424,Q3,0.25,0.5,0.5,0.0,tie
q3_2425,Q3,1.0,1.0,1.0,0.0,tie
q3_2426,Q3,1.0,1.0,1.0,0.0,tie
q3_2427,Q3,1.0,0.5,0.5,-0.5,hybrid_loss
q3_2428,Q3,0.25,1.0,1.0,0.0,tie
q3_2429,Q3,1.0,1.0,1.0,0.0,tie
q3_2430,Q3,1.0,0.5,0.5,-0.5,hybrid_loss
q3_2431,Q3,0.5,1.0,1.0,0.0,tie
q3_2432,Q3,1.0,1.0,1.0,0.0,tie
q3_2433,Q3,1.0,1.0,1.0,0.0,tie
q3_2434,Q3,1.0,1.0,1.0,0.0,tie
q3_2435,Q3,1.0,1.0,1.0,0.0,tie
q3_2436,Q3,1.0,1.0,1.0,0.0,tie
q3_2437,Q3,1.0,1.0,1.0,0.0,tie
q3_2438,Q3,1.0,1.0,1.0,0.0,tie
q3_2439,Q3,1.0,0.3333333333333333,1.0,0.0,tie
q3_2440,Q3,0.5,0.25,0.3333333333333333,-0.16666666666666669,hybrid_loss
q3_2441,Q3,0.5,0.0,0.25,-0.25,hybrid_loss
q3_2442,Q3,1.0,1.0,1.0,0.0,tie
q3_2443,Q3,0.0,0.0,0.0,0.0,tie
q3_2444,Q3,0.5,0.5,0.5,0.0,tie
q3_2445,Q3,1.0,1.0,1.0,0.0,tie
q3_2446,Q3,1.0,1.0,1.0,0.0,tie
q3_2447,Q3,1.0,1.0,1.0,0.0,tie
q3_2448,Q3,1.0,1.0,1.0,0.0,tie
q3_2449,Q3,1.0,1.0,1.0,0.0,tie
q3_2450,Q3,1.0,1.0,1.0,0.0,tie
q3_2451,Q3,1.0,1.0,1.0,0.0,tie
q3_2452,Q3,1.0,0.5,1.0,0.0,tie
q3_2453,Q3,0.3333333333333333,1.0,0.3333333333333333,-0.6666666666666667,hybrid_loss
q3_2454,Q3,0.5,0.3333333333333333,0.5,0.0,tie
q3_2455,Q3,1.0,1.0,1.0,0.0,tie
q3_2456,Q3,0.3333333333333333,0.2,0.2,-0.1333333333333333,hybrid_loss
q3_2457,Q3,0.25,0.3333333333333333,0.3333333333333333,0.0,tie
q3_2458,Q3,0.5,0.5,0.5,0.0,tie
q3_2459,Q3,0.16666666666666666,0.16666666666666666,0.16666666666666666,0.0,tie
q3_2460,Q3,0.2,0.25,0.25,0.0,tie
q3_2461,Q3,0.0,0.0,0.0,0.0,tie
q3_2462,Q3,1.0,1.0,1.0,0.0,tie
q3_2463,Q3,1.0,1.0,1.0,0.0,tie
q3_2464,Q3,1.0,1.0,1.0,0.0,tie
q3_2465,Q3,0.5,0.5,0.5,0.0,tie
q3_2466,Q3,1.0,1.0,1.0,0.0,tie
q3_2467,Q3,1.0,1.0,1.0,0.0,tie
q3_2468,Q3,0.5,1.0,1.0,0.0,tie
q3_2469,Q3,1.0,1.0,1.0,0.0,tie
q3_2470,Q3,1.0,0.2,0.5,-0.5,hybrid_loss
q3_2471,Q3,0.5,1.0,0.5,-0.5,hybrid_loss
q3_2472,Q3,1.0,1.0,1.0,0.0,tie
q3_2473,Q3,1.0,1.0,1.0,0.0,tie
q3_2474,Q3,1.0,0.3333333333333333,0.5,-0.5,hybrid_loss
q3_2475,Q3,0.3333333333333333,0.25,0.5,0.16666666666666669,hybrid_win
q3_2476,Q3,0.3333333333333333,1.0,1.0,0.0,tie
q3_2477,Q3,0.2,1.0,1.0,0.0,tie
q3_2478,Q3,1.0,1.0,1.0,0.0,tie
q3_2479,Q3,1.0,0.5,0.5,-0.5,hybrid_loss
q3_2480,Q3,1.0,0.3333333333333333,0.5,-0.5,hybrid_loss
q3_2481,Q3,1.0,1.0,1.0,0.0,tie
q3_2482,Q3,1.0,1.0,1.0,0.0,tie
q3_2483,Q3,1.0,1.0,1.0,0.0,tie
q3_2484,Q3,1.0,0.2,1.0,0.0,tie
q3_2485,Q3,0.5,0.3333333333333333,0.5,0.0,tie
q3_2486,Q3,0.3333333333333333,0.5,0.5,0.0,tie
q3_2487,Q3,1.0,1.0,1.0,0.0,tie
q3_2488,Q3,1.0,1.0,1.0,0.0,tie
q3_2489,Q3,1.0,0.25,0.5,-0.5,hybrid_loss
q3_2490,Q3,0.5,0.5,0.5,0.0,tie
q3_2491,Q3,1.0,1.0,1.0,0.0,tie
q3_2492,Q3,1.0,1.0,1.0,0.0,tie
q3_2493,Q3,1.0,0.5,1.0,0.0,tie
q3_2494,Q3,0.5,1.0,0.5,-0.5,hybrid_loss
q3_2495,Q3,1.0,1.0,1.0,0.0,tie
q3_2496,Q3,1.0,0.3333333333333333,1.0,0.0,tie
q3_2497,Q3,1.0,1.0,1.0,0.0,tie
q3_2498,Q3,1.0,0.0,0.16666666666666666,-0.8333333333333334,hybrid_loss
q3_2499,Q3,1.0,1.0,1.0,0.0,tie
q3_2500,Q3,1.0,0.5,0.5,-0.5,hybrid_loss
q3_2501,Q3,1.0,1.0,1.0,0.0,tie
q3_2502,Q3,1.0,1.0,1.0,0.0,tie
q3_2503,Q3,1.0,1.0,1.0,0.0,tie
q3_2504,Q3,1.0,1.0,1.0,0.0,tie
q3_2505,Q3,1.0,1.0,1.0,0.0,tie
q3_2506,Q3,0.16666666666666666,1.0,1.0,0.0,tie
q3_2507,Q3,1.0,1.0,1.0,0.0,tie
q3_2508,Q3,1.0,1.0,1.0,0.0,tie
q3_2509,Q3,1.0,1.0,1.0,0.0,tie
q3_2510,Q3,1.0,0.5,1.0,0.0,tie
q3_2511,Q3,1.0,1.0,1.0,0.0,tie
q3_2513,Q3,1.0,1.0,1.0,0.0,tie
q3_2514,Q3,1.0,1.0,1.0,0.0,tie
q3_2515,Q3,0.5,1.0,1.0,0.0,tie
q3_2516,Q3,1.0,1.0,1.0,0.0,tie
q3_2517,Q3,1.0,1.0,1.0,0.0,tie
q3_2518,Q3,1.0,1.0,1.0,0.0,tie
q3_2519,Q3,1.0,1.0,1.0,0.0,tie
q3_2520,Q3,1.0,1.0,1.0,0.0,tie
q3_2521,Q3,1.0,1.0,1.0,0.0,tie
q3_2522,Q3,1.0,1.0,1.0,0.0,tie
q3_2523,Q3,1.0,1.0,1.0,0.0,tie
q3_2524,Q3,1.0,1.0,1.0,0.0,tie
q3_2525,Q3,1.0,1.0,1.0,0.0,tie
q3_2528,Q3,1.0,1.0,1.0,0.0,tie
q3_2529,Q3,0.5,0.5,0.5,0.0,tie
q3_2530,Q3,1.0,1.0,1.0,0.0,tie
q3_2531,Q3,1.0,1.0,1.0,0.0,tie
q3_2532,Q3,1.0,0.0,0.5,-0.5,hybrid_loss
q3_2533,Q3,1.0,1.0,1.0,0.0,tie
q3_2534,Q3,1.0,1.0,1.0,0.0,tie
q3_2535,Q3,1.0,1.0,1.0,0.0,tie
q3_2536,Q3,1.0,1.0,1.0,0.0,tie
q3_2537,Q3,1.0,0.5,1.0,0.0,tie
q3_2538,Q3,1.0,0.25,1.0,0.0,tie
q3_2539,Q3,1.0,1.0,1.0,0.0,tie
q3_2540,Q3,0.5,1.0,0.5,-0.5,hybrid_loss
q3_2541,Q3,1.0,1.0,1.0,0.0,tie
q3_2542,Q3,1.0,0.1111111111111111,0.1111111111111111,-0.8888888888888888,hybrid_loss
q3_2543,Q3,0.3333333333333333,0.0,0.0,-0.3333333333333333,hybrid_loss
q3_2544,Q3,0.1,1.0,1.0,0.0,tie
q3_2546,Q3,1.0,1.0,1.0,0.0,tie
q3_2547,Q3,1.0,1.0,1.0,0.0,tie
q3_2548,Q3,1.0,0.3333333333333333,1.0,0.0,tie
q3_2549,Q3,0.5,1.0,0.5,-0.5,hybrid_loss
q3_2550,Q3,1.0,0.5,1.0,0.0,tie
q3_2551,Q3,1.0,1.0,1.0,0.0,tie
q3_2552,Q3,0.2,0.14285714285714285,0.25,0.04999999999999999,hybrid_win
q3_2553,Q3,0.14285714285714285,0.25,0.16666666666666666,-0.08333333333333334,hybrid_loss
q3_2554,Q3,1.0,1.0,1.0,0.0,tie
q3_2555,Q3,0.5,0.5,0.5,0.0,tie
q3_2556,Q3,0.25,1.0,0.5,-0.5,hybrid_loss
q3_2557,Q3,0.5,1.0,1.0,0.0,tie
q3_2558,Q3,0.5,1.0,1.0,0.0,tie
q3_2559,Q3,1.0,1.0,1.0,0.0,tie
q3_2560,Q3,0.25,1.0,1.0,0.0,tie
q3_2561,Q3,0.3333333333333333,1.0,0.5,-0.5,hybrid_loss
q3_2562,Q3,0.5,1.0,1.0,0.0,tie
q3_2563,Q3,1.0,0.3333333333333333,1.0,0.0,tie
q3_2564,Q3,1.0,1.0,1.0,0.0,tie
q3_2565,Q3,1.0,0.1111111111111111,1.0,0.0,tie
q3_2566,Q3,1.0,1.0,1.0,0.0,tie
q3_2567,Q3,1.0,1.0,1.0,0.0,tie
q3_2568,Q3,1.0,1.0,1.0,0.0,tie
q3_2569,Q3,1.0,1.0,1.0,0.0,tie
q3_2570,Q3,1.0,1.0,1.0,0.0,tie
q3_2571,Q3,1.0,1.0,1.0,0.0,tie
q3_2572,Q3,1.0,1.0,1.0,0.0,tie
q3_2573,Q3,1.0,1.0,1.0,0.0,tie
q3_2574,Q3,1.0,1.0,1.0,0.0,tie
q3_2575,Q3,1.0,1.0,1.0,0.0,tie
q3_2576,Q3,0.5,0.5,0.5,0.0,tie
q3_2577,Q3,1.0,1.0,1.0,0.0,tie
q3_2578,Q3,0.3333333333333333,1.0,1.0,0.0,tie
q3_2579,Q3,1.0,0.5,0.5,-0.5,hybrid_loss
q3_2580,Q3,0.5,0.3333333333333333,0.3333333333333333,-0.16666666666666669,hybrid_loss
q3_2581,Q3,0.125,0.25,0.25,0.0,tie
q3_2583,Q3,1.0,1.0,1.0,0.0,tie
q3_2585,Q3,1.0,1.0,1.0,0.0,tie
q3_2586,Q3,1.0,1.0,1.0,0.0,tie
q3_2589,Q3,1.0,1.0,1.0,0.0,tie
q3_2590,Q3,1.0,1.0,1.0,0.0,tie
q3_2591,Q3,0.5,0.5,0.5,0.0,tie
q3_2592,Q3,1.0,1.0,1.0,0.0,tie
q3_2593,Q3,1.0,1.0,1.0,0.0,tie
q3_2594,Q3,0.25,1.0,1.0,0.0,tie
q3_2595,Q3,1.0,0.25,1.0,0.0,tie
q3_2596,Q3,1.0,1.0,1.0,0.0,tie
q3_2597,Q3,1.0,1.0,1.0,0.0,tie
q3_2598,Q3,1.0,1.0,1.0,0.0,tie
q3_2599,Q3,1.0,1.0,1.0,0.0,tie
q3_2600,Q3,1.0,1.0,1.0,0.0,tie
q3_2601,Q3,1.0,1.0,1.0,0.0,tie
q3_2602,Q3,1.0,1.0,1.0,0.0,tie
q3_2603,Q3,1.0,1.0,1.0,0.0,tie
q3_2604,Q3,1.0,1.0,1.0,0.0,tie
q3_2605,Q3,1.0,1.0,1.0,0.0,tie
q3_2606,Q3,0.16666666666666666,0.0,0.14285714285714285,-0.023809523809523808,hybrid_loss
q3_2607,Q3,1.0,1.0,1.0,0.0,tie
q3_2608,Q3,1.0,1.0,1.0,0.0,tie
q3_2609,Q3,1.0,1.0,1.0,0.0,tie
q3_2610,Q3,1.0,1.0,1.0,0.0,tie
q3_2611,Q3,1.0,1.0,1.0,0.0,tie
q3_2612,Q3,1.0,1.0,1.0,0.0,tie
q3_2613,Q3,1.0,1.0,1.0,0.0,tie
q3_2614,Q3,1.0,1.0,1.0,0.0,tie
q3_2615,Q3,1.0,1.0,1.0,0.0,tie
q3_2616,Q3,1.0,1.0,1.0,0.0,tie
q3_2617,Q3,1.0,1.0,1.0,0.0,tie
q3_2618,Q3,1.0,1.0,1.0,0.0,tie
q3_2619,Q3,1.0,1.0,1.0,0.0,tie
q3_2620,Q3,1.0,1.0,1.0,0.0,tie
q3_2621,Q3,1.0,1.0,1.0,0.0,tie
q3_2622,Q3,1.0,0.0,0.25,-0.75,hybrid_loss
q3_2623,Q3,0.3333333333333333,1.0,1.0,0.0,tie
q3_2624,Q3,1.0,1.0,1.0,0.0,tie
q3_2625,Q3,1.0,1.0,1.0,0.0,tie
q3_2626,Q3,1.0,1.0,1.0,0.0,tie
q3_2627,Q3,1.0,1.0,1.0,0.0,tie
q3_2628,Q3,1.0,1.0,1.0,0.0,tie
q3_2629,Q3,1.0,1.0,1.0,0.0,tie
q3_2630,Q3,1.0,1.0,1.0,0.0,tie
q3_2631,Q3,0.5,0.25,0.3333333333333333,-0.16666666666666669,hybrid_loss
q3_2632,Q3,1.0,1.0,1.0,0.0,tie
q3_2633,Q3,1.0,1.0,1.0,0.0,tie
q3_2634,Q3,1.0,1.0,1.0,0.0,tie
q3_2635,Q3,1.0,1.0,1.0,0.0,tie
q3_2636,Q3,1.0,1.0,1.0,0.0,tie
q3_2637,Q3,1.0,1.0,1.0,0.0,tie
q3_2638,Q3,1.0,1.0,1.0,0.0,tie
q3_2639,Q3,1.0,1.0,1.0,0.0,tie
q3_2640,Q3,1.0,1.0,1.0,0.0,tie
q3_2641,Q3,1.0,1.0,1.0,0.0,tie
q3_2642,Q3,0.3333333333333333,1.0,1.0,0.0,tie
q3_2643,Q3,1.0,1.0,1.0,0.0,tie
q3_2644,Q3,1.0,1.0,1.0,0.0,tie
q3_2645,Q3,1.0,0.2,0.3333333333333333,-0.6666666666666667,hybrid_loss
q3_2646,Q3,1.0,1.0,1.0,0.0,tie
q3_2647,Q3,1.0,1.0,1.0,0.0,tie
q3_2648,Q3,1.0,1.0,1.0,0.0,tie
q3_2649,Q3,1.0,1.0,1.0,0.0,tie
q3_2650,Q3,1.0,1.0,1.0,0.0,tie
q3_2653,Q3,0.14285714285714285,0.1111111111111111,0.1111111111111111,-0.031746031746031744,hybrid_loss
q3_2654,Q3,0.3333333333333333,0.14285714285714285,0.16666666666666666,-0.16666666666666666,hybrid_loss
q3_2655,Q3,0.3333333333333333,1.0,0.5,-0.5,hybrid_loss
q3_2656,Q3,1.0,1.0,1.0,0.0,tie
q3_2658,Q3,1.0,0.2,1.0,0.0,tie
q3_2659,Q3,0.2,0.2,0.2,0.0,tie
q3_2660,Q3,1.0,1.0,1.0,0.0,tie
q3_2661,Q3,1.0,1.0,1.0,0.0,tie
q3_2662,Q3,1.0,1.0,1.0,0.0,tie
q3_2663,Q3,1.0,1.0,1.0,0.0,tie
q3_2664,Q3,1.0,1.0,1.0,0.0,tie
q3_2665,Q3,0.5,0.3333333333333333,0.3333333333333333,-0.16666666666666669,hybrid_loss
q3_2666,Q3,0.3333333333333333,0.5,0.5,0.0,tie
q3_2667,Q3,1.0,1.0,1.0,0.0,tie
q3_2668,Q3,0.5,0.5,0.5,0.0,tie
q3_2669,Q3,1.0,1.0,1.0,0.0,tie
q3_2670,Q3,1.0,0.25,0.25,-0.75,hybrid_loss
q3_2671,Q3,0.5,0.3333333333333333,0.3333333333333333,-0.16666666666666669,hybrid_loss
q3_2672,Q3,0.3333333333333333,1.0,1.0,0.0,tie
q3_2673,Q3,0.25,0.5,0.5,0.0,tie
q3_2674,Q3,0.2,1.0,1.0,0.0,tie
q3_2675,Q3,1.0,1.0,1.0,0.0,tie
q3_2676,Q3,1.0,1.0,1.0,0.0,tie
q3_2677,Q3,1.0,1.0,1.0,0.0,tie
q3_2678,Q3,1.0,1.0,1.0,0.0,tie
q3_2679,Q3,1.0,1.0,1.0,0.0,tie
q3_2680,Q3,1.0,1.0,1.0,0.0,tie
q3_2681,Q3,1.0,1.0,1.0,0.0,tie
q3_2682,Q3,1.0,1.0,1.0,0.0,tie
q3_2683,Q3,1.0,1.0,1.0,0.0,tie
q3_2684,Q3,1.0,1.0,1.0,0.0,tie
q3_2685,Q3,1.0,1.0,1.0,0.0,tie
q3_2686,Q3,1.0,1.0,1.0,0.0,tie
q3_2687,Q3,1.0,1.0,1.0,0.0,tie
q3_2688,Q3,1.0,1.0,1.0,0.0,tie
q3_2689,Q3,1.0,1.0,1.0,0.0,tie
q3_2690,Q3,1.0,1.0,1.0,0.0,tie
q3_2691,Q3,1.0,1.0,1.0,0.0,tie
q3_2692,Q3,1.0,1.0,1.0,0.0,tie
q3_2693,Q3,1.0,1.0,1.0,0.0,tie
q3_2694,Q3,1.0,0.5,1.0,0.0,tie
q3_2695,Q3,1.0,1.0,1.0,0.0,tie
q3_2696,Q3,0.5,1.0,0.5,-0.5,hybrid_loss
q3_2697,Q3,1.0,1.0,1.0,0.0,tie
q3_2698,Q3,0.5,1.0,1.0,0.0,tie
q3_2699,Q3,0.3333333333333333,0.3333333333333333,0.3333333333333333,0.0,tie
q3_2700,Q3,1.0,1.0,1.0,0.0,tie
q3_2701,Q3,1.0,1.0,1.0,0.0,tie
q3_2702,Q3,1.0,1.0,1.0,0.0,tie
q3_2703,Q3,0.5,0.5,0.5,0.0,tie
q3_2704,Q3,1.0,1.0,1.0,0.0,tie
q3_2705,Q3,1.0,1.0,1.0,0.0,tie
q3_2706,Q3,1.0,1.0,1.0,0.0,tie
q3_2707,Q3,1.0,1.0,1.0,0.0,tie
q3_2708,Q3,1.0,0.5,1.0,0.0,tie
q3_2709,Q3,0.0,0.0,0.0,0.0,tie
q3_2710,Q3,1.0,1.0,1.0,0.0,tie
q3_2711,Q3,0.5,0.5,0.5,0.0,tie
q3_2712,Q3,1.0,0.5,1.0,0.0,tie
q3_2713,Q3,1.0,1.0,1.0,0.0,tie
q3_2714,Q3,1.0,1.0,1.0,0.0,tie
q3_2715,Q3,1.0,1.0,1.0,0.0,tie
q3_2716,Q3,1.0,1.0,1.0,0.0,tie
q3_2717,Q3,1.0,1.0,1.0,0.0,tie
q3_2718,Q3,1.0,1.0,1.0,0.0,tie
q3_2719,Q3,0.3333333333333333,0.5,0.5,0.0,tie
q3_2720,Q3,0.25,0.16666666666666666,0.16666666666666666,-0.08333333333333334,hybrid_loss
q3_2721,Q3,0.5,0.25,0.25,-0.25,hybrid_loss
q3_2722,Q3,1.0,1.0,1.0,0.0,tie
q3_2723,Q3,1.0,1.0,1.0,0.0,tie
q3_2724,Q3,1.0,0.16666666666666666,1.0,0.0,tie
q3_2725,Q3,1.0,0.5,1.0,0.0,tie
q3_2726,Q3,0.5,1.0,0.5,-0.5,hybrid_loss
q3_2727,Q3,1.0,1.0,1.0,0.0,tie
q3_2728,Q3,1.0,1.0,1.0,0.0,tie
q3_2729,Q3,0.5,0.5,0.5,0.0,tie
q3_2730,Q3,0.3333333333333333,1.0,1.0,0.0,tie
q3_2731,Q3,1.0,1.0,1.0,0.0,tie
q3_2732,Q3,0.5,0.5,0.5,0.0,tie
q3_2733,Q3,1.0,1.0,1.0,0.0,tie
q3_2734,Q3,0.5,0.5,0.5,0.0,tie
q3_2735,Q3,1.0,1.0,1.0,0.0,tie
q3_2736,Q3,1.0,1.0,1.0,0.0,tie
q3_2737,Q3,1.0,1.0,1.0,0.0,tie
q3_2738,Q3,1.0,1.0,1.0,0.0,tie
q3_2739,Q3,1.0,1.0,1.0,0.0,tie
q3_2740,Q3,1.0,0.5,0.5,-0.5,hybrid_loss
q3_2741,Q3,0.5,1.0,1.0,0.0,tie
q3_2742,Q3,1.0,1.0,1.0,0.0,tie
q3_2743,Q3,1.0,1.0,1.0,0.0,tie
q3_2744,Q3,1.0,1.0,1.0,0.0,tie
q3_2745,Q3,1.0,1.0,1.0,0.0,tie
q3_2746,Q3,1.0,0.5,1.0,0.0,tie
q3_2747,Q3,0.5,1.0,0.5,-0.5,hybrid_loss
q3_2748,Q3,1.0,1.0,1.0,0.0,tie
q3_2749,Q3,1.0,1.0,1.0,0.0,tie
q3_2750,Q3,0.5,0.5,0.5,0.0,tie
q3_2751,Q3,1.0,0.25,1.0,0.0,tie
q3_2752,Q3,0.3333333333333333,0.3333333333333333,0.5,0.16666666666666669,hybrid_win
q3_2753,Q3,0.16666666666666666,0.5,0.2,-0.3,hybrid_loss
q3_2754,Q3,0.14285714285714285,0.3333333333333333,0.16666666666666666,-0.16666666666666666,hybrid_loss
q3_2755,Q3,0.125,0.2,0.14285714285714285,-0.05714285714285716,hybrid_loss
q3_2756,Q3,0.3333333333333333,1.0,0.5,-0.5,hybrid_loss
q3_2757,Q3,0.25,0.1111111111111111,0.2,-0.04999999999999999,hybrid_loss
q3_2758,Q3,1.0,0.25,1.0,0.0,tie
q3_2759,Q3,1.0,0.25,1.0,0.0,tie
q3_2760,Q3,1.0,1.0,1.0,0.0,tie
q3_2761,Q3,1.0,1.0,1.0,0.0,tie
q3_2762,Q3,1.0,0.5,1.0,0.0,tie
q3_2763,Q3,1.0,0.5,1.0,0.0,tie
q3_2764,Q3,1.0,1.0,1.0,0.0,tie
q3_2765,Q3,1.0,1.0,1.0,0.0,tie
q3_2766,Q3,0.5,0.5,0.5,0.0,tie
q3_2767,Q3,1.0,1.0,1.0,0.0,tie
q3_2768,Q3,0.5,0.5,0.5,0.0,tie
q3_2769,Q3,1.0,1.0,1.0,0.0,tie
q3_2770,Q3,1.0,1.0,1.0,0.0,tie
q3_2771,Q3,1.0,1.0,1.0,0.0,tie
q3_2772,Q3,1.0,1.0,1.0,0.0,tie
q3_2773,Q3,1.0,1.0,1.0,0.0,tie
q3_2774,Q3,1.0,1.0,1.0,0.0,tie
q3_2775,Q3,1.0,1.0,1.0,0.0,tie
q3_2776,Q3,1.0,1.0,1.0,0.0,tie
q3_2777,Q3,1.0,1.0,1.0,0.0,tie
q3_2778,Q3,1.0,1.0,1.0,0.0,tie
q3_2779,Q3,1.0,0.25,1.0,0.0,tie
q3_2780,Q3,1.0,1.0,1.0,0.0,tie
q3_2781,Q3,1.0,1.0,1.0,0.0,tie
q3_2782,Q3,1.0,1.0,1.0,0.0,tie
q3_2783,Q3,1.0,1.0,1.0,0.0,tie
q3_2784,Q3,0.5,1.0,1.0,0.0,tie
q3_2785,Q3,0.25,0.2,0.3333333333333333,0.08333333333333331,hybrid_win
q3_2786,Q3,0.5,0.5,0.5,0.0,tie
q3_2787,Q3,0.3333333333333333,0.3333333333333333,0.3333333333333333,0.0,tie
q3_2788,Q3,0.25,0.25,0.25,0.0,tie
q3_2789,Q3,1.0,1.0,1.0,0.0,tie
q3_2790,Q3,0.5,0.5,0.5,0.0,tie
q3_2791,Q3,1.0,1.0,1.0,0.0,tie
q3_2792,Q3,1.0,1.0,1.0,0.0,tie
q3_2793,Q3,1.0,1.0,1.0,0.0,tie
q3_2794,Q3,1.0,1.0,1.0,0.0,tie
q3_2796,Q3,1.0,1.0,1.0,0.0,tie
q3_2797,Q3,1.0,1.0,1.0,0.0,tie
q3_2798,Q3,1.0,1.0,1.0,0.0,tie
q3_2799,Q3,1.0,0.0,1.0,0.0,tie
q3_2800,Q3,0.5,0.0,0.5,0.0,tie
q3_2801,Q3,1.0,1.0,1.0,0.0,tie
q3_2802,Q3,0.5,1.0,1.0,0.0,tie
q3_2803,Q3,1.0,1.0,1.0,0.0,tie
q3_2804,Q3,1.0,1.0,1.0,0.0,tie
q3_2805,Q3,0.5,0.5,0.5,0.0,tie
q3_2806,Q3,1.0,0.5,1.0,0.0,tie
q3_2807,Q3,1.0,1.0,1.0,0.0,tie
q3_2808,Q3,1.0,1.0,1.0,0.0,tie
q3_2809,Q3,1.0,1.0,1.0,0.0,tie
q3_2810,Q3,1.0,1.0,1.0,0.0,tie
q3_2811,Q3,1.0,1.0,1.0,0.0,tie
q3_2812,Q3,1.0,1.0,1.0,0.0,tie
q3_2813,Q3,1.0,1.0,1.0,0.0,tie
q3_2814,Q3,0.3333333333333333,1.0,1.0,0.0,tie
q3_2815,Q3,1.0,1.0,1.0,0.0,tie
q3_2816,Q3,1.0,1.0,1.0,0.0,tie
q3_2817,Q3,0.16666666666666666,1.0,1.0,0.0,tie
q3_2818,Q3,1.0,0.5,1.0,0.0,tie
q3_2819,Q3,1.0,1.0,1.0,0.0,tie
q3_2820,Q3,1.0,1.0,1.0,0.0,tie
q3_2821,Q3,1.0,1.0,1.0,0.0,tie
q3_2822,Q3,0.5,1.0,1.0,0.0,tie
q3_2823,Q3,1.0,0.5,0.5,-0.5,hybrid_loss
q3_2824,Q3,0.0,1.0,0.3333333333333333,-0.6666666666666667,hybrid_loss
q3_2825,Q3,1.0,1.0,1.0,0.0,tie
q3_2826,Q3,1.0,0.5,1.0,0.0,tie
q3_2827,Q3,1.0,0.5,1.0,0.0,tie
q3_2828,Q3,1.0,1.0,1.0,0.0,tie
q3_2829,Q3,1.0,1.0,1.0,0.0,tie
q3_2830,Q3,1.0,1.0,1.0,0.0,tie
q3_2831,Q3,0.0,0.0,0.0,0.0,tie
q3_2833,Q3,1.0,1.0,1.0,0.0,tie
q3_2834,Q3,1.0,1.0,1.0,0.0,tie
q3_2835,Q3,1.0,1.0,1.0,0.0,tie
q3_2836,Q3,1.0,0.3333333333333333,1.0,0.0,tie
q3_2837,Q3,1.0,1.0,1.0,0.0,tie
q3_2838,Q3,1.0,1.0,1.0,0.0,tie
q3_2839,Q3,1.0,1.0,1.0,0.0,tie
q3_2840,Q3,0.5,0.5,0.5,0.0,tie
q3_2841,Q3,0.5,0.5,0.3333333333333333,-0.16666666666666669,hybrid_loss
q3_2842,Q3,1.0,1.0,1.0,0.0,tie
q3_2843,Q3,1.0,0.5,0.5,-0.5,hybrid_loss
q3_2844,Q3,0.5,1.0,1.0,0.0,tie
q3_2845,Q3,1.0,0.0,1.0,0.0,tie
q3_2846,Q3,1.0,1.0,1.0,0.0,tie
q3_2847,Q3,1.0,0.1,0.5,-0.5,hybrid_loss
q3_2848,Q3,1.0,1.0,1.0,0.0,tie
q3_2849,Q3,1.0,1.0,1.0,0.0,tie
q3_2850,Q3,1.0,1.0,1.0,0.0,tie
q3_2851,Q3,0.3333333333333333,1.0,0.5,-0.5,hybrid_loss
q3_2852,Q3,1.0,1.0,1.0,0.0,tie
q3_2853,Q3,0.16666666666666666,0.5,1.0,0.5,hybrid_win
q3_2854,Q3,0.1,1.0,0.5,-0.5,hybrid_loss
q3_2855,Q3,1.0,1.0,1.0,0.0,tie
q3_2856,Q3,0.5,1.0,1.0,0.0,tie
q3_2857,Q3,1.0,1.0,1.0,0.0,tie
q3_2858,Q3,1.0,1.0,1.0,0.0,tie
q3_2859,Q3,1.0,1.0,1.0,0.0,tie
q3_2860,Q3,1.0,1.0,1.0,0.0,tie
q3_2861,Q3,1.0,0.5,1.0,0.0,tie
q3_2862,Q3,0.5,1.0,0.5,-0.5,hybrid_loss
q3_2863,Q3,1.0,1.0,1.0,0.0,tie
q3_2864,Q3,1.0,1.0,1.0,0.0,tie
q3_2865,Q3,0.5,0.5,0.5,0.0,tie
q3_2866,Q3,1.0,0.5,0.5,-0.5,hybrid_loss
q3_2867,Q3,1.0,1.0,1.0,0.0,tie
q3_2868,Q3,1.0,1.0,1.0,0.0,tie
q3_2869,Q3,1.0,1.0,1.0,0.0,tie
q3_2870,Q3,1.0,1.0,1.0,0.0,tie
q3_2871,Q3,1.0,1.0,1.0,0.0,tie
q3_2872,Q3,1.0,1.0,1.0,0.0,tie
q3_2873,Q3,0.3333333333333333,0.3333333333333333,0.3333333333333333,0.0,tie
q3_2874,Q3,0.5,0.5,0.5,0.0,tie
q3_2875,Q3,1.0,0.5,1.0,0.0,tie
q3_2876,Q3,1.0,1.0,1.0,0.0,tie
q3_2877,Q3,1.0,1.0,1.0,0.0,tie
q3_2878,Q3,0.5,1.0,0.5,-0.5,hybrid_loss
q3_2879,Q3,1.0,1.0,1.0,0.0,tie
q3_2881,Q3,1.0,1.0,1.0,0.0,tie
q3_2882,Q3,1.0,1.0,1.0,0.0,tie
q3_2883,Q3,0.3333333333333333,0.5,0.5,0.0,tie
q3_2884,Q3,1.0,1.0,1.0,0.0,tie
q3_2886,Q3,1.0,1.0,1.0,0.0,tie
q3_2887,Q3,1.0,1.0,1.0,0.0,tie
q3_2888,Q3,0.5,1.0,1.0,0.0,tie
q3_2889,Q3,1.0,1.0,1.0,0.0,tie
q3_2890,Q3,0.5,1.0,1.0,0.0,tie
q3_2891,Q3,0.5,0.5,0.5,0.0,tie
q3_2892,Q3,1.0,1.0,1.0,0.0,tie
q3_2893,Q3,1.0,1.0,1.0,0.0,tie
q3_2894,Q3,0.5,0.5,0.5,0.0,tie
q3_2895,Q3,1.0,1.0,1.0,0.0,tie
q3_2896,Q3,0.3333333333333333,0.3333333333333333,0.3333333333333333,0.0,tie
q3_2897,Q3,0.25,0.25,0.25,0.0,tie
q3_2898,Q3,1.0,1.0,1.0,0.0,tie
q3_2899,Q3,1.0,1.0,1.0,0.0,tie
q3_2900,Q3,1.0,1.0,1.0,0.0,tie
q3_2901,Q3,1.0,0.25,1.0,0.0,tie
q3_2902,Q3,0.5,0.3333333333333333,0.5,0.0,tie
q3_2903,Q3,0.2,0.16666666666666666,0.2,0.0,tie
q3_2904,Q3,0.16666666666666666,0.125,0.16666666666666666,0.0,tie
q3_2905,Q3,1.0,1.0,1.0,0.0,tie
q3_2906,Q3,1.0,1.0,1.0,0.0,tie
q3_2907,Q3,1.0,1.0,1.0,0.0,tie
q3_2908,Q3,1.0,1.0,1.0,0.0,tie
q3_2909,Q3,1.0,0.3333333333333333,1.0,0.0,tie
q3_2910,Q3,1.0,1.0,1.0,0.0,tie
q3_2911,Q3,0.5,0.5,0.5,0.0,tie
q3_2912,Q3,1.0,1.0,1.0,0.0,tie
q3_2913,Q3,1.0,1.0,1.0,0.0,tie
q3_2914,Q3,1.0,1.0,1.0,0.0,tie
q3_2915,Q3,1.0,1.0,1.0,0.0,tie
q3_2916,Q3,1.0,1.0,1.0,0.0,tie
q3_2917,Q3,1.0,1.0,1.0,0.0,tie
q3_2918,Q3,1.0,1.0,1.0,0.0,tie
q3_2919,Q3,1.0,1.0,1.0,0.0,tie
q3_2920,Q3,1.0,0.5,0.5,-0.5,hybrid_loss
q3_2921,Q3,1.0,1.0,1.0,0.0,tie
q3_2922,Q3,0.3333333333333333,0.5,0.5,0.0,tie
q3_2923,Q3,0.14285714285714285,0.3333333333333333,0.3333333333333333,0.0,tie
q3_2924,Q3,0.5,0.25,0.25,-0.25,hybrid_loss
q3_2925,Q3,1.0,1.0,1.0,0.0,tie
q3_2926,Q3,0.5,0.5,0.5,0.0,tie
q3_2927,Q3,1.0,1.0,1.0,0.0,tie
q3_2928,Q3,1.0,1.0,1.0,0.0,tie
q3_2929,Q3,0.3333333333333333,1.0,1.0,0.0,tie
q3_2930,Q3,1.0,1.0,1.0,0.0,tie
q3_2931,Q3,0.5,1.0,0.5,-0.5,hybrid_loss
q3_2932,Q3,0.5,0.5,0.5,0.0,tie
q3_2933,Q3,0.5,1.0,1.0,0.0,tie
q3_2934,Q3,0.5,0.5,0.5,0.0,tie
q3_2935,Q3,1.0,1.0,1.0,0.0,tie
q3_2936,Q3,1.0,1.0,1.0,0.0,tie
q3_2937,Q3,0.5,0.25,0.5,0.0,tie
q3_2938,Q3,1.0,0.3333333333333333,1.0,0.0,tie
q3_2939,Q3,0.3333333333333333,0.5,0.5,0.0,tie
q3_2940,Q3,0.5,0.2,1.0,0.5,hybrid_win
q3_2941,Q3,1.0,0.0,0.5,-0.5,hybrid_loss
q3_2942,Q3,1.0,1.0,1.0,0.0,tie
q3_2943,Q3,1.0,1.0,1.0,0.0,tie
q3_2944,Q3,1.0,1.0,1.0,0.0,tie
q3_2945,Q3,0.0,0.0,0.0,0.0,tie
q3_2946,Q3,1.0,1.0,1.0,0.0,tie
q3_2947,Q3,1.0,1.0,1.0,0.0,tie
q3_2948,Q3,1.0,1.0,1.0,0.0,tie
q3_2949,Q3,1.0,1.0,1.0,0.0,tie
q3_2950,Q3,1.0,1.0,1.0,0.0,tie
q3_2951,Q3,1.0,0.5,0.5,-0.5,hybrid_loss
q3_2952,Q3,0.3333333333333333,0.5,0.5,0.0,tie
q3_2953,Q3,1.0,1.0,1.0,0.0,tie
q3_2954,Q3,1.0,1.0,1.0,0.0,tie
q3_2955,Q3,1.0,1.0,1.0,0.0,tie
q3_2956,Q3,1.0,1.0,1.0,0.0,tie
q3_2957,Q3,1.0,1.0,1.0,0.0,tie
q3_2958,Q3,1.0,1.0,1.0,0.0,tie
q3_2959,Q3,1.0,1.0,1.0,0.0,tie
q3_2961,Q3,1.0,1.0,1.0,0.0,tie
q3_2962,Q3,1.0,1.0,1.0,0.0,tie
q3_2963,Q3,1.0,1.0,1.0,0.0,tie
q3_2964,Q3,1.0,1.0,1.0,0.0,tie
q3_2965,Q3,1.0,1.0,1.0,0.0,tie
q3_2966,Q3,0.0,0.0,0.0,0.0,tie
q3_2967,Q3,0.0,0.0,0.0,0.0,tie
q3_2968,Q3,1.0,1.0,1.0,0.0,tie
q3_2969,Q3,1.0,1.0,1.0,0.0,tie
q3_2970,Q3,0.0,0.0,0.0,0.0,tie
q3_2971,Q3,1.0,1.0,1.0,0.0,tie
q3_2972,Q3,1.0,1.0,1.0,0.0,tie
q3_2973,Q3,0.0,0.0,0.0,0.0,tie
q3_2974,Q3,0.3333333333333333,0.3333333333333333,1.0,0.6666666666666667,hybrid_win
q3_2975,Q3,0.25,1.0,0.3333333333333333,-0.6666666666666667,hybrid_loss
q3_2976,Q3,1.0,1.0,1.0,0.0,tie
q3_2977,Q3,0.5,0.5,0.5,0.0,tie
q3_2978,Q3,1.0,1.0,1.0,0.0,tie
q3_2979,Q3,1.0,1.0,1.0,0.0,tie
q3_2980,Q3,1.0,1.0,1.0,0.0,tie
q3_2983,Q3,1.0,1.0,1.0,0.0,tie
q3_2984,Q3,0.2,1.0,0.5,-0.5,hybrid_loss
q3_2985,Q3,1.0,1.0,1.0,0.0,tie
q3_2986,Q3,0.5,0.5,0.5,0.0,tie
q3_2987,Q3,0.5,0.5,0.5,0.0,tie
q3_2988,Q3,0.5,0.3333333333333333,0.5,0.0,tie
q3_2989,Q3,0.5,0.3333333333333333,0.3333333333333333,-0.16666666666666669,hybrid_loss
q3_2990,Q3,1.0,1.0,1.0,0.0,tie
q3_2991,Q3,1.0,1.0,1.0,0.0,tie
q3_2992,Q3,1.0,1.0,1.0,0.0,tie
q3_2993,Q3,1.0,1.0,1.0,0.0,tie
q3_2994,Q3,1.0,0.3333333333333333,0.5,-0.5,hybrid_loss
q3_2995,Q3,0.5,0.5,1.0,0.5,hybrid_win
q3_2996,Q3,1.0,1.0,1.0,0.0,tie
q3_2997,Q3,1.0,1.0,1.0,0.0,tie
q3_2998,Q3,1.0,1.0,1.0,0.0,tie
q3_2999,Q3,1.0,1.0,1.0,0.0,tie
q3_3000,Q3,1.0,1.0,1.0,0.0,tie
q3_3001,Q3,1.0,1.0,1.0,0.0,tie
q3_3002,Q3,1.0,1.0,1.0,0.0,tie
q3_3003,Q3,0.2,0.2,0.2,0.0,tie
q3_3004,Q3,1.0,0.125,1.0,0.0,tie
q3_3005,Q3,1.0,1.0,1.0,0.0,tie
q3_3006,Q3,1.0,1.0,1.0,0.0,tie
q3_3007,Q3,1.0,1.0,1.0,0.0,tie
q3_3008,Q3,1.0,1.0,1.0,0.0,tie
q3_3009,Q3,1.0,1.0,1.0,0.0,tie
q3_3010,Q3,1.0,1.0,1.0,0.0,tie
q3_3011,Q3,1.0,1.0,1.0,0.0,tie
q3_3012,Q3,1.0,1.0,1.0,0.0,tie
q3_3013,Q3,1.0,1.0,1.0,0.0,tie
q3_3014,Q3,1.0,1.0,1.0,0.0,tie
q3_3015,Q3,1.0,1.0,1.0,0.0,tie
q3_3016,Q3,1.0,1.0,1.0,0.0,tie
q3_3017,Q3,1.0,1.0,1.0,0.0,tie
q3_3018,Q3,1.0,1.0,1.0,0.0,tie
q3_3019,Q3,1.0,1.0,1.0,0.0,tie
q3_3020,Q3,1.0,1.0,1.0,0.0,tie
q3_3021,Q3,1.0,1.0,1.0,0.0,tie
q3_3022,Q3,1.0,1.0,1.0,0.0,tie
q3_3023,Q3,1.0,1.0,1.0,0.0,tie
q3_3024,Q3,0.3333333333333333,1.0,1.0,0.0,tie
q3_3025,Q3,1.0,0.5,0.5,-0.5,hybrid_loss
q3_3026,Q3,0.5,0.3333333333333333,0.3333333333333333,-0.16666666666666669,hybrid_loss
q3_3027,Q3,0.25,0.125,0.125,-0.125,hybrid_loss
q3_3028,Q3,1.0,1.0,1.0,0.0,tie
q3_3029,Q3,0.5,0.5,0.5,0.0,tie
q3_3031,Q3,1.0,1.0,1.0,0.0,tie
q3_3032,Q3,0.16666666666666666,0.16666666666666666,0.3333333333333333,0.16666666666666666,hybrid_win
q3_3033,Q3,1.0,1.0,1.0,0.0,tie
q3_3034,Q3,1.0,1.0,1.0,0.0,tie
q3_3035,Q3,0.2,0.16666666666666666,0.2,0.0,tie
q3_3036,Q3,0.3333333333333333,0.3333333333333333,0.3333333333333333,0.0,tie
q3_3037,Q3,1.0,1.0,1.0,0.0,tie
q3_3038,Q3,0.5,0.3333333333333333,0.5,0.0,tie
q3_3039,Q3,0.5,0.3333333333333333,0.3333333333333333,-0.16666666666666669,hybrid_loss
q3_3040,Q3,1.0,1.0,1.0,0.0,tie
q3_3041,Q3,1.0,1.0,1.0,0.0,tie
q3_3042,Q3,0.3333333333333333,0.5,0.5,0.0,tie
q3_3043,Q3,0.5,0.5,0.5,0.0,tie
q3_3044,Q3,0.25,1.0,0.5,-0.5,hybrid_loss
q3_3045,Q3,1.0,0.3333333333333333,0.3333333333333333,-0.6666666666666667,hybrid_loss
q3_3046,Q3,1.0,1.0,1.0,0.0,tie
q3_3047,Q3,1.0,1.0,1.0,0.0,tie
q3_3048,Q3,1.0,0.1,0.16666666666666666,-0.8333333333333334,hybrid_loss
q3_3049,Q3,1.0,1.0,1.0,0.0,tie
q3_3050,Q3,1.0,1.0,1.0,0.0,tie
q3_3051,Q3,1.0,1.0,1.0,0.0,tie
q3_3052,Q3,1.0,1.0,1.0,0.0,tie
q3_3053,Q3,0.2,0.2,0.2,0.0,tie
q3_3054,Q3,1.0,0.125,1.0,0.0,tie
q3_3055,Q3,1.0,1.0,1.0,0.0,tie
q3_3056,Q3,1.0,1.0,1.0,0.0,tie
q3_3057,Q3,1.0,1.0,1.0,0.0,tie
q3_3058,Q3,1.0,1.0,1.0,0.0,tie
q3_3059,Q3,1.0,1.0,1.0,0.0,tie
q3_3060,Q3,1.0,1.0,1.0,0.0,tie
q3_3061,Q3,1.0,1.0,1.0,0.0,tie
q3_3062,Q3,1.0,1.0,1.0,0.0,tie
q3_3063,Q3,1.0,1.0,1.0,0.0,tie
q3_3064,Q3,1.0,1.0,1.0,0.0,tie
q3_3065,Q3,1.0,1.0,1.0,0.0,tie
q3_3066,Q3,1.0,1.0,1.0,0.0,tie
q3_3067,Q3,1.0,1.0,1.0,0.0,tie
q3_3068,Q3,1.0,1.0,1.0,0.0,tie
q3_3069,Q3,1.0,1.0,1.0,0.0,tie
q3_3070,Q3,1.0,1.0,1.0,0.0,tie
q3_3071,Q3,0.3333333333333333,1.0,1.0,0.0,tie
q3_3072,Q3,1.0,0.5,0.5,-0.5,hybrid_loss
q3_3073,Q3,0.5,0.2,0.3333333333333333,-0.16666666666666669,hybrid_loss
q3_3074,Q3,1.0,1.0,1.0,0.0,tie
q3_3075,Q3,1.0,1.0,1.0,0.0,tie
q3_3076,Q3,1.0,1.0,1.0,0.0,tie
q3_3077,Q3,1.0,1.0,1.0,0.0,tie
q3_3078,Q3,1.0,1.0,1.0,0.0,tie
q3_3079,Q3,1.0,1.0,1.0,0.0,tie
q3_3080,Q3,1.0,1.0,1.0,0.0,tie
q3_3081,Q3,0.5,0.5,0.5,0.0,tie
q3_3082,Q3,0.3333333333333333,0.3333333333333333,0.3333333333333333,0.0,tie
q3_3083,Q3,0.5,1.0,1.0,0.0,tie
q3_3084,Q3,1.0,1.0,1.0,0.0,tie
q3_3085,Q3,0.5,0.5,0.5,0.0,tie
q3_3086,Q3,0.3333333333333333,0.3333333333333333,0.3333333333333333,0.0,tie
q3_3087,Q3,1.0,1.0,1.0,0.0,tie
q3_3088,Q3,1.0,1.0,1.0,0.0,tie
q3_3089,Q3,1.0,1.0,1.0,0.0,tie
q3_3090,Q3,0.5,0.3333333333333333,0.5,0.0,tie
q3_3091,Q3,1.0,1.0,1.0,0.0,tie
q3_3092,Q3,0.5,1.0,1.0,0.0,tie
q3_3093,Q3,1.0,1.0,1.0,0.0,tie
q3_3094,Q3,0.3333333333333333,1.0,0.3333333333333333,-0.6666666666666667,hybrid_loss
q3_3095,Q3,1.0,1.0,1.0,0.0,tie
q3_3096,Q3,1.0,1.0,1.0,0.0,tie
q3_3097,Q3,1.0,0.5,1.0,0.0,tie
q3_3098,Q3,1.0,1.0,1.0,0.0,tie
q3_3099,Q3,1.0,1.0,1.0,0.0,tie
q3_3100,Q3,0.3333333333333333,0.3333333333333333,0.3333333333333333,0.0,tie
q3_3101,Q3,0.3333333333333333,0.3333333333333333,0.3333333333333333,0.0,tie
q3_3102,Q3,1.0,1.0,1.0,0.0,tie
q3_3103,Q3,1.0,0.5,1.0,0.0,tie
q3_3105,Q3,1.0,1.0,1.0,0.0,tie
q3_3106,Q3,0.5,1.0,1.0,0.0,tie
q3_3107,Q3,1.0,1.0,1.0,0.0,tie
q3_3109,Q3,1.0,1.0,1.0,0.0,tie
q3_3110,Q3,0.5,0.5,0.5,0.0,tie
q3_3111,Q3,1.0,1.0,1.0,0.0,tie
q3_3112,Q3,0.5,1.0,1.0,0.0,tie
q3_3113,Q3,0.5,1.0,1.0,0.0,tie
q3_3114,Q3,1.0,1.0,1.0,0.0,tie
q3_3115,Q3,1.0,1.0,1.0,0.0,tie
q3_3116,Q3,1.0,1.0,1.0,0.0,tie
q3_3117,Q3,1.0,1.0,1.0,0.0,tie
q3_3118,Q3,1.0,1.0,1.0,0.0,tie
q3_3119,Q3,1.0,1.0,1.0,0.0,tie
q3_3120,Q3,0.5,1.0,1.0,0.0,tie
q3_3121,Q3,1.0,1.0,1.0,0.0,tie
q3_3122,Q3,1.0,1.0,1.0,0.0,tie
q3_3123,Q3,1.0,1.0,1.0,0.0,tie
q3_3124,Q3,1.0,1.0,1.0,0.0,tie
q3_3125,Q3,0.3333333333333333,1.0,1.0,0.0,tie
q3_3126,Q3,1.0,1.0,1.0,0.0,tie
q3_3127,Q3,1.0,1.0,1.0,0.0,tie
q3_3128,Q3,1.0,1.0,1.0,0.0,tie
q3_3129,Q3,0.3333333333333333,1.0,1.0,0.0,tie
q3_3130,Q3,1.0,0.3333333333333333,0.3333333333333333,-0.6666666666666667,hybrid_loss
q3_3131,Q3,1.0,1.0,1.0,0.0,tie
q3_3132,Q3,1.0,1.0,1.0,0.0,tie
q3_3133,Q3,1.0,1.0,1.0,0.0,tie
q3_3134,Q3,1.0,1.0,1.0,0.0,tie
q3_3135,Q3,1.0,1.0,1.0,0.0,tie
q3_3136,Q3,1.0,1.0,1.0,0.0,tie
q3_3137,Q3,1.0,1.0,1.0,0.0,tie
q3_3138,Q3,0.3333333333333333,0.3333333333333333,1.0,0.6666666666666667,hybrid_win
q3_3139,Q3,1.0,1.0,1.0,0.0,tie
q3_3140,Q3,0.125,0.0,0.16666666666666666,0.04166666666666666,hybrid_win
q3_3141,Q3,1.0,0.3333333333333333,1.0,0.0,tie
q3_3142,Q3,1.0,1.0,1.0,0.0,tie
q3_3143,Q3,1.0,1.0,1.0,0.0,tie
q3_3144,Q3,1.0,1.0,1.0,0.0,tie
q3_3145,Q3,1.0,1.0,1.0,0.0,tie
q3_3146,Q3,1.0,1.0,1.0,0.0,tie
q3_3147,Q3,1.0,1.0,1.0,0.0,tie
q3_3148,Q3,1.0,1.0,1.0,0.0,tie
q3_3149,Q3,1.0,1.0,1.0,0.0,tie
q3_3150,Q3,1.0,1.0,1.0,0.0,tie
q3_3151,Q3,1.0,1.0,1.0,0.0,tie
q3_3152,Q3,0.5,0.5,0.5,0.0,tie
q3_3153,Q3,1.0,1.0,1.0,0.0,tie
q3_3154,Q3,1.0,1.0,1.0,0.0,tie
q3_3155,Q3,0.1,1.0,0.25,-0.75,hybrid_loss
q3_3156,Q3,1.0,0.2,0.3333333333333333,-0.6666666666666667,hybrid_loss
q3_3157,Q3,1.0,1.0,1.0,0.0,tie
q3_3158,Q3,1.0,0.14285714285714285,0.3333333333333333,-0.6666666666666667,hybrid_loss
q3_3159,Q3,1.0,1.0,1.0,0.0,tie
q3_3160,Q3,1.0,1.0,1.0,0.0,tie
q3_3161,Q3,1.0,1.0,1.0,0.0,tie
q3_3162,Q3,1.0,0.25,0.3333333333333333,-0.6666666666666667,hybrid_loss
q3_3163,Q3,0.5,0.16666666666666666,0.2,-0.3,hybrid_loss
q3_3164,Q3,1.0,1.0,1.0,0.0,tie
q3_3165,Q3,1.0,1.0,1.0,0.0,tie
q3_3166,Q3,1.0,0.3333333333333333,1.0,0.0,tie
q3_3167,Q3,1.0,1.0,1.0,0.0,tie
q3_3168,Q3,1.0,1.0,1.0,0.0,tie
q3_3169,Q3,0.5,0.5,0.5,0.0,tie
q3_3170,Q3,1.0,1.0,1.0,0.0,tie
q3_3171,Q3,1.0,1.0,1.0,0.0,tie
q3_3172,Q3,1.0,1.0,1.0,0.0,tie
q3_3173,Q3,0.5,1.0,0.5,-0.5,hybrid_loss
q3_3174,Q3,1.0,1.0,1.0,0.0,tie
q3_3175,Q3,1.0,1.0,1.0,0.0,tie
q3_3176,Q3,0.0,0.0,0.0,0.0,tie
q3_3177,Q3,0.0,0.0,0.0,0.0,tie
q3_3178,Q3,0.0,0.3333333333333333,0.1111111111111111,-0.2222222222222222,hybrid_loss
q3_3179,Q3,0.0,0.0,0.0,0.0,tie
q3_3180,Q3,0.16666666666666666,0.25,0.3333333333333333,0.08333333333333331,hybrid_win
q3_3181,Q3,0.5,0.1111111111111111,0.25,-0.25,hybrid_loss
q3_3182,Q3,1.0,1.0,1.0,0.0,tie
q3_3183,Q3,0.1,0.0,0.0,-0.1,hybrid_loss
q3_3184,Q3,0.2,0.5,0.5,0.0,tie
q3_3185,Q3,0.3333333333333333,0.0,0.16666666666666666,-0.16666666666666666,hybrid_loss
q3_3186,Q3,0.25,0.0,0.14285714285714285,-0.10714285714285715,hybrid_loss
q3_3187,Q3,0.14285714285714285,0.2,0.2,0.0,tie
q3_3188,Q3,0.1111111111111111,0.1,0.125,0.013888888888888895,hybrid_win
q3_3189,Q3,0.0,0.0,0.0,0.0,tie
q3_3190,Q3,0.125,0.0,0.1,-0.024999999999999994,hybrid_loss
q3_3191,Q3,0.14285714285714285,0.25,0.25,0.0,tie
q3_3192,Q3,0.125,0.2,0.2,0.0,tie
q3_3193,Q3,1.0,1.0,1.0,0.0,tie
q3_3194,Q3,0.5,0.5,0.5,0.0,tie
q3_3195,Q3,0.0,0.25,0.0,-0.25,hybrid_loss
q3_3196,Q3,0.0,0.16666666666666666,0.0,-0.16666666666666666,hybrid_loss
q3_3197,Q3,0.0,0.2,0.0,-0.2,hybrid_loss
q3_3198,Q3,0.2,0.3333333333333333,1.0,0.6666666666666667,hybrid_win
q3_3199,Q3,0.16666666666666666,1.0,0.5,-0.5,hybrid_loss
q3_3200,Q3,0.14285714285714285,0.5,0.3333333333333333,-0.16666666666666669,hybrid_loss
q3_3201,Q3,1.0,1.0,1.0,0.0,tie
q3_3202,Q3,1.0,1.0,1.0,0.0,tie
q3_3203,Q3,0.5,0.25,0.5,0.0,tie
q3_3204,Q3,1.0,1.0,1.0,0.0,tie
q3_3205,Q3,1.0,1.0,1.0,0.0,tie
q3_3206,Q3,1.0,1.0,1.0,0.0,tie
q3_3207,Q3,1.0,1.0,1.0,0.0,tie
q3_3208,Q3,1.0,0.5,1.0,0.0,tie
q3_3209,Q3,0.5,1.0,0.5,-0.5,hybrid_loss
q3_3210,Q3,1.0,1.0,1.0,0.0,tie
q3_3211,Q3,1.0,1.0,1.0,0.0,tie
q3_3212,Q3,0.3333333333333333,1.0,1.0,0.0,tie
q3_3213,Q3,1.0,1.0,1.0,0.0,tie
q3_3214,Q3,1.0,0.0,0.125,-0.875,hybrid_loss
q3_3215,Q3,1.0,1.0,1.0,0.0,tie
q3_3216,Q3,0.5,1.0,1.0,0.0,tie
q3_3217,Q3,1.0,1.0,1.0,0.0,tie
q3_3218,Q3,0.5,0.5,0.5,0.0,tie
q3_3219,Q3,0.2,0.1111111111111111,0.2,0.0,tie
q3_3220,Q3,0.25,0.25,0.25,0.0,tie
q3_3221,Q3,1.0,1.0,1.0,0.0,tie
q3_3222,Q3,1.0,1.0,1.0,0.0,tie
q3_3223,Q3,1.0,1.0,1.0,0.0,tie
q3_3224,Q3,1.0,0.5,1.0,0.0,tie
q3_3225,Q3,1.0,1.0,1.0,0.0,tie
q3_3226,Q3,1.0,1.0,1.0,0.0,tie
q3_3227,Q3,0.5,0.5,0.5,0.0,tie
q3_3228,Q3,0.25,1.0,0.3333333333333333,-0.6666666666666667,hybrid_loss
q3_3229,Q3,0.5,0.5,0.5,0.0,tie
q3_3230,Q3,1.0,1.0,1.0,0.0,tie
q3_3231,Q3,1.0,1.0,1.0,0.0,tie
q3_3234,Q3,0.1,1.0,1.0,0.0,tie
q3_3235,Q3,1.0,1.0,1.0,0.0,tie
q3_3236,Q3,1.0,1.0,1.0,0.0,tie
q3_3237,Q3,0.3333333333333333,0.5,0.3333333333333333,-0.16666666666666669,hybrid_loss
q3_3238,Q3,0.25,1.0,0.25,-0.75,hybrid_loss
q3_3239,Q3,0.14285714285714285,0.2,0.14285714285714285,-0.05714285714285716,hybrid_loss
q3_3240,Q3,0.125,0.14285714285714285,0.125,-0.01785714285714285,hybrid_loss
q3_3241,Q3,1.0,1.0,1.0,0.0,tie
q3_3242,Q3,1.0,1.0,1.0,0.0,tie
q3_3243,Q3,1.0,1.0,1.0,0.0,tie
q3_3244,Q3,1.0,1.0,1.0,0.0,tie
q3_3245,Q3,1.0,0.3333333333333333,1.0,0.0,tie
q3_3246,Q3,1.0,1.0,1.0,0.0,tie
q3_3247,Q3,1.0,1.0,1.0,0.0,tie
q3_3248,Q3,1.0,1.0,1.0,0.0,tie
q3_3249,Q3,1.0,1.0,1.0,0.0,tie
q3_3250,Q3,1.0,1.0,1.0,0.0,tie
q3_3251,Q3,1.0,1.0,1.0,0.0,tie
q3_3252,Q3,1.0,1.0,1.0,0.0,tie
q3_3253,Q3,1.0,1.0,1.0,0.0,tie
q3_3254,Q3,1.0,1.0,1.0,0.0,tie
q3_3255,Q3,0.5,0.5,0.5,0.0,tie
q3_3256,Q3,0.25,0.5,0.5,0.0,tie
q3_3257,Q3,1.0,0.5,1.0,0.0,tie
q3_3258,Q3,1.0,1.0,1.0,0.0,tie
q3_3259,Q3,1.0,0.5,0.5,-0.5,hybrid_loss
q3_3260,Q3,1.0,1.0,1.0,0.0,tie
q3_3261,Q3,1.0,1.0,1.0,0.0,tie
q3_3262,Q3,1.0,1.0,1.0,0.0,tie
q3_3263,Q3,1.0,0.3333333333333333,1.0,0.0,tie
q3_3264,Q3,0.5,1.0,1.0,0.0,tie
q3_3265,Q3,0.5,0.25,1.0,0.5,hybrid_win
q3_3266,Q3,0.3333333333333333,0.0,0.25,-0.08333333333333331,hybrid_loss
q3_3267,Q3,1.0,0.0,0.5,-0.5,hybrid_loss
q3_3268,Q3,1.0,1.0,1.0,0.0,tie
q3_3269,Q3,1.0,1.0,1.0,0.0,tie
q3_3270,Q3,1.0,1.0,1.0,0.0,tie
q3_3271,Q3,0.5,0.2,0.3333333333333333,-0.16666666666666669,hybrid_loss
q3_3272,Q3,1.0,1.0,1.0,0.0,tie
q3_3273,Q3,1.0,1.0,1.0,0.0,tie
q3_3274,Q3,0.5,0.5,0.5,0.0,tie
q3_3275,Q3,1.0,1.0,1.0,0.0,tie
q3_3276,Q3,1.0,1.0,1.0,0.0,tie
q3_3277,Q3,1.0,1.0,1.0,0.0,tie
q3_3278,Q3,1.0,1.0,1.0,0.0,tie
q3_3279,Q3,1.0,1.0,1.0,0.0,tie
q3_3280,Q3,1.0,1.0,1.0,0.0,tie
q3_3281,Q3,0.5,1.0,1.0,0.0,tie
q3_3282,Q3,0.3333333333333333,0.5,0.5,0.0,tie
q3_3283,Q3,1.0,1.0,1.0,0.0,tie
q3_3284,Q3,1.0,0.2,0.5,-0.5,hybrid_loss
q3_3285,Q3,0.5,0.16666666666666666,0.3333333333333333,-0.16666666666666669,hybrid_loss
q3_3286,Q3,0.5,1.0,1.0,0.0,tie
q3_3287,Q3,1.0,0.2,0.5,-0.5,hybrid_loss
q3_3288,Q3,1.0,1.0,1.0,0.0,tie
q3_3289,Q3,0.5,1.0,1.0,0.0,tie
q3_3290,Q3,1.0,0.5,0.5,-0.5,hybrid_loss
q3_3291,Q3,1.0,1.0,1.0,0.0,tie
q3_3292,Q3,1.0,0.1111111111111111,0.1111111111111111,-0.8888888888888888,hybrid_loss
q3_3293,Q3,0.3333333333333333,0.0,0.0,-0.3333333333333333,hybrid_loss
q3_3294,Q3,0.1,1.0,1.0,0.0,tie
q3_3296,Q3,1.0,1.0,1.0,0.0,tie
q3_3297,Q3,1.0,1.0,1.0,0.0,tie
q3_3298,Q3,1.0,0.3333333333333333,1.0,0.0,tie
q3_3299,Q3,0.5,1.0,0.5,-0.5,hybrid_loss
q3_3300,Q3,1.0,0.5,1.0,0.0,tie
q3_3301,Q3,1.0,1.0,1.0,0.0,tie
q3_3302,Q3,0.2,0.14285714285714285,0.25,0.04999999999999999,hybrid_win
q3_3303,Q3,0.14285714285714285,0.25,0.16666666666666666,-0.08333333333333334,hybrid_loss
q3_3304,Q3,1.0,1.0,1.0,0.0,tie
q3_3305,Q3,1.0,1.0,1.0,0.0,tie
q3_3306,Q3,1.0,1.0,1.0,0.0,tie
q3_3307,Q3,1.0,1.0,1.0,0.0,tie
q3_3308,Q3,1.0,1.0,1.0,0.0,tie
q3_3309,Q3,1.0,1.0,1.0,0.0,tie
q3_3310,Q3,1.0,1.0,1.0,0.0,tie
q3_3311,Q3,0.14285714285714285,1.0,0.3333333333333333,-0.6666666666666667,hybrid_loss
q3_3312,Q3,0.2,0.3333333333333333,0.2,-0.1333333333333333,hybrid_loss
q3_3313,Q3,1.0,0.3333333333333333,1.0,0.0,tie
q3_3314,Q3,0.3333333333333333,1.0,1.0,0.0,tie
q3_3315,Q3,0.0,0.0,0.0,0.0,tie
q3_3316,Q3,0.3333333333333333,0.3333333333333333,1.0,0.6666666666666667,hybrid_win
q3_3317,Q3,1.0,0.3333333333333333,1.0,0.0,tie
q3_3318,Q3,1.0,1.0,1.0,0.0,tie
q3_3319,Q3,0.3333333333333333,0.3333333333333333,0.3333333333333333,0.0,tie
q3_3320,Q3,0.3333333333333333,1.0,1.0,0.0,tie
q3_3321,Q3,1.0,1.0,1.0,0.0,tie
q3_3322,Q3,1.0,1.0,1.0,0.0,tie
q3_3323,Q3,1.0,0.3333333333333333,1.0,0.0,tie
q3_3324,Q3,1.0,1.0,1.0,0.0,tie
q3_3325,Q3,1.0,1.0,1.0,0.0,tie
q3_3326,Q3,1.0,1.0,1.0,0.0,tie
q3_3327,Q3,1.0,1.0,1.0,0.0,tie
q3_3328,Q3,0.3333333333333333,0.3333333333333333,0.3333333333333333,0.0,tie
q3_3329,Q3,1.0,1.0,1.0,0.0,tie
q3_3330,Q3,1.0,0.0,0.3333333333333333,-0.6666666666666667,hybrid_loss
q3_3331,Q3,1.0,0.3333333333333333,1.0,0.0,tie
q3_3332,Q3,1.0,1.0,1.0,0.0,tie
q3_3333,Q3,1.0,0.2,1.0,0.0,tie
q3_3334,Q3,1.0,1.0,1.0,0.0,tie
q3_3335,Q3,1.0,0.3333333333333333,1.0,0.0,tie
q3_3336,Q3,1.0,1.0,1.0,0.0,tie
q3_3337,Q3,0.3333333333333333,1.0,1.0,0.0,tie
q3_3338,Q3,1.0,1.0,1.0,0.0,tie
q3_3339,Q3,1.0,1.0,1.0,0.0,tie
q3_3340,Q3,1.0,1.0,1.0,0.0,tie
q3_3341,Q3,1.0,1.0,1.0,0.0,tie
q3_3343,Q3,1.0,0.3333333333333333,0.3333333333333333,-0.6666666666666667,hybrid_loss
q3_3344,Q3,1.0,0.16666666666666666,0.3333333333333333,-0.6666666666666667,hybrid_loss
q3_3345,Q3,1.0,0.5,0.5,-0.5,hybrid_loss
q3_3347,Q3,0.3333333333333333,0.3333333333333333,0.3333333333333333,0.0,tie
q3_3348,Q3,0.3333333333333333,0.3333333333333333,0.3333333333333333,0.0,tie
q3_3351,Q3,1.0,1.0,1.0,0.0,tie
q3_3352,Q3,1.0,1.0,1.0,0.0,tie
q3_3353,Q3,1.0,0.3333333333333333,1.0,0.0,tie
q3_3354,Q3,1.0,0.5,1.0,0.0,tie
q3_3355,Q3,0.5,1.0,0.5,-0.5,hybrid_loss
q3_3356,Q3,0.3333333333333333,1.0,1.0,0.0,tie
q3_3357,Q3,0.25,0.5,0.5,0.0,tie
q3_3358,Q3,0.2,0.3333333333333333,0.3333333333333333,0.0,tie
q3_3359,Q3,1.0,1.0,1.0,0.0,tie
q3_3360,Q3,1.0,1.0,1.0,0.0,tie
q3_3361,Q3,1.0,1.0,1.0,0.0,tie
q3_3362,Q3,1.0,1.0,1.0,0.0,tie
q3_3363,Q3,1.0,0.5,1.0,0.0,tie
q3_3364,Q3,1.0,0.0,0.25,-0.75,hybrid_loss
q3_3365,Q3,0.5,0.2,0.25,-0.25,hybrid_loss
q3_3366,Q3,0.0,0.2,0.14285714285714285,-0.05714285714285716,hybrid_loss
q3_3367,Q3,0.2,1.0,1.0,0.0,tie
q3_3368,Q3,0.5,1.0,1.0,0.0,tie
q3_3369,Q3,0.25,1.0,0.5,-0.5,hybrid_loss
q3_3370,Q3,0.0,1.0,0.2,-0.8,hybrid_loss
q3_3371,Q3,0.0,1.0,0.25,-0.75,hybrid_loss
q3_3372,Q3,1.0,1.0,1.0,0.0,tie
q3_3373,Q3,1.0,1.0,1.0,0.0,tie
q3_3374,Q3,0.5,0.5,0.5,0.0,tie
q3_3375,Q3,1.0,1.0,1.0,0.0,tie
q3_3376,Q3,0.25,1.0,1.0,0.0,tie
q3_3377,Q3,1.0,1.0,1.0,0.0,tie
q3_3378,Q3,1.0,1.0,1.0,0.0,tie
q3_3379,Q3,1.0,1.0,1.0,0.0,tie
q3_3380,Q3,0.0,1.0,1.0,0.0,tie
q3_3381,Q3,0.3333333333333333,1.0,1.0,0.0,tie
q3_3382,Q3,0.2,1.0,1.0,0.0,tie
q3_3383,Q3,1.0,0.5,0.5,-0.5,hybrid_loss
q3_3384,Q3,0.5,1.0,1.0,0.0,tie
q3_3385,Q3,1.0,0.5,1.0,0.0,tie
q3_3386,Q3,1.0,1.0,1.0,0.0,tie
q3_3387,Q3,1.0,1.0,1.0,0.0,tie
q3_3388,Q3,1.0,1.0,1.0,0.0,tie
q3_3389,Q3,0.0,0.5,0.14285714285714285,-0.35714285714285715,hybrid_loss
q3_3390,Q3,0.16666666666666666,1.0,1.0,0.0,tie
q3_3391,Q3,1.0,1.0,1.0,0.0,tie
q3_3392,Q3,0.0,0.3333333333333333,0.125,-0.20833333333333331,hybrid_loss
q3_3393,Q3,0.2,0.5,0.3333333333333333,-0.16666666666666669,hybrid_loss
q3_3394,Q3,0.3333333333333333,0.3333333333333333,0.3333333333333333,0.0,tie
q3_3395,Q3,0.0,1.0,0.3333333333333333,-0.6666666666666667,hybrid_loss
q3_3396,Q3,0.25,1.0,1.0,0.0,tie
q3_3397,Q3,1.0,1.0,1.0,0.0,tie
q3_3398,Q3,0.0,0.3333333333333333,0.25,-0.08333333333333331,hybrid_loss
q3_3399,Q3,0.1,0.5,0.3333333333333333,-0.16666666666666669,hybrid_loss
q3_3400,Q3,0.5,0.5,0.5,0.0,tie
q3_3401,Q3,1.0,1.0,1.0,0.0,tie
q3_3402,Q3,1.0,1.0,1.0,0.0,tie
q3_3403,Q3,0.0,1.0,0.3333333333333333,-0.6666666666666667,hybrid_loss
q3_3404,Q3,1.0,1.0,1.0,0.0,tie
q3_3405,Q3,1.0,1.0,1.0,0.0,tie
q3_3406,Q3,1.0,1.0,1.0,0.0,tie
q3_3407,Q3,1.0,1.0,1.0,0.0,tie
q3_3408,Q3,1.0,0.25,1.0,0.0,tie
q3_3409,Q3,0.5,0.2,0.5,0.0,tie
q3_3410,Q3,0.5,0.5,0.5,0.0,tie
q3_3411,Q3,1.0,0.5,1.0,0.0,tie
q3_3412,Q3,0.5,1.0,1.0,0.0,tie
q3_3413,Q3,1.0,1.0,1.0,0.0,tie
q3_3414,Q3,1.0,1.0,1.0,0.0,tie
q3_3415,Q3,0.5,0.5,0.5,0.0,tie
q3_3416,Q3,0.3333333333333333,1.0,1.0,0.0,tie
q3_3417,Q3,1.0,1.0,1.0,0.0,tie
q3_3418,Q3,1.0,1.0,1.0,0.0,tie
q3_3419,Q3,0.5,0.0,0.5,0.0,tie
q3_3420,Q3,0.125,1.0,1.0,0.0,tie
q3_3421,Q3,1.0,1.0,1.0,0.0,tie
q3_3422,Q3,1.0,1.0,1.0,0.0,tie
q3_3423,Q3,1.0,1.0,1.0,0.0,tie
q3_3424,Q3,0.5,0.5,0.5,0.0,tie
q3_3425,Q3,0.25,0.25,0.25,0.0,tie
q3_3426,Q3,0.2,0.2,0.2,0.0,tie
q3_3427,Q3,0.3333333333333333,0.3333333333333333,0.3333333333333333,0.0,tie
q3_3428,Q3,1.0,1.0,1.0,0.0,tie
q3_3429,Q3,1.0,0.5,0.5,-0.5,hybrid_loss
q3_3430,Q3,0.5,1.0,1.0,0.0,tie
q3_3431,Q3,1.0,1.0,1.0,0.0,tie
q3_3432,Q3,1.0,1.0,1.0,0.0,tie
q3_3433,Q3,1.0,1.0,1.0,0.0,tie
q3_3434,Q3,0.5,0.5,0.5,0.0,tie
q3_3435,Q3,0.3333333333333333,1.0,1.0,0.0,tie
q3_3436,Q3,1.0,1.0,1.0,0.0,tie
q3_3437,Q3,0.5,0.5,0.5,0.0,tie
q3_3438,Q3,1.0,1.0,1.0,0.0,tie
q3_3439,Q3,0.14285714285714285,1.0,0.5,-0.5,hybrid_loss
q3_3440,Q3,1.0,1.0,1.0,0.0,tie
q3_3441,Q3,1.0,1.0,1.0,0.0,tie
q3_3442,Q3,1.0,1.0,1.0,0.0,tie
q3_3443,Q3,1.0,1.0,1.0,0.0,tie
q3_3444,Q3,1.0,1.0,1.0,0.0,tie
q3_3445,Q3,1.0,1.0,1.0,0.0,tie
q3_3446,Q3,1.0,1.0,1.0,0.0,tie
q3_3447,Q3,0.5,0.5,0.5,0.0,tie
q3_3448,Q3,1.0,1.0,1.0,0.0,tie
q3_3449,Q3,0.5,0.5,0.5,0.0,tie
q3_3450,Q3,1.0,1.0,1.0,0.0,tie
q3_3451,Q3,1.0,0.3333333333333333,0.3333333333333333,-0.6666666666666667,hybrid_loss
q3_3452,Q3,0.5,0.25,0.25,-0.25,hybrid_loss
q3_3453,Q3,0.5,0.5,0.5,0.0,tie
q3_3454,Q3,1.0,1.0,1.0,0.0,tie
q3_3455,Q3,1.0,1.0,1.0,0.0,tie
q3_3456,Q3,1.0,1.0,1.0,0.0,tie
q3_3457,Q3,1.0,1.0,1.0,0.0,tie
q3_3458,Q3,1.0,1.0,1.0,0.0,tie
q3_3459,Q3,1.0,1.0,1.0,0.0,tie
q3_3460,Q3,0.3333333333333333,1.0,1.0,0.0,tie
q3_3461,Q3,1.0,1.0,1.0,0.0,tie
q3_3462,Q3,1.0,1.0,1.0,0.0,tie
q3_3463,Q3,1.0,0.0,0.0,-1.0,hybrid_loss
q3_3464,Q3,0.5,0.0,0.0,-0.5,hybrid_loss
q3_3465,Q3,0.3333333333333333,0.0,0.0,-0.3333333333333333,hybrid_loss
q3_3466,Q3,0.25,0.0,0.0,-0.25,hybrid_loss
q3_3467,Q3,0.2,0.0,0.0,-0.2,hybrid_loss
q3_3468,Q3,0.16666666666666666,0.0,0.0,-0.16666666666666666,hybrid_loss
q3_3469,Q3,0.0,0.2,0.2,0.0,tie
q3_3470,Q3,0.0,0.14285714285714285,0.16666666666666666,0.023809523809523808,hybrid_win
q3_3471,Q3,0.0,0.125,0.14285714285714285,0.01785714285714285,hybrid_win
q3_3472,Q3,0.0,0.16666666666666666,0.125,-0.04166666666666666,hybrid_loss
q3_3473,Q3,0.0,0.1111111111111111,0.1111111111111111,0.0,tie
q3_3474,Q3,0.0,0.0,0.1,0.1,hybrid_win
q3_3475,Q3,0.0,0.1,0.0,-0.1,hybrid_loss
q3_3476,Q3,0.0,0.0,0.0,0.0,tie
q3_3477,Q3,0.14285714285714285,0.0,0.0,-0.14285714285714285,hybrid_loss
q3_3478,Q3,0.125,0.0,0.0,-0.125,hybrid_loss
q3_3479,Q3,0.1111111111111111,0.0,0.0,-0.1111111111111111,hybrid_loss
q3_3480,Q3,0.1,0.0,0.0,-0.1,hybrid_loss
q3_3481,Q3,0.0,0.5,1.0,0.5,hybrid_win
q3_3482,Q3,0.0,1.0,0.5,-0.5,hybrid_loss
q3_3483,Q3,0.0,0.25,0.3333333333333333,0.08333333333333331,hybrid_win
q3_3484,Q3,0.0,0.3333333333333333,0.25,-0.08333333333333331,hybrid_loss
q3_3485,Q3,1.0,1.0,1.0,0.0,tie
q3_3486,Q3,0.5,0.3333333333333333,0.3333333333333333,-0.16666666666666669,hybrid_loss
q3_3487,Q3,0.3333333333333333,0.5,0.5,0.0,tie
q3_3488,Q3,0.5,0.5,0.5,0.0,tie
q3_3489,Q3,0.3333333333333333,0.3333333333333333,0.3333333333333333,0.0,tie
q3_3490,Q3,1.0,1.0,1.0,0.0,tie
q3_3491,Q3,0.25,0.25,0.25,0.0,tie
q3_3492,Q3,0.2,0.2,0.2,0.0,tie
q3_3493,Q3,1.0,0.5,1.0,0.0,tie
q3_3494,Q3,0.5,1.0,0.5,-0.5,hybrid_loss
q3_3495,Q3,1.0,1.0,1.0,0.0,tie
q3_3496,Q3,1.0,0.5,0.5,-0.5,hybrid_loss
q3_3497,Q3,0.5,0.3333333333333333,0.3333333333333333,-0.16666666666666669,hybrid_loss
q3_3498,Q3,1.0,1.0,1.0,0.0,tie
q3_3499,Q3,0.5,0.3333333333333333,0.5,0.0,tie
q3_3500,Q3,0.3333333333333333,0.5,0.3333333333333333,-0.16666666666666669,hybrid_loss
q3_3501,Q3,0.25,0.25,0.25,0.0,tie
q3_3502,Q3,1.0,1.0,1.0,0.0,tie
q3_3503,Q3,0.5,0.5,0.5,0.0,tie
q3_3504,Q3,1.0,1.0,1.0,0.0,tie
q3_3505,Q3,1.0,1.0,1.0,0.0,tie
q3_3506,Q3,0.5,0.5,0.5,0.0,tie
q3_3507,Q3,1.0,1.0,1.0,0.0,tie
q3_3508,Q3,1.0,1.0,1.0,0.0,tie
q3_3509,Q3,1.0,1.0,1.0,0.0,tie
q3_3510,Q3,1.0,0.5,1.0,0.0,tie
q3_3511,Q3,0.5,1.0,0.5,-0.5,hybrid_loss
q3_3512,Q3,1.0,1.0,1.0,0.0,tie
q3_3513,Q3,1.0,1.0,1.0,0.0,tie
q3_3514,Q3,1.0,1.0,1.0,0.0,tie
q3_3515,Q3,1.0,1.0,1.0,0.0,tie
q3_3516,Q3,1.0,0.5,1.0,0.0,tie
q3_3517,Q3,0.5,1.0,0.5,-0.5,hybrid_loss
q3_3518,Q3,0.3333333333333333,0.3333333333333333,0.3333333333333333,0.0,tie
q3_3519,Q3,1.0,1.0,1.0,0.0,tie
q3_3520,Q3,0.5,0.5,0.5,0.0,tie
q3_3521,Q3,1.0,1.0,1.0,0.0,tie
q3_3522,Q3,1.0,1.0,1.0,0.0,tie
q3_3523,Q3,1.0,1.0,1.0,0.0,tie
q3_3524,Q3,1.0,1.0,1.0,0.0,tie
q3_3525,Q3,1.0,1.0,1.0,0.0,tie
q3_3526,Q3,0.5,0.5,0.5,0.0,tie
q3_3527,Q3,1.0,1.0,1.0,0.0,tie
q3_3528,Q3,1.0,1.0,1.0,0.0,tie
q3_3529,Q3,1.0,1.0,1.0,0.0,tie
q3_3530,Q3,1.0,1.0,1.0,0.0,tie
q3_3531,Q3,1.0,1.0,1.0,0.0,tie
q3_3532,Q3,0.5,0.5,0.5,0.0,tie
q3_3533,Q3,1.0,1.0,1.0,0.0,tie
q3_3534,Q3,1.0,1.0,1.0,0.0,tie
q3_3535,Q3,0.5,0.5,0.5,0.0,tie
q3_3536,Q3,0.3333333333333333,0.5,0.5,0.0,tie
q3_3537,Q3,0.5,1.0,1.0,0.0,tie
q3_3538,Q3,1.0,1.0,1.0,0.0,tie
q3_3539,Q3,1.0,1.0,1.0,0.0,tie
q3_3540,Q3,1.0,1.0,1.0,0.0,tie
q3_3541,Q3,0.3333333333333333,1.0,1.0,0.0,tie
q3_3542,Q3,1.0,1.0,1.0,0.0,tie
q3_3543,Q3,1.0,1.0,1.0,0.0,tie
q3_3544,Q3,1.0,1.0,1.0,0.0,tie
q3_3545,Q3,1.0,1.0,1.0,0.0,tie
q3_3546,Q3,1.0,1.0,1.0,0.0,tie
q3_3547,Q3,1.0,1.0,1.0,0.0,tie
q3_3548,Q3,1.0,1.0,1.0,0.0,tie
q3_3549,Q3,1.0,1.0,1.0,0.0,tie
q3_3550,Q3,1.0,1.0,1.0,0.0,tie
q3_3551,Q3,1.0,1.0,1.0,0.0,tie
q3_3552,Q3,1.0,1.0,1.0,0.0,tie
q3_3553,Q3,1.0,0.5,0.5,-0.5,hybrid_loss
q3_3554,Q3,1.0,1.0,1.0,0.0,tie
q3_3555,Q3,1.0,1.0,1.0,0.0,tie
q3_3556,Q3,0.5,0.5,0.5,0.0,tie
q3_3557,Q3,1.0,1.0,1.0,0.0,tie
q3_3558,Q3,0.3333333333333333,0.0,0.2,-0.1333333333333333,hybrid_loss
q3_3559,Q3,1.0,1.0,1.0,0.0,tie
q3_3560,Q3,1.0,1.0,1.0,0.0,tie
q3_3561,Q3,1.0,1.0,1.0,0.0,tie
q3_3562,Q3,1.0,1.0,1.0,0.0,tie
q3_3563,Q3,1.0,1.0,1.0,0.0,tie
q3_3564,Q3,1.0,1.0,1.0,0.0,tie
q3_3565,Q3,1.0,1.0,1.0,0.0,tie
q3_3566,Q3,1.0,1.0,1.0,0.0,tie
q3_3567,Q3,1.0,1.0,1.0,0.0,tie
q3_3568,Q3,1.0,1.0,1.0,0.0,tie
q3_3569,Q3,1.0,1.0,1.0,0.0,tie
q3_3570,Q3,0.5,1.0,1.0,0.0,tie
q3_3571,Q3,1.0,1.0,1.0,0.0,tie
q3_3572,Q3,1.0,1.0,1.0,0.0,tie
q3_3573,Q3,1.0,1.0,1.0,0.0,tie
q3_3574,Q3,1.0,1.0,1.0,0.0,tie
q3_3575,Q3,1.0,1.0,1.0,0.0,tie
q3_3576,Q3,1.0,1.0,1.0,0.0,tie
q3_3577,Q3,0.25,0.0,0.0,-0.25,hybrid_loss
q3_3578,Q3,1.0,1.0,1.0,0.0,tie
q3_3579,Q3,1.0,0.5,1.0,0.0,tie
q3_3580,Q3,1.0,1.0,1.0,0.0,tie
q3_3581,Q3,1.0,1.0,1.0,0.0,tie
q3_3582,Q3,0.5,0.5,0.5,0.0,tie
q3_3583,Q3,1.0,1.0,1.0,0.0,tie
q3_3584,Q3,0.5,0.5,0.5,0.0,tie
q3_3585,Q3,1.0,0.5,1.0,0.0,tie
q3_3586,Q3,0.5,0.3333333333333333,0.5,0.0,tie
q3_3587,Q3,0.3333333333333333,1.0,0.3333333333333333,-0.6666666666666667,hybrid_loss
q3_3588,Q3,0.25,0.14285714285714285,0.16666666666666666,-0.08333333333333334,hybrid_loss
q3_3589,Q3,0.2,0.1111111111111111,0.14285714285714285,-0.05714285714285716,hybrid_loss
q3_3590,Q3,0.16666666666666666,0.125,0.125,-0.04166666666666666,hybrid_loss
q3_3591,Q3,0.14285714285714285,0.16666666666666666,0.1111111111111111,-0.05555555555555555,hybrid_loss
q3_3592,Q3,0.125,0.25,0.25,0.0,tie
q3_3593,Q3,0.1111111111111111,0.2,0.2,0.0,tie
q3_3594,Q3,1.0,1.0,1.0,0.0,tie
q3_3595,Q3,0.25,0.25,0.25,0.0,tie
q3_3596,Q3,1.0,0.5,1.0,0.0,tie
q3_3597,Q3,0.5,1.0,0.5,-0.5,hybrid_loss
q3_3598,Q3,0.3333333333333333,0.3333333333333333,0.3333333333333333,0.0,tie
q3_3599,Q3,1.0,1.0,1.0,0.0,tie
q3_3600,Q3,1.0,1.0,1.0,0.0,tie
q3_3601,Q3,1.0,0.5,1.0,0.0,tie
q3_3602,Q3,0.5,1.0,0.5,-0.5,hybrid_loss
q3_3603,Q3,1.0,0.5,1.0,0.0,tie
q3_3604,Q3,0.5,1.0,0.5,-0.5,hybrid_loss
q3_3605,Q3,1.0,1.0,1.0,0.0,tie
q3_3606,Q3,0.5,0.5,0.5,0.0,tie
q3_3607,Q3,0.16666666666666666,1.0,0.3333333333333333,-0.6666666666666667,hybrid_loss
q3_3608,Q3,1.0,0.5,1.0,0.0,tie
q3_3609,Q3,0.5,0.3333333333333333,0.5,0.0,tie
q3_3610,Q3,0.16666666666666666,0.14285714285714285,0.14285714285714285,-0.023809523809523808,hybrid_loss
q3_3611,Q3,1.0,0.25,0.25,-0.75,hybrid_loss
q3_3612,Q3,1.0,0.3333333333333333,1.0,0.0,tie
q3_3613,Q3,0.5,0.5,0.5,0.0,tie
q3_3614,Q3,0.5,1.0,1.0,0.0,tie
q3_3615,Q3,1.0,0.5,0.5,-0.5,hybrid_loss
q3_3616,Q3,1.0,1.0,1.0,0.0,tie
q3_3617,Q3,1.0,0.14285714285714285,0.5,-0.5,hybrid_loss
q3_3618,Q3,0.5,1.0,1.0,0.0,tie
q3_3619,Q3,0.3333333333333333,0.3333333333333333,0.3333333333333333,0.0,tie
q3_3620,Q3,0.25,0.25,0.25,0.0,tie
q3_3621,Q3,1.0,0.5,1.0,0.0,tie
q3_3622,Q3,0.5,1.0,0.5,-0.5,hybrid_loss
q3_3623,Q3,1.0,1.0,1.0,0.0,tie
q3_3624,Q3,0.5,1.0,1.0,0.0,tie
q3_3625,Q3,1.0,0.0,0.5,-0.5,hybrid_loss
q3_3626,Q3,0.5,0.0,0.2,-0.3,hybrid_loss
q3_3627,Q3,1.0,1.0,1.0,0.0,tie
q3_3628,Q3,1.0,0.5,0.5,-0.5,hybrid_loss
q3_3629,Q3,0.5,1.0,1.0,0.0,tie
q3_3630,Q3,1.0,0.1111111111111111,1.0,0.0,tie
q3_3631,Q3,1.0,0.5,1.0,0.0,tie
q3_3632,Q3,1.0,1.0,1.0,0.0,tie
q3_3633,Q3,1.0,1.0,1.0,0.0,tie
q3_3634,Q3,1.0,1.0,1.0,0.0,tie
q3_3635,Q3,1.0,1.0,1.0,0.0,tie
q3_3636,Q3,1.0,1.0,1.0,0.0,tie
q3_3637,Q3,1.0,0.25,0.3333333333333333,-0.6666666666666667,hybrid_loss
q3_3638,Q3,0.5,0.2,0.25,-0.25,hybrid_loss
q3_3639,Q3,0.3333333333333333,0.3333333333333333,0.2,-0.1333333333333333,hybrid_loss
q3_3640,Q3,1.0,1.0,1.0,0.0,tie
q3_3641,Q3,0.5,0.5,0.5,0.0,tie
q3_3642,Q3,1.0,1.0,1.0,0.0,tie
q3_3643,Q3,1.0,1.0,1.0,0.0,tie
q3_3644,Q3,1.0,0.125,0.14285714285714285,-0.8571428571428572,hybrid_loss
q3_3645,Q3,0.5,0.14285714285714285,0.125,-0.375,hybrid_loss
q3_3646,Q3,0.3333333333333333,0.25,0.3333333333333333,0.0,tie
q3_3647,Q3,0.25,0.2,0.25,0.0,tie
q3_3648,Q3,0.2,0.3333333333333333,0.2,-0.1333333333333333,hybrid_loss
q3_3649,Q3,0.16666666666666666,0.16666666666666666,0.16666666666666666,0.0,tie
q3_3650,Q3,0.14285714285714285,0.5,1.0,0.5,hybrid_win
q3_3651,Q3,0.125,1.0,0.5,-0.5,hybrid_loss
q3_3652,Q3,1.0,1.0,1.0,0.0,tie
q3_3653,Q3,0.5,0.5,0.5,0.0,tie
q3_3654,Q3,0.3333333333333333,0.25,0.3333333333333333,0.0,tie
q3_3655,Q3,0.25,0.3333333333333333,0.25,-0.08333333333333331,hybrid_loss
q3_3656,Q3,1.0,0.3333333333333333,0.3333333333333333,-0.6666666666666667,hybrid_loss
q3_3657,Q3,0.5,0.2,0.25,-0.25,hybrid_loss
q3_3658,Q3,0.3333333333333333,0.25,0.2,-0.1333333333333333,hybrid_loss
q3_3659,Q3,0.25,0.16666666666666666,0.16666666666666666,-0.08333333333333334,hybrid_loss
q3_3660,Q3,0.2,0.5,1.0,0.5,hybrid_win
q3_3661,Q3,0.16666666666666666,1.0,0.5,-0.5,hybrid_loss
q3_3662,Q3,1.0,1.0,1.0,0.0,tie
q3_3663,Q3,1.0,1.0,1.0,0.0,tie
q3_3664,Q3,0.5,0.5,0.5,0.0,tie
q3_3665,Q3,0.3333333333333333,0.3333333333333333,0.3333333333333333,0.0,tie
q3_3666,Q3,1.0,1.0,1.0,0.0,tie
q3_3667,Q3,0.5,0.5,0.5,0.0,tie
q3_3668,Q3,1.0,1.0,1.0,0.0,tie
q3_3669,Q3,1.0,0.5,1.0,0.0,tie
q3_3670,Q3,0.5,1.0,0.5,-0.5,hybrid_loss
q3_3671,Q3,1.0,1.0,1.0,0.0,tie
q3_3672,Q3,0.5,0.5,0.5,0.0,tie
q3_3673,Q3,1.0,1.0,1.0,0.0,tie
q3_3674,Q3,1.0,1.0,1.0,0.0,tie
q3_3675,Q3,1.0,1.0,1.0,0.0,tie
q3_3676,Q3,1.0,1.0,1.0,0.0,tie
q3_3677,Q3,1.0,0.5,1.0,0.0,tie
q3_3678,Q3,1.0,1.0,1.0,0.0,tie
q3_3679,Q3,0.3333333333333333,0.5,0.3333333333333333,-0.16666666666666669,hybrid_loss
q3_3680,Q3,1.0,0.5,1.0,0.0,tie
q3_3681,Q3,1.0,1.0,1.0,0.0,tie
q3_3682,Q3,1.0,1.0,1.0,0.0,tie
q3_3683,Q3,1.0,1.0,1.0,0.0,tie
q3_3684,Q3,0.3333333333333333,0.3333333333333333,0.3333333333333333,0.0,tie
q3_3685,Q3,1.0,1.0,1.0,0.0,tie
q3_3686,Q3,1.0,0.5,0.5,-0.5,hybrid_loss
q3_3687,Q3,1.0,1.0,1.0,0.0,tie
q3_3688,Q3,1.0,1.0,1.0,0.0,tie
q3_3689,Q3,1.0,1.0,1.0,0.0,tie
q3_3690,Q3,1.0,0.5,1.0,0.0,tie
q3_3691,Q3,1.0,1.0,1.0,0.0,tie
q3_3692,Q3,1.0,0.5,1.0,0.0,tie
q3_3693,Q3,1.0,1.0,1.0,0.0,tie
q3_3694,Q3,1.0,1.0,1.0,0.0,tie
q3_3695,Q3,0.5,0.5,0.5,0.0,tie
q3_3696,Q3,1.0,1.0,1.0,0.0,tie
q3_3697,Q3,0.5,0.5,0.5,0.0,tie
q3_3699,Q3,1.0,1.0,1.0,0.0,tie
q3_3700,Q3,1.0,0.5,1.0,0.0,tie
q3_3701,Q3,0.5,1.0,0.5,-0.5,hybrid_loss
q3_3702,Q3,1.0,1.0,1.0,0.0,tie
q3_3703,Q3,0.3333333333333333,0.5,0.5,0.0,tie
q3_3704,Q3,0.5,0.3333333333333333,0.3333333333333333,-0.16666666666666669,hybrid_loss
q3_3705,Q3,1.0,1.0,1.0,0.0,tie
q3_3706,Q3,1.0,1.0,1.0,0.0,tie
q3_3707,Q3,0.3333333333333333,1.0,1.0,0.0,tie
q3_3708,Q3,1.0,1.0,1.0,0.0,tie
q3_3709,Q3,1.0,1.0,1.0,0.0,tie
q3_3710,Q3,0.3333333333333333,1.0,1.0,0.0,tie
q3_3711,Q3,1.0,0.5,0.5,-0.5,hybrid_loss
q3_3712,Q3,0.5,0.3333333333333333,0.3333333333333333,-0.16666666666666669,hybrid_loss
q3_3713,Q3,1.0,1.0,1.0,0.0,tie
q3_3714,Q3,1.0,1.0,1.0,0.0,tie
q3_3715,Q3,1.0,1.0,1.0,0.0,tie
q3_3717,Q3,1.0,1.0,1.0,0.0,tie
q3_3718,Q3,1.0,1.0,1.0,0.0,tie
q3_3719,Q3,1.0,1.0,1.0,0.0,tie
q3_3720,Q3,1.0,1.0,1.0,0.0,tie
q3_3721,Q3,1.0,1.0,1.0,0.0,tie
q3_3722,Q3,0.5,0.3333333333333333,0.5,0.0,tie
q3_3723,Q3,1.0,1.0,1.0,0.0,tie
q3_3724,Q3,1.0,1.0,1.0,0.0,tie
q3_3725,Q3,1.0,1.0,1.0,0.0,tie
q3_3726,Q3,1.0,1.0,1.0,0.0,tie
q3_3727,Q3,1.0,0.5,0.5,-0.5,hybrid_loss
q3_3728,Q3,0.5,1.0,1.0,0.0,tie
q3_3729,Q3,1.0,1.0,1.0,0.0,tie
q3_3730,Q3,1.0,1.0,1.0,0.0,tie
q3_3731,Q3,1.0,0.0,0.16666666666666666,-0.8333333333333334,hybrid_loss
q3_3732,Q3,1.0,1.0,1.0,0.0,tie
q3_3733,Q3,1.0,0.25,1.0,0.0,tie
q3_3734,Q3,0.5,0.2,0.5,0.0,tie
q3_3735,Q3,1.0,1.0,1.0,0.0,tie
q3_3736,Q3,1.0,1.0,1.0,0.0,tie
q3_3739,Q3,1.0,1.0,1.0,0.0,tie
q3_3740,Q3,1.0,1.0,1.0,0.0,tie
q3_3741,Q3,1.0,1.0,1.0,0.0,tie
q3_3742,Q3,1.0,1.0,1.0,0.0,tie
q3_3743,Q3,1.0,1.0,1.0,0.0,tie
q3_3744,Q3,1.0,1.0,1.0,0.0,tie
q3_3745,Q3,1.0,1.0,1.0,0.0,tie
q3_3746,Q3,0.16666666666666666,1.0,0.5,-0.5,hybrid_loss
q3_3747,Q3,1.0,1.0,1.0,0.0,tie
q3_3748,Q3,1.0,1.0,1.0,0.0,tie
q3_3749,Q3,0.5,0.5,0.5,0.0,tie
q3_3750,Q3,1.0,1.0,1.0,0.0,tie
q3_3751,Q3,1.0,1.0,1.0,0.0,tie
q3_3752,Q3,1.0,1.0,1.0,0.0,tie
q3_3753,Q3,1.0,1.0,1.0,0.0,tie
q3_3754,Q3,1.0,1.0,1.0,0.0,tie
q3_3755,Q3,1.0,1.0,1.0,0.0,tie
q3_3756,Q3,0.5,0.5,0.5,0.0,tie
q3_3757,Q3,1.0,1.0,1.0,0.0,tie
q3_3758,Q3,1.0,1.0,1.0,0.0,tie
q3_3759,Q3,1.0,1.0,1.0,0.0,tie
q3_3760,Q3,1.0,1.0,1.0,0.0,tie
q3_3761,Q3,1.0,1.0,1.0,0.0,tie
q3_3762,Q3,1.0,1.0,1.0,0.0,tie
q3_3763,Q3,1.0,0.5,0.5,-0.5,hybrid_loss
q3_3764,Q3,0.5,1.0,1.0,0.0,tie
q3_3765,Q3,1.0,1.0,1.0,0.0,tie
