row_id,raw_image_path_from_csv,resolved_image_path,exists,file_size_bytes,issue
0,/data/all_images/image_0.png,/DATA5/prabhakar/telecom/extracted_images/images/image_0.png,True,25440,
1,/data/all_images/image_1.jpeg,/DATA5/prabhakar/telecom/extracted_images/images/image_1.jpeg,True,30505,
2,/data/all_images/image_2.png,/DATA5/prabhakar/telecom/extracted_images/images/image_2.png,True,30477,
3,/data/all_images/image_3.jpeg,/DATA5/prabhakar/telecom/extracted_images/images/image_3.jpeg,True,45393,
4,/data/all_images/image_4.jpeg,/DATA5/prabhakar/telecom/extracted_images/images/image_4.jpeg,True,42179,
5,/data/all_images/image_5.jpeg,/DATA5/prabhakar/telecom/extracted_images/images/image_5.jpeg,True,37644,
6,/data/all_images/image_6.jpeg,/DATA5/prabhakar/telecom/extracted_images/images/image_6.jpeg,True,69859,
7,/data/all_images/image_7.jpeg,/DATA5/prabhakar/telecom/extracted_images/images/image_7.jpeg,True,22537,
8,/data/all_images/image_8.jpeg,/DATA5/prabhakar/telecom/extracted_images/images/image_8.jpeg,True,73564,
9,/data/all_images/image_9.png,/DATA5/prabhakar/telecom/extracted_images/images/image_9.png,True,34956,
10,/data/all_images/image_10.jpeg,/DATA5/prabhakar/telecom/extracted_images/images/image_10.jpeg,True,72130,
11,/data/all_images/image_11.jpeg,/DATA5/prabhakar/telecom/extracted_images/images/image_11.jpeg,True,71001,
12,/data/all_images/image_12.png,/DATA5/prabhakar/telecom/extracted_images/images/image_12.png,True,54799,
13,/data/all_images/image_13.jpeg,/DATA5/prabhakar/telecom/extracted_images/images/image_13.jpeg,True,45451,
14,/data/all_images/image_14.jpeg,/DATA5/prabhakar/telecom/extracted_images/images/image_14.jpeg,True,53818,
15,/data/all_images/image_15.jpeg,/DATA5/prabhakar/telecom/extracted_images/images/image_15.jpeg,True,49137,
16,/data/all_images/image_16.jpeg,/DATA5/prabhakar/telecom/extracted_images/images/image_16.jpeg,True,56288,
17,/data/all_images/image_17.png,/DATA5/prabhakar/telecom/extracted_images/images/image_17.png,True,31013,
18,/data/all_images/image_18.png,/DATA5/prabhakar/telecom/extracted_images/images/image_18.png,True,41761,
19,/data/all_images/image_19.png,/DATA5/prabhakar/telecom/extracted_images/images/image_19.png,True,46914,
20,/data/all_images/image_20.jpeg,/DATA5/prabhakar/telecom/extracted_images/images/image_20.jpeg,True,21210,
21,/data/all_images/image_21.jpeg,/DATA5/prabhakar/telecom/extracted_images/images/image_21.jpeg,True,22167,
22,/data/all_images/image_22.png,/DATA5/prabhakar/telecom/extracted_images/images/image_22.png,True,20529,
23,/data/all_images/image_23.jpeg,/DATA5/prabhakar/telecom/extracted_images/images/image_23.jpeg,True,24546,
24,/data/all_images/image_24.jpeg,/DATA5/prabhakar/telecom/extracted_images/images/image_24.jpeg,True,22570,
25,/data/all_images/image_25.png,/DATA5/prabhakar/telecom/extracted_images/images/image_25.png,True,27263,
26,/data/all_images/image_26.jpeg,/DATA5/prabhakar/telecom/extracted_images/images/image_26.jpeg,True,21045,
27,/data/all_images/image_27.png,/DATA5/prabhakar/telecom/extracted_images/images/image_27.png,True,53837,
28,/data/all_images/image_28.png,/DATA5/prabhakar/telecom/extracted_images/images/image_28.png,True,48779,
29,/data/all_images/image_29.jpeg,/DATA5/prabhakar/telecom/extracted_images/images/image_29.jpeg,True,62128,
30,/data/all_images/image_30.jpeg,/DATA5/prabhakar/telecom/extracted_images/images/image_30.jpeg,True,23741,
31,/data/all_images/image_31.jpeg,/DATA5/prabhakar/telecom/extracted_images/images/image_31.jpeg,True,24327,
32,/data/all_images/image_32.jpeg,/DATA5/prabhakar/telecom/extracted_images/images/image_32.jpeg,True,29353,
33,/data/all_images/image_33.jpeg,/DATA5/prabhakar/telecom/extracted_images/images/image_33.jpeg,True,31083,
34,/data/all_images/image_34.jpeg,/DATA5/prabhakar/telecom/extracted_images/images/image_34.jpeg,True,36125,
35,/data/all_images/image_35.jpeg,/DATA5/prabhakar/telecom/extracted_images/images/image_35.jpeg,True,33171,
36,/data/all_images/image_36.jpeg,/DATA5/prabhakar/telecom/extracted_images/images/image_36.jpeg,True,153778,
37,/data/all_images/image_37.jpeg,/DATA5/prabhakar/telecom/extracted_images/images/image_37.jpeg,True,145770,
38,/data/all_images/image_38.jpeg,/DATA5/prabhakar/telecom/extracted_images/images/image_38.jpeg,True,151207,
39,/data/all_images/image_39.jpeg,/DATA5/prabhakar/telecom/extracted_images/images/image_39.jpeg,True,146487,
40,/data/all_images/image_40.png,/DATA5/prabhakar/telecom/extracted_images/images/image_40.png,True,34333,
41,/data/all_images/image_41.jpeg,/DATA5/prabhakar/telecom/extracted_images/images/image_41.jpeg,True,34206,
42,/data/all_images/image_42.jpeg,/DATA5/prabhakar/telecom/extracted_images/images/image_42.jpeg,True,25308,
43,/data/all_images/image_43.jpeg,/DATA5/prabhakar/telecom/extracted_images/images/image_43.jpeg,True,33548,
44,/data/all_images/image_44.jpeg,/DATA5/prabhakar/telecom/extracted_images/images/image_44.jpeg,True,23252,
45,/data/all_images/image_45.png,/DATA5/prabhakar/telecom/extracted_images/images/image_45.png,True,21113,
46,/data/all_images/image_46.jpeg,/DATA5/prabhakar/telecom/extracted_images/images/image_46.jpeg,True,83701,
47,/data/all_images/image_47.png,/DATA5/prabhakar/telecom/extracted_images/images/image_47.png,True,55112,
48,/data/all_images/image_48.jpeg,/DATA5/prabhakar/telecom/extracted_images/images/image_48.jpeg,True,303594,
49,/data/all_images/image_49.jpeg,/DATA5/prabhakar/telecom/extracted_images/images/image_49.jpeg,True,55685,
50,/data/all_images/image_50.jpeg,/DATA5/prabhakar/telecom/extracted_images/images/image_50.jpeg,True,27418,
51,/data/all_images/image_51.jpeg,/DATA5/prabhakar/telecom/extracted_images/images/image_51.jpeg,True,75742,
52,/data/all_images/image_52.jpeg,/DATA5/prabhakar/telecom/extracted_images/images/image_52.jpeg,True,74887,
53,/data/all_images/image_53.jpeg,/DATA5/prabhakar/telecom/extracted_images/images/image_53.jpeg,True,94227,
54,/data/all_images/image_54.jpeg,/DATA5/prabhakar/telecom/extracted_images/images/image_54.jpeg,True,71838,
55,/data/all_images/image_55.png,/DATA5/prabhakar/telecom/extracted_images/images/image_55.png,True,39502,
56,/data/all_images/image_56.jpeg,/DATA5/prabhakar/telecom/extracted_images/images/image_56.jpeg,True,58389,
57,/data/all_images/image_57.jpeg,/DATA5/prabhakar/telecom/extracted_images/images/image_57.jpeg,True,29460,
58,/data/all_images/image_58.jpeg,/DATA5/prabhakar/telecom/extracted_images/images/image_58.jpeg,True,41300,
59,/data/all_images/image_59.png,/DATA5/prabhakar/telecom/extracted_images/images/image_59.png,True,46526,
60,/data/all_images/image_60.png,/DATA5/prabhakar/telecom/extracted_images/images/image_60.png,True,72993,
61,/data/all_images/image_61.png,/DATA5/prabhakar/telecom/extracted_images/images/image_61.png,True,57268,
62,/data/all_images/image_62.png,/DATA5/prabhakar/telecom/extracted_images/images/image_62.png,True,22590,
63,/data/all_images/image_63.png,/DATA5/prabhakar/telecom/extracted_images/images/image_63.png,True,24200,
64,/data/all_images/image_64.png,/DATA5/prabhakar/telecom/extracted_images/images/image_64.png,True,20501,
65,/data/all_images/image_65.jpeg,/DATA5/prabhakar/telecom/extracted_images/images/image_65.jpeg,True,107821,
66,/data/all_images/image_66.png,/DATA5/prabhakar/telecom/extracted_images/images/image_66.png,True,21220,
67,/data/all_images/image_67.png,/DATA5/prabhakar/telecom/extracted_images/images/image_67.png,True,24784,
68,/data/all_images/image_68.png,/DATA5/prabhakar/telecom/extracted_images/images/image_68.png,True,36612,
69,/data/all_images/image_69.jpeg,/DATA5/prabhakar/telecom/extracted_images/images/image_69.jpeg,True,24831,
70,/data/all_images/image_70.jpeg,/DATA5/prabhakar/telecom/extracted_images/images/image_70.jpeg,True,25516,
71,/data/all_images/image_71.jpeg,/DATA5/prabhakar/telecom/extracted_images/images/image_71.jpeg,True,75509,
72,/data/all_images/image_72.png,/DATA5/prabhakar/telecom/extracted_images/images/image_72.png,True,67377,
73,/data/all_images/image_73.png,/DATA5/prabhakar/telecom/extracted_images/images/image_73.png,True,94648,
74,/data/all_images/image_74.png,/DATA5/prabhakar/telecom/extracted_images/images/image_74.png,True,22691,
75,/data/all_images/image_75.jpeg,/DATA5/prabhakar/telecom/extracted_images/images/image_75.jpeg,True,50042,
76,/data/all_images/image_76.jpeg,/DATA5/prabhakar/telecom/extracted_images/images/image_76.jpeg,True,40211,
77,/data/all_images/image_77.jpeg,/DATA5/prabhakar/telecom/extracted_images/images/image_77.jpeg,True,45440,
78,/data/all_images/image_78.jpeg,/DATA5/prabhakar/telecom/extracted_images/images/image_78.jpeg,True,24630,
79,/data/all_images/image_79.png,/DATA5/prabhakar/telecom/extracted_images/images/image_79.png,True,45822,
80,/data/all_images/image_80.jpeg,/DATA5/prabhakar/telecom/extracted_images/images/image_80.jpeg,True,42367,
81,/data/all_images/image_81.jpeg,/DATA5/prabhakar/telecom/extracted_images/images/image_81.jpeg,True,100079,
82,/data/all_images/image_82.jpeg,/DATA5/prabhakar/telecom/extracted_images/images/image_82.jpeg,True,286286,
83,/data/all_images/image_83.jpeg,/DATA5/prabhakar/telecom/extracted_images/images/image_83.jpeg,True,73799,
84,/data/all_images/image_84.jpeg,/DATA5/prabhakar/telecom/extracted_images/images/image_84.jpeg,True,50227,
85,/data/all_images/image_85.jpeg,/DATA5/prabhakar/telecom/extracted_images/images/image_85.jpeg,True,25719,
86,/data/all_images/image_86.jpeg,/DATA5/prabhakar/telecom/extracted_images/images/image_86.jpeg,True,25137,
87,/data/all_images/image_87.jpeg,/DATA5/prabhakar/telecom/extracted_images/images/image_87.jpeg,True,35978,
88,/data/all_images/image_88.jpeg,/DATA5/prabhakar/telecom/extracted_images/images/image_88.jpeg,True,33245,
89,/data/all_images/image_89.jpeg,/DATA5/prabhakar/telecom/extracted_images/images/image_89.jpeg,True,24841,
90,/data/all_images/image_90.jpeg,/DATA5/prabhakar/telecom/extracted_images/images/image_90.jpeg,True,208514,
91,/data/all_images/image_91.jpeg,/DATA5/prabhakar/telecom/extracted_images/images/image_91.jpeg,True,30567,
92,/data/all_images/image_92.jpeg,/DATA5/prabhakar/telecom/extracted_images/images/image_92.jpeg,True,23490,
93,/data/all_images/image_93.jpeg,/DATA5/prabhakar/telecom/extracted_images/images/image_93.jpeg,True,23612,
94,/data/all_images/image_94.jpeg,/DATA5/prabhakar/telecom/extracted_images/images/image_94.jpeg,True,24841,
95,/data/all_images/image_95.jpeg,/DATA5/prabhakar/telecom/extracted_images/images/image_95.jpeg,True,28844,
96,/data/all_images/image_96.jpeg,/DATA5/prabhakar/telecom/extracted_images/images/image_96.jpeg,True,28844,
97,/data/all_images/image_97.jpeg,/DATA5/prabhakar/telecom/extracted_images/images/image_97.jpeg,True,27775,
98,/data/all_images/image_98.jpeg,/DATA5/prabhakar/telecom/extracted_images/images/image_98.jpeg,True,24656,
99,/data/all_images/image_99.jpeg,/DATA5/prabhakar/telecom/extracted_images/images/image_99.jpeg,True,23285,
100,/data/all_images/image_100.jpeg,/DATA5/prabhakar/telecom/extracted_images/images/image_100.jpeg,True,33364,
101,/data/all_images/image_101.jpeg,/DATA5/prabhakar/telecom/extracted_images/images/image_101.jpeg,True,66883,
102,/data/all_images/image_102.jpeg,/DATA5/prabhakar/telecom/extracted_images/images/image_102.jpeg,True,22634,
103,/data/all_images/image_103.jpeg,/DATA5/prabhakar/telecom/extracted_images/images/image_103.jpeg,True,56471,
104,/data/all_images/image_104.jpeg,/DATA5/prabhakar/telecom/extracted_images/images/image_104.jpeg,True,174206,
105,/data/all_images/image_105.jpeg,/DATA5/prabhakar/telecom/extracted_images/images/image_105.jpeg,True,103299,
106,/data/all_images/image_106.jpeg,/DATA5/prabhakar/telecom/extracted_images/images/image_106.jpeg,True,251936,
107,/data/all_images/image_107.jpeg,/DATA5/prabhakar/telecom/extracted_images/images/image_107.jpeg,True,44666,
108,/data/all_images/image_108.jpeg,/DATA5/prabhakar/telecom/extracted_images/images/image_108.jpeg,True,48017,
109,/data/all_images/image_109.png,/DATA5/prabhakar/telecom/extracted_images/images/image_109.png,True,34304,
110,/data/all_images/image_110.jpeg,/DATA5/prabhakar/telecom/extracted_images/images/image_110.jpeg,True,70403,
111,/data/all_images/image_111.jpeg,/DATA5/prabhakar/telecom/extracted_images/images/image_111.jpeg,True,26305,
112,/data/all_images/image_112.jpeg,/DATA5/prabhakar/telecom/extracted_images/images/image_112.jpeg,True,158993,
113,/data/all_images/image_113.jpeg,/DATA5/prabhakar/telecom/extracted_images/images/image_113.jpeg,True,56961,
114,/data/all_images/image_114.jpeg,/DATA5/prabhakar/telecom/extracted_images/images/image_114.jpeg,True,63158,
115,/data/all_images/image_115.png,/DATA5/prabhakar/telecom/extracted_images/images/image_115.png,True,43039,
116,/data/all_images/image_116.jpeg,/DATA5/prabhakar/telecom/extracted_images/images/image_116.jpeg,True,140057,
117,/data/all_images/image_117.jpeg,/DATA5/prabhakar/telecom/extracted_images/images/image_117.jpeg,True,52502,
118,/data/all_images/image_118.jpeg,/DATA5/prabhakar/telecom/extracted_images/images/image_118.jpeg,True,52502,
119,/data/all_images/image_119.jpeg,/DATA5/prabhakar/telecom/extracted_images/images/image_119.jpeg,True,23189,
120,/data/all_images/image_120.jpeg,/DATA5/prabhakar/telecom/extracted_images/images/image_120.jpeg,True,23978,
121,/data/all_images/image_121.jpeg,/DATA5/prabhakar/telecom/extracted_images/images/image_121.jpeg,True,76039,
122,/data/all_images/image_122.jpeg,/DATA5/prabhakar/telecom/extracted_images/images/image_122.jpeg,True,67874,
123,/data/all_images/image_123.jpeg,/DATA5/prabhakar/telecom/extracted_images/images/image_123.jpeg,True,44258,
124,/data/all_images/image_124.png,/DATA5/prabhakar/telecom/extracted_images/images/image_124.png,True,49152,
125,/data/all_images/image_125.jpeg,/DATA5/prabhakar/telecom/extracted_images/images/image_125.jpeg,True,46239,
126,/data/all_images/image_126.jpeg,/DATA5/prabhakar/telecom/extracted_images/images/image_126.jpeg,True,23771,
127,/data/all_images/image_127.jpeg,/DATA5/prabhakar/telecom/extracted_images/images/image_127.jpeg,True,55112,
128,/data/all_images/image_128.jpeg,/DATA5/prabhakar/telecom/extracted_images/images/image_128.jpeg,True,49964,
129,/data/all_images/image_129.jpeg,/DATA5/prabhakar/telecom/extracted_images/images/image_129.jpeg,True,36065,
130,/data/all_images/image_130.jpeg,/DATA5/prabhakar/telecom/extracted_images/images/image_130.jpeg,True,36388,
131,/data/all_images/image_131.png,/DATA5/prabhakar/telecom/extracted_images/images/image_131.png,True,39826,
132,/data/all_images/image_132.jpeg,/DATA5/prabhakar/telecom/extracted_images/images/image_132.jpeg,True,83481,
133,/data/all_images/image_133.jpeg,/DATA5/prabhakar/telecom/extracted_images/images/image_133.jpeg,True,27337,
134,/data/all_images/image_134.jpeg,/DATA5/prabhakar/telecom/extracted_images/images/image_134.jpeg,True,39824,
135,/data/all_images/image_135.png,/DATA5/prabhakar/telecom/extracted_images/images/image_135.png,True,52245,
136,/data/all_images/image_136.jpeg,/DATA5/prabhakar/telecom/extracted_images/images/image_136.jpeg,True,82116,
137,/data/all_images/image_137.png,/DATA5/prabhakar/telecom/extracted_images/images/image_137.png,True,58168,
138,/data/all_images/image_138.jpeg,/DATA5/prabhakar/telecom/extracted_images/images/image_138.jpeg,True,25409,
139,/data/all_images/image_139.png,/DATA5/prabhakar/telecom/extracted_images/images/image_139.png,True,31608,
140,/data/all_images/image_140.png,/DATA5/prabhakar/telecom/extracted_images/images/image_140.png,True,22054,
141,/data/all_images/image_141.jpeg,/DATA5/prabhakar/telecom/extracted_images/images/image_141.jpeg,True,83498,
142,/data/all_images/image_142.jpeg,/DATA5/prabhakar/telecom/extracted_images/images/image_142.jpeg,True,90470,
143,/data/all_images/image_143.jpeg,/DATA5/prabhakar/telecom/extracted_images/images/image_143.jpeg,True,44975,
144,/data/all_images/image_144.jpeg,/DATA5/prabhakar/telecom/extracted_images/images/image_144.jpeg,True,47347,
145,/data/all_images/image_145.jpeg,/DATA5/prabhakar/telecom/extracted_images/images/image_145.jpeg,True,38619,
146,/data/all_images/image_146.png,/DATA5/prabhakar/telecom/extracted_images/images/image_146.png,True,34786,
147,/data/all_images/image_147.jpeg,/DATA5/prabhakar/telecom/extracted_images/images/image_147.jpeg,True,43268,
148,/data/all_images/image_148.jpeg,/DATA5/prabhakar/telecom/extracted_images/images/image_148.jpeg,True,48328,
149,/data/all_images/image_149.jpeg,/DATA5/prabhakar/telecom/extracted_images/images/image_149.jpeg,True,68810,
150,/data/all_images/image_150.jpeg,/DATA5/prabhakar/telecom/extracted_images/images/image_150.jpeg,True,46618,
151,/data/all_images/image_151.jpeg,/DATA5/prabhakar/telecom/extracted_images/images/image_151.jpeg,True,32093,
152,/data/all_images/image_152.jpeg,/DATA5/prabhakar/telecom/extracted_images/images/image_152.jpeg,True,84648,
153,/data/all_images/image_153.jpeg,/DATA5/prabhakar/telecom/extracted_images/images/image_153.jpeg,True,24909,
154,/data/all_images/image_154.jpeg,/DATA5/prabhakar/telecom/extracted_images/images/image_154.jpeg,True,54197,
155,/data/all_images/image_155.jpeg,/DATA5/prabhakar/telecom/extracted_images/images/image_155.jpeg,True,70134,
156,/data/all_images/image_156.jpeg,/DATA5/prabhakar/telecom/extracted_images/images/image_156.jpeg,True,77347,
157,/data/all_images/image_157.png,/DATA5/prabhakar/telecom/extracted_images/images/image_157.png,True,28822,
158,/data/all_images/image_158.jpeg,/DATA5/prabhakar/telecom/extracted_images/images/image_158.jpeg,True,26318,
159,/data/all_images/image_159.jpeg,/DATA5/prabhakar/telecom/extracted_images/images/image_159.jpeg,True,25442,
160,/data/all_images/image_160.jpeg,/DATA5/prabhakar/telecom/extracted_images/images/image_160.jpeg,True,34198,
161,/data/all_images/image_161.jpeg,/DATA5/prabhakar/telecom/extracted_images/images/image_161.jpeg,True,48115,
162,/data/all_images/image_162.jpeg,/DATA5/prabhakar/telecom/extracted_images/images/image_162.jpeg,True,57409,
163,/data/all_images/image_163.jpeg,/DATA5/prabhakar/telecom/extracted_images/images/image_163.jpeg,True,40778,
164,/data/all_images/image_164.jpeg,/DATA5/prabhakar/telecom/extracted_images/images/image_164.jpeg,True,29984,
165,/data/all_images/image_165.png,/DATA5/prabhakar/telecom/extracted_images/images/image_165.png,True,27656,
166,/data/all_images/image_166.png,/DATA5/prabhakar/telecom/extracted_images/images/image_166.png,True,33605,
167,/data/all_images/image_167.png,/DATA5/prabhakar/telecom/extracted_images/images/image_167.png,True,28038,
168,/data/all_images/image_168.png,/DATA5/prabhakar/telecom/extracted_images/images/image_168.png,True,46297,
169,/data/all_images/image_169.png,/DATA5/prabhakar/telecom/extracted_images/images/image_169.png,True,33545,
170,/data/all_images/image_170.png,/DATA5/prabhakar/telecom/extracted_images/images/image_170.png,True,36890,
171,/data/all_images/image_171.png,/DATA5/prabhakar/telecom/extracted_images/images/image_171.png,True,28558,
172,/data/all_images/image_172.png,/DATA5/prabhakar/telecom/extracted_images/images/image_172.png,True,37420,
173,/data/all_images/image_173.png,/DATA5/prabhakar/telecom/extracted_images/images/image_173.png,True,35424,
174,/data/all_images/image_174.png,/DATA5/prabhakar/telecom/extracted_images/images/image_174.png,True,30330,
175,/data/all_images/image_175.png,/DATA5/prabhakar/telecom/extracted_images/images/image_175.png,True,23167,
176,/data/all_images/image_176.png,/DATA5/prabhakar/telecom/extracted_images/images/image_176.png,True,22643,
177,/data/all_images/image_177.png,/DATA5/prabhakar/telecom/extracted_images/images/image_177.png,True,23830,
178,/data/all_images/image_178.jpeg,/DATA5/prabhakar/telecom/extracted_images/images/image_178.jpeg,True,42567,
179,/data/all_images/image_179.png,/DATA5/prabhakar/telecom/extracted_images/images/image_179.png,True,27133,
180,/data/all_images/image_180.jpeg,/DATA5/prabhakar/telecom/extracted_images/images/image_180.jpeg,True,49761,
181,/data/all_images/image_181.jpeg,/DATA5/prabhakar/telecom/extracted_images/images/image_181.jpeg,True,61563,
182,/data/all_images/image_182.png,/DATA5/prabhakar/telecom/extracted_images/images/image_182.png,True,33059,
183,/data/all_images/image_183.png,/DATA5/prabhakar/telecom/extracted_images/images/image_183.png,True,21327,
184,/data/all_images/image_184.jpeg,/DATA5/prabhakar/telecom/extracted_images/images/image_184.jpeg,True,32774,
185,/data/all_images/image_185.jpeg,/DATA5/prabhakar/telecom/extracted_images/images/image_185.jpeg,True,53322,
186,/data/all_images/image_186.jpeg,/DATA5/prabhakar/telecom/extracted_images/images/image_186.jpeg,True,45546,
187,/data/all_images/image_187.jpeg,/DATA5/prabhakar/telecom/extracted_images/images/image_187.jpeg,True,20793,
188,/data/all_images/image_188.jpeg,/DATA5/prabhakar/telecom/extracted_images/images/image_188.jpeg,True,28545,
189,/data/all_images/image_189.jpeg,/DATA5/prabhakar/telecom/extracted_images/images/image_189.jpeg,True,50697,
190,/data/all_images/image_190.jpeg,/DATA5/prabhakar/telecom/extracted_images/images/image_190.jpeg,True,33813,
191,/data/all_images/image_191.jpeg,/DATA5/prabhakar/telecom/extracted_images/images/image_191.jpeg,True,33474,
192,/data/all_images/image_192.png,/DATA5/prabhakar/telecom/extracted_images/images/image_192.png,True,27307,
193,/data/all_images/image_193.jpeg,/DATA5/prabhakar/telecom/extracted_images/images/image_193.jpeg,True,42621,
194,/data/all_images/image_194.png,/DATA5/prabhakar/telecom/extracted_images/images/image_194.png,True,20705,
195,/data/all_images/image_195.jpeg,/DATA5/prabhakar/telecom/extracted_images/images/image_195.jpeg,True,53946,
196,/data/all_images/image_196.jpeg,/DATA5/prabhakar/telecom/extracted_images/images/image_196.jpeg,True,59162,
197,/data/all_images/image_197.jpeg,/DATA5/prabhakar/telecom/extracted_images/images/image_197.jpeg,True,61297,
198,/data/all_images/image_198.jpeg,/DATA5/prabhakar/telecom/extracted_images/images/image_198.jpeg,True,37192,
199,/data/all_images/image_199.jpeg,/DATA5/prabhakar/telecom/extracted_images/images/image_199.jpeg,True,47488,
200,/data/all_images/image_200.jpeg,/DATA5/prabhakar/telecom/extracted_images/images/image_200.jpeg,True,84193,
201,/data/all_images/image_201.jpeg,/DATA5/prabhakar/telecom/extracted_images/images/image_201.jpeg,True,77147,
202,/data/all_images/image_202.jpeg,/DATA5/prabhakar/telecom/extracted_images/images/image_202.jpeg,True,39613,
203,/data/all_images/image_203.jpeg,/DATA5/prabhakar/telecom/extracted_images/images/image_203.jpeg,True,48714,
204,/data/all_images/image_204.jpeg,/DATA5/prabhakar/telecom/extracted_images/images/image_204.jpeg,True,51327,
205,/data/all_images/image_205.jpeg,/DATA5/prabhakar/telecom/extracted_images/images/image_205.jpeg,True,41357,
206,/data/all_images/image_206.jpeg,/DATA5/prabhakar/telecom/extracted_images/images/image_206.jpeg,True,39217,
207,/data/all_images/image_207.png,/DATA5/prabhakar/telecom/extracted_images/images/image_207.png,True,40816,
208,/data/all_images/image_208.jpeg,/DATA5/prabhakar/telecom/extracted_images/images/image_208.jpeg,True,22992,
209,/data/all_images/image_209.jpeg,/DATA5/prabhakar/telecom/extracted_images/images/image_209.jpeg,True,31382,
210,/data/all_images/image_210.jpeg,/DATA5/prabhakar/telecom/extracted_images/images/image_210.jpeg,True,75325,
211,/data/all_images/image_211.jpeg,/DATA5/prabhakar/telecom/extracted_images/images/image_211.jpeg,True,24443,
212,/data/all_images/image_212.png,/DATA5/prabhakar/telecom/extracted_images/images/image_212.png,True,33167,
213,/data/all_images/image_213.jpeg,/DATA5/prabhakar/telecom/extracted_images/images/image_213.jpeg,True,53587,
214,/data/all_images/image_214.png,/DATA5/prabhakar/telecom/extracted_images/images/image_214.png,True,45257,
215,/data/all_images/image_215.jpeg,/DATA5/prabhakar/telecom/extracted_images/images/image_215.jpeg,True,46727,
216,/data/all_images/image_216.jpeg,/DATA5/prabhakar/telecom/extracted_images/images/image_216.jpeg,True,55881,
217,/data/all_images/image_217.jpeg,/DATA5/prabhakar/telecom/extracted_images/images/image_217.jpeg,True,35764,
218,/data/all_images/image_218.jpeg,/DATA5/prabhakar/telecom/extracted_images/images/image_218.jpeg,True,22169,
219,/data/all_images/image_219.jpeg,/DATA5/prabhakar/telecom/extracted_images/images/image_219.jpeg,True,24519,
220,/data/all_images/image_220.png,/DATA5/prabhakar/telecom/extracted_images/images/image_220.png,True,27272,
221,/data/all_images/image_221.png,/DATA5/prabhakar/telecom/extracted_images/images/image_221.png,True,25966,
222,/data/all_images/image_222.png,/DATA5/prabhakar/telecom/extracted_images/images/image_222.png,True,29728,
223,/data/all_images/image_223.png,/DATA5/prabhakar/telecom/extracted_images/images/image_223.png,True,25427,
224,/data/all_images/image_224.png,/DATA5/prabhakar/telecom/extracted_images/images/image_224.png,True,126205,
225,/data/all_images/image_225.jpeg,/DATA5/prabhakar/telecom/extracted_images/images/image_225.jpeg,True,70467,
226,/data/all_images/image_226.jpeg,/DATA5/prabhakar/telecom/extracted_images/images/image_226.jpeg,True,103884,
227,/data/all_images/image_227.png,/DATA5/prabhakar/telecom/extracted_images/images/image_227.png,True,35528,
228,/data/all_images/image_228.png,/DATA5/prabhakar/telecom/extracted_images/images/image_228.png,True,20660,
229,/data/all_images/image_229.png,/DATA5/prabhakar/telecom/extracted_images/images/image_229.png,True,24423,
230,/data/all_images/image_230.jpeg,/DATA5/prabhakar/telecom/extracted_images/images/image_230.jpeg,True,46344,
231,/data/all_images/image_231.jpeg,/DATA5/prabhakar/telecom/extracted_images/images/image_231.jpeg,True,49098,
232,/data/all_images/image_232.png,/DATA5/prabhakar/telecom/extracted_images/images/image_232.png,True,30204,
233,/data/all_images/image_233.jpeg,/DATA5/prabhakar/telecom/extracted_images/images/image_233.jpeg,True,132009,
234,/data/all_images/image_234.png,/DATA5/prabhakar/telecom/extracted_images/images/image_234.png,True,21373,
235,/data/all_images/image_235.png,/DATA5/prabhakar/telecom/extracted_images/images/image_235.png,True,23588,
236,/data/all_images/image_236.png,/DATA5/prabhakar/telecom/extracted_images/images/image_236.png,True,25511,
237,/data/all_images/image_237.png,/DATA5/prabhakar/telecom/extracted_images/images/image_237.png,True,21407,
238,/data/all_images/image_238.jpeg,/DATA5/prabhakar/telecom/extracted_images/images/image_238.jpeg,True,47230,
239,/data/all_images/image_239.jpeg,/DATA5/prabhakar/telecom/extracted_images/images/image_239.jpeg,True,96586,
240,/data/all_images/image_240.png,/DATA5/prabhakar/telecom/extracted_images/images/image_240.png,True,31862,
241,/data/all_images/image_241.png,/DATA5/prabhakar/telecom/extracted_images/images/image_241.png,True,33078,
242,/data/all_images/image_242.jpeg,/DATA5/prabhakar/telecom/extracted_images/images/image_242.jpeg,True,49594,
243,/data/all_images/image_243.jpeg,/DATA5/prabhakar/telecom/extracted_images/images/image_243.jpeg,True,49422,
244,/data/all_images/image_244.jpeg,/DATA5/prabhakar/telecom/extracted_images/images/image_244.jpeg,True,20540,
245,/data/all_images/image_245.jpeg,/DATA5/prabhakar/telecom/extracted_images/images/image_245.jpeg,True,23843,
246,/data/all_images/image_246.jpeg,/DATA5/prabhakar/telecom/extracted_images/images/image_246.jpeg,True,49549,
247,/data/all_images/image_247.jpeg,/DATA5/prabhakar/telecom/extracted_images/images/image_247.jpeg,True,20914,
248,/data/all_images/image_248.jpeg,/DATA5/prabhakar/telecom/extracted_images/images/image_248.jpeg,True,23768,
249,/data/all_images/image_249.png,/DATA5/prabhakar/telecom/extracted_images/images/image_249.png,True,43270,
250,/data/all_images/image_250.png,/DATA5/prabhakar/telecom/extracted_images/images/image_250.png,True,36061,
251,/data/all_images/image_251.jpeg,/DATA5/prabhakar/telecom/extracted_images/images/image_251.jpeg,True,30961,
252,/data/all_images/image_252.png,/DATA5/prabhakar/telecom/extracted_images/images/image_252.png,True,50449,
253,/data/all_images/image_253.png,/DATA5/prabhakar/telecom/extracted_images/images/image_253.png,True,39798,
254,/data/all_images/image_254.png,/DATA5/prabhakar/telecom/extracted_images/images/image_254.png,True,29692,
255,/data/all_images/image_255.png,/DATA5/prabhakar/telecom/extracted_images/images/image_255.png,True,36550,
256,/data/all_images/image_256.png,/DATA5/prabhakar/telecom/extracted_images/images/image_256.png,True,61328,
257,/data/all_images/image_257.png,/DATA5/prabhakar/telecom/extracted_images/images/image_257.png,True,20805,
258,/data/all_images/image_258.jpeg,/DATA5/prabhakar/telecom/extracted_images/images/image_258.jpeg,True,24728,
259,/data/all_images/image_259.jpeg,/DATA5/prabhakar/telecom/extracted_images/images/image_259.jpeg,True,33282,
260,/data/all_images/image_260.jpeg,/DATA5/prabhakar/telecom/extracted_images/images/image_260.jpeg,True,88247,
261,/data/all_images/image_261.jpeg,/DATA5/prabhakar/telecom/extracted_images/images/image_261.jpeg,True,37062,
262,/data/all_images/image_262.png,/DATA5/prabhakar/telecom/extracted_images/images/image_262.png,True,23067,
263,/data/all_images/image_263.jpeg,/DATA5/prabhakar/telecom/extracted_images/images/image_263.jpeg,True,25253,
264,/data/all_images/image_264.jpeg,/DATA5/prabhakar/telecom/extracted_images/images/image_264.jpeg,True,43818,
265,/data/all_images/image_265.jpeg,/DATA5/prabhakar/telecom/extracted_images/images/image_265.jpeg,True,46709,
266,/data/all_images/image_266.png,/DATA5/prabhakar/telecom/extracted_images/images/image_266.png,True,82823,
267,/data/all_images/image_267.png,/DATA5/prabhakar/telecom/extracted_images/images/image_267.png,True,25795,
268,/data/all_images/image_268.png,/DATA5/prabhakar/telecom/extracted_images/images/image_268.png,True,21002,
269,/data/all_images/image_269.jpeg,/DATA5/prabhakar/telecom/extracted_images/images/image_269.jpeg,True,25393,
270,/data/all_images/image_270.jpeg,/DATA5/prabhakar/telecom/extracted_images/images/image_270.jpeg,True,64596,
271,/data/all_images/image_271.jpeg,/DATA5/prabhakar/telecom/extracted_images/images/image_271.jpeg,True,67130,
272,/data/all_images/image_272.jpeg,/DATA5/prabhakar/telecom/extracted_images/images/image_272.jpeg,True,62878,
273,/data/all_images/image_273.jpeg,/DATA5/prabhakar/telecom/extracted_images/images/image_273.jpeg,True,67535,
274,/data/all_images/image_274.png,/DATA5/prabhakar/telecom/extracted_images/images/image_274.png,True,21857,
275,/data/all_images/image_275.jpeg,/DATA5/prabhakar/telecom/extracted_images/images/image_275.jpeg,True,71281,
276,/data/all_images/image_276.jpeg,/DATA5/prabhakar/telecom/extracted_images/images/image_276.jpeg,True,21147,
277,/data/all_images/image_277.jpeg,/DATA5/prabhakar/telecom/extracted_images/images/image_277.jpeg,True,21656,
278,/data/all_images/image_278.png,/DATA5/prabhakar/telecom/extracted_images/images/image_278.png,True,23585,
279,/data/all_images/image_279.jpeg,/DATA5/prabhakar/telecom/extracted_images/images/image_279.jpeg,True,20573,
280,/data/all_images/image_280.jpeg,/DATA5/prabhakar/telecom/extracted_images/images/image_280.jpeg,True,40381,
281,/data/all_images/image_281.jpeg,/DATA5/prabhakar/telecom/extracted_images/images/image_281.jpeg,True,38449,
282,/data/all_images/image_282.jpeg,/DATA5/prabhakar/telecom/extracted_images/images/image_282.jpeg,True,31876,
283,/data/all_images/image_283.jpeg,/DATA5/prabhakar/telecom/extracted_images/images/image_283.jpeg,True,26966,
284,/data/all_images/image_284.jpeg,/DATA5/prabhakar/telecom/extracted_images/images/image_284.jpeg,True,36537,
285,/data/all_images/image_285.jpeg,/DATA5/prabhakar/telecom/extracted_images/images/image_285.jpeg,True,30977,
286,/data/all_images/image_286.jpeg,/DATA5/prabhakar/telecom/extracted_images/images/image_286.jpeg,True,67164,
287,/data/all_images/image_287.jpeg,/DATA5/prabhakar/telecom/extracted_images/images/image_287.jpeg,True,40090,
288,/data/all_images/image_288.jpeg,/DATA5/prabhakar/telecom/extracted_images/images/image_288.jpeg,True,89307,
289,/data/all_images/image_289.jpeg,/DATA5/prabhakar/telecom/extracted_images/images/image_289.jpeg,True,62149,
290,/data/all_images/image_290.jpeg,/DATA5/prabhakar/telecom/extracted_images/images/image_290.jpeg,True,41613,
291,/data/all_images/image_291.jpeg,/DATA5/prabhakar/telecom/extracted_images/images/image_291.jpeg,True,65977,
292,/data/all_images/image_292.jpeg,/DATA5/prabhakar/telecom/extracted_images/images/image_292.jpeg,True,71200,
293,/data/all_images/image_293.jpeg,/DATA5/prabhakar/telecom/extracted_images/images/image_293.jpeg,True,131743,
294,/data/all_images/image_294.jpeg,/DATA5/prabhakar/telecom/extracted_images/images/image_294.jpeg,True,43638,
295,/data/all_images/image_295.png,/DATA5/prabhakar/telecom/extracted_images/images/image_295.png,True,58534,
296,/data/all_images/image_296.png,/DATA5/prabhakar/telecom/extracted_images/images/image_296.png,True,58777,
297,/data/all_images/image_297.jpeg,/DATA5/prabhakar/telecom/extracted_images/images/image_297.jpeg,True,63876,
298,/data/all_images/image_298.jpeg,/DATA5/prabhakar/telecom/extracted_images/images/image_298.jpeg,True,78324,
299,/data/all_images/image_299.jpeg,/DATA5/prabhakar/telecom/extracted_images/images/image_299.jpeg,True,26760,
300,/data/all_images/image_300.jpeg,/DATA5/prabhakar/telecom/extracted_images/images/image_300.jpeg,True,21285,
301,/data/all_images/image_301.jpeg,/DATA5/prabhakar/telecom/extracted_images/images/image_301.jpeg,True,28923,
302,/data/all_images/image_302.jpeg,/DATA5/prabhakar/telecom/extracted_images/images/image_302.jpeg,True,29549,
303,/data/all_images/image_303.jpeg,/DATA5/prabhakar/telecom/extracted_images/images/image_303.jpeg,True,26760,
304,/data/all_images/image_304.jpeg,/DATA5/prabhakar/telecom/extracted_images/images/image_304.jpeg,True,21285,
305,/data/all_images/image_305.jpeg,/DATA5/prabhakar/telecom/extracted_images/images/image_305.jpeg,True,28923,
306,/data/all_images/image_306.jpeg,/DATA5/prabhakar/telecom/extracted_images/images/image_306.jpeg,True,21509,
307,/data/all_images/image_307.jpeg,/DATA5/prabhakar/telecom/extracted_images/images/image_307.jpeg,True,51133,
308,/data/all_images/image_308.jpeg,/DATA5/prabhakar/telecom/extracted_images/images/image_308.jpeg,True,52690,
309,/data/all_images/image_309.jpeg,/DATA5/prabhakar/telecom/extracted_images/images/image_309.jpeg,True,56337,
310,/data/all_images/image_310.jpeg,/DATA5/prabhakar/telecom/extracted_images/images/image_310.jpeg,True,52324,
311,/data/all_images/image_311.jpeg,/DATA5/prabhakar/telecom/extracted_images/images/image_311.jpeg,True,29415,
312,/data/all_images/image_312.jpeg,/DATA5/prabhakar/telecom/extracted_images/images/image_312.jpeg,True,43071,
313,/data/all_images/image_313.png,/DATA5/prabhakar/telecom/extracted_images/images/image_313.png,True,50023,
314,/data/all_images/image_314.jpeg,/DATA5/prabhakar/telecom/extracted_images/images/image_314.jpeg,True,41884,
315,/data/all_images/image_315.jpeg,/DATA5/prabhakar/telecom/extracted_images/images/image_315.jpeg,True,27005,
316,/data/all_images/image_316.jpeg,/DATA5/prabhakar/telecom/extracted_images/images/image_316.jpeg,True,45133,
317,/data/all_images/image_317.jpeg,/DATA5/prabhakar/telecom/extracted_images/images/image_317.jpeg,True,26727,
318,/data/all_images/image_318.jpeg,/DATA5/prabhakar/telecom/extracted_images/images/image_318.jpeg,True,65747,
319,/data/all_images/image_319.jpeg,/DATA5/prabhakar/telecom/extracted_images/images/image_319.jpeg,True,28545,
320,/data/all_images/image_320.jpeg,/DATA5/prabhakar/telecom/extracted_images/images/image_320.jpeg,True,24042,
321,/data/all_images/image_321.jpeg,/DATA5/prabhakar/telecom/extracted_images/images/image_321.jpeg,True,63885,
322,/data/all_images/image_322.jpeg,/DATA5/prabhakar/telecom/extracted_images/images/image_322.jpeg,True,22995,
323,/data/all_images/image_323.png,/DATA5/prabhakar/telecom/extracted_images/images/image_323.png,True,52457,
324,/data/all_images/image_324.jpeg,/DATA5/prabhakar/telecom/extracted_images/images/image_324.jpeg,True,53526,
325,/data/all_images/image_325.png,/DATA5/prabhakar/telecom/extracted_images/images/image_325.png,True,38682,
326,/data/all_images/image_326.png,/DATA5/prabhakar/telecom/extracted_images/images/image_326.png,True,47558,
327,/data/all_images/image_327.jpeg,/DATA5/prabhakar/telecom/extracted_images/images/image_327.jpeg,True,49882,
328,/data/all_images/image_328.png,/DATA5/prabhakar/telecom/extracted_images/images/image_328.png,True,75758,
329,/data/all_images/image_329.jpeg,/DATA5/prabhakar/telecom/extracted_images/images/image_329.jpeg,True,49817,
330,/data/all_images/image_330.png,/DATA5/prabhakar/telecom/extracted_images/images/image_330.png,True,37313,
331,/data/all_images/image_331.jpeg,/DATA5/prabhakar/telecom/extracted_images/images/image_331.jpeg,True,60894,
332,/data/all_images/image_332.jpeg,/DATA5/prabhakar/telecom/extracted_images/images/image_332.jpeg,True,28610,
333,/data/all_images/image_333.jpeg,/DATA5/prabhakar/telecom/extracted_images/images/image_333.jpeg,True,78344,
334,/data/all_images/image_334.jpeg,/DATA5/prabhakar/telecom/extracted_images/images/image_334.jpeg,True,28810,
335,/data/all_images/image_335.jpeg,/DATA5/prabhakar/telecom/extracted_images/images/image_335.jpeg,True,72711,
336,/data/all_images/image_336.jpeg,/DATA5/prabhakar/telecom/extracted_images/images/image_336.jpeg,True,28130,
337,/data/all_images/image_337.jpeg,/DATA5/prabhakar/telecom/extracted_images/images/image_337.jpeg,True,73156,
338,/data/all_images/image_338.jpeg,/DATA5/prabhakar/telecom/extracted_images/images/image_338.jpeg,True,55894,
339,/data/all_images/image_339.jpeg,/DATA5/prabhakar/telecom/extracted_images/images/image_339.jpeg,True,57421,
340,/data/all_images/image_340.jpeg,/DATA5/prabhakar/telecom/extracted_images/images/image_340.jpeg,True,35546,
341,/data/all_images/image_341.jpeg,/DATA5/prabhakar/telecom/extracted_images/images/image_341.jpeg,True,26304,
342,/data/all_images/image_342.jpeg,/DATA5/prabhakar/telecom/extracted_images/images/image_342.jpeg,True,23782,
343,/data/all_images/image_343.jpeg,/DATA5/prabhakar/telecom/extracted_images/images/image_343.jpeg,True,27012,
344,/data/all_images/image_344.jpeg,/DATA5/prabhakar/telecom/extracted_images/images/image_344.jpeg,True,26306,
345,/data/all_images/image_345.jpeg,/DATA5/prabhakar/telecom/extracted_images/images/image_345.jpeg,True,26105,
346,/data/all_images/image_346.jpeg,/DATA5/prabhakar/telecom/extracted_images/images/image_346.jpeg,True,78246,
347,/data/all_images/image_347.jpeg,/DATA5/prabhakar/telecom/extracted_images/images/image_347.jpeg,True,90686,
348,/data/all_images/image_348.jpeg,/DATA5/prabhakar/telecom/extracted_images/images/image_348.jpeg,True,82944,
349,/data/all_images/image_349.jpeg,/DATA5/prabhakar/telecom/extracted_images/images/image_349.jpeg,True,81978,
350,/data/all_images/image_350.jpeg,/DATA5/prabhakar/telecom/extracted_images/images/image_350.jpeg,True,27262,
351,/data/all_images/image_351.png,/DATA5/prabhakar/telecom/extracted_images/images/image_351.png,True,32011,
352,/data/all_images/image_352.png,/DATA5/prabhakar/telecom/extracted_images/images/image_352.png,True,26543,
353,/data/all_images/image_353.jpeg,/DATA5/prabhakar/telecom/extracted_images/images/image_353.jpeg,True,30924,
354,/data/all_images/image_354.jpeg,/DATA5/prabhakar/telecom/extracted_images/images/image_354.jpeg,True,114678,
355,/data/all_images/image_355.jpeg,/DATA5/prabhakar/telecom/extracted_images/images/image_355.jpeg,True,34088,
356,/data/all_images/image_356.png,/DATA5/prabhakar/telecom/extracted_images/images/image_356.png,True,44706,
357,/data/all_images/image_357.jpeg,/DATA5/prabhakar/telecom/extracted_images/images/image_357.jpeg,True,41003,
358,/data/all_images/image_358.jpeg,/DATA5/prabhakar/telecom/extracted_images/images/image_358.jpeg,True,29218,
359,/data/all_images/image_359.jpeg,/DATA5/prabhakar/telecom/extracted_images/images/image_359.jpeg,True,46264,
360,/data/all_images/image_360.png,/DATA5/prabhakar/telecom/extracted_images/images/image_360.png,True,58356,
361,/data/all_images/image_361.png,/DATA5/prabhakar/telecom/extracted_images/images/image_361.png,True,32501,
362,/data/all_images/image_362.png,/DATA5/prabhakar/telecom/extracted_images/images/image_362.png,True,53392,
363,/data/all_images/image_363.jpeg,/DATA5/prabhakar/telecom/extracted_images/images/image_363.jpeg,True,48452,
364,/data/all_images/image_364.jpeg,/DATA5/prabhakar/telecom/extracted_images/images/image_364.jpeg,True,44067,
365,/data/all_images/image_365.jpeg,/DATA5/prabhakar/telecom/extracted_images/images/image_365.jpeg,True,25267,
366,/data/all_images/image_366.jpeg,/DATA5/prabhakar/telecom/extracted_images/images/image_366.jpeg,True,25267,
367,/data/all_images/image_367.png,/DATA5/prabhakar/telecom/extracted_images/images/image_367.png,True,43779,
368,/data/all_images/image_368.jpeg,/DATA5/prabhakar/telecom/extracted_images/images/image_368.jpeg,True,68769,
369,/data/all_images/image_369.png,/DATA5/prabhakar/telecom/extracted_images/images/image_369.png,True,56380,
370,/data/all_images/image_370.png,/DATA5/prabhakar/telecom/extracted_images/images/image_370.png,True,58853,
371,/data/all_images/image_371.png,/DATA5/prabhakar/telecom/extracted_images/images/image_371.png,True,55336,
372,/data/all_images/image_372.jpeg,/DATA5/prabhakar/telecom/extracted_images/images/image_372.jpeg,True,107149,
373,/data/all_images/image_373.jpeg,/DATA5/prabhakar/telecom/extracted_images/images/image_373.jpeg,True,66721,
374,/data/all_images/image_374.jpeg,/DATA5/prabhakar/telecom/extracted_images/images/image_374.jpeg,True,64982,
375,/data/all_images/image_375.jpeg,/DATA5/prabhakar/telecom/extracted_images/images/image_375.jpeg,True,25071,
376,/data/all_images/image_376.png,/DATA5/prabhakar/telecom/extracted_images/images/image_376.png,True,46014,
377,/data/all_images/image_377.png,/DATA5/prabhakar/telecom/extracted_images/images/image_377.png,True,26059,
378,/data/all_images/image_378.jpeg,/DATA5/prabhakar/telecom/extracted_images/images/image_378.jpeg,True,38352,
379,/data/all_images/image_379.png,/DATA5/prabhakar/telecom/extracted_images/images/image_379.png,True,47764,
380,/data/all_images/image_380.jpeg,/DATA5/prabhakar/telecom/extracted_images/images/image_380.jpeg,True,70017,
381,/data/all_images/image_381.png,/DATA5/prabhakar/telecom/extracted_images/images/image_381.png,True,34000,
382,/data/all_images/image_382.jpeg,/DATA5/prabhakar/telecom/extracted_images/images/image_382.jpeg,True,44392,
383,/data/all_images/image_383.png,/DATA5/prabhakar/telecom/extracted_images/images/image_383.png,True,56838,
384,/data/all_images/image_384.jpeg,/DATA5/prabhakar/telecom/extracted_images/images/image_384.jpeg,True,47487,
385,/data/all_images/image_385.jpeg,/DATA5/prabhakar/telecom/extracted_images/images/image_385.jpeg,True,39544,
386,/data/all_images/image_386.jpeg,/DATA5/prabhakar/telecom/extracted_images/images/image_386.jpeg,True,35981,
387,/data/all_images/image_387.jpeg,/DATA5/prabhakar/telecom/extracted_images/images/image_387.jpeg,True,46544,
388,/data/all_images/image_388.jpeg,/DATA5/prabhakar/telecom/extracted_images/images/image_388.jpeg,True,41861,
389,/data/all_images/image_389.jpeg,/DATA5/prabhakar/telecom/extracted_images/images/image_389.jpeg,True,31785,
390,/data/all_images/image_390.jpeg,/DATA5/prabhakar/telecom/extracted_images/images/image_390.jpeg,True,42432,
391,/data/all_images/image_391.png,/DATA5/prabhakar/telecom/extracted_images/images/image_391.png,True,22224,
392,/data/all_images/image_392.png,/DATA5/prabhakar/telecom/extracted_images/images/image_392.png,True,32477,
393,/data/all_images/image_393.jpeg,/DATA5/prabhakar/telecom/extracted_images/images/image_393.jpeg,True,78254,
394,/data/all_images/image_394.jpeg,/DATA5/prabhakar/telecom/extracted_images/images/image_394.jpeg,True,86031,
395,/data/all_images/image_395.png,/DATA5/prabhakar/telecom/extracted_images/images/image_395.png,True,46199,
396,/data/all_images/image_396.png,/DATA5/prabhakar/telecom/extracted_images/images/image_396.png,True,52796,
397,/data/all_images/image_397.png,/DATA5/prabhakar/telecom/extracted_images/images/image_397.png,True,38726,
398,/data/all_images/image_398.png,/DATA5/prabhakar/telecom/extracted_images/images/image_398.png,True,30635,
399,/data/all_images/image_399.png,/DATA5/prabhakar/telecom/extracted_images/images/image_399.png,True,27272,
400,/data/all_images/image_400.png,/DATA5/prabhakar/telecom/extracted_images/images/image_400.png,True,29966,
401,/data/all_images/image_401.jpeg,/DATA5/prabhakar/telecom/extracted_images/images/image_401.jpeg,True,52722,
402,/data/all_images/image_402.jpeg,/DATA5/prabhakar/telecom/extracted_images/images/image_402.jpeg,True,45426,
403,/data/all_images/image_403.jpeg,/DATA5/prabhakar/telecom/extracted_images/images/image_403.jpeg,True,28489,
404,/data/all_images/image_404.jpeg,/DATA5/prabhakar/telecom/extracted_images/images/image_404.jpeg,True,47149,
405,/data/all_images/image_405.jpeg,/DATA5/prabhakar/telecom/extracted_images/images/image_405.jpeg,True,54152,
406,/data/all_images/image_406.jpeg,/DATA5/prabhakar/telecom/extracted_images/images/image_406.jpeg,True,52279,
407,/data/all_images/image_407.jpeg,/DATA5/prabhakar/telecom/extracted_images/images/image_407.jpeg,True,55585,
408,/data/all_images/image_408.jpeg,/DATA5/prabhakar/telecom/extracted_images/images/image_408.jpeg,True,44105,
409,/data/all_images/image_409.png,/DATA5/prabhakar/telecom/extracted_images/images/image_409.png,True,43489,
410,/data/all_images/image_410.png,/DATA5/prabhakar/telecom/extracted_images/images/image_410.png,True,53858,
411,/data/all_images/image_411.png,/DATA5/prabhakar/telecom/extracted_images/images/image_411.png,True,47844,
412,/data/all_images/image_412.jpeg,/DATA5/prabhakar/telecom/extracted_images/images/image_412.jpeg,True,67215,
413,/data/all_images/image_413.png,/DATA5/prabhakar/telecom/extracted_images/images/image_413.png,True,54007,
414,/data/all_images/image_414.png,/DATA5/prabhakar/telecom/extracted_images/images/image_414.png,True,41718,
415,/data/all_images/image_415.png,/DATA5/prabhakar/telecom/extracted_images/images/image_415.png,True,55062,
416,/data/all_images/image_416.png,/DATA5/prabhakar/telecom/extracted_images/images/image_416.png,True,55381,
417,/data/all_images/image_417.png,/DATA5/prabhakar/telecom/extracted_images/images/image_417.png,True,54211,
418,/data/all_images/image_418.png,/DATA5/prabhakar/telecom/extracted_images/images/image_418.png,True,48480,
419,/data/all_images/image_419.png,/DATA5/prabhakar/telecom/extracted_images/images/image_419.png,True,57599,
420,/data/all_images/image_420.jpeg,/DATA5/prabhakar/telecom/extracted_images/images/image_420.jpeg,True,76438,
421,/data/all_images/image_421.jpeg,/DATA5/prabhakar/telecom/extracted_images/images/image_421.jpeg,True,44292,
422,/data/all_images/image_422.jpeg,/DATA5/prabhakar/telecom/extracted_images/images/image_422.jpeg,True,56723,
423,/data/all_images/image_423.jpeg,/DATA5/prabhakar/telecom/extracted_images/images/image_423.jpeg,True,46758,
424,/data/all_images/image_424.jpeg,/DATA5/prabhakar/telecom/extracted_images/images/image_424.jpeg,True,76438,
425,/data/all_images/image_425.jpeg,/DATA5/prabhakar/telecom/extracted_images/images/image_425.jpeg,True,44292,
426,/data/all_images/image_426.jpeg,/DATA5/prabhakar/telecom/extracted_images/images/image_426.jpeg,True,47124,
427,/data/all_images/image_427.jpeg,/DATA5/prabhakar/telecom/extracted_images/images/image_427.jpeg,True,88271,
428,/data/all_images/image_428.jpeg,/DATA5/prabhakar/telecom/extracted_images/images/image_428.jpeg,True,32683,
429,/data/all_images/image_429.png,/DATA5/prabhakar/telecom/extracted_images/images/image_429.png,True,26851,
430,/data/all_images/image_430.jpeg,/DATA5/prabhakar/telecom/extracted_images/images/image_430.jpeg,True,71924,
431,/data/all_images/image_431.jpeg,/DATA5/prabhakar/telecom/extracted_images/images/image_431.jpeg,True,72094,
432,/data/all_images/image_432.jpeg,/DATA5/prabhakar/telecom/extracted_images/images/image_432.jpeg,True,33618,
433,/data/all_images/image_433.jpeg,/DATA5/prabhakar/telecom/extracted_images/images/image_433.jpeg,True,67164,
434,/data/all_images/image_434.png,/DATA5/prabhakar/telecom/extracted_images/images/image_434.png,True,30493,
435,/data/all_images/image_435.jpeg,/DATA5/prabhakar/telecom/extracted_images/images/image_435.jpeg,True,70686,
436,/data/all_images/image_436.png,/DATA5/prabhakar/telecom/extracted_images/images/image_436.png,True,27088,
437,/data/all_images/image_437.jpeg,/DATA5/prabhakar/telecom/extracted_images/images/image_437.jpeg,True,44326,
438,/data/all_images/image_438.png,/DATA5/prabhakar/telecom/extracted_images/images/image_438.png,True,24634,
439,/data/all_images/image_439.png,/DATA5/prabhakar/telecom/extracted_images/images/image_439.png,True,24384,
440,/data/all_images/image_440.jpeg,/DATA5/prabhakar/telecom/extracted_images/images/image_440.jpeg,True,34129,
441,/data/all_images/image_441.jpeg,/DATA5/prabhakar/telecom/extracted_images/images/image_441.jpeg,True,40438,
442,/data/all_images/image_442.jpeg,/DATA5/prabhakar/telecom/extracted_images/images/image_442.jpeg,True,33292,
443,/data/all_images/image_443.png,/DATA5/prabhakar/telecom/extracted_images/images/image_443.png,True,40152,
444,/data/all_images/image_444.jpeg,/DATA5/prabhakar/telecom/extracted_images/images/image_444.jpeg,True,44292,
445,/data/all_images/image_445.jpeg,/DATA5/prabhakar/telecom/extracted_images/images/image_445.jpeg,True,69466,
446,/data/all_images/image_446.png,/DATA5/prabhakar/telecom/extracted_images/images/image_446.png,True,59559,
447,/data/all_images/image_447.jpeg,/DATA5/prabhakar/telecom/extracted_images/images/image_447.jpeg,True,56285,
448,/data/all_images/image_448.jpeg,/DATA5/prabhakar/telecom/extracted_images/images/image_448.jpeg,True,63789,
449,/data/all_images/image_449.jpeg,/DATA5/prabhakar/telecom/extracted_images/images/image_449.jpeg,True,58050,
450,/data/all_images/image_450.jpeg,/DATA5/prabhakar/telecom/extracted_images/images/image_450.jpeg,True,66788,
451,/data/all_images/image_451.jpeg,/DATA5/prabhakar/telecom/extracted_images/images/image_451.jpeg,True,54133,
452,/data/all_images/image_452.jpeg,/DATA5/prabhakar/telecom/extracted_images/images/image_452.jpeg,True,63612,
453,/data/all_images/image_453.jpeg,/DATA5/prabhakar/telecom/extracted_images/images/image_453.jpeg,True,54133,
454,/data/all_images/image_454.jpeg,/DATA5/prabhakar/telecom/extracted_images/images/image_454.jpeg,True,60745,
455,/data/all_images/image_455.jpeg,/DATA5/prabhakar/telecom/extracted_images/images/image_455.jpeg,True,62233,
456,/data/all_images/image_456.jpeg,/DATA5/prabhakar/telecom/extracted_images/images/image_456.jpeg,True,70034,
457,/data/all_images/image_457.jpeg,/DATA5/prabhakar/telecom/extracted_images/images/image_457.jpeg,True,59508,
458,/data/all_images/image_458.jpeg,/DATA5/prabhakar/telecom/extracted_images/images/image_458.jpeg,True,28043,
459,/data/all_images/image_459.jpeg,/DATA5/prabhakar/telecom/extracted_images/images/image_459.jpeg,True,26931,
460,/data/all_images/image_460.jpeg,/DATA5/prabhakar/telecom/extracted_images/images/image_460.jpeg,True,116742,
461,/data/all_images/image_461.png,/DATA5/prabhakar/telecom/extracted_images/images/image_461.png,True,42105,
462,/data/all_images/image_462.jpeg,/DATA5/prabhakar/telecom/extracted_images/images/image_462.jpeg,True,62519,
463,/data/all_images/image_463.jpeg,/DATA5/prabhakar/telecom/extracted_images/images/image_463.jpeg,True,35268,
464,/data/all_images/image_464.jpeg,/DATA5/prabhakar/telecom/extracted_images/images/image_464.jpeg,True,44521,
465,/data/all_images/image_465.png,/DATA5/prabhakar/telecom/extracted_images/images/image_465.png,True,34518,
466,/data/all_images/image_466.jpeg,/DATA5/prabhakar/telecom/extracted_images/images/image_466.jpeg,True,26126,
467,/data/all_images/image_467.jpeg,/DATA5/prabhakar/telecom/extracted_images/images/image_467.jpeg,True,26823,
468,/data/all_images/image_468.jpeg,/DATA5/prabhakar/telecom/extracted_images/images/image_468.jpeg,True,60946,
469,/data/all_images/image_469.jpeg,/DATA5/prabhakar/telecom/extracted_images/images/image_469.jpeg,True,57337,
470,/data/all_images/image_470.jpeg,/DATA5/prabhakar/telecom/extracted_images/images/image_470.jpeg,True,34917,
471,/data/all_images/image_471.jpeg,/DATA5/prabhakar/telecom/extracted_images/images/image_471.jpeg,True,88247,
472,/data/all_images/image_472.jpeg,/DATA5/prabhakar/telecom/extracted_images/images/image_472.jpeg,True,58166,
473,/data/all_images/image_473.jpeg,/DATA5/prabhakar/telecom/extracted_images/images/image_473.jpeg,True,48219,
474,/data/all_images/image_474.png,/DATA5/prabhakar/telecom/extracted_images/images/image_474.png,True,50836,
475,/data/all_images/image_475.png,/DATA5/prabhakar/telecom/extracted_images/images/image_475.png,True,48046,
476,/data/all_images/image_476.png,/DATA5/prabhakar/telecom/extracted_images/images/image_476.png,True,47838,
477,/data/all_images/image_477.jpeg,/DATA5/prabhakar/telecom/extracted_images/images/image_477.jpeg,True,21687,
478,/data/all_images/image_478.jpeg,/DATA5/prabhakar/telecom/extracted_images/images/image_478.jpeg,True,26503,
479,/data/all_images/image_479.jpeg,/DATA5/prabhakar/telecom/extracted_images/images/image_479.jpeg,True,53853,
480,/data/all_images/image_480.jpeg,/DATA5/prabhakar/telecom/extracted_images/images/image_480.jpeg,True,23470,
481,/data/all_images/image_481.jpeg,/DATA5/prabhakar/telecom/extracted_images/images/image_481.jpeg,True,73907,
482,/data/all_images/image_482.jpeg,/DATA5/prabhakar/telecom/extracted_images/images/image_482.jpeg,True,81047,
483,/data/all_images/image_483.jpeg,/DATA5/prabhakar/telecom/extracted_images/images/image_483.jpeg,True,20501,
484,/data/all_images/image_484.jpeg,/DATA5/prabhakar/telecom/extracted_images/images/image_484.jpeg,True,61457,
485,/data/all_images/image_485.jpeg,/DATA5/prabhakar/telecom/extracted_images/images/image_485.jpeg,True,34031,
486,/data/all_images/image_486.jpeg,/DATA5/prabhakar/telecom/extracted_images/images/image_486.jpeg,True,51732,
487,/data/all_images/image_487.jpeg,/DATA5/prabhakar/telecom/extracted_images/images/image_487.jpeg,True,34727,
488,/data/all_images/image_488.jpeg,/DATA5/prabhakar/telecom/extracted_images/images/image_488.jpeg,True,45713,
489,/data/all_images/image_489.jpeg,/DATA5/prabhakar/telecom/extracted_images/images/image_489.jpeg,True,27309,
490,/data/all_images/image_490.jpeg,/DATA5/prabhakar/telecom/extracted_images/images/image_490.jpeg,True,38905,
491,/data/all_images/image_491.jpeg,/DATA5/prabhakar/telecom/extracted_images/images/image_491.jpeg,True,49438,
492,/data/all_images/image_492.jpeg,/DATA5/prabhakar/telecom/extracted_images/images/image_492.jpeg,True,28504,
493,/data/all_images/image_493.jpeg,/DATA5/prabhakar/telecom/extracted_images/images/image_493.jpeg,True,26265,
494,/data/all_images/image_494.jpeg,/DATA5/prabhakar/telecom/extracted_images/images/image_494.jpeg,True,27617,
495,/data/all_images/image_495.jpeg,/DATA5/prabhakar/telecom/extracted_images/images/image_495.jpeg,True,20567,
496,/data/all_images/image_496.jpeg,/DATA5/prabhakar/telecom/extracted_images/images/image_496.jpeg,True,30490,
497,/data/all_images/image_497.jpeg,/DATA5/prabhakar/telecom/extracted_images/images/image_497.jpeg,True,29442,
498,/data/all_images/image_498.png,/DATA5/prabhakar/telecom/extracted_images/images/image_498.png,True,23910,
499,/data/all_images/image_499.jpeg,/DATA5/prabhakar/telecom/extracted_images/images/image_499.jpeg,True,44524,
500,/data/all_images/image_500.jpeg,/DATA5/prabhakar/telecom/extracted_images/images/image_500.jpeg,True,38312,
501,/data/all_images/image_501.jpeg,/DATA5/prabhakar/telecom/extracted_images/images/image_501.jpeg,True,27332,
502,/data/all_images/image_502.jpeg,/DATA5/prabhakar/telecom/extracted_images/images/image_502.jpeg,True,26431,
503,/data/all_images/image_503.jpeg,/DATA5/prabhakar/telecom/extracted_images/images/image_503.jpeg,True,61444,
504,/data/all_images/image_504.jpeg,/DATA5/prabhakar/telecom/extracted_images/images/image_504.jpeg,True,21097,
505,/data/all_images/image_505.jpeg,/DATA5/prabhakar/telecom/extracted_images/images/image_505.jpeg,True,34765,
506,/data/all_images/image_506.jpeg,/DATA5/prabhakar/telecom/extracted_images/images/image_506.jpeg,True,30390,
507,/data/all_images/image_507.jpeg,/DATA5/prabhakar/telecom/extracted_images/images/image_507.jpeg,True,25641,
508,/data/all_images/image_508.jpeg,/DATA5/prabhakar/telecom/extracted_images/images/image_508.jpeg,True,55125,
509,/data/all_images/image_509.png,/DATA5/prabhakar/telecom/extracted_images/images/image_509.png,True,30752,
510,/data/all_images/image_510.jpeg,/DATA5/prabhakar/telecom/extracted_images/images/image_510.jpeg,True,23242,
511,/data/all_images/image_511.png,/DATA5/prabhakar/telecom/extracted_images/images/image_511.png,True,27336,
512,/data/all_images/image_512.jpeg,/DATA5/prabhakar/telecom/extracted_images/images/image_512.jpeg,True,28653,
513,/data/all_images/image_513.jpeg,/DATA5/prabhakar/telecom/extracted_images/images/image_513.jpeg,True,25641,
514,/data/all_images/image_514.jpeg,/DATA5/prabhakar/telecom/extracted_images/images/image_514.jpeg,True,27827,
515,/data/all_images/image_515.png,/DATA5/prabhakar/telecom/extracted_images/images/image_515.png,True,29974,
516,/data/all_images/image_516.png,/DATA5/prabhakar/telecom/extracted_images/images/image_516.png,True,53729,
517,/data/all_images/image_517.jpeg,/DATA5/prabhakar/telecom/extracted_images/images/image_517.jpeg,True,27747,
518,/data/all_images/image_518.png,/DATA5/prabhakar/telecom/extracted_images/images/image_518.png,True,20877,
519,/data/all_images/image_519.jpeg,/DATA5/prabhakar/telecom/extracted_images/images/image_519.jpeg,True,28762,
520,/data/all_images/image_520.jpeg,/DATA5/prabhakar/telecom/extracted_images/images/image_520.jpeg,True,40383,
521,/data/all_images/image_521.jpeg,/DATA5/prabhakar/telecom/extracted_images/images/image_521.jpeg,True,54843,
522,/data/all_images/image_522.png,/DATA5/prabhakar/telecom/extracted_images/images/image_522.png,True,24234,
523,/data/all_images/image_523.jpeg,/DATA5/prabhakar/telecom/extracted_images/images/image_523.jpeg,True,23504,
524,/data/all_images/image_524.jpeg,/DATA5/prabhakar/telecom/extracted_images/images/image_524.jpeg,True,60506,
525,/data/all_images/image_525.jpeg,/DATA5/prabhakar/telecom/extracted_images/images/image_525.jpeg,True,60506,
526,/data/all_images/image_526.png,/DATA5/prabhakar/telecom/extracted_images/images/image_526.png,True,25110,
527,/data/all_images/image_527.jpeg,/DATA5/prabhakar/telecom/extracted_images/images/image_527.jpeg,True,65416,
528,/data/all_images/image_528.jpeg,/DATA5/prabhakar/telecom/extracted_images/images/image_528.jpeg,True,67533,
529,/data/all_images/image_529.png,/DATA5/prabhakar/telecom/extracted_images/images/image_529.png,True,32373,
530,/data/all_images/image_530.png,/DATA5/prabhakar/telecom/extracted_images/images/image_530.png,True,34357,
531,/data/all_images/image_531.jpeg,/DATA5/prabhakar/telecom/extracted_images/images/image_531.jpeg,True,57216,
532,/data/all_images/image_532.jpeg,/DATA5/prabhakar/telecom/extracted_images/images/image_532.jpeg,True,44797,
533,/data/all_images/image_533.png,/DATA5/prabhakar/telecom/extracted_images/images/image_533.png,True,27335,
534,/data/all_images/image_534.png,/DATA5/prabhakar/telecom/extracted_images/images/image_534.png,True,27370,
535,/data/all_images/image_535.jpeg,/DATA5/prabhakar/telecom/extracted_images/images/image_535.jpeg,True,26613,
536,/data/all_images/image_536.jpeg,/DATA5/prabhakar/telecom/extracted_images/images/image_536.jpeg,True,27237,
537,/data/all_images/image_537.png,/DATA5/prabhakar/telecom/extracted_images/images/image_537.png,True,41675,
538,/data/all_images/image_538.jpeg,/DATA5/prabhakar/telecom/extracted_images/images/image_538.jpeg,True,62044,
539,/data/all_images/image_539.jpeg,/DATA5/prabhakar/telecom/extracted_images/images/image_539.jpeg,True,62044,
540,/data/all_images/image_540.jpeg,/DATA5/prabhakar/telecom/extracted_images/images/image_540.jpeg,True,66754,
541,/data/all_images/image_541.jpeg,/DATA5/prabhakar/telecom/extracted_images/images/image_541.jpeg,True,65035,
542,/data/all_images/image_542.jpeg,/DATA5/prabhakar/telecom/extracted_images/images/image_542.jpeg,True,32373,
543,/data/all_images/image_543.jpeg,/DATA5/prabhakar/telecom/extracted_images/images/image_543.jpeg,True,29564,
544,/data/all_images/image_544.jpeg,/DATA5/prabhakar/telecom/extracted_images/images/image_544.jpeg,True,21119,
545,/data/all_images/image_545.png,/DATA5/prabhakar/telecom/extracted_images/images/image_545.png,True,25718,
546,/data/all_images/image_546.png,/DATA5/prabhakar/telecom/extracted_images/images/image_546.png,True,25735,
547,/data/all_images/image_547.jpeg,/DATA5/prabhakar/telecom/extracted_images/images/image_547.jpeg,True,23197,
548,/data/all_images/image_548.jpeg,/DATA5/prabhakar/telecom/extracted_images/images/image_548.jpeg,True,23857,
549,/data/all_images/image_549.jpeg,/DATA5/prabhakar/telecom/extracted_images/images/image_549.jpeg,True,28361,
550,/data/all_images/image_550.jpeg,/DATA5/prabhakar/telecom/extracted_images/images/image_550.jpeg,True,21097,
551,/data/all_images/image_551.jpeg,/DATA5/prabhakar/telecom/extracted_images/images/image_551.jpeg,True,20815,
552,/data/all_images/image_552.jpeg,/DATA5/prabhakar/telecom/extracted_images/images/image_552.jpeg,True,39949,
553,/data/all_images/image_553.jpeg,/DATA5/prabhakar/telecom/extracted_images/images/image_553.jpeg,True,50302,
554,/data/all_images/image_554.jpeg,/DATA5/prabhakar/telecom/extracted_images/images/image_554.jpeg,True,40016,
555,/data/all_images/image_555.jpeg,/DATA5/prabhakar/telecom/extracted_images/images/image_555.jpeg,True,24633,
556,/data/all_images/image_556.jpeg,/DATA5/prabhakar/telecom/extracted_images/images/image_556.jpeg,True,24444,
557,/data/all_images/image_557.jpeg,/DATA5/prabhakar/telecom/extracted_images/images/image_557.jpeg,True,27545,
558,/data/all_images/image_558.jpeg,/DATA5/prabhakar/telecom/extracted_images/images/image_558.jpeg,True,57531,
559,/data/all_images/image_559.jpeg,/DATA5/prabhakar/telecom/extracted_images/images/image_559.jpeg,True,27753,
560,/data/all_images/image_560.jpeg,/DATA5/prabhakar/telecom/extracted_images/images/image_560.jpeg,True,57674,
561,/data/all_images/image_561.jpeg,/DATA5/prabhakar/telecom/extracted_images/images/image_561.jpeg,True,35431,
562,/data/all_images/image_562.jpeg,/DATA5/prabhakar/telecom/extracted_images/images/image_562.jpeg,True,26214,
563,/data/all_images/image_563.jpeg,/DATA5/prabhakar/telecom/extracted_images/images/image_563.jpeg,True,25677,
564,/data/all_images/image_564.jpeg,/DATA5/prabhakar/telecom/extracted_images/images/image_564.jpeg,True,36045,
565,/data/all_images/image_565.jpeg,/DATA5/prabhakar/telecom/extracted_images/images/image_565.jpeg,True,25373,
566,/data/all_images/image_566.jpeg,/DATA5/prabhakar/telecom/extracted_images/images/image_566.jpeg,True,23146,
567,/data/all_images/image_567.jpeg,/DATA5/prabhakar/telecom/extracted_images/images/image_567.jpeg,True,23421,
568,/data/all_images/image_568.jpeg,/DATA5/prabhakar/telecom/extracted_images/images/image_568.jpeg,True,46890,
569,/data/all_images/image_569.jpeg,/DATA5/prabhakar/telecom/extracted_images/images/image_569.jpeg,True,47216,
570,/data/all_images/image_570.jpeg,/DATA5/prabhakar/telecom/extracted_images/images/image_570.jpeg,True,63172,
571,/data/all_images/image_571.jpeg,/DATA5/prabhakar/telecom/extracted_images/images/image_571.jpeg,True,65191,
572,/data/all_images/image_572.jpeg,/DATA5/prabhakar/telecom/extracted_images/images/image_572.jpeg,True,30522,
573,/data/all_images/image_573.jpeg,/DATA5/prabhakar/telecom/extracted_images/images/image_573.jpeg,True,30006,
574,/data/all_images/image_574.jpeg,/DATA5/prabhakar/telecom/extracted_images/images/image_574.jpeg,True,62193,
575,/data/all_images/image_575.jpeg,/DATA5/prabhakar/telecom/extracted_images/images/image_575.jpeg,True,60652,
576,/data/all_images/image_576.jpeg,/DATA5/prabhakar/telecom/extracted_images/images/image_576.jpeg,True,44061,
577,/data/all_images/image_577.jpeg,/DATA5/prabhakar/telecom/extracted_images/images/image_577.jpeg,True,63200,
578,/data/all_images/image_578.jpeg,/DATA5/prabhakar/telecom/extracted_images/images/image_578.jpeg,True,32923,
579,/data/all_images/image_579.jpeg,/DATA5/prabhakar/telecom/extracted_images/images/image_579.jpeg,True,35159,
580,/data/all_images/image_580.jpeg,/DATA5/prabhakar/telecom/extracted_images/images/image_580.jpeg,True,23523,
581,/data/all_images/image_581.jpeg,/DATA5/prabhakar/telecom/extracted_images/images/image_581.jpeg,True,24492,
582,/data/all_images/image_582.png,/DATA5/prabhakar/telecom/extracted_images/images/image_582.png,True,29002,
583,/data/all_images/image_583.jpeg,/DATA5/prabhakar/telecom/extracted_images/images/image_583.jpeg,True,38836,
584,/data/all_images/image_584.jpeg,/DATA5/prabhakar/telecom/extracted_images/images/image_584.jpeg,True,37460,
585,/data/all_images/image_585.jpeg,/DATA5/prabhakar/telecom/extracted_images/images/image_585.jpeg,True,44287,
586,/data/all_images/image_586.jpeg,/DATA5/prabhakar/telecom/extracted_images/images/image_586.jpeg,True,30664,
587,/data/all_images/image_587.jpeg,/DATA5/prabhakar/telecom/extracted_images/images/image_587.jpeg,True,27138,
588,/data/all_images/image_588.jpeg,/DATA5/prabhakar/telecom/extracted_images/images/image_588.jpeg,True,60500,
589,/data/all_images/image_589.jpeg,/DATA5/prabhakar/telecom/extracted_images/images/image_589.jpeg,True,72067,
590,/data/all_images/image_590.jpeg,/DATA5/prabhakar/telecom/extracted_images/images/image_590.jpeg,True,64950,
591,/data/all_images/image_591.jpeg,/DATA5/prabhakar/telecom/extracted_images/images/image_591.jpeg,True,55125,
592,/data/all_images/image_592.jpeg,/DATA5/prabhakar/telecom/extracted_images/images/image_592.jpeg,True,27113,
593,/data/all_images/image_593.jpeg,/DATA5/prabhakar/telecom/extracted_images/images/image_593.jpeg,True,30124,
594,/data/all_images/image_594.jpeg,/DATA5/prabhakar/telecom/extracted_images/images/image_594.jpeg,True,23242,
595,/data/all_images/image_595.jpeg,/DATA5/prabhakar/telecom/extracted_images/images/image_595.jpeg,True,57145,
596,/data/all_images/image_596.jpeg,/DATA5/prabhakar/telecom/extracted_images/images/image_596.jpeg,True,62212,
597,/data/all_images/image_597.jpeg,/DATA5/prabhakar/telecom/extracted_images/images/image_597.jpeg,True,118862,
598,/data/all_images/image_598.jpeg,/DATA5/prabhakar/telecom/extracted_images/images/image_598.jpeg,True,132821,
599,/data/all_images/image_599.jpeg,/DATA5/prabhakar/telecom/extracted_images/images/image_599.jpeg,True,126522,
600,/data/all_images/image_600.png,/DATA5/prabhakar/telecom/extracted_images/images/image_600.png,True,48438,
601,/data/all_images/image_601.png,/DATA5/prabhakar/telecom/extracted_images/images/image_601.png,True,54945,
602,/data/all_images/image_602.png,/DATA5/prabhakar/telecom/extracted_images/images/image_602.png,True,47962,
603,/data/all_images/image_603.png,/DATA5/prabhakar/telecom/extracted_images/images/image_603.png,True,54695,
604,/data/all_images/image_604.jpeg,/DATA5/prabhakar/telecom/extracted_images/images/image_604.jpeg,True,33662,
605,/data/all_images/image_605.jpeg,/DATA5/prabhakar/telecom/extracted_images/images/image_605.jpeg,True,43720,
606,/data/all_images/image_606.jpeg,/DATA5/prabhakar/telecom/extracted_images/images/image_606.jpeg,True,70931,
607,/data/all_images/image_607.png,/DATA5/prabhakar/telecom/extracted_images/images/image_607.png,True,52626,
608,/data/all_images/image_608.png,/DATA5/prabhakar/telecom/extracted_images/images/image_608.png,True,43419,
609,/data/all_images/image_609.png,/DATA5/prabhakar/telecom/extracted_images/images/image_609.png,True,52088,
610,/data/all_images/image_610.png,/DATA5/prabhakar/telecom/extracted_images/images/image_610.png,True,50506,
611,/data/all_images/image_611.png,/DATA5/prabhakar/telecom/extracted_images/images/image_611.png,True,55409,
612,/data/all_images/image_612.png,/DATA5/prabhakar/telecom/extracted_images/images/image_612.png,True,50534,
613,/data/all_images/image_613.png,/DATA5/prabhakar/telecom/extracted_images/images/image_613.png,True,55444,
614,/data/all_images/image_614.jpeg,/DATA5/prabhakar/telecom/extracted_images/images/image_614.jpeg,True,28799,
615,/data/all_images/image_615.jpeg,/DATA5/prabhakar/telecom/extracted_images/images/image_615.jpeg,True,29878,
616,/data/all_images/image_616.png,/DATA5/prabhakar/telecom/extracted_images/images/image_616.png,True,40450,
617,/data/all_images/image_617.png,/DATA5/prabhakar/telecom/extracted_images/images/image_617.png,True,48426,
618,/data/all_images/image_618.png,/DATA5/prabhakar/telecom/extracted_images/images/image_618.png,True,39908,
619,/data/all_images/image_619.png,/DATA5/prabhakar/telecom/extracted_images/images/image_619.png,True,48398,
620,/data/all_images/image_620.png,/DATA5/prabhakar/telecom/extracted_images/images/image_620.png,True,39669,
621,/data/all_images/image_621.png,/DATA5/prabhakar/telecom/extracted_images/images/image_621.png,True,40633,
622,/data/all_images/image_622.png,/DATA5/prabhakar/telecom/extracted_images/images/image_622.png,True,39862,
623,/data/all_images/image_623.png,/DATA5/prabhakar/telecom/extracted_images/images/image_623.png,True,40282,
624,/data/all_images/image_624.jpeg,/DATA5/prabhakar/telecom/extracted_images/images/image_624.jpeg,True,62582,
625,/data/all_images/image_625.jpeg,/DATA5/prabhakar/telecom/extracted_images/images/image_625.jpeg,True,138203,
626,/data/all_images/image_626.jpeg,/DATA5/prabhakar/telecom/extracted_images/images/image_626.jpeg,True,81206,
627,/data/all_images/image_627.png,/DATA5/prabhakar/telecom/extracted_images/images/image_627.png,True,75269,
628,/data/all_images/image_628.png,/DATA5/prabhakar/telecom/extracted_images/images/image_628.png,True,77217,
629,/data/all_images/image_629.png,/DATA5/prabhakar/telecom/extracted_images/images/image_629.png,True,39924,
630,/data/all_images/image_630.png,/DATA5/prabhakar/telecom/extracted_images/images/image_630.png,True,36234,
631,/data/all_images/image_631.png,/DATA5/prabhakar/telecom/extracted_images/images/image_631.png,True,31251,
632,/data/all_images/image_632.png,/DATA5/prabhakar/telecom/extracted_images/images/image_632.png,True,32403,
633,/data/all_images/image_633.png,/DATA5/prabhakar/telecom/extracted_images/images/image_633.png,True,78679,
634,/data/all_images/image_634.jpeg,/DATA5/prabhakar/telecom/extracted_images/images/image_634.jpeg,True,49773,
635,/data/all_images/image_635.jpeg,/DATA5/prabhakar/telecom/extracted_images/images/image_635.jpeg,True,32569,
636,/data/all_images/image_636.jpeg,/DATA5/prabhakar/telecom/extracted_images/images/image_636.jpeg,True,32904,
637,/data/all_images/image_637.jpeg,/DATA5/prabhakar/telecom/extracted_images/images/image_637.jpeg,True,35874,
638,/data/all_images/image_638.jpeg,/DATA5/prabhakar/telecom/extracted_images/images/image_638.jpeg,True,46737,
639,/data/all_images/image_639.jpeg,/DATA5/prabhakar/telecom/extracted_images/images/image_639.jpeg,True,25424,
640,/data/all_images/image_640.jpeg,/DATA5/prabhakar/telecom/extracted_images/images/image_640.jpeg,True,25477,
641,/data/all_images/image_641.jpeg,/DATA5/prabhakar/telecom/extracted_images/images/image_641.jpeg,True,23129,
642,/data/all_images/image_642.jpeg,/DATA5/prabhakar/telecom/extracted_images/images/image_642.jpeg,True,23632,
643,/data/all_images/image_643.png,/DATA5/prabhakar/telecom/extracted_images/images/image_643.png,True,25764,
644,/data/all_images/image_644.png,/DATA5/prabhakar/telecom/extracted_images/images/image_644.png,True,39207,
645,/data/all_images/image_645.jpeg,/DATA5/prabhakar/telecom/extracted_images/images/image_645.jpeg,True,76994,
646,/data/all_images/image_646.jpeg,/DATA5/prabhakar/telecom/extracted_images/images/image_646.jpeg,True,78383,
647,/data/all_images/image_647.png,/DATA5/prabhakar/telecom/extracted_images/images/image_647.png,True,58205,
648,/data/all_images/image_648.png,/DATA5/prabhakar/telecom/extracted_images/images/image_648.png,True,23446,
649,/data/all_images/image_649.jpeg,/DATA5/prabhakar/telecom/extracted_images/images/image_649.jpeg,True,33560,
650,/data/all_images/image_650.jpeg,/DATA5/prabhakar/telecom/extracted_images/images/image_650.jpeg,True,36014,
651,/data/all_images/image_651.jpeg,/DATA5/prabhakar/telecom/extracted_images/images/image_651.jpeg,True,53463,
652,/data/all_images/image_652.png,/DATA5/prabhakar/telecom/extracted_images/images/image_652.png,True,52678,
653,/data/all_images/image_653.png,/DATA5/prabhakar/telecom/extracted_images/images/image_653.png,True,45272,
654,/data/all_images/image_654.jpeg,/DATA5/prabhakar/telecom/extracted_images/images/image_654.jpeg,True,30606,
655,/data/all_images/image_655.jpeg,/DATA5/prabhakar/telecom/extracted_images/images/image_655.jpeg,True,30353,
656,/data/all_images/image_656.jpeg,/DATA5/prabhakar/telecom/extracted_images/images/image_656.jpeg,True,32445,
657,/data/all_images/image_657.jpeg,/DATA5/prabhakar/telecom/extracted_images/images/image_657.jpeg,True,57530,
658,/data/all_images/image_658.jpeg,/DATA5/prabhakar/telecom/extracted_images/images/image_658.jpeg,True,55466,
659,/data/all_images/image_659.jpeg,/DATA5/prabhakar/telecom/extracted_images/images/image_659.jpeg,True,54612,
660,/data/all_images/image_660.png,/DATA5/prabhakar/telecom/extracted_images/images/image_660.png,True,50845,
661,/data/all_images/image_661.png,/DATA5/prabhakar/telecom/extracted_images/images/image_661.png,True,56033,
662,/data/all_images/image_662.jpeg,/DATA5/prabhakar/telecom/extracted_images/images/image_662.jpeg,True,44303,
663,/data/all_images/image_663.jpeg,/DATA5/prabhakar/telecom/extracted_images/images/image_663.jpeg,True,57933,
664,/data/all_images/image_664.jpeg,/DATA5/prabhakar/telecom/extracted_images/images/image_664.jpeg,True,27873,
665,/data/all_images/image_665.jpeg,/DATA5/prabhakar/telecom/extracted_images/images/image_665.jpeg,True,117571,
666,/data/all_images/image_666.jpeg,/DATA5/prabhakar/telecom/extracted_images/images/image_666.jpeg,True,156657,
667,/data/all_images/image_667.png,/DATA5/prabhakar/telecom/extracted_images/images/image_667.png,True,24448,
668,/data/all_images/image_668.png,/DATA5/prabhakar/telecom/extracted_images/images/image_668.png,True,46679,
669,/data/all_images/image_669.jpeg,/DATA5/prabhakar/telecom/extracted_images/images/image_669.jpeg,True,64259,
670,/data/all_images/image_670.jpeg,/DATA5/prabhakar/telecom/extracted_images/images/image_670.jpeg,True,57933,
671,/data/all_images/image_671.jpeg,/DATA5/prabhakar/telecom/extracted_images/images/image_671.jpeg,True,118586,
672,/data/all_images/image_672.jpeg,/DATA5/prabhakar/telecom/extracted_images/images/image_672.jpeg,True,54021,
673,/data/all_images/image_673.jpeg,/DATA5/prabhakar/telecom/extracted_images/images/image_673.jpeg,True,50646,
674,/data/all_images/image_674.jpeg,/DATA5/prabhakar/telecom/extracted_images/images/image_674.jpeg,True,89896,
675,/data/all_images/image_675.jpeg,/DATA5/prabhakar/telecom/extracted_images/images/image_675.jpeg,True,75388,
676,/data/all_images/image_676.jpeg,/DATA5/prabhakar/telecom/extracted_images/images/image_676.jpeg,True,66258,
677,/data/all_images/image_677.png,/DATA5/prabhakar/telecom/extracted_images/images/image_677.png,True,23433,
678,/data/all_images/image_678.png,/DATA5/prabhakar/telecom/extracted_images/images/image_678.png,True,35552,
679,/data/all_images/image_679.jpeg,/DATA5/prabhakar/telecom/extracted_images/images/image_679.jpeg,True,145357,
680,/data/all_images/image_680.jpeg,/DATA5/prabhakar/telecom/extracted_images/images/image_680.jpeg,True,152639,
681,/data/all_images/image_681.png,/DATA5/prabhakar/telecom/extracted_images/images/image_681.png,True,85666,
682,/data/all_images/image_682.jpeg,/DATA5/prabhakar/telecom/extracted_images/images/image_682.jpeg,True,35063,
683,/data/all_images/image_683.jpeg,/DATA5/prabhakar/telecom/extracted_images/images/image_683.jpeg,True,31054,
684,/data/all_images/image_684.jpeg,/DATA5/prabhakar/telecom/extracted_images/images/image_684.jpeg,True,42045,
685,/data/all_images/image_685.jpeg,/DATA5/prabhakar/telecom/extracted_images/images/image_685.jpeg,True,41374,
686,/data/all_images/image_686.jpeg,/DATA5/prabhakar/telecom/extracted_images/images/image_686.jpeg,True,104204,
687,/data/all_images/image_687.jpeg,/DATA5/prabhakar/telecom/extracted_images/images/image_687.jpeg,True,33154,
688,/data/all_images/image_688.jpeg,/DATA5/prabhakar/telecom/extracted_images/images/image_688.jpeg,True,26664,
689,/data/all_images/image_689.jpeg,/DATA5/prabhakar/telecom/extracted_images/images/image_689.jpeg,True,55732,
690,/data/all_images/image_690.jpeg,/DATA5/prabhakar/telecom/extracted_images/images/image_690.jpeg,True,47656,
691,/data/all_images/image_691.png,/DATA5/prabhakar/telecom/extracted_images/images/image_691.png,True,66397,
692,/data/all_images/image_692.jpeg,/DATA5/prabhakar/telecom/extracted_images/images/image_692.jpeg,True,21468,
693,/data/all_images/image_693.jpeg,/DATA5/prabhakar/telecom/extracted_images/images/image_693.jpeg,True,20591,
694,/data/all_images/image_694.png,/DATA5/prabhakar/telecom/extracted_images/images/image_694.png,True,63500,
695,/data/all_images/image_695.png,/DATA5/prabhakar/telecom/extracted_images/images/image_695.png,True,64057,
696,/data/all_images/image_696.jpeg,/DATA5/prabhakar/telecom/extracted_images/images/image_696.jpeg,True,98640,
697,/data/all_images/image_697.jpeg,/DATA5/prabhakar/telecom/extracted_images/images/image_697.jpeg,True,52404,
698,/data/all_images/image_698.jpeg,/DATA5/prabhakar/telecom/extracted_images/images/image_698.jpeg,True,59642,
699,/data/all_images/image_699.jpeg,/DATA5/prabhakar/telecom/extracted_images/images/image_699.jpeg,True,53917,
700,/data/all_images/image_700.jpeg,/DATA5/prabhakar/telecom/extracted_images/images/image_700.jpeg,True,56006,
701,/data/all_images/image_701.jpeg,/DATA5/prabhakar/telecom/extracted_images/images/image_701.jpeg,True,47729,
702,/data/all_images/image_702.png,/DATA5/prabhakar/telecom/extracted_images/images/image_702.png,True,54141,
703,/data/all_images/image_703.jpeg,/DATA5/prabhakar/telecom/extracted_images/images/image_703.jpeg,True,43483,
704,/data/all_images/image_704.jpeg,/DATA5/prabhakar/telecom/extracted_images/images/image_704.jpeg,True,41749,
705,/data/all_images/image_705.jpeg,/DATA5/prabhakar/telecom/extracted_images/images/image_705.jpeg,True,31442,
706,/data/all_images/image_706.jpeg,/DATA5/prabhakar/telecom/extracted_images/images/image_706.jpeg,True,34831,
707,/data/all_images/image_707.png,/DATA5/prabhakar/telecom/extracted_images/images/image_707.png,True,32263,
708,/data/all_images/image_708.png,/DATA5/prabhakar/telecom/extracted_images/images/image_708.png,True,39107,
709,/data/all_images/image_709.png,/DATA5/prabhakar/telecom/extracted_images/images/image_709.png,True,33759,
710,/data/all_images/image_710.png,/DATA5/prabhakar/telecom/extracted_images/images/image_710.png,True,34108,
711,/data/all_images/image_711.jpeg,/DATA5/prabhakar/telecom/extracted_images/images/image_711.jpeg,True,37918,
712,/data/all_images/image_712.png,/DATA5/prabhakar/telecom/extracted_images/images/image_712.png,True,25443,
713,/data/all_images/image_713.png,/DATA5/prabhakar/telecom/extracted_images/images/image_713.png,True,25718,
714,/data/all_images/image_714.png,/DATA5/prabhakar/telecom/extracted_images/images/image_714.png,True,31195,
715,/data/all_images/image_715.png,/DATA5/prabhakar/telecom/extracted_images/images/image_715.png,True,36458,
716,/data/all_images/image_716.png,/DATA5/prabhakar/telecom/extracted_images/images/image_716.png,True,43270,
717,/data/all_images/image_717.png,/DATA5/prabhakar/telecom/extracted_images/images/image_717.png,True,37218,
718,/data/all_images/image_718.png,/DATA5/prabhakar/telecom/extracted_images/images/image_718.png,True,44106,
719,/data/all_images/image_719.png,/DATA5/prabhakar/telecom/extracted_images/images/image_719.png,True,44519,
720,/data/all_images/image_720.png,/DATA5/prabhakar/telecom/extracted_images/images/image_720.png,True,48684,
721,/data/all_images/image_721.png,/DATA5/prabhakar/telecom/extracted_images/images/image_721.png,True,36628,
722,/data/all_images/image_722.png,/DATA5/prabhakar/telecom/extracted_images/images/image_722.png,True,43618,
723,/data/all_images/image_723.png,/DATA5/prabhakar/telecom/extracted_images/images/image_723.png,True,47627,
724,/data/all_images/image_724.png,/DATA5/prabhakar/telecom/extracted_images/images/image_724.png,True,45021,
725,/data/all_images/image_725.png,/DATA5/prabhakar/telecom/extracted_images/images/image_725.png,True,28330,
726,/data/all_images/image_726.jpeg,/DATA5/prabhakar/telecom/extracted_images/images/image_726.jpeg,True,56067,
727,/data/all_images/image_727.png,/DATA5/prabhakar/telecom/extracted_images/images/image_727.png,True,49367,
728,/data/all_images/image_728.png,/DATA5/prabhakar/telecom/extracted_images/images/image_728.png,True,49957,
729,/data/all_images/image_729.jpeg,/DATA5/prabhakar/telecom/extracted_images/images/image_729.jpeg,True,73606,
730,/data/all_images/image_730.png,/DATA5/prabhakar/telecom/extracted_images/images/image_730.png,True,55895,
731,/data/all_images/image_731.jpeg,/DATA5/prabhakar/telecom/extracted_images/images/image_731.jpeg,True,29746,
732,/data/all_images/image_732.png,/DATA5/prabhakar/telecom/extracted_images/images/image_732.png,True,77334,
733,/data/all_images/image_733.png,/DATA5/prabhakar/telecom/extracted_images/images/image_733.png,True,77655,
734,/data/all_images/image_734.jpeg,/DATA5/prabhakar/telecom/extracted_images/images/image_734.jpeg,True,69547,
735,/data/all_images/image_735.png,/DATA5/prabhakar/telecom/extracted_images/images/image_735.png,True,54291,
736,/data/all_images/image_736.jpeg,/DATA5/prabhakar/telecom/extracted_images/images/image_736.jpeg,True,74593,
737,/data/all_images/image_737.jpeg,/DATA5/prabhakar/telecom/extracted_images/images/image_737.jpeg,True,50230,
738,/data/all_images/image_738.png,/DATA5/prabhakar/telecom/extracted_images/images/image_738.png,True,30117,
739,/data/all_images/image_739.png,/DATA5/prabhakar/telecom/extracted_images/images/image_739.png,True,53881,
740,/data/all_images/image_740.png,/DATA5/prabhakar/telecom/extracted_images/images/image_740.png,True,71658,
741,/data/all_images/image_741.png,/DATA5/prabhakar/telecom/extracted_images/images/image_741.png,True,73903,
742,/data/all_images/image_742.jpeg,/DATA5/prabhakar/telecom/extracted_images/images/image_742.jpeg,True,85224,
743,/data/all_images/image_743.png,/DATA5/prabhakar/telecom/extracted_images/images/image_743.png,True,57612,
744,/data/all_images/image_744.png,/DATA5/prabhakar/telecom/extracted_images/images/image_744.png,True,51144,
745,/data/all_images/image_745.png,/DATA5/prabhakar/telecom/extracted_images/images/image_745.png,True,64989,
746,/data/all_images/image_746.png,/DATA5/prabhakar/telecom/extracted_images/images/image_746.png,True,65965,
747,/data/all_images/image_747.jpeg,/DATA5/prabhakar/telecom/extracted_images/images/image_747.jpeg,True,25864,
748,/data/all_images/image_748.jpeg,/DATA5/prabhakar/telecom/extracted_images/images/image_748.jpeg,True,40446,
749,/data/all_images/image_749.jpeg,/DATA5/prabhakar/telecom/extracted_images/images/image_749.jpeg,True,61627,
750,/data/all_images/image_750.png,/DATA5/prabhakar/telecom/extracted_images/images/image_750.png,True,57734,
751,/data/all_images/image_751.png,/DATA5/prabhakar/telecom/extracted_images/images/image_751.png,True,48059,
752,/data/all_images/image_752.png,/DATA5/prabhakar/telecom/extracted_images/images/image_752.png,True,20527,
753,/data/all_images/image_753.png,/DATA5/prabhakar/telecom/extracted_images/images/image_753.png,True,25930,
754,/data/all_images/image_754.png,/DATA5/prabhakar/telecom/extracted_images/images/image_754.png,True,31479,
755,/data/all_images/image_755.jpeg,/DATA5/prabhakar/telecom/extracted_images/images/image_755.jpeg,True,25852,
756,/data/all_images/image_756.jpeg,/DATA5/prabhakar/telecom/extracted_images/images/image_756.jpeg,True,40480,
757,/data/all_images/image_757.png,/DATA5/prabhakar/telecom/extracted_images/images/image_757.png,True,37869,
758,/data/all_images/image_758.png,/DATA5/prabhakar/telecom/extracted_images/images/image_758.png,True,28525,
759,/data/all_images/image_759.jpeg,/DATA5/prabhakar/telecom/extracted_images/images/image_759.jpeg,True,68839,
760,/data/all_images/image_760.png,/DATA5/prabhakar/telecom/extracted_images/images/image_760.png,True,31837,
761,/data/all_images/image_761.jpeg,/DATA5/prabhakar/telecom/extracted_images/images/image_761.jpeg,True,68475,
762,/data/all_images/image_762.png,/DATA5/prabhakar/telecom/extracted_images/images/image_762.png,True,31931,
763,/data/all_images/image_763.png,/DATA5/prabhakar/telecom/extracted_images/images/image_763.png,True,38570,
764,/data/all_images/image_764.png,/DATA5/prabhakar/telecom/extracted_images/images/image_764.png,True,34717,
765,/data/all_images/image_765.png,/DATA5/prabhakar/telecom/extracted_images/images/image_765.png,True,23726,
766,/data/all_images/image_766.png,/DATA5/prabhakar/telecom/extracted_images/images/image_766.png,True,34261,
767,/data/all_images/image_767.png,/DATA5/prabhakar/telecom/extracted_images/images/image_767.png,True,21218,
768,/data/all_images/image_768.jpeg,/DATA5/prabhakar/telecom/extracted_images/images/image_768.jpeg,True,113853,
769,/data/all_images/image_769.png,/DATA5/prabhakar/telecom/extracted_images/images/image_769.png,True,92047,
770,/data/all_images/image_770.png,/DATA5/prabhakar/telecom/extracted_images/images/image_770.png,True,27316,
771,/data/all_images/image_771.png,/DATA5/prabhakar/telecom/extracted_images/images/image_771.png,True,27532,
772,/data/all_images/image_772.jpeg,/DATA5/prabhakar/telecom/extracted_images/images/image_772.jpeg,True,30719,
773,/data/all_images/image_773.jpeg,/DATA5/prabhakar/telecom/extracted_images/images/image_773.jpeg,True,30558,
774,/data/all_images/image_774.jpeg,/DATA5/prabhakar/telecom/extracted_images/images/image_774.jpeg,True,46873,
775,/data/all_images/image_775.jpeg,/DATA5/prabhakar/telecom/extracted_images/images/image_775.jpeg,True,74740,
776,/data/all_images/image_776.jpeg,/DATA5/prabhakar/telecom/extracted_images/images/image_776.jpeg,True,82487,
777,/data/all_images/image_777.jpeg,/DATA5/prabhakar/telecom/extracted_images/images/image_777.jpeg,True,74659,
778,/data/all_images/image_778.jpeg,/DATA5/prabhakar/telecom/extracted_images/images/image_778.jpeg,True,70363,
779,/data/all_images/image_779.jpeg,/DATA5/prabhakar/telecom/extracted_images/images/image_779.jpeg,True,27449,
780,/data/all_images/image_780.png,/DATA5/prabhakar/telecom/extracted_images/images/image_780.png,True,63095,
781,/data/all_images/image_781.png,/DATA5/prabhakar/telecom/extracted_images/images/image_781.png,True,55424,
782,/data/all_images/image_782.jpeg,/DATA5/prabhakar/telecom/extracted_images/images/image_782.jpeg,True,97117,
783,/data/all_images/image_783.jpeg,/DATA5/prabhakar/telecom/extracted_images/images/image_783.jpeg,True,76842,
784,/data/all_images/image_784.jpeg,/DATA5/prabhakar/telecom/extracted_images/images/image_784.jpeg,True,86929,
785,/data/all_images/image_785.jpeg,/DATA5/prabhakar/telecom/extracted_images/images/image_785.jpeg,True,98911,
786,/data/all_images/image_786.jpeg,/DATA5/prabhakar/telecom/extracted_images/images/image_786.jpeg,True,67262,
787,/data/all_images/image_787.jpeg,/DATA5/prabhakar/telecom/extracted_images/images/image_787.jpeg,True,50955,
788,/data/all_images/image_788.jpeg,/DATA5/prabhakar/telecom/extracted_images/images/image_788.jpeg,True,76527,
789,/data/all_images/image_789.jpeg,/DATA5/prabhakar/telecom/extracted_images/images/image_789.jpeg,True,86616,
790,/data/all_images/image_790.png,/DATA5/prabhakar/telecom/extracted_images/images/image_790.png,True,55346,
791,/data/all_images/image_791.png,/DATA5/prabhakar/telecom/extracted_images/images/image_791.png,True,62496,
792,/data/all_images/image_792.jpeg,/DATA5/prabhakar/telecom/extracted_images/images/image_792.jpeg,True,91046,
793,/data/all_images/image_793.jpeg,/DATA5/prabhakar/telecom/extracted_images/images/image_793.jpeg,True,87382,
794,/data/all_images/image_794.png,/DATA5/prabhakar/telecom/extracted_images/images/image_794.png,True,62224,
795,/data/all_images/image_795.png,/DATA5/prabhakar/telecom/extracted_images/images/image_795.png,True,63745,
796,/data/all_images/image_796.png,/DATA5/prabhakar/telecom/extracted_images/images/image_796.png,True,46728,
797,/data/all_images/image_797.jpeg,/DATA5/prabhakar/telecom/extracted_images/images/image_797.jpeg,True,91095,
798,/data/all_images/image_798.jpeg,/DATA5/prabhakar/telecom/extracted_images/images/image_798.jpeg,True,86824,
799,/data/all_images/image_799.png,/DATA5/prabhakar/telecom/extracted_images/images/image_799.png,True,66377,
800,/data/all_images/image_800.jpeg,/DATA5/prabhakar/telecom/extracted_images/images/image_800.jpeg,True,68060,
801,/data/all_images/image_801.jpeg,/DATA5/prabhakar/telecom/extracted_images/images/image_801.jpeg,True,74082,
802,/data/all_images/image_802.jpeg,/DATA5/prabhakar/telecom/extracted_images/images/image_802.jpeg,True,82649,
803,/data/all_images/image_803.png,/DATA5/prabhakar/telecom/extracted_images/images/image_803.png,True,44899,
804,/data/all_images/image_804.jpeg,/DATA5/prabhakar/telecom/extracted_images/images/image_804.jpeg,True,71720,
805,/data/all_images/image_805.jpeg,/DATA5/prabhakar/telecom/extracted_images/images/image_805.jpeg,True,83612,
806,/data/all_images/image_806.jpeg,/DATA5/prabhakar/telecom/extracted_images/images/image_806.jpeg,True,73810,
807,/data/all_images/image_807.jpeg,/DATA5/prabhakar/telecom/extracted_images/images/image_807.jpeg,True,67952,
808,/data/all_images/image_808.jpeg,/DATA5/prabhakar/telecom/extracted_images/images/image_808.jpeg,True,219246,
809,/data/all_images/image_809.png,/DATA5/prabhakar/telecom/extracted_images/images/image_809.png,True,169945,
810,/data/all_images/image_810.jpeg,/DATA5/prabhakar/telecom/extracted_images/images/image_810.jpeg,True,87649,
811,/data/all_images/image_811.jpeg,/DATA5/prabhakar/telecom/extracted_images/images/image_811.jpeg,True,28007,
812,/data/all_images/image_812.jpeg,/DATA5/prabhakar/telecom/extracted_images/images/image_812.jpeg,True,26740,
813,/data/all_images/image_813.jpeg,/DATA5/prabhakar/telecom/extracted_images/images/image_813.jpeg,True,35606,
814,/data/all_images/image_814.jpeg,/DATA5/prabhakar/telecom/extracted_images/images/image_814.jpeg,True,29323,
815,/data/all_images/image_815.png,/DATA5/prabhakar/telecom/extracted_images/images/image_815.png,True,35333,
816,/data/all_images/image_816.png,/DATA5/prabhakar/telecom/extracted_images/images/image_816.png,True,34703,
817,/data/all_images/image_817.jpeg,/DATA5/prabhakar/telecom/extracted_images/images/image_817.jpeg,True,106323,
818,/data/all_images/image_818.jpeg,/DATA5/prabhakar/telecom/extracted_images/images/image_818.jpeg,True,58071,
819,/data/all_images/image_819.jpeg,/DATA5/prabhakar/telecom/extracted_images/images/image_819.jpeg,True,21442,
820,/data/all_images/image_820.jpeg,/DATA5/prabhakar/telecom/extracted_images/images/image_820.jpeg,True,23427,
821,/data/all_images/image_821.jpeg,/DATA5/prabhakar/telecom/extracted_images/images/image_821.jpeg,True,137901,
822,/data/all_images/image_822.jpeg,/DATA5/prabhakar/telecom/extracted_images/images/image_822.jpeg,True,212573,
823,/data/all_images/image_823.jpeg,/DATA5/prabhakar/telecom/extracted_images/images/image_823.jpeg,True,38753,
824,/data/all_images/image_824.jpeg,/DATA5/prabhakar/telecom/extracted_images/images/image_824.jpeg,True,85943,
825,/data/all_images/image_825.jpeg,/DATA5/prabhakar/telecom/extracted_images/images/image_825.jpeg,True,107152,
826,/data/all_images/image_826.jpeg,/DATA5/prabhakar/telecom/extracted_images/images/image_826.jpeg,True,171752,
827,/data/all_images/image_827.jpeg,/DATA5/prabhakar/telecom/extracted_images/images/image_827.jpeg,True,55793,
828,/data/all_images/image_828.jpeg,/DATA5/prabhakar/telecom/extracted_images/images/image_828.jpeg,True,63803,
829,/data/all_images/image_829.jpeg,/DATA5/prabhakar/telecom/extracted_images/images/image_829.jpeg,True,38804,
830,/data/all_images/image_830.png,/DATA5/prabhakar/telecom/extracted_images/images/image_830.png,True,58130,
831,/data/all_images/image_831.png,/DATA5/prabhakar/telecom/extracted_images/images/image_831.png,True,35690,
832,/data/all_images/image_832.png,/DATA5/prabhakar/telecom/extracted_images/images/image_832.png,True,39114,
833,/data/all_images/image_833.png,/DATA5/prabhakar/telecom/extracted_images/images/image_833.png,True,22136,
834,/data/all_images/image_834.jpeg,/DATA5/prabhakar/telecom/extracted_images/images/image_834.jpeg,True,60528,
835,/data/all_images/image_835.jpeg,/DATA5/prabhakar/telecom/extracted_images/images/image_835.jpeg,True,61888,
836,/data/all_images/image_836.png,/DATA5/prabhakar/telecom/extracted_images/images/image_836.png,True,46109,
837,/data/all_images/image_837.png,/DATA5/prabhakar/telecom/extracted_images/images/image_837.png,True,55160,
838,/data/all_images/image_838.jpeg,/DATA5/prabhakar/telecom/extracted_images/images/image_838.jpeg,True,63604,
839,/data/all_images/image_839.jpeg,/DATA5/prabhakar/telecom/extracted_images/images/image_839.jpeg,True,61887,
840,/data/all_images/image_840.jpeg,/DATA5/prabhakar/telecom/extracted_images/images/image_840.jpeg,True,65168,
841,/data/all_images/image_841.jpeg,/DATA5/prabhakar/telecom/extracted_images/images/image_841.jpeg,True,56591,
842,/data/all_images/image_842.jpeg,/DATA5/prabhakar/telecom/extracted_images/images/image_842.jpeg,True,56586,
843,/data/all_images/image_843.jpeg,/DATA5/prabhakar/telecom/extracted_images/images/image_843.jpeg,True,35228,
844,/data/all_images/image_844.png,/DATA5/prabhakar/telecom/extracted_images/images/image_844.png,True,39629,
845,/data/all_images/image_845.png,/DATA5/prabhakar/telecom/extracted_images/images/image_845.png,True,45308,
846,/data/all_images/image_846.png,/DATA5/prabhakar/telecom/extracted_images/images/image_846.png,True,46698,
847,/data/all_images/image_847.jpeg,/DATA5/prabhakar/telecom/extracted_images/images/image_847.jpeg,True,76815,
848,/data/all_images/image_848.jpeg,/DATA5/prabhakar/telecom/extracted_images/images/image_848.jpeg,True,30403,
849,/data/all_images/image_849.jpeg,/DATA5/prabhakar/telecom/extracted_images/images/image_849.jpeg,True,62546,
850,/data/all_images/image_850.jpeg,/DATA5/prabhakar/telecom/extracted_images/images/image_850.jpeg,True,36840,
851,/data/all_images/image_851.jpeg,/DATA5/prabhakar/telecom/extracted_images/images/image_851.jpeg,True,44218,
852,/data/all_images/image_852.jpeg,/DATA5/prabhakar/telecom/extracted_images/images/image_852.jpeg,True,21320,
853,/data/all_images/image_853.jpeg,/DATA5/prabhakar/telecom/extracted_images/images/image_853.jpeg,True,35226,
854,/data/all_images/image_854.jpeg,/DATA5/prabhakar/telecom/extracted_images/images/image_854.jpeg,True,40233,
855,/data/all_images/image_855.png,/DATA5/prabhakar/telecom/extracted_images/images/image_855.png,True,43270,
856,/data/all_images/image_856.png,/DATA5/prabhakar/telecom/extracted_images/images/image_856.png,True,34595,
857,/data/all_images/image_857.png,/DATA5/prabhakar/telecom/extracted_images/images/image_857.png,True,38619,
858,/data/all_images/image_858.png,/DATA5/prabhakar/telecom/extracted_images/images/image_858.png,True,40137,
859,/data/all_images/image_859.png,/DATA5/prabhakar/telecom/extracted_images/images/image_859.png,True,38717,
860,/data/all_images/image_860.jpeg,/DATA5/prabhakar/telecom/extracted_images/images/image_860.jpeg,True,123780,
861,/data/all_images/image_861.jpeg,/DATA5/prabhakar/telecom/extracted_images/images/image_861.jpeg,True,123880,
862,/data/all_images/image_862.jpeg,/DATA5/prabhakar/telecom/extracted_images/images/image_862.jpeg,True,95527,
863,/data/all_images/image_863.png,/DATA5/prabhakar/telecom/extracted_images/images/image_863.png,True,75942,
864,/data/all_images/image_864.jpeg,/DATA5/prabhakar/telecom/extracted_images/images/image_864.jpeg,True,42565,
865,/data/all_images/image_865.jpeg,/DATA5/prabhakar/telecom/extracted_images/images/image_865.jpeg,True,41248,
866,/data/all_images/image_866.jpeg,/DATA5/prabhakar/telecom/extracted_images/images/image_866.jpeg,True,48648,
867,/data/all_images/image_867.jpeg,/DATA5/prabhakar/telecom/extracted_images/images/image_867.jpeg,True,42358,
868,/data/all_images/image_868.jpeg,/DATA5/prabhakar/telecom/extracted_images/images/image_868.jpeg,True,41798,
869,/data/all_images/image_869.jpeg,/DATA5/prabhakar/telecom/extracted_images/images/image_869.jpeg,True,30643,
870,/data/all_images/image_870.jpeg,/DATA5/prabhakar/telecom/extracted_images/images/image_870.jpeg,True,58818,
871,/data/all_images/image_871.jpeg,/DATA5/prabhakar/telecom/extracted_images/images/image_871.jpeg,True,42707,
872,/data/all_images/image_872.png,/DATA5/prabhakar/telecom/extracted_images/images/image_872.png,True,142598,
873,/data/all_images/image_873.png,/DATA5/prabhakar/telecom/extracted_images/images/image_873.png,True,75577,
874,/data/all_images/image_874.jpeg,/DATA5/prabhakar/telecom/extracted_images/images/image_874.jpeg,True,29898,
875,/data/all_images/image_875.png,/DATA5/prabhakar/telecom/extracted_images/images/image_875.png,True,48030,
876,/data/all_images/image_876.jpeg,/DATA5/prabhakar/telecom/extracted_images/images/image_876.jpeg,True,143728,
877,/data/all_images/image_877.png,/DATA5/prabhakar/telecom/extracted_images/images/image_877.png,True,27499,
878,/data/all_images/image_878.jpeg,/DATA5/prabhakar/telecom/extracted_images/images/image_878.jpeg,True,158412,
879,/data/all_images/image_879.png,/DATA5/prabhakar/telecom/extracted_images/images/image_879.png,True,40698,
880,/data/all_images/image_880.png,/DATA5/prabhakar/telecom/extracted_images/images/image_880.png,True,25414,
881,/data/all_images/image_881.png,/DATA5/prabhakar/telecom/extracted_images/images/image_881.png,True,60600,
882,/data/all_images/image_882.jpeg,/DATA5/prabhakar/telecom/extracted_images/images/image_882.jpeg,True,86707,
883,/data/all_images/image_883.jpeg,/DATA5/prabhakar/telecom/extracted_images/images/image_883.jpeg,True,48233,
884,/data/all_images/image_884.jpeg,/DATA5/prabhakar/telecom/extracted_images/images/image_884.jpeg,True,52168,
885,/data/all_images/image_885.jpeg,/DATA5/prabhakar/telecom/extracted_images/images/image_885.jpeg,True,68103,
886,/data/all_images/image_886.jpeg,/DATA5/prabhakar/telecom/extracted_images/images/image_886.jpeg,True,81829,
887,/data/all_images/image_887.png,/DATA5/prabhakar/telecom/extracted_images/images/image_887.png,True,30497,
888,/data/all_images/image_888.jpeg,/DATA5/prabhakar/telecom/extracted_images/images/image_888.jpeg,True,74097,
889,/data/all_images/image_889.jpeg,/DATA5/prabhakar/telecom/extracted_images/images/image_889.jpeg,True,42615,
890,/data/all_images/image_890.png,/DATA5/prabhakar/telecom/extracted_images/images/image_890.png,True,60289,
891,/data/all_images/image_891.jpeg,/DATA5/prabhakar/telecom/extracted_images/images/image_891.jpeg,True,69703,
892,/data/all_images/image_892.jpeg,/DATA5/prabhakar/telecom/extracted_images/images/image_892.jpeg,True,70761,
893,/data/all_images/image_893.png,/DATA5/prabhakar/telecom/extracted_images/images/image_893.png,True,24380,
894,/data/all_images/image_894.jpeg,/DATA5/prabhakar/telecom/extracted_images/images/image_894.jpeg,True,36807,
895,/data/all_images/image_895.png,/DATA5/prabhakar/telecom/extracted_images/images/image_895.png,True,22995,
896,/data/all_images/image_896.png,/DATA5/prabhakar/telecom/extracted_images/images/image_896.png,True,25411,
897,/data/all_images/image_897.jpeg,/DATA5/prabhakar/telecom/extracted_images/images/image_897.jpeg,True,40147,
898,/data/all_images/image_898.png,/DATA5/prabhakar/telecom/extracted_images/images/image_898.png,True,22689,
899,/data/all_images/image_899.png,/DATA5/prabhakar/telecom/extracted_images/images/image_899.png,True,25134,
900,/data/all_images/image_900.jpeg,/DATA5/prabhakar/telecom/extracted_images/images/image_900.jpeg,True,57480,
901,/data/all_images/image_901.png,/DATA5/prabhakar/telecom/extracted_images/images/image_901.png,True,65568,
902,/data/all_images/image_902.png,/DATA5/prabhakar/telecom/extracted_images/images/image_902.png,True,40338,
903,/data/all_images/image_903.jpeg,/DATA5/prabhakar/telecom/extracted_images/images/image_903.jpeg,True,77514,
904,/data/all_images/image_904.jpeg,/DATA5/prabhakar/telecom/extracted_images/images/image_904.jpeg,True,23427,
905,/data/all_images/image_905.jpeg,/DATA5/prabhakar/telecom/extracted_images/images/image_905.jpeg,True,21442,
906,/data/all_images/image_906.jpeg,/DATA5/prabhakar/telecom/extracted_images/images/image_906.jpeg,True,44604,
907,/data/all_images/image_907.png,/DATA5/prabhakar/telecom/extracted_images/images/image_907.png,True,63013,
908,/data/all_images/image_908.jpeg,/DATA5/prabhakar/telecom/extracted_images/images/image_908.jpeg,True,71462,
909,/data/all_images/image_909.png,/DATA5/prabhakar/telecom/extracted_images/images/image_909.png,True,51290,
910,/data/all_images/image_910.png,/DATA5/prabhakar/telecom/extracted_images/images/image_910.png,True,23815,
911,/data/all_images/image_911.jpeg,/DATA5/prabhakar/telecom/extracted_images/images/image_911.jpeg,True,20998,
912,/data/all_images/image_912.png,/DATA5/prabhakar/telecom/extracted_images/images/image_912.png,True,48403,
913,/data/all_images/image_913.png,/DATA5/prabhakar/telecom/extracted_images/images/image_913.png,True,47911,
914,/data/all_images/image_914.png,/DATA5/prabhakar/telecom/extracted_images/images/image_914.png,True,27154,
915,/data/all_images/image_915.jpeg,/DATA5/prabhakar/telecom/extracted_images/images/image_915.jpeg,True,44353,
916,/data/all_images/image_916.png,/DATA5/prabhakar/telecom/extracted_images/images/image_916.png,True,33856,
917,/data/all_images/image_917.png,/DATA5/prabhakar/telecom/extracted_images/images/image_917.png,True,37211,
918,/data/all_images/image_918.png,/DATA5/prabhakar/telecom/extracted_images/images/image_918.png,True,35659,
919,/data/all_images/image_919.jpeg,/DATA5/prabhakar/telecom/extracted_images/images/image_919.jpeg,True,44218,
920,/data/all_images/image_920.jpeg,/DATA5/prabhakar/telecom/extracted_images/images/image_920.jpeg,True,24422,
921,/data/all_images/image_921.jpeg,/DATA5/prabhakar/telecom/extracted_images/images/image_921.jpeg,True,40735,
922,/data/all_images/image_922.jpeg,/DATA5/prabhakar/telecom/extracted_images/images/image_922.jpeg,True,65829,
923,/data/all_images/image_923.jpeg,/DATA5/prabhakar/telecom/extracted_images/images/image_923.jpeg,True,32713,
924,/data/all_images/image_924.jpeg,/DATA5/prabhakar/telecom/extracted_images/images/image_924.jpeg,True,37192,
925,/data/all_images/image_925.jpeg,/DATA5/prabhakar/telecom/extracted_images/images/image_925.jpeg,True,35475,
926,/data/all_images/image_926.jpeg,/DATA5/prabhakar/telecom/extracted_images/images/image_926.jpeg,True,33012,
927,/data/all_images/image_927.jpeg,/DATA5/prabhakar/telecom/extracted_images/images/image_927.jpeg,True,53487,
928,/data/all_images/image_928.jpeg,/DATA5/prabhakar/telecom/extracted_images/images/image_928.jpeg,True,36774,
929,/data/all_images/image_929.jpeg,/DATA5/prabhakar/telecom/extracted_images/images/image_929.jpeg,True,31641,
930,/data/all_images/image_930.jpeg,/DATA5/prabhakar/telecom/extracted_images/images/image_930.jpeg,True,33909,
931,/data/all_images/image_931.jpeg,/DATA5/prabhakar/telecom/extracted_images/images/image_931.jpeg,True,35597,
932,/data/all_images/image_932.jpeg,/DATA5/prabhakar/telecom/extracted_images/images/image_932.jpeg,True,33387,
933,/data/all_images/image_933.jpeg,/DATA5/prabhakar/telecom/extracted_images/images/image_933.jpeg,True,44803,
934,/data/all_images/image_934.jpeg,/DATA5/prabhakar/telecom/extracted_images/images/image_934.jpeg,True,45416,
935,/data/all_images/image_935.png,/DATA5/prabhakar/telecom/extracted_images/images/image_935.png,True,45570,
936,/data/all_images/image_936.png,/DATA5/prabhakar/telecom/extracted_images/images/image_936.png,True,23171,
937,/data/all_images/image_937.png,/DATA5/prabhakar/telecom/extracted_images/images/image_937.png,True,26913,
938,/data/all_images/image_938.jpeg,/DATA5/prabhakar/telecom/extracted_images/images/image_938.jpeg,True,30957,
939,/data/all_images/image_939.jpeg,/DATA5/prabhakar/telecom/extracted_images/images/image_939.jpeg,True,35674,
940,/data/all_images/image_940.jpeg,/DATA5/prabhakar/telecom/extracted_images/images/image_940.jpeg,True,45069,
941,/data/all_images/image_941.jpeg,/DATA5/prabhakar/telecom/extracted_images/images/image_941.jpeg,True,31157,
942,/data/all_images/image_942.jpeg,/DATA5/prabhakar/telecom/extracted_images/images/image_942.jpeg,True,47240,
943,/data/all_images/image_943.png,/DATA5/prabhakar/telecom/extracted_images/images/image_943.png,True,22927,
944,/data/all_images/image_944.png,/DATA5/prabhakar/telecom/extracted_images/images/image_944.png,True,52471,
945,/data/all_images/image_945.png,/DATA5/prabhakar/telecom/extracted_images/images/image_945.png,True,54033,
946,/data/all_images/image_946.png,/DATA5/prabhakar/telecom/extracted_images/images/image_946.png,True,20508,
947,/data/all_images/image_947.jpeg,/DATA5/prabhakar/telecom/extracted_images/images/image_947.jpeg,True,21753,
948,/data/all_images/image_948.png,/DATA5/prabhakar/telecom/extracted_images/images/image_948.png,True,44125,
949,/data/all_images/image_949.jpeg,/DATA5/prabhakar/telecom/extracted_images/images/image_949.jpeg,True,56598,
950,/data/all_images/image_950.jpeg,/DATA5/prabhakar/telecom/extracted_images/images/image_950.jpeg,True,35594,
951,/data/all_images/image_951.jpeg,/DATA5/prabhakar/telecom/extracted_images/images/image_951.jpeg,True,34693,
952,/data/all_images/image_952.jpeg,/DATA5/prabhakar/telecom/extracted_images/images/image_952.jpeg,True,26187,
953,/data/all_images/image_953.jpeg,/DATA5/prabhakar/telecom/extracted_images/images/image_953.jpeg,True,52208,
954,/data/all_images/image_954.jpeg,/DATA5/prabhakar/telecom/extracted_images/images/image_954.jpeg,True,55549,
955,/data/all_images/image_955.jpeg,/DATA5/prabhakar/telecom/extracted_images/images/image_955.jpeg,True,26130,
956,/data/all_images/image_956.png,/DATA5/prabhakar/telecom/extracted_images/images/image_956.png,True,42183,
957,/data/all_images/image_957.png,/DATA5/prabhakar/telecom/extracted_images/images/image_957.png,True,51888,
958,/data/all_images/image_958.jpeg,/DATA5/prabhakar/telecom/extracted_images/images/image_958.jpeg,True,62015,
959,/data/all_images/image_959.jpeg,/DATA5/prabhakar/telecom/extracted_images/images/image_959.jpeg,True,48472,
960,/data/all_images/image_960.jpeg,/DATA5/prabhakar/telecom/extracted_images/images/image_960.jpeg,True,48345,
961,/data/all_images/image_961.jpeg,/DATA5/prabhakar/telecom/extracted_images/images/image_961.jpeg,True,51753,
962,/data/all_images/image_962.jpeg,/DATA5/prabhakar/telecom/extracted_images/images/image_962.jpeg,True,48000,
963,/data/all_images/image_963.jpeg,/DATA5/prabhakar/telecom/extracted_images/images/image_963.jpeg,True,32205,
964,/data/all_images/image_964.jpeg,/DATA5/prabhakar/telecom/extracted_images/images/image_964.jpeg,True,56131,
965,/data/all_images/image_965.jpeg,/DATA5/prabhakar/telecom/extracted_images/images/image_965.jpeg,True,22513,
966,/data/all_images/image_966.jpeg,/DATA5/prabhakar/telecom/extracted_images/images/image_966.jpeg,True,21386,
967,/data/all_images/image_967.jpeg,/DATA5/prabhakar/telecom/extracted_images/images/image_967.jpeg,True,29730,
968,/data/all_images/image_968.jpeg,/DATA5/prabhakar/telecom/extracted_images/images/image_968.jpeg,True,48000,
969,/data/all_images/image_969.jpeg,/DATA5/prabhakar/telecom/extracted_images/images/image_969.jpeg,True,39223,
970,/data/all_images/image_970.jpeg,/DATA5/prabhakar/telecom/extracted_images/images/image_970.jpeg,True,45703,
971,/data/all_images/image_971.jpeg,/DATA5/prabhakar/telecom/extracted_images/images/image_971.jpeg,True,26658,
972,/data/all_images/image_972.jpeg,/DATA5/prabhakar/telecom/extracted_images/images/image_972.jpeg,True,23368,
973,/data/all_images/image_973.jpeg,/DATA5/prabhakar/telecom/extracted_images/images/image_973.jpeg,True,31394,
974,/data/all_images/image_974.png,/DATA5/prabhakar/telecom/extracted_images/images/image_974.png,True,31669,
975,/data/all_images/image_975.png,/DATA5/prabhakar/telecom/extracted_images/images/image_975.png,True,75963,
976,/data/all_images/image_976.png,/DATA5/prabhakar/telecom/extracted_images/images/image_976.png,True,79211,
977,/data/all_images/image_977.png,/DATA5/prabhakar/telecom/extracted_images/images/image_977.png,True,65115,
978,/data/all_images/image_978.png,/DATA5/prabhakar/telecom/extracted_images/images/image_978.png,True,51510,
979,/data/all_images/image_979.jpeg,/DATA5/prabhakar/telecom/extracted_images/images/image_979.jpeg,True,61215,
980,/data/all_images/image_980.png,/DATA5/prabhakar/telecom/extracted_images/images/image_980.png,True,62926,
981,/data/all_images/image_981.png,/DATA5/prabhakar/telecom/extracted_images/images/image_981.png,True,56505,
982,/data/all_images/image_982.png,/DATA5/prabhakar/telecom/extracted_images/images/image_982.png,True,25751,
983,/data/all_images/image_983.png,/DATA5/prabhakar/telecom/extracted_images/images/image_983.png,True,89854,
984,/data/all_images/image_984.png,/DATA5/prabhakar/telecom/extracted_images/images/image_984.png,True,72201,
985,/data/all_images/image_985.jpeg,/DATA5/prabhakar/telecom/extracted_images/images/image_985.jpeg,True,31985,
986,/data/all_images/image_986.png,/DATA5/prabhakar/telecom/extracted_images/images/image_986.png,True,41635,
987,/data/all_images/image_987.png,/DATA5/prabhakar/telecom/extracted_images/images/image_987.png,True,69865,
988,/data/all_images/image_988.png,/DATA5/prabhakar/telecom/extracted_images/images/image_988.png,True,67523,
989,/data/all_images/image_989.jpeg,/DATA5/prabhakar/telecom/extracted_images/images/image_989.jpeg,True,93212,
990,/data/all_images/image_990.png,/DATA5/prabhakar/telecom/extracted_images/images/image_990.png,True,66593,
991,/data/all_images/image_991.jpeg,/DATA5/prabhakar/telecom/extracted_images/images/image_991.jpeg,True,71971,
992,/data/all_images/image_992.jpeg,/DATA5/prabhakar/telecom/extracted_images/images/image_992.jpeg,True,71058,
993,/data/all_images/image_993.png,/DATA5/prabhakar/telecom/extracted_images/images/image_993.png,True,64020,
994,/data/all_images/image_994.jpeg,/DATA5/prabhakar/telecom/extracted_images/images/image_994.jpeg,True,35626,
995,/data/all_images/image_995.png,/DATA5/prabhakar/telecom/extracted_images/images/image_995.png,True,69311,
996,/data/all_images/image_996.jpeg,/DATA5/prabhakar/telecom/extracted_images/images/image_996.jpeg,True,66311,
997,/data/all_images/image_997.jpeg,/DATA5/prabhakar/telecom/extracted_images/images/image_997.jpeg,True,20502,
998,/data/all_images/image_998.png,/DATA5/prabhakar/telecom/extracted_images/images/image_998.png,True,64265,
999,/data/all_images/image_999.png,/DATA5/prabhakar/telecom/extracted_images/images/image_999.png,True,64800,
1000,/data/all_images/image_1000.jpeg,/DATA5/prabhakar/telecom/extracted_images/images/image_1000.jpeg,True,20684,
1001,/data/all_images/image_1001.png,/DATA5/prabhakar/telecom/extracted_images/images/image_1001.png,True,57059,
1002,/data/all_images/image_1002.png,/DATA5/prabhakar/telecom/extracted_images/images/image_1002.png,True,25197,
1003,/data/all_images/image_1003.png,/DATA5/prabhakar/telecom/extracted_images/images/image_1003.png,True,25885,
1004,/data/all_images/image_1004.png,/DATA5/prabhakar/telecom/extracted_images/images/image_1004.png,True,22148,
1005,/data/all_images/image_1005.jpeg,/DATA5/prabhakar/telecom/extracted_images/images/image_1005.jpeg,True,21550,
1006,/data/all_images/image_1006.jpeg,/DATA5/prabhakar/telecom/extracted_images/images/image_1006.jpeg,True,42956,
1007,/data/all_images/image_1007.jpeg,/DATA5/prabhakar/telecom/extracted_images/images/image_1007.jpeg,True,24239,
1008,/data/all_images/image_1008.jpeg,/DATA5/prabhakar/telecom/extracted_images/images/image_1008.jpeg,True,35024,
1009,/data/all_images/image_1009.jpeg,/DATA5/prabhakar/telecom/extracted_images/images/image_1009.jpeg,True,45618,
1010,/data/all_images/image_1010.jpeg,/DATA5/prabhakar/telecom/extracted_images/images/image_1010.jpeg,True,24083,
1011,/data/all_images/image_1011.jpeg,/DATA5/prabhakar/telecom/extracted_images/images/image_1011.jpeg,True,24301,
1012,/data/all_images/image_1012.jpeg,/DATA5/prabhakar/telecom/extracted_images/images/image_1012.jpeg,True,55022,
1013,/data/all_images/image_1013.png,/DATA5/prabhakar/telecom/extracted_images/images/image_1013.png,True,24364,
1014,/data/all_images/image_1014.png,/DATA5/prabhakar/telecom/extracted_images/images/image_1014.png,True,28020,
1015,/data/all_images/image_1015.jpeg,/DATA5/prabhakar/telecom/extracted_images/images/image_1015.jpeg,True,33746,
1016,/data/all_images/image_1016.jpeg,/DATA5/prabhakar/telecom/extracted_images/images/image_1016.jpeg,True,32991,
1017,/data/all_images/image_1017.jpeg,/DATA5/prabhakar/telecom/extracted_images/images/image_1017.jpeg,True,21682,
1018,/data/all_images/image_1018.png,/DATA5/prabhakar/telecom/extracted_images/images/image_1018.png,True,21258,
1019,/data/all_images/image_1019.jpeg,/DATA5/prabhakar/telecom/extracted_images/images/image_1019.jpeg,True,33344,
1020,/data/all_images/image_1020.jpeg,/DATA5/prabhakar/telecom/extracted_images/images/image_1020.jpeg,True,29541,
1021,/data/all_images/image_1021.png,/DATA5/prabhakar/telecom/extracted_images/images/image_1021.png,True,21763,
1022,/data/all_images/image_1022.png,/DATA5/prabhakar/telecom/extracted_images/images/image_1022.png,True,23142,
1023,/data/all_images/image_1023.jpeg,/DATA5/prabhakar/telecom/extracted_images/images/image_1023.jpeg,True,24765,
1024,/data/all_images/image_1024.jpeg,/DATA5/prabhakar/telecom/extracted_images/images/image_1024.jpeg,True,38463,
1025,/data/all_images/image_1025.jpeg,/DATA5/prabhakar/telecom/extracted_images/images/image_1025.jpeg,True,38830,
1026,/data/all_images/image_1026.jpeg,/DATA5/prabhakar/telecom/extracted_images/images/image_1026.jpeg,True,29515,
1027,/data/all_images/image_1027.jpeg,/DATA5/prabhakar/telecom/extracted_images/images/image_1027.jpeg,True,27222,
1028,/data/all_images/image_1028.jpeg,/DATA5/prabhakar/telecom/extracted_images/images/image_1028.jpeg,True,23787,
1029,/data/all_images/image_1029.jpeg,/DATA5/prabhakar/telecom/extracted_images/images/image_1029.jpeg,True,36031,
1030,/data/all_images/image_1030.jpeg,/DATA5/prabhakar/telecom/extracted_images/images/image_1030.jpeg,True,25883,
1031,/data/all_images/image_1031.jpeg,/DATA5/prabhakar/telecom/extracted_images/images/image_1031.jpeg,True,28937,
1032,/data/all_images/image_1032.jpeg,/DATA5/prabhakar/telecom/extracted_images/images/image_1032.jpeg,True,24176,
1033,/data/all_images/image_1033.jpeg,/DATA5/prabhakar/telecom/extracted_images/images/image_1033.jpeg,True,47380,
1034,/data/all_images/image_1034.jpeg,/DATA5/prabhakar/telecom/extracted_images/images/image_1034.jpeg,True,24556,
1035,/data/all_images/image_1035.jpeg,/DATA5/prabhakar/telecom/extracted_images/images/image_1035.jpeg,True,29178,
1036,/data/all_images/image_1036.jpeg,/DATA5/prabhakar/telecom/extracted_images/images/image_1036.jpeg,True,45827,
1037,/data/all_images/image_1037.jpeg,/DATA5/prabhakar/telecom/extracted_images/images/image_1037.jpeg,True,48653,
1038,/data/all_images/image_1038.jpeg,/DATA5/prabhakar/telecom/extracted_images/images/image_1038.jpeg,True,37775,
1039,/data/all_images/image_1039.jpeg,/DATA5/prabhakar/telecom/extracted_images/images/image_1039.jpeg,True,106125,
1040,/data/all_images/image_1040.png,/DATA5/prabhakar/telecom/extracted_images/images/image_1040.png,True,50753,
1041,/data/all_images/image_1041.jpeg,/DATA5/prabhakar/telecom/extracted_images/images/image_1041.jpeg,True,22078,
1042,/data/all_images/image_1042.jpeg,/DATA5/prabhakar/telecom/extracted_images/images/image_1042.jpeg,True,50099,
1043,/data/all_images/image_1043.png,/DATA5/prabhakar/telecom/extracted_images/images/image_1043.png,True,71080,
1044,/data/all_images/image_1044.png,/DATA5/prabhakar/telecom/extracted_images/images/image_1044.png,True,53571,
1045,/data/all_images/image_1045.jpeg,/DATA5/prabhakar/telecom/extracted_images/images/image_1045.jpeg,True,85906,
1046,/data/all_images/image_1046.jpeg,/DATA5/prabhakar/telecom/extracted_images/images/image_1046.jpeg,True,47397,
1047,/data/all_images/image_1047.png,/DATA5/prabhakar/telecom/extracted_images/images/image_1047.png,True,56818,
1048,/data/all_images/image_1048.jpeg,/DATA5/prabhakar/telecom/extracted_images/images/image_1048.jpeg,True,59181,
1049,/data/all_images/image_1049.jpeg,/DATA5/prabhakar/telecom/extracted_images/images/image_1049.jpeg,True,46104,
1050,/data/all_images/image_1050.jpeg,/DATA5/prabhakar/telecom/extracted_images/images/image_1050.jpeg,True,70076,
1051,/data/all_images/image_1051.jpeg,/DATA5/prabhakar/telecom/extracted_images/images/image_1051.jpeg,True,54014,
1052,/data/all_images/image_1052.png,/DATA5/prabhakar/telecom/extracted_images/images/image_1052.png,True,26614,
1053,/data/all_images/image_1053.png,/DATA5/prabhakar/telecom/extracted_images/images/image_1053.png,True,49738,
1054,/data/all_images/image_1054.jpeg,/DATA5/prabhakar/telecom/extracted_images/images/image_1054.jpeg,True,62363,
1055,/data/all_images/image_1055.jpeg,/DATA5/prabhakar/telecom/extracted_images/images/image_1055.jpeg,True,85124,
1056,/data/all_images/image_1056.jpeg,/DATA5/prabhakar/telecom/extracted_images/images/image_1056.jpeg,True,22813,
1057,/data/all_images/image_1057.jpeg,/DATA5/prabhakar/telecom/extracted_images/images/image_1057.jpeg,True,29954,
1058,/data/all_images/image_1058.jpeg,/DATA5/prabhakar/telecom/extracted_images/images/image_1058.jpeg,True,30087,
1059,/data/all_images/image_1059.png,/DATA5/prabhakar/telecom/extracted_images/images/image_1059.png,True,31406,
1060,/data/all_images/image_1060.jpeg,/DATA5/prabhakar/telecom/extracted_images/images/image_1060.jpeg,True,31041,
1061,/data/all_images/image_1061.jpeg,/DATA5/prabhakar/telecom/extracted_images/images/image_1061.jpeg,True,43877,
1062,/data/all_images/image_1062.jpeg,/DATA5/prabhakar/telecom/extracted_images/images/image_1062.jpeg,True,21514,
1063,/data/all_images/image_1063.jpeg,/DATA5/prabhakar/telecom/extracted_images/images/image_1063.jpeg,True,34646,
1064,/data/all_images/image_1064.png,/DATA5/prabhakar/telecom/extracted_images/images/image_1064.png,True,65767,
1065,/data/all_images/image_1065.jpeg,/DATA5/prabhakar/telecom/extracted_images/images/image_1065.jpeg,True,39037,
1066,/data/all_images/image_1066.jpeg,/DATA5/prabhakar/telecom/extracted_images/images/image_1066.jpeg,True,58898,
1067,/data/all_images/image_1067.png,/DATA5/prabhakar/telecom/extracted_images/images/image_1067.png,True,33785,
1068,/data/all_images/image_1068.jpeg,/DATA5/prabhakar/telecom/extracted_images/images/image_1068.jpeg,True,37823,
1069,/data/all_images/image_1069.png,/DATA5/prabhakar/telecom/extracted_images/images/image_1069.png,True,32623,
1070,/data/all_images/image_1070.jpeg,/DATA5/prabhakar/telecom/extracted_images/images/image_1070.jpeg,True,52284,
1071,/data/all_images/image_1071.jpeg,/DATA5/prabhakar/telecom/extracted_images/images/image_1071.jpeg,True,88247,
1072,/data/all_images/image_1072.jpeg,/DATA5/prabhakar/telecom/extracted_images/images/image_1072.jpeg,True,52796,
1073,/data/all_images/image_1073.jpeg,/DATA5/prabhakar/telecom/extracted_images/images/image_1073.jpeg,True,27457,
1074,/data/all_images/image_1074.jpeg,/DATA5/prabhakar/telecom/extracted_images/images/image_1074.jpeg,True,24086,
1075,/data/all_images/image_1075.jpeg,/DATA5/prabhakar/telecom/extracted_images/images/image_1075.jpeg,True,29379,
1076,/data/all_images/image_1076.jpeg,/DATA5/prabhakar/telecom/extracted_images/images/image_1076.jpeg,True,24644,
1077,/data/all_images/image_1077.jpeg,/DATA5/prabhakar/telecom/extracted_images/images/image_1077.jpeg,True,30184,
1078,/data/all_images/image_1078.jpeg,/DATA5/prabhakar/telecom/extracted_images/images/image_1078.jpeg,True,65127,
1079,/data/all_images/image_1079.jpeg,/DATA5/prabhakar/telecom/extracted_images/images/image_1079.jpeg,True,75276,
1080,/data/all_images/image_1080.jpeg,/DATA5/prabhakar/telecom/extracted_images/images/image_1080.jpeg,True,35588,
1081,/data/all_images/image_1081.png,/DATA5/prabhakar/telecom/extracted_images/images/image_1081.png,True,33946,
1082,/data/all_images/image_1082.png,/DATA5/prabhakar/telecom/extracted_images/images/image_1082.png,True,36849,
1083,/data/all_images/image_1083.png,/DATA5/prabhakar/telecom/extracted_images/images/image_1083.png,True,41351,
1084,/data/all_images/image_1084.png,/DATA5/prabhakar/telecom/extracted_images/images/image_1084.png,True,45782,
1085,/data/all_images/image_1085.png,/DATA5/prabhakar/telecom/extracted_images/images/image_1085.png,True,40940,
1086,/data/all_images/image_1086.png,/DATA5/prabhakar/telecom/extracted_images/images/image_1086.png,True,46720,
1087,/data/all_images/image_1087.png,/DATA5/prabhakar/telecom/extracted_images/images/image_1087.png,True,43711,
1088,/data/all_images/image_1088.png,/DATA5/prabhakar/telecom/extracted_images/images/image_1088.png,True,46783,
1089,/data/all_images/image_1089.png,/DATA5/prabhakar/telecom/extracted_images/images/image_1089.png,True,35457,
1090,/data/all_images/image_1090.png,/DATA5/prabhakar/telecom/extracted_images/images/image_1090.png,True,42577,
1091,/data/all_images/image_1091.png,/DATA5/prabhakar/telecom/extracted_images/images/image_1091.png,True,40230,
1092,/data/all_images/image_1092.png,/DATA5/prabhakar/telecom/extracted_images/images/image_1092.png,True,31859,
1093,/data/all_images/image_1093.jpeg,/DATA5/prabhakar/telecom/extracted_images/images/image_1093.jpeg,True,33689,
1094,/data/all_images/image_1094.jpeg,/DATA5/prabhakar/telecom/extracted_images/images/image_1094.jpeg,True,35401,
1095,/data/all_images/image_1095.jpeg,/DATA5/prabhakar/telecom/extracted_images/images/image_1095.jpeg,True,38611,
1096,/data/all_images/image_1096.jpeg,/DATA5/prabhakar/telecom/extracted_images/images/image_1096.jpeg,True,44706,
1097,/data/all_images/image_1097.jpeg,/DATA5/prabhakar/telecom/extracted_images/images/image_1097.jpeg,True,33776,
1098,/data/all_images/image_1098.jpeg,/DATA5/prabhakar/telecom/extracted_images/images/image_1098.jpeg,True,46128,
1099,/data/all_images/image_1099.jpeg,/DATA5/prabhakar/telecom/extracted_images/images/image_1099.jpeg,True,47987,
1100,/data/all_images/image_1100.jpeg,/DATA5/prabhakar/telecom/extracted_images/images/image_1100.jpeg,True,41571,
1101,/data/all_images/image_1101.png,/DATA5/prabhakar/telecom/extracted_images/images/image_1101.png,True,51451,
1102,/data/all_images/image_1102.png,/DATA5/prabhakar/telecom/extracted_images/images/image_1102.png,True,22307,
1103,/data/all_images/image_1103.png,/DATA5/prabhakar/telecom/extracted_images/images/image_1103.png,True,22545,
1104,/data/all_images/image_1104.jpeg,/DATA5/prabhakar/telecom/extracted_images/images/image_1104.jpeg,True,23606,
1105,/data/all_images/image_1105.jpeg,/DATA5/prabhakar/telecom/extracted_images/images/image_1105.jpeg,True,27051,
1106,/data/all_images/image_1106.jpeg,/DATA5/prabhakar/telecom/extracted_images/images/image_1106.jpeg,True,29404,
1107,/data/all_images/image_1107.jpeg,/DATA5/prabhakar/telecom/extracted_images/images/image_1107.jpeg,True,62498,
1108,/data/all_images/image_1108.jpeg,/DATA5/prabhakar/telecom/extracted_images/images/image_1108.jpeg,True,44343,
1109,/data/all_images/image_1109.jpeg,/DATA5/prabhakar/telecom/extracted_images/images/image_1109.jpeg,True,39034,
1110,/data/all_images/image_1110.jpeg,/DATA5/prabhakar/telecom/extracted_images/images/image_1110.jpeg,True,31829,
1111,/data/all_images/image_1111.png,/DATA5/prabhakar/telecom/extracted_images/images/image_1111.png,True,31951,
1112,/data/all_images/image_1112.png,/DATA5/prabhakar/telecom/extracted_images/images/image_1112.png,True,31789,
1113,/data/all_images/image_1113.jpeg,/DATA5/prabhakar/telecom/extracted_images/images/image_1113.jpeg,True,21596,
1114,/data/all_images/image_1114.jpeg,/DATA5/prabhakar/telecom/extracted_images/images/image_1114.jpeg,True,23612,
1115,/data/all_images/image_1115.jpeg,/DATA5/prabhakar/telecom/extracted_images/images/image_1115.jpeg,True,21375,
1116,/data/all_images/image_1116.png,/DATA5/prabhakar/telecom/extracted_images/images/image_1116.png,True,25041,
1117,/data/all_images/image_1117.png,/DATA5/prabhakar/telecom/extracted_images/images/image_1117.png,True,26664,
1118,/data/all_images/image_1118.png,/DATA5/prabhakar/telecom/extracted_images/images/image_1118.png,True,20549,
1119,/data/all_images/image_1119.png,/DATA5/prabhakar/telecom/extracted_images/images/image_1119.png,True,20853,
1120,/data/all_images/image_1120.png,/DATA5/prabhakar/telecom/extracted_images/images/image_1120.png,True,25130,
1121,/data/all_images/image_1121.jpeg,/DATA5/prabhakar/telecom/extracted_images/images/image_1121.jpeg,True,21386,
1122,/data/all_images/image_1122.jpeg,/DATA5/prabhakar/telecom/extracted_images/images/image_1122.jpeg,True,23854,
1123,/data/all_images/image_1123.jpeg,/DATA5/prabhakar/telecom/extracted_images/images/image_1123.jpeg,True,32555,
1124,/data/all_images/image_1124.png,/DATA5/prabhakar/telecom/extracted_images/images/image_1124.png,True,28869,
1125,/data/all_images/image_1125.jpeg,/DATA5/prabhakar/telecom/extracted_images/images/image_1125.jpeg,True,39100,
1126,/data/all_images/image_1126.png,/DATA5/prabhakar/telecom/extracted_images/images/image_1126.png,True,24364,
1127,/data/all_images/image_1127.png,/DATA5/prabhakar/telecom/extracted_images/images/image_1127.png,True,28020,
1128,/data/all_images/image_1128.png,/DATA5/prabhakar/telecom/extracted_images/images/image_1128.png,True,24949,
1129,/data/all_images/image_1129.png,/DATA5/prabhakar/telecom/extracted_images/images/image_1129.png,True,25540,
1130,/data/all_images/image_1130.jpeg,/DATA5/prabhakar/telecom/extracted_images/images/image_1130.jpeg,True,63454,
1131,/data/all_images/image_1131.jpeg,/DATA5/prabhakar/telecom/extracted_images/images/image_1131.jpeg,True,21035,
1132,/data/all_images/image_1132.jpeg,/DATA5/prabhakar/telecom/extracted_images/images/image_1132.jpeg,True,23924,
1133,/data/all_images/image_1133.jpeg,/DATA5/prabhakar/telecom/extracted_images/images/image_1133.jpeg,True,50714,
1134,/data/all_images/image_1134.jpeg,/DATA5/prabhakar/telecom/extracted_images/images/image_1134.jpeg,True,48676,
1135,/data/all_images/image_1135.jpeg,/DATA5/prabhakar/telecom/extracted_images/images/image_1135.jpeg,True,23795,
1136,/data/all_images/image_1136.jpeg,/DATA5/prabhakar/telecom/extracted_images/images/image_1136.jpeg,True,43085,
1137,/data/all_images/image_1137.jpeg,/DATA5/prabhakar/telecom/extracted_images/images/image_1137.jpeg,True,40863,
1138,/data/all_images/image_1138.jpeg,/DATA5/prabhakar/telecom/extracted_images/images/image_1138.jpeg,True,66832,
1139,/data/all_images/image_1139.jpeg,/DATA5/prabhakar/telecom/extracted_images/images/image_1139.jpeg,True,41691,
1140,/data/all_images/image_1140.jpeg,/DATA5/prabhakar/telecom/extracted_images/images/image_1140.jpeg,True,31786,
1141,/data/all_images/image_1141.png,/DATA5/prabhakar/telecom/extracted_images/images/image_1141.png,True,55292,
1142,/data/all_images/image_1142.jpeg,/DATA5/prabhakar/telecom/extracted_images/images/image_1142.jpeg,True,32428,
1143,/data/all_images/image_1143.png,/DATA5/prabhakar/telecom/extracted_images/images/image_1143.png,True,48399,
1144,/data/all_images/image_1144.jpeg,/DATA5/prabhakar/telecom/extracted_images/images/image_1144.jpeg,True,64198,
1145,/data/all_images/image_1145.jpeg,/DATA5/prabhakar/telecom/extracted_images/images/image_1145.jpeg,True,20878,
1146,/data/all_images/image_1146.jpeg,/DATA5/prabhakar/telecom/extracted_images/images/image_1146.jpeg,True,34626,
1147,/data/all_images/image_1147.jpeg,/DATA5/prabhakar/telecom/extracted_images/images/image_1147.jpeg,True,37247,
1148,/data/all_images/image_1148.jpeg,/DATA5/prabhakar/telecom/extracted_images/images/image_1148.jpeg,True,46647,
1149,/data/all_images/image_1149.png,/DATA5/prabhakar/telecom/extracted_images/images/image_1149.png,True,42626,
1150,/data/all_images/image_1150.jpeg,/DATA5/prabhakar/telecom/extracted_images/images/image_1150.jpeg,True,24829,
1151,/data/all_images/image_1151.jpeg,/DATA5/prabhakar/telecom/extracted_images/images/image_1151.jpeg,True,37358,
1152,/data/all_images/image_1152.png,/DATA5/prabhakar/telecom/extracted_images/images/image_1152.png,True,27571,
1153,/data/all_images/image_1153.png,/DATA5/prabhakar/telecom/extracted_images/images/image_1153.png,True,22887,
1154,/data/all_images/image_1154.png,/DATA5/prabhakar/telecom/extracted_images/images/image_1154.png,True,20756,
1155,/data/all_images/image_1155.png,/DATA5/prabhakar/telecom/extracted_images/images/image_1155.png,True,24715,
1156,/data/all_images/image_1156.jpeg,/DATA5/prabhakar/telecom/extracted_images/images/image_1156.jpeg,True,30672,
1157,/data/all_images/image_1157.png,/DATA5/prabhakar/telecom/extracted_images/images/image_1157.png,True,99377,
1158,/data/all_images/image_1158.png,/DATA5/prabhakar/telecom/extracted_images/images/image_1158.png,True,71831,
1159,/data/all_images/image_1159.png,/DATA5/prabhakar/telecom/extracted_images/images/image_1159.png,True,68500,
1160,/data/all_images/image_1160.png,/DATA5/prabhakar/telecom/extracted_images/images/image_1160.png,True,44698,
1161,/data/all_images/image_1161.png,/DATA5/prabhakar/telecom/extracted_images/images/image_1161.png,True,59681,
1162,/data/all_images/image_1162.jpeg,/DATA5/prabhakar/telecom/extracted_images/images/image_1162.jpeg,True,60032,
1163,/data/all_images/image_1163.jpeg,/DATA5/prabhakar/telecom/extracted_images/images/image_1163.jpeg,True,26078,
1164,/data/all_images/image_1164.jpeg,/DATA5/prabhakar/telecom/extracted_images/images/image_1164.jpeg,True,54682,
1165,/data/all_images/image_1165.png,/DATA5/prabhakar/telecom/extracted_images/images/image_1165.png,True,38882,
1166,/data/all_images/image_1166.jpeg,/DATA5/prabhakar/telecom/extracted_images/images/image_1166.jpeg,True,74945,
1167,/data/all_images/image_1167.png,/DATA5/prabhakar/telecom/extracted_images/images/image_1167.png,True,38676,
1168,/data/all_images/image_1168.jpeg,/DATA5/prabhakar/telecom/extracted_images/images/image_1168.jpeg,True,53432,
1169,/data/all_images/image_1169.jpeg,/DATA5/prabhakar/telecom/extracted_images/images/image_1169.jpeg,True,44140,
1170,/data/all_images/image_1170.jpeg,/DATA5/prabhakar/telecom/extracted_images/images/image_1170.jpeg,True,49030,
1171,/data/all_images/image_1171.jpeg,/DATA5/prabhakar/telecom/extracted_images/images/image_1171.jpeg,True,57923,
1172,/data/all_images/image_1172.jpeg,/DATA5/prabhakar/telecom/extracted_images/images/image_1172.jpeg,True,24364,
1173,/data/all_images/image_1173.jpeg,/DATA5/prabhakar/telecom/extracted_images/images/image_1173.jpeg,True,22077,
1174,/data/all_images/image_1174.jpeg,/DATA5/prabhakar/telecom/extracted_images/images/image_1174.jpeg,True,24760,
1175,/data/all_images/image_1175.jpeg,/DATA5/prabhakar/telecom/extracted_images/images/image_1175.jpeg,True,30820,
1176,/data/all_images/image_1176.jpeg,/DATA5/prabhakar/telecom/extracted_images/images/image_1176.jpeg,True,26512,
1177,/data/all_images/image_1177.jpeg,/DATA5/prabhakar/telecom/extracted_images/images/image_1177.jpeg,True,30472,
1178,/data/all_images/image_1178.jpeg,/DATA5/prabhakar/telecom/extracted_images/images/image_1178.jpeg,True,20983,
1179,/data/all_images/image_1179.jpeg,/DATA5/prabhakar/telecom/extracted_images/images/image_1179.jpeg,True,44708,
1180,/data/all_images/image_1180.jpeg,/DATA5/prabhakar/telecom/extracted_images/images/image_1180.jpeg,True,27105,
1181,/data/all_images/image_1181.jpeg,/DATA5/prabhakar/telecom/extracted_images/images/image_1181.jpeg,True,79372,
1182,/data/all_images/image_1182.png,/DATA5/prabhakar/telecom/extracted_images/images/image_1182.png,True,38882,
1183,/data/all_images/image_1183.jpeg,/DATA5/prabhakar/telecom/extracted_images/images/image_1183.jpeg,True,63307,
1184,/data/all_images/image_1184.jpeg,/DATA5/prabhakar/telecom/extracted_images/images/image_1184.jpeg,True,53685,
1185,/data/all_images/image_1185.jpeg,/DATA5/prabhakar/telecom/extracted_images/images/image_1185.jpeg,True,30565,
1186,/data/all_images/image_1186.png,/DATA5/prabhakar/telecom/extracted_images/images/image_1186.png,True,88318,
1187,/data/all_images/image_1187.jpeg,/DATA5/prabhakar/telecom/extracted_images/images/image_1187.jpeg,True,39919,
1188,/data/all_images/image_1188.jpeg,/DATA5/prabhakar/telecom/extracted_images/images/image_1188.jpeg,True,146306,
1189,/data/all_images/image_1189.png,/DATA5/prabhakar/telecom/extracted_images/images/image_1189.png,True,21258,
1190,/data/all_images/image_1190.jpeg,/DATA5/prabhakar/telecom/extracted_images/images/image_1190.jpeg,True,28841,
1191,/data/all_images/image_1191.png,/DATA5/prabhakar/telecom/extracted_images/images/image_1191.png,True,21929,
1192,/data/all_images/image_1192.png,/DATA5/prabhakar/telecom/extracted_images/images/image_1192.png,True,23709,
1193,/data/all_images/image_1193.png,/DATA5/prabhakar/telecom/extracted_images/images/image_1193.png,True,21010,
1194,/data/all_images/image_1194.png,/DATA5/prabhakar/telecom/extracted_images/images/image_1194.png,True,26390,
1195,/data/all_images/image_1195.png,/DATA5/prabhakar/telecom/extracted_images/images/image_1195.png,True,21527,
1196,/data/all_images/image_1196.png,/DATA5/prabhakar/telecom/extracted_images/images/image_1196.png,True,21505,
1197,/data/all_images/image_1197.png,/DATA5/prabhakar/telecom/extracted_images/images/image_1197.png,True,51018,
1198,/data/all_images/image_1198.jpeg,/DATA5/prabhakar/telecom/extracted_images/images/image_1198.jpeg,True,20496,
1199,/data/all_images/image_1199.jpeg,/DATA5/prabhakar/telecom/extracted_images/images/image_1199.jpeg,True,23324,
1200,/data/all_images/image_1200.jpeg,/DATA5/prabhakar/telecom/extracted_images/images/image_1200.jpeg,True,30287,
1201,/data/all_images/image_1201.jpeg,/DATA5/prabhakar/telecom/extracted_images/images/image_1201.jpeg,True,25676,
1202,/data/all_images/image_1202.png,/DATA5/prabhakar/telecom/extracted_images/images/image_1202.png,True,24251,
1203,/data/all_images/image_1203.png,/DATA5/prabhakar/telecom/extracted_images/images/image_1203.png,True,42859,
1204,/data/all_images/image_1204.png,/DATA5/prabhakar/telecom/extracted_images/images/image_1204.png,True,27613,
1205,/data/all_images/image_1205.png,/DATA5/prabhakar/telecom/extracted_images/images/image_1205.png,True,26991,
1206,/data/all_images/image_1206.jpeg,/DATA5/prabhakar/telecom/extracted_images/images/image_1206.jpeg,True,50596,
1207,/data/all_images/image_1207.jpeg,/DATA5/prabhakar/telecom/extracted_images/images/image_1207.jpeg,True,31309,
1208,/data/all_images/image_1208.jpeg,/DATA5/prabhakar/telecom/extracted_images/images/image_1208.jpeg,True,45240,
1209,/data/all_images/image_1209.jpeg,/DATA5/prabhakar/telecom/extracted_images/images/image_1209.jpeg,True,43683,
1210,/data/all_images/image_1210.png,/DATA5/prabhakar/telecom/extracted_images/images/image_1210.png,True,23525,
1211,/data/all_images/image_1211.png,/DATA5/prabhakar/telecom/extracted_images/images/image_1211.png,True,32846,
1212,/data/all_images/image_1212.png,/DATA5/prabhakar/telecom/extracted_images/images/image_1212.png,True,95077,
1213,/data/all_images/image_1213.png,/DATA5/prabhakar/telecom/extracted_images/images/image_1213.png,True,28974,
1214,/data/all_images/image_1214.jpeg,/DATA5/prabhakar/telecom/extracted_images/images/image_1214.jpeg,True,55478,
1215,/data/all_images/image_1215.png,/DATA5/prabhakar/telecom/extracted_images/images/image_1215.png,True,23343,
1216,/data/all_images/image_1216.png,/DATA5/prabhakar/telecom/extracted_images/images/image_1216.png,True,48176,
1217,/data/all_images/image_1217.jpeg,/DATA5/prabhakar/telecom/extracted_images/images/image_1217.jpeg,True,23564,
1218,/data/all_images/image_1218.png,/DATA5/prabhakar/telecom/extracted_images/images/image_1218.png,True,36931,
1219,/data/all_images/image_1219.jpeg,/DATA5/prabhakar/telecom/extracted_images/images/image_1219.jpeg,True,48377,
1220,/data/all_images/image_1220.jpeg,/DATA5/prabhakar/telecom/extracted_images/images/image_1220.jpeg,True,24055,
1221,/data/all_images/image_1221.png,/DATA5/prabhakar/telecom/extracted_images/images/image_1221.png,True,30879,
1222,/data/all_images/image_1222.jpeg,/DATA5/prabhakar/telecom/extracted_images/images/image_1222.jpeg,True,33147,
1223,/data/all_images/image_1223.jpeg,/DATA5/prabhakar/telecom/extracted_images/images/image_1223.jpeg,True,29977,
1224,/data/all_images/image_1224.png,/DATA5/prabhakar/telecom/extracted_images/images/image_1224.png,True,20762,
1225,/data/all_images/image_1225.jpeg,/DATA5/prabhakar/telecom/extracted_images/images/image_1225.jpeg,True,24155,
1226,/data/all_images/image_1226.jpeg,/DATA5/prabhakar/telecom/extracted_images/images/image_1226.jpeg,True,85060,
1227,/data/all_images/image_1227.jpeg,/DATA5/prabhakar/telecom/extracted_images/images/image_1227.jpeg,True,65257,
1228,/data/all_images/image_1228.jpeg,/DATA5/prabhakar/telecom/extracted_images/images/image_1228.jpeg,True,51102,
1229,/data/all_images/image_1229.jpeg,/DATA5/prabhakar/telecom/extracted_images/images/image_1229.jpeg,True,40795,
1230,/data/all_images/image_1230.png,/DATA5/prabhakar/telecom/extracted_images/images/image_1230.png,True,23968,
1231,/data/all_images/image_1231.png,/DATA5/prabhakar/telecom/extracted_images/images/image_1231.png,True,42179,
1232,/data/all_images/image_1232.png,/DATA5/prabhakar/telecom/extracted_images/images/image_1232.png,True,28757,
1233,/data/all_images/image_1233.png,/DATA5/prabhakar/telecom/extracted_images/images/image_1233.png,True,40886,
1234,/data/all_images/image_1234.png,/DATA5/prabhakar/telecom/extracted_images/images/image_1234.png,True,25326,
1235,/data/all_images/image_1235.jpeg,/DATA5/prabhakar/telecom/extracted_images/images/image_1235.jpeg,True,21874,
1236,/data/all_images/image_1236.jpeg,/DATA5/prabhakar/telecom/extracted_images/images/image_1236.jpeg,True,62655,
1237,/data/all_images/image_1237.jpeg,/DATA5/prabhakar/telecom/extracted_images/images/image_1237.jpeg,True,28023,
1238,/data/all_images/image_1238.jpeg,/DATA5/prabhakar/telecom/extracted_images/images/image_1238.jpeg,True,35683,
1239,/data/all_images/image_1239.jpeg,/DATA5/prabhakar/telecom/extracted_images/images/image_1239.jpeg,True,88435,
1240,/data/all_images/image_1240.png,/DATA5/prabhakar/telecom/extracted_images/images/image_1240.png,True,61319,
1241,/data/all_images/image_1241.png,/DATA5/prabhakar/telecom/extracted_images/images/image_1241.png,True,43914,
1242,/data/all_images/image_1242.jpeg,/DATA5/prabhakar/telecom/extracted_images/images/image_1242.jpeg,True,40840,
1243,/data/all_images/image_1243.jpeg,/DATA5/prabhakar/telecom/extracted_images/images/image_1243.jpeg,True,35453,
1244,/data/all_images/image_1244.png,/DATA5/prabhakar/telecom/extracted_images/images/image_1244.png,True,43815,
1245,/data/all_images/image_1245.png,/DATA5/prabhakar/telecom/extracted_images/images/image_1245.png,True,33506,
1246,/data/all_images/image_1246.png,/DATA5/prabhakar/telecom/extracted_images/images/image_1246.png,True,54801,
1247,/data/all_images/image_1247.png,/DATA5/prabhakar/telecom/extracted_images/images/image_1247.png,True,62957,
1248,/data/all_images/image_1248.jpeg,/DATA5/prabhakar/telecom/extracted_images/images/image_1248.jpeg,True,40073,
1249,/data/all_images/image_1249.jpeg,/DATA5/prabhakar/telecom/extracted_images/images/image_1249.jpeg,True,150842,
1250,/data/all_images/image_1250.jpeg,/DATA5/prabhakar/telecom/extracted_images/images/image_1250.jpeg,True,40381,
1251,/data/all_images/image_1251.png,/DATA5/prabhakar/telecom/extracted_images/images/image_1251.png,True,43815,
1252,/data/all_images/image_1252.png,/DATA5/prabhakar/telecom/extracted_images/images/image_1252.png,True,44252,
1253,/data/all_images/image_1253.png,/DATA5/prabhakar/telecom/extracted_images/images/image_1253.png,True,32998,
1254,/data/all_images/image_1254.png,/DATA5/prabhakar/telecom/extracted_images/images/image_1254.png,True,21244,
1255,/data/all_images/image_1255.jpeg,/DATA5/prabhakar/telecom/extracted_images/images/image_1255.jpeg,True,32252,
1256,/data/all_images/image_1256.jpeg,/DATA5/prabhakar/telecom/extracted_images/images/image_1256.jpeg,True,20588,
1257,/data/all_images/image_1257.jpeg,/DATA5/prabhakar/telecom/extracted_images/images/image_1257.jpeg,True,23788,
1258,/data/all_images/image_1258.jpeg,/DATA5/prabhakar/telecom/extracted_images/images/image_1258.jpeg,True,25804,
1259,/data/all_images/image_1259.jpeg,/DATA5/prabhakar/telecom/extracted_images/images/image_1259.jpeg,True,133435,
1260,/data/all_images/image_1260.jpeg,/DATA5/prabhakar/telecom/extracted_images/images/image_1260.jpeg,True,59577,
1261,/data/all_images/image_1261.png,/DATA5/prabhakar/telecom/extracted_images/images/image_1261.png,True,21876,
1262,/data/all_images/image_1262.jpeg,/DATA5/prabhakar/telecom/extracted_images/images/image_1262.jpeg,True,49103,
1263,/data/all_images/image_1263.jpeg,/DATA5/prabhakar/telecom/extracted_images/images/image_1263.jpeg,True,66232,
1264,/data/all_images/image_1264.jpeg,/DATA5/prabhakar/telecom/extracted_images/images/image_1264.jpeg,True,20496,
1265,/data/all_images/image_1265.jpeg,/DATA5/prabhakar/telecom/extracted_images/images/image_1265.jpeg,True,28043,
1266,/data/all_images/image_1266.png,/DATA5/prabhakar/telecom/extracted_images/images/image_1266.png,True,27697,
1267,/data/all_images/image_1267.png,/DATA5/prabhakar/telecom/extracted_images/images/image_1267.png,True,30360,
1268,/data/all_images/image_1268.png,/DATA5/prabhakar/telecom/extracted_images/images/image_1268.png,True,42051,
1269,/data/all_images/image_1269.jpeg,/DATA5/prabhakar/telecom/extracted_images/images/image_1269.jpeg,True,22927,
1270,/data/all_images/image_1270.jpeg,/DATA5/prabhakar/telecom/extracted_images/images/image_1270.jpeg,True,43363,
1271,/data/all_images/image_1271.jpeg,/DATA5/prabhakar/telecom/extracted_images/images/image_1271.jpeg,True,22927,
1272,/data/all_images/image_1272.jpeg,/DATA5/prabhakar/telecom/extracted_images/images/image_1272.jpeg,True,21444,
1273,/data/all_images/image_1273.jpeg,/DATA5/prabhakar/telecom/extracted_images/images/image_1273.jpeg,True,26330,
1274,/data/all_images/image_1274.jpeg,/DATA5/prabhakar/telecom/extracted_images/images/image_1274.jpeg,True,24209,
1275,/data/all_images/image_1275.jpeg,/DATA5/prabhakar/telecom/extracted_images/images/image_1275.jpeg,True,23527,
1276,/data/all_images/image_1276.jpeg,/DATA5/prabhakar/telecom/extracted_images/images/image_1276.jpeg,True,20868,
1277,/data/all_images/image_1277.jpeg,/DATA5/prabhakar/telecom/extracted_images/images/image_1277.jpeg,True,21789,
1278,/data/all_images/image_1278.jpeg,/DATA5/prabhakar/telecom/extracted_images/images/image_1278.jpeg,True,51701,
1279,/data/all_images/image_1279.jpeg,/DATA5/prabhakar/telecom/extracted_images/images/image_1279.jpeg,True,20818,
1280,/data/all_images/image_1280.jpeg,/DATA5/prabhakar/telecom/extracted_images/images/image_1280.jpeg,True,21048,
1281,/data/all_images/image_1281.jpeg,/DATA5/prabhakar/telecom/extracted_images/images/image_1281.jpeg,True,24734,
1282,/data/all_images/image_1282.jpeg,/DATA5/prabhakar/telecom/extracted_images/images/image_1282.jpeg,True,23979,
1283,/data/all_images/image_1283.jpeg,/DATA5/prabhakar/telecom/extracted_images/images/image_1283.jpeg,True,35852,
1284,/data/all_images/image_1284.jpeg,/DATA5/prabhakar/telecom/extracted_images/images/image_1284.jpeg,True,35357,
1285,/data/all_images/image_1285.jpeg,/DATA5/prabhakar/telecom/extracted_images/images/image_1285.jpeg,True,29409,
1286,/data/all_images/image_1286.jpeg,/DATA5/prabhakar/telecom/extracted_images/images/image_1286.jpeg,True,27103,
1287,/data/all_images/image_1287.jpeg,/DATA5/prabhakar/telecom/extracted_images/images/image_1287.jpeg,True,21749,
1288,/data/all_images/image_1288.jpeg,/DATA5/prabhakar/telecom/extracted_images/images/image_1288.jpeg,True,30813,
1289,/data/all_images/image_1289.jpeg,/DATA5/prabhakar/telecom/extracted_images/images/image_1289.jpeg,True,108082,
1290,/data/all_images/image_1290.jpeg,/DATA5/prabhakar/telecom/extracted_images/images/image_1290.jpeg,True,29926,
1291,/data/all_images/image_1291.jpeg,/DATA5/prabhakar/telecom/extracted_images/images/image_1291.jpeg,True,26899,
1292,/data/all_images/image_1292.jpeg,/DATA5/prabhakar/telecom/extracted_images/images/image_1292.jpeg,True,47742,
1293,/data/all_images/image_1293.jpeg,/DATA5/prabhakar/telecom/extracted_images/images/image_1293.jpeg,True,21172,
1294,/data/all_images/image_1294.jpeg,/DATA5/prabhakar/telecom/extracted_images/images/image_1294.jpeg,True,30722,
1295,/data/all_images/image_1295.png,/DATA5/prabhakar/telecom/extracted_images/images/image_1295.png,True,23980,
1296,/data/all_images/image_1296.png,/DATA5/prabhakar/telecom/extracted_images/images/image_1296.png,True,31850,
1297,/data/all_images/image_1297.jpeg,/DATA5/prabhakar/telecom/extracted_images/images/image_1297.jpeg,True,27525,
1298,/data/all_images/image_1298.jpeg,/DATA5/prabhakar/telecom/extracted_images/images/image_1298.jpeg,True,61701,
1299,/data/all_images/image_1299.jpeg,/DATA5/prabhakar/telecom/extracted_images/images/image_1299.jpeg,True,65468,
1300,/data/all_images/image_1300.jpeg,/DATA5/prabhakar/telecom/extracted_images/images/image_1300.jpeg,True,42325,
1301,/data/all_images/image_1301.jpeg,/DATA5/prabhakar/telecom/extracted_images/images/image_1301.jpeg,True,41800,
1302,/data/all_images/image_1302.jpeg,/DATA5/prabhakar/telecom/extracted_images/images/image_1302.jpeg,True,89770,
1303,/data/all_images/image_1303.jpeg,/DATA5/prabhakar/telecom/extracted_images/images/image_1303.jpeg,True,43493,
1304,/data/all_images/image_1304.jpeg,/DATA5/prabhakar/telecom/extracted_images/images/image_1304.jpeg,True,25163,
1305,/data/all_images/image_1305.jpeg,/DATA5/prabhakar/telecom/extracted_images/images/image_1305.jpeg,True,158873,
1306,/data/all_images/image_1306.jpeg,/DATA5/prabhakar/telecom/extracted_images/images/image_1306.jpeg,True,23320,
1307,/data/all_images/image_1307.jpeg,/DATA5/prabhakar/telecom/extracted_images/images/image_1307.jpeg,True,21790,
1308,/data/all_images/image_1308.jpeg,/DATA5/prabhakar/telecom/extracted_images/images/image_1308.jpeg,True,26730,
1309,/data/all_images/image_1309.jpeg,/DATA5/prabhakar/telecom/extracted_images/images/image_1309.jpeg,True,54257,
1310,/data/all_images/image_1310.jpeg,/DATA5/prabhakar/telecom/extracted_images/images/image_1310.jpeg,True,51577,
1311,/data/all_images/image_1311.jpeg,/DATA5/prabhakar/telecom/extracted_images/images/image_1311.jpeg,True,25304,
1312,/data/all_images/image_1312.jpeg,/DATA5/prabhakar/telecom/extracted_images/images/image_1312.jpeg,True,57073,
1313,/data/all_images/image_1313.jpeg,/DATA5/prabhakar/telecom/extracted_images/images/image_1313.jpeg,True,76622,
1314,/data/all_images/image_1314.png,/DATA5/prabhakar/telecom/extracted_images/images/image_1314.png,True,27638,
1315,/data/all_images/image_1315.jpeg,/DATA5/prabhakar/telecom/extracted_images/images/image_1315.jpeg,True,35764,
1316,/data/all_images/image_1316.jpeg,/DATA5/prabhakar/telecom/extracted_images/images/image_1316.jpeg,True,44783,
1317,/data/all_images/image_1317.png,/DATA5/prabhakar/telecom/extracted_images/images/image_1317.png,True,43520,
1318,/data/all_images/image_1318.jpeg,/DATA5/prabhakar/telecom/extracted_images/images/image_1318.jpeg,True,38910,
1319,/data/all_images/image_1319.png,/DATA5/prabhakar/telecom/extracted_images/images/image_1319.png,True,52752,
1320,/data/all_images/image_1320.png,/DATA5/prabhakar/telecom/extracted_images/images/image_1320.png,True,21949,
1321,/data/all_images/image_1321.jpeg,/DATA5/prabhakar/telecom/extracted_images/images/image_1321.jpeg,True,21397,
1322,/data/all_images/image_1322.jpeg,/DATA5/prabhakar/telecom/extracted_images/images/image_1322.jpeg,True,25041,
1323,/data/all_images/image_1323.jpeg,/DATA5/prabhakar/telecom/extracted_images/images/image_1323.jpeg,True,22572,
1324,/data/all_images/image_1324.jpeg,/DATA5/prabhakar/telecom/extracted_images/images/image_1324.jpeg,True,25640,
1325,/data/all_images/image_1325.jpeg,/DATA5/prabhakar/telecom/extracted_images/images/image_1325.jpeg,True,43044,
1326,/data/all_images/image_1326.jpeg,/DATA5/prabhakar/telecom/extracted_images/images/image_1326.jpeg,True,37486,
1327,/data/all_images/image_1327.jpeg,/DATA5/prabhakar/telecom/extracted_images/images/image_1327.jpeg,True,50555,
1328,/data/all_images/image_1328.png,/DATA5/prabhakar/telecom/extracted_images/images/image_1328.png,True,65070,
1329,/data/all_images/image_1329.jpeg,/DATA5/prabhakar/telecom/extracted_images/images/image_1329.jpeg,True,28968,
1330,/data/all_images/image_1330.jpeg,/DATA5/prabhakar/telecom/extracted_images/images/image_1330.jpeg,True,54696,
1331,/data/all_images/image_1331.png,/DATA5/prabhakar/telecom/extracted_images/images/image_1331.png,True,26555,
1332,/data/all_images/image_1332.jpeg,/DATA5/prabhakar/telecom/extracted_images/images/image_1332.jpeg,True,51493,
1333,/data/all_images/image_1333.jpeg,/DATA5/prabhakar/telecom/extracted_images/images/image_1333.jpeg,True,23993,
1334,/data/all_images/image_1334.jpeg,/DATA5/prabhakar/telecom/extracted_images/images/image_1334.jpeg,True,50142,
1335,/data/all_images/image_1335.jpeg,/DATA5/prabhakar/telecom/extracted_images/images/image_1335.jpeg,True,23850,
1336,/data/all_images/image_1336.jpeg,/DATA5/prabhakar/telecom/extracted_images/images/image_1336.jpeg,True,25263,
1337,/data/all_images/image_1337.jpeg,/DATA5/prabhakar/telecom/extracted_images/images/image_1337.jpeg,True,45021,
1338,/data/all_images/image_1338.jpeg,/DATA5/prabhakar/telecom/extracted_images/images/image_1338.jpeg,True,34008,
1339,/data/all_images/image_1339.jpeg,/DATA5/prabhakar/telecom/extracted_images/images/image_1339.jpeg,True,54209,
1340,/data/all_images/image_1340.jpeg,/DATA5/prabhakar/telecom/extracted_images/images/image_1340.jpeg,True,56992,
1341,/data/all_images/image_1341.jpeg,/DATA5/prabhakar/telecom/extracted_images/images/image_1341.jpeg,True,23672,
1342,/data/all_images/image_1342.jpeg,/DATA5/prabhakar/telecom/extracted_images/images/image_1342.jpeg,True,34168,
1343,/data/all_images/image_1343.jpeg,/DATA5/prabhakar/telecom/extracted_images/images/image_1343.jpeg,True,28891,
1344,/data/all_images/image_1344.png,/DATA5/prabhakar/telecom/extracted_images/images/image_1344.png,True,53514,
1345,/data/all_images/image_1345.png,/DATA5/prabhakar/telecom/extracted_images/images/image_1345.png,True,39857,
1346,/data/all_images/image_1346.png,/DATA5/prabhakar/telecom/extracted_images/images/image_1346.png,True,35930,
1347,/data/all_images/image_1347.png,/DATA5/prabhakar/telecom/extracted_images/images/image_1347.png,True,36641,
1348,/data/all_images/image_1348.jpeg,/DATA5/prabhakar/telecom/extracted_images/images/image_1348.jpeg,True,28319,
1349,/data/all_images/image_1349.jpeg,/DATA5/prabhakar/telecom/extracted_images/images/image_1349.jpeg,True,54534,
1350,/data/all_images/image_1350.jpeg,/DATA5/prabhakar/telecom/extracted_images/images/image_1350.jpeg,True,33300,
1351,/data/all_images/image_1351.jpeg,/DATA5/prabhakar/telecom/extracted_images/images/image_1351.jpeg,True,25641,
1352,/data/all_images/image_1352.jpeg,/DATA5/prabhakar/telecom/extracted_images/images/image_1352.jpeg,True,22421,
1353,/data/all_images/image_1353.jpeg,/DATA5/prabhakar/telecom/extracted_images/images/image_1353.jpeg,True,26197,
1354,/data/all_images/image_1354.png,/DATA5/prabhakar/telecom/extracted_images/images/image_1354.png,True,58542,
1355,/data/all_images/image_1355.jpeg,/DATA5/prabhakar/telecom/extracted_images/images/image_1355.jpeg,True,27390,
1356,/data/all_images/image_1356.jpeg,/DATA5/prabhakar/telecom/extracted_images/images/image_1356.jpeg,True,21874,
1357,/data/all_images/image_1357.png,/DATA5/prabhakar/telecom/extracted_images/images/image_1357.png,True,40585,
1358,/data/all_images/image_1358.jpeg,/DATA5/prabhakar/telecom/extracted_images/images/image_1358.jpeg,True,44698,
1359,/data/all_images/image_1359.jpeg,/DATA5/prabhakar/telecom/extracted_images/images/image_1359.jpeg,True,25169,
1360,/data/all_images/image_1360.png,/DATA5/prabhakar/telecom/extracted_images/images/image_1360.png,True,42350,
1361,/data/all_images/image_1361.jpeg,/DATA5/prabhakar/telecom/extracted_images/images/image_1361.jpeg,True,50636,
1362,/data/all_images/image_1362.png,/DATA5/prabhakar/telecom/extracted_images/images/image_1362.png,True,42640,
1363,/data/all_images/image_1363.png,/DATA5/prabhakar/telecom/extracted_images/images/image_1363.png,True,42423,
1364,/data/all_images/image_1364.jpeg,/DATA5/prabhakar/telecom/extracted_images/images/image_1364.jpeg,True,36851,
1365,/data/all_images/image_1365.jpeg,/DATA5/prabhakar/telecom/extracted_images/images/image_1365.jpeg,True,64054,
1366,/data/all_images/image_1366.jpeg,/DATA5/prabhakar/telecom/extracted_images/images/image_1366.jpeg,True,49986,
1367,/data/all_images/image_1367.jpeg,/DATA5/prabhakar/telecom/extracted_images/images/image_1367.jpeg,True,60986,
1368,/data/all_images/image_1368.jpeg,/DATA5/prabhakar/telecom/extracted_images/images/image_1368.jpeg,True,43491,
1369,/data/all_images/image_1369.jpeg,/DATA5/prabhakar/telecom/extracted_images/images/image_1369.jpeg,True,29282,
1370,/data/all_images/image_1370.jpeg,/DATA5/prabhakar/telecom/extracted_images/images/image_1370.jpeg,True,32964,
1371,/data/all_images/image_1371.png,/DATA5/prabhakar/telecom/extracted_images/images/image_1371.png,True,21463,
1372,/data/all_images/image_1372.jpeg,/DATA5/prabhakar/telecom/extracted_images/images/image_1372.jpeg,True,55494,
1373,/data/all_images/image_1373.jpeg,/DATA5/prabhakar/telecom/extracted_images/images/image_1373.jpeg,True,54638,
1374,/data/all_images/image_1374.jpeg,/DATA5/prabhakar/telecom/extracted_images/images/image_1374.jpeg,True,54869,
1375,/data/all_images/image_1375.jpeg,/DATA5/prabhakar/telecom/extracted_images/images/image_1375.jpeg,True,76122,
1376,/data/all_images/image_1376.jpeg,/DATA5/prabhakar/telecom/extracted_images/images/image_1376.jpeg,True,61901,
1377,/data/all_images/image_1377.jpeg,/DATA5/prabhakar/telecom/extracted_images/images/image_1377.jpeg,True,47331,
1378,/data/all_images/image_1378.jpeg,/DATA5/prabhakar/telecom/extracted_images/images/image_1378.jpeg,True,22501,
1379,/data/all_images/image_1379.jpeg,/DATA5/prabhakar/telecom/extracted_images/images/image_1379.jpeg,True,24375,
1380,/data/all_images/image_1380.jpeg,/DATA5/prabhakar/telecom/extracted_images/images/image_1380.jpeg,True,34512,
1381,/data/all_images/image_1381.jpeg,/DATA5/prabhakar/telecom/extracted_images/images/image_1381.jpeg,True,81632,
1382,/data/all_images/image_1382.jpeg,/DATA5/prabhakar/telecom/extracted_images/images/image_1382.jpeg,True,35074,
1383,/data/all_images/image_1383.jpeg,/DATA5/prabhakar/telecom/extracted_images/images/image_1383.jpeg,True,25752,
1384,/data/all_images/image_1384.jpeg,/DATA5/prabhakar/telecom/extracted_images/images/image_1384.jpeg,True,24297,
1385,/data/all_images/image_1385.jpeg,/DATA5/prabhakar/telecom/extracted_images/images/image_1385.jpeg,True,24568,
1386,/data/all_images/image_1386.jpeg,/DATA5/prabhakar/telecom/extracted_images/images/image_1386.jpeg,True,27629,
1387,/data/all_images/image_1387.jpeg,/DATA5/prabhakar/telecom/extracted_images/images/image_1387.jpeg,True,89820,
1388,/data/all_images/image_1388.jpeg,/DATA5/prabhakar/telecom/extracted_images/images/image_1388.jpeg,True,58844,
1389,/data/all_images/image_1389.jpeg,/DATA5/prabhakar/telecom/extracted_images/images/image_1389.jpeg,True,103444,
1390,/data/all_images/image_1390.jpeg,/DATA5/prabhakar/telecom/extracted_images/images/image_1390.jpeg,True,25693,
1391,/data/all_images/image_1391.jpeg,/DATA5/prabhakar/telecom/extracted_images/images/image_1391.jpeg,True,30421,
1392,/data/all_images/image_1392.jpeg,/DATA5/prabhakar/telecom/extracted_images/images/image_1392.jpeg,True,27140,
1393,/data/all_images/image_1393.jpeg,/DATA5/prabhakar/telecom/extracted_images/images/image_1393.jpeg,True,28902,
1394,/data/all_images/image_1394.jpeg,/DATA5/prabhakar/telecom/extracted_images/images/image_1394.jpeg,True,45196,
1395,/data/all_images/image_1395.jpeg,/DATA5/prabhakar/telecom/extracted_images/images/image_1395.jpeg,True,31702,
1396,/data/all_images/image_1396.jpeg,/DATA5/prabhakar/telecom/extracted_images/images/image_1396.jpeg,True,39162,
1397,/data/all_images/image_1397.png,/DATA5/prabhakar/telecom/extracted_images/images/image_1397.png,True,29326,
1398,/data/all_images/image_1398.jpeg,/DATA5/prabhakar/telecom/extracted_images/images/image_1398.jpeg,True,36290,
1399,/data/all_images/image_1399.jpeg,/DATA5/prabhakar/telecom/extracted_images/images/image_1399.jpeg,True,42584,
1400,/data/all_images/image_1400.jpeg,/DATA5/prabhakar/telecom/extracted_images/images/image_1400.jpeg,True,23262,
1401,/data/all_images/image_1401.jpeg,/DATA5/prabhakar/telecom/extracted_images/images/image_1401.jpeg,True,23239,
1402,/data/all_images/image_1402.jpeg,/DATA5/prabhakar/telecom/extracted_images/images/image_1402.jpeg,True,26795,
1403,/data/all_images/image_1403.jpeg,/DATA5/prabhakar/telecom/extracted_images/images/image_1403.jpeg,True,24938,
1404,/data/all_images/image_1404.jpeg,/DATA5/prabhakar/telecom/extracted_images/images/image_1404.jpeg,True,21934,
1405,/data/all_images/image_1405.jpeg,/DATA5/prabhakar/telecom/extracted_images/images/image_1405.jpeg,True,26491,
1406,/data/all_images/image_1406.jpeg,/DATA5/prabhakar/telecom/extracted_images/images/image_1406.jpeg,True,48373,
1407,/data/all_images/image_1407.jpeg,/DATA5/prabhakar/telecom/extracted_images/images/image_1407.jpeg,True,25917,
1408,/data/all_images/image_1408.jpeg,/DATA5/prabhakar/telecom/extracted_images/images/image_1408.jpeg,True,58717,
1409,/data/all_images/image_1409.jpeg,/DATA5/prabhakar/telecom/extracted_images/images/image_1409.jpeg,True,33528,
1410,/data/all_images/image_1410.jpeg,/DATA5/prabhakar/telecom/extracted_images/images/image_1410.jpeg,True,30836,
1411,/data/all_images/image_1411.jpeg,/DATA5/prabhakar/telecom/extracted_images/images/image_1411.jpeg,True,33348,
1412,/data/all_images/image_1412.jpeg,/DATA5/prabhakar/telecom/extracted_images/images/image_1412.jpeg,True,23157,
1413,/data/all_images/image_1413.jpeg,/DATA5/prabhakar/telecom/extracted_images/images/image_1413.jpeg,True,22853,
1414,/data/all_images/image_1414.jpeg,/DATA5/prabhakar/telecom/extracted_images/images/image_1414.jpeg,True,24738,
1415,/data/all_images/image_1415.jpeg,/DATA5/prabhakar/telecom/extracted_images/images/image_1415.jpeg,True,35188,
1416,/data/all_images/image_1416.jpeg,/DATA5/prabhakar/telecom/extracted_images/images/image_1416.jpeg,True,50877,
1417,/data/all_images/image_1417.jpeg,/DATA5/prabhakar/telecom/extracted_images/images/image_1417.jpeg,True,59776,
1418,/data/all_images/image_1418.png,/DATA5/prabhakar/telecom/extracted_images/images/image_1418.png,True,23560,
1419,/data/all_images/image_1419.jpeg,/DATA5/prabhakar/telecom/extracted_images/images/image_1419.jpeg,True,26800,
1420,/data/all_images/image_1420.jpeg,/DATA5/prabhakar/telecom/extracted_images/images/image_1420.jpeg,True,42693,
1421,/data/all_images/image_1421.jpeg,/DATA5/prabhakar/telecom/extracted_images/images/image_1421.jpeg,True,36362,
1422,/data/all_images/image_1422.jpeg,/DATA5/prabhakar/telecom/extracted_images/images/image_1422.jpeg,True,34296,
1423,/data/all_images/image_1423.png,/DATA5/prabhakar/telecom/extracted_images/images/image_1423.png,True,27813,
1424,/data/all_images/image_1424.jpeg,/DATA5/prabhakar/telecom/extracted_images/images/image_1424.jpeg,True,40058,
1425,/data/all_images/image_1425.jpeg,/DATA5/prabhakar/telecom/extracted_images/images/image_1425.jpeg,True,42915,
1426,/data/all_images/image_1426.jpeg,/DATA5/prabhakar/telecom/extracted_images/images/image_1426.jpeg,True,30502,
1427,/data/all_images/image_1427.jpeg,/DATA5/prabhakar/telecom/extracted_images/images/image_1427.jpeg,True,31160,
1428,/data/all_images/image_1428.jpeg,/DATA5/prabhakar/telecom/extracted_images/images/image_1428.jpeg,True,29763,
1429,/data/all_images/image_1429.png,/DATA5/prabhakar/telecom/extracted_images/images/image_1429.png,True,21057,
1430,/data/all_images/image_1430.jpeg,/DATA5/prabhakar/telecom/extracted_images/images/image_1430.jpeg,True,30285,
1431,/data/all_images/image_1431.jpeg,/DATA5/prabhakar/telecom/extracted_images/images/image_1431.jpeg,True,25962,
1432,/data/all_images/image_1432.png,/DATA5/prabhakar/telecom/extracted_images/images/image_1432.png,True,29216,
1433,/data/all_images/image_1433.jpeg,/DATA5/prabhakar/telecom/extracted_images/images/image_1433.jpeg,True,29117,
1434,/data/all_images/image_1434.jpeg,/DATA5/prabhakar/telecom/extracted_images/images/image_1434.jpeg,True,27912,
1435,/data/all_images/image_1435.png,/DATA5/prabhakar/telecom/extracted_images/images/image_1435.png,True,30683,
1436,/data/all_images/image_1436.jpeg,/DATA5/prabhakar/telecom/extracted_images/images/image_1436.jpeg,True,28891,
1437,/data/all_images/image_1437.png,/DATA5/prabhakar/telecom/extracted_images/images/image_1437.png,True,53514,
1438,/data/all_images/image_1438.jpeg,/DATA5/prabhakar/telecom/extracted_images/images/image_1438.jpeg,True,25484,
1439,/data/all_images/image_1439.png,/DATA5/prabhakar/telecom/extracted_images/images/image_1439.png,True,29823,
1440,/data/all_images/image_1440.jpeg,/DATA5/prabhakar/telecom/extracted_images/images/image_1440.jpeg,True,58182,
1441,/data/all_images/image_1441.jpeg,/DATA5/prabhakar/telecom/extracted_images/images/image_1441.jpeg,True,29570,
1442,/data/all_images/image_1442.jpeg,/DATA5/prabhakar/telecom/extracted_images/images/image_1442.jpeg,True,33333,
1443,/data/all_images/image_1443.png,/DATA5/prabhakar/telecom/extracted_images/images/image_1443.png,True,28169,
1444,/data/all_images/image_1444.png,/DATA5/prabhakar/telecom/extracted_images/images/image_1444.png,True,26077,
1445,/data/all_images/image_1445.png,/DATA5/prabhakar/telecom/extracted_images/images/image_1445.png,True,31195,
1446,/data/all_images/image_1446.png,/DATA5/prabhakar/telecom/extracted_images/images/image_1446.png,True,41104,
1447,/data/all_images/image_1447.jpeg,/DATA5/prabhakar/telecom/extracted_images/images/image_1447.jpeg,True,42429,
1448,/data/all_images/image_1448.jpeg,/DATA5/prabhakar/telecom/extracted_images/images/image_1448.jpeg,True,50570,
1449,/data/all_images/image_1449.png,/DATA5/prabhakar/telecom/extracted_images/images/image_1449.png,True,28584,
1450,/data/all_images/image_1450.jpeg,/DATA5/prabhakar/telecom/extracted_images/images/image_1450.jpeg,True,33800,
1451,/data/all_images/image_1451.jpeg,/DATA5/prabhakar/telecom/extracted_images/images/image_1451.jpeg,True,41637,
1452,/data/all_images/image_1452.png,/DATA5/prabhakar/telecom/extracted_images/images/image_1452.png,True,22397,
1453,/data/all_images/image_1453.jpeg,/DATA5/prabhakar/telecom/extracted_images/images/image_1453.jpeg,True,23510,
1454,/data/all_images/image_1454.jpeg,/DATA5/prabhakar/telecom/extracted_images/images/image_1454.jpeg,True,24973,
1455,/data/all_images/image_1455.jpeg,/DATA5/prabhakar/telecom/extracted_images/images/image_1455.jpeg,True,36956,
1456,/data/all_images/image_1456.jpeg,/DATA5/prabhakar/telecom/extracted_images/images/image_1456.jpeg,True,45496,
1457,/data/all_images/image_1457.png,/DATA5/prabhakar/telecom/extracted_images/images/image_1457.png,True,21027,
1458,/data/all_images/image_1458.png,/DATA5/prabhakar/telecom/extracted_images/images/image_1458.png,True,25782,
1459,/data/all_images/image_1459.jpeg,/DATA5/prabhakar/telecom/extracted_images/images/image_1459.jpeg,True,25749,
1460,/data/all_images/image_1460.jpeg,/DATA5/prabhakar/telecom/extracted_images/images/image_1460.jpeg,True,28175,
1461,/data/all_images/image_1461.png,/DATA5/prabhakar/telecom/extracted_images/images/image_1461.png,True,28461,
1462,/data/all_images/image_1462.jpeg,/DATA5/prabhakar/telecom/extracted_images/images/image_1462.jpeg,True,24388,
1463,/data/all_images/image_1463.jpeg,/DATA5/prabhakar/telecom/extracted_images/images/image_1463.jpeg,True,22321,
1464,/data/all_images/image_1464.jpeg,/DATA5/prabhakar/telecom/extracted_images/images/image_1464.jpeg,True,21967,
1465,/data/all_images/image_1465.jpeg,/DATA5/prabhakar/telecom/extracted_images/images/image_1465.jpeg,True,21281,
1466,/data/all_images/image_1466.jpeg,/DATA5/prabhakar/telecom/extracted_images/images/image_1466.jpeg,True,22328,
1467,/data/all_images/image_1467.jpeg,/DATA5/prabhakar/telecom/extracted_images/images/image_1467.jpeg,True,29814,
1468,/data/all_images/image_1468.jpeg,/DATA5/prabhakar/telecom/extracted_images/images/image_1468.jpeg,True,29152,
1469,/data/all_images/image_1469.jpeg,/DATA5/prabhakar/telecom/extracted_images/images/image_1469.jpeg,True,33573,
1470,/data/all_images/image_1470.jpeg,/DATA5/prabhakar/telecom/extracted_images/images/image_1470.jpeg,True,34325,
1471,/data/all_images/image_1471.jpeg,/DATA5/prabhakar/telecom/extracted_images/images/image_1471.jpeg,True,72568,
1472,/data/all_images/image_1472.jpeg,/DATA5/prabhakar/telecom/extracted_images/images/image_1472.jpeg,True,46800,
1473,/data/all_images/image_1473.jpeg,/DATA5/prabhakar/telecom/extracted_images/images/image_1473.jpeg,True,24648,
1474,/data/all_images/image_1474.jpeg,/DATA5/prabhakar/telecom/extracted_images/images/image_1474.jpeg,True,30951,
1475,/data/all_images/image_1475.png,/DATA5/prabhakar/telecom/extracted_images/images/image_1475.png,True,46777,
1476,/data/all_images/image_1476.png,/DATA5/prabhakar/telecom/extracted_images/images/image_1476.png,True,25000,
1477,/data/all_images/image_1477.png,/DATA5/prabhakar/telecom/extracted_images/images/image_1477.png,True,33589,
1478,/data/all_images/image_1478.png,/DATA5/prabhakar/telecom/extracted_images/images/image_1478.png,True,31777,
1479,/data/all_images/image_1479.png,/DATA5/prabhakar/telecom/extracted_images/images/image_1479.png,True,25501,
1480,/data/all_images/image_1480.png,/DATA5/prabhakar/telecom/extracted_images/images/image_1480.png,True,26923,
1481,/data/all_images/image_1481.png,/DATA5/prabhakar/telecom/extracted_images/images/image_1481.png,True,66431,
1482,/data/all_images/image_1482.jpeg,/DATA5/prabhakar/telecom/extracted_images/images/image_1482.jpeg,True,93604,
1483,/data/all_images/image_1483.jpeg,/DATA5/prabhakar/telecom/extracted_images/images/image_1483.jpeg,True,21994,
1484,/data/all_images/image_1484.jpeg,/DATA5/prabhakar/telecom/extracted_images/images/image_1484.jpeg,True,60600,
1485,/data/all_images/image_1485.jpeg,/DATA5/prabhakar/telecom/extracted_images/images/image_1485.jpeg,True,29404,
1486,/data/all_images/image_1486.jpeg,/DATA5/prabhakar/telecom/extracted_images/images/image_1486.jpeg,True,55641,
1487,/data/all_images/image_1487.jpeg,/DATA5/prabhakar/telecom/extracted_images/images/image_1487.jpeg,True,56881,
1488,/data/all_images/image_1488.jpeg,/DATA5/prabhakar/telecom/extracted_images/images/image_1488.jpeg,True,74408,
1489,/data/all_images/image_1489.png,/DATA5/prabhakar/telecom/extracted_images/images/image_1489.png,True,40069,
1490,/data/all_images/image_1490.png,/DATA5/prabhakar/telecom/extracted_images/images/image_1490.png,True,28650,
1491,/data/all_images/image_1491.jpeg,/DATA5/prabhakar/telecom/extracted_images/images/image_1491.jpeg,True,67558,
1492,/data/all_images/image_1492.jpeg,/DATA5/prabhakar/telecom/extracted_images/images/image_1492.jpeg,True,66874,
1493,/data/all_images/image_1493.jpeg,/DATA5/prabhakar/telecom/extracted_images/images/image_1493.jpeg,True,33606,
1494,/data/all_images/image_1494.jpeg,/DATA5/prabhakar/telecom/extracted_images/images/image_1494.jpeg,True,55673,
1495,/data/all_images/image_1495.jpeg,/DATA5/prabhakar/telecom/extracted_images/images/image_1495.jpeg,True,71590,
1496,/data/all_images/image_1496.jpeg,/DATA5/prabhakar/telecom/extracted_images/images/image_1496.jpeg,True,22927,
1497,/data/all_images/image_1497.jpeg,/DATA5/prabhakar/telecom/extracted_images/images/image_1497.jpeg,True,41568,
1498,/data/all_images/image_1498.jpeg,/DATA5/prabhakar/telecom/extracted_images/images/image_1498.jpeg,True,24842,
1499,/data/all_images/image_1499.png,/DATA5/prabhakar/telecom/extracted_images/images/image_1499.png,True,27997,
1500,/data/all_images/image_1500.png,/DATA5/prabhakar/telecom/extracted_images/images/image_1500.png,True,26438,
1501,/data/all_images/image_1501.png,/DATA5/prabhakar/telecom/extracted_images/images/image_1501.png,True,28071,
1502,/data/all_images/image_1502.png,/DATA5/prabhakar/telecom/extracted_images/images/image_1502.png,True,28071,
1503,/data/all_images/image_1503.png,/DATA5/prabhakar/telecom/extracted_images/images/image_1503.png,True,28014,
1504,/data/all_images/image_1504.png,/DATA5/prabhakar/telecom/extracted_images/images/image_1504.png,True,54227,
1505,/data/all_images/image_1505.png,/DATA5/prabhakar/telecom/extracted_images/images/image_1505.png,True,41371,
1506,/data/all_images/image_1506.png,/DATA5/prabhakar/telecom/extracted_images/images/image_1506.png,True,87411,
1507,/data/all_images/image_1507.png,/DATA5/prabhakar/telecom/extracted_images/images/image_1507.png,True,67673,
1508,/data/all_images/image_1508.png,/DATA5/prabhakar/telecom/extracted_images/images/image_1508.png,True,55659,
1509,/data/all_images/image_1509.jpeg,/DATA5/prabhakar/telecom/extracted_images/images/image_1509.jpeg,True,48411,
1510,/data/all_images/image_1510.jpeg,/DATA5/prabhakar/telecom/extracted_images/images/image_1510.jpeg,True,48411,
1511,/data/all_images/image_1511.jpeg,/DATA5/prabhakar/telecom/extracted_images/images/image_1511.jpeg,True,48411,
1512,/data/all_images/image_1512.jpeg,/DATA5/prabhakar/telecom/extracted_images/images/image_1512.jpeg,True,49117,
1513,/data/all_images/image_1513.jpeg,/DATA5/prabhakar/telecom/extracted_images/images/image_1513.jpeg,True,31464,
1514,/data/all_images/image_1514.jpeg,/DATA5/prabhakar/telecom/extracted_images/images/image_1514.jpeg,True,32983,
1515,/data/all_images/image_1515.jpeg,/DATA5/prabhakar/telecom/extracted_images/images/image_1515.jpeg,True,37156,
1516,/data/all_images/image_1516.jpeg,/DATA5/prabhakar/telecom/extracted_images/images/image_1516.jpeg,True,36303,
1517,/data/all_images/image_1517.jpeg,/DATA5/prabhakar/telecom/extracted_images/images/image_1517.jpeg,True,33291,
1518,/data/all_images/image_1518.jpeg,/DATA5/prabhakar/telecom/extracted_images/images/image_1518.jpeg,True,48297,
1519,/data/all_images/image_1519.jpeg,/DATA5/prabhakar/telecom/extracted_images/images/image_1519.jpeg,True,42733,
1520,/data/all_images/image_1520.jpeg,/DATA5/prabhakar/telecom/extracted_images/images/image_1520.jpeg,True,29140,
1521,/data/all_images/image_1521.jpeg,/DATA5/prabhakar/telecom/extracted_images/images/image_1521.jpeg,True,37566,
1522,/data/all_images/image_1522.jpeg,/DATA5/prabhakar/telecom/extracted_images/images/image_1522.jpeg,True,30160,
1523,/data/all_images/image_1523.jpeg,/DATA5/prabhakar/telecom/extracted_images/images/image_1523.jpeg,True,31392,
1524,/data/all_images/image_1524.jpeg,/DATA5/prabhakar/telecom/extracted_images/images/image_1524.jpeg,True,26945,
1525,/data/all_images/image_1525.png,/DATA5/prabhakar/telecom/extracted_images/images/image_1525.png,True,34151,
1526,/data/all_images/image_1526.png,/DATA5/prabhakar/telecom/extracted_images/images/image_1526.png,True,36367,
1527,/data/all_images/image_1527.png,/DATA5/prabhakar/telecom/extracted_images/images/image_1527.png,True,30570,
1528,/data/all_images/image_1528.png,/DATA5/prabhakar/telecom/extracted_images/images/image_1528.png,True,42752,
1529,/data/all_images/image_1529.png,/DATA5/prabhakar/telecom/extracted_images/images/image_1529.png,True,32427,
1530,/data/all_images/image_1530.png,/DATA5/prabhakar/telecom/extracted_images/images/image_1530.png,True,45888,
1531,/data/all_images/image_1531.jpeg,/DATA5/prabhakar/telecom/extracted_images/images/image_1531.jpeg,True,26437,
1532,/data/all_images/image_1532.png,/DATA5/prabhakar/telecom/extracted_images/images/image_1532.png,True,30276,
1533,/data/all_images/image_1533.jpeg,/DATA5/prabhakar/telecom/extracted_images/images/image_1533.jpeg,True,66660,
1534,/data/all_images/image_1534.jpeg,/DATA5/prabhakar/telecom/extracted_images/images/image_1534.jpeg,True,30578,
1535,/data/all_images/image_1535.jpeg,/DATA5/prabhakar/telecom/extracted_images/images/image_1535.jpeg,True,50301,
1536,/data/all_images/image_1536.jpeg,/DATA5/prabhakar/telecom/extracted_images/images/image_1536.jpeg,True,51136,
1537,/data/all_images/image_1537.jpeg,/DATA5/prabhakar/telecom/extracted_images/images/image_1537.jpeg,True,51573,
1538,/data/all_images/image_1538.jpeg,/DATA5/prabhakar/telecom/extracted_images/images/image_1538.jpeg,True,52564,
1539,/data/all_images/image_1539.jpeg,/DATA5/prabhakar/telecom/extracted_images/images/image_1539.jpeg,True,44689,
1540,/data/all_images/image_1540.jpeg,/DATA5/prabhakar/telecom/extracted_images/images/image_1540.jpeg,True,81256,
1541,/data/all_images/image_1541.jpeg,/DATA5/prabhakar/telecom/extracted_images/images/image_1541.jpeg,True,34269,
1542,/data/all_images/image_1542.jpeg,/DATA5/prabhakar/telecom/extracted_images/images/image_1542.jpeg,True,49675,
1543,/data/all_images/image_1543.jpeg,/DATA5/prabhakar/telecom/extracted_images/images/image_1543.jpeg,True,64957,
1544,/data/all_images/image_1544.jpeg,/DATA5/prabhakar/telecom/extracted_images/images/image_1544.jpeg,True,70064,
1545,/data/all_images/image_1545.png,/DATA5/prabhakar/telecom/extracted_images/images/image_1545.png,True,55874,
1546,/data/all_images/image_1546.jpeg,/DATA5/prabhakar/telecom/extracted_images/images/image_1546.jpeg,True,23817,
1547,/data/all_images/image_1547.png,/DATA5/prabhakar/telecom/extracted_images/images/image_1547.png,True,58379,
1548,/data/all_images/image_1548.jpeg,/DATA5/prabhakar/telecom/extracted_images/images/image_1548.jpeg,True,37316,
1549,/data/all_images/image_1549.png,/DATA5/prabhakar/telecom/extracted_images/images/image_1549.png,True,58048,
1550,/data/all_images/image_1550.png,/DATA5/prabhakar/telecom/extracted_images/images/image_1550.png,True,47727,
1551,/data/all_images/image_1551.jpeg,/DATA5/prabhakar/telecom/extracted_images/images/image_1551.jpeg,True,80225,
1552,/data/all_images/image_1552.jpeg,/DATA5/prabhakar/telecom/extracted_images/images/image_1552.jpeg,True,99483,
1553,/data/all_images/image_1553.jpeg,/DATA5/prabhakar/telecom/extracted_images/images/image_1553.jpeg,True,75635,
1554,/data/all_images/image_1554.jpeg,/DATA5/prabhakar/telecom/extracted_images/images/image_1554.jpeg,True,88352,
1555,/data/all_images/image_1555.jpeg,/DATA5/prabhakar/telecom/extracted_images/images/image_1555.jpeg,True,85497,
1556,/data/all_images/image_1556.jpeg,/DATA5/prabhakar/telecom/extracted_images/images/image_1556.jpeg,True,37316,
1557,/data/all_images/image_1557.png,/DATA5/prabhakar/telecom/extracted_images/images/image_1557.png,True,56230,
1558,/data/all_images/image_1558.jpeg,/DATA5/prabhakar/telecom/extracted_images/images/image_1558.jpeg,True,80951,
1559,/data/all_images/image_1559.jpeg,/DATA5/prabhakar/telecom/extracted_images/images/image_1559.jpeg,True,99483,
1560,/data/all_images/image_1560.jpeg,/DATA5/prabhakar/telecom/extracted_images/images/image_1560.jpeg,True,70947,
1561,/data/all_images/image_1561.jpeg,/DATA5/prabhakar/telecom/extracted_images/images/image_1561.jpeg,True,88352,
1562,/data/all_images/image_1562.jpeg,/DATA5/prabhakar/telecom/extracted_images/images/image_1562.jpeg,True,37316,
1563,/data/all_images/image_1563.jpeg,/DATA5/prabhakar/telecom/extracted_images/images/image_1563.jpeg,True,36517,
1564,/data/all_images/image_1564.jpeg,/DATA5/prabhakar/telecom/extracted_images/images/image_1564.jpeg,True,30212,
1565,/data/all_images/image_1565.jpeg,/DATA5/prabhakar/telecom/extracted_images/images/image_1565.jpeg,True,52576,
1566,/data/all_images/image_1566.jpeg,/DATA5/prabhakar/telecom/extracted_images/images/image_1566.jpeg,True,42176,
1567,/data/all_images/image_1567.jpeg,/DATA5/prabhakar/telecom/extracted_images/images/image_1567.jpeg,True,24291,
1568,/data/all_images/image_1568.jpeg,/DATA5/prabhakar/telecom/extracted_images/images/image_1568.jpeg,True,24054,
1569,/data/all_images/image_1569.png,/DATA5/prabhakar/telecom/extracted_images/images/image_1569.png,True,27184,
1570,/data/all_images/image_1570.png,/DATA5/prabhakar/telecom/extracted_images/images/image_1570.png,True,27053,
1571,/data/all_images/image_1571.jpeg,/DATA5/prabhakar/telecom/extracted_images/images/image_1571.jpeg,True,41177,
1572,/data/all_images/image_1572.png,/DATA5/prabhakar/telecom/extracted_images/images/image_1572.png,True,31683,
1573,/data/all_images/image_1573.png,/DATA5/prabhakar/telecom/extracted_images/images/image_1573.png,True,32770,
1574,/data/all_images/image_1574.jpeg,/DATA5/prabhakar/telecom/extracted_images/images/image_1574.jpeg,True,22923,
1575,/data/all_images/image_1575.jpeg,/DATA5/prabhakar/telecom/extracted_images/images/image_1575.jpeg,True,26613,
1576,/data/all_images/image_1576.png,/DATA5/prabhakar/telecom/extracted_images/images/image_1576.png,True,25348,
1577,/data/all_images/image_1577.png,/DATA5/prabhakar/telecom/extracted_images/images/image_1577.png,True,23415,
1578,/data/all_images/image_1578.png,/DATA5/prabhakar/telecom/extracted_images/images/image_1578.png,True,21457,
1579,/data/all_images/image_1579.jpeg,/DATA5/prabhakar/telecom/extracted_images/images/image_1579.jpeg,True,26503,
1580,/data/all_images/image_1580.jpeg,/DATA5/prabhakar/telecom/extracted_images/images/image_1580.jpeg,True,25235,
1581,/data/all_images/image_1581.jpeg,/DATA5/prabhakar/telecom/extracted_images/images/image_1581.jpeg,True,24308,
1582,/data/all_images/image_1582.jpeg,/DATA5/prabhakar/telecom/extracted_images/images/image_1582.jpeg,True,30458,
1583,/data/all_images/image_1583.jpeg,/DATA5/prabhakar/telecom/extracted_images/images/image_1583.jpeg,True,32857,
1584,/data/all_images/image_1584.jpeg,/DATA5/prabhakar/telecom/extracted_images/images/image_1584.jpeg,True,44853,
1585,/data/all_images/image_1585.jpeg,/DATA5/prabhakar/telecom/extracted_images/images/image_1585.jpeg,True,50061,
1586,/data/all_images/image_1586.jpeg,/DATA5/prabhakar/telecom/extracted_images/images/image_1586.jpeg,True,36197,
1587,/data/all_images/image_1587.jpeg,/DATA5/prabhakar/telecom/extracted_images/images/image_1587.jpeg,True,55425,
1588,/data/all_images/image_1588.jpeg,/DATA5/prabhakar/telecom/extracted_images/images/image_1588.jpeg,True,28076,
1589,/data/all_images/image_1589.jpeg,/DATA5/prabhakar/telecom/extracted_images/images/image_1589.jpeg,True,58682,
1590,/data/all_images/image_1590.jpeg,/DATA5/prabhakar/telecom/extracted_images/images/image_1590.jpeg,True,50914,
1591,/data/all_images/image_1591.jpeg,/DATA5/prabhakar/telecom/extracted_images/images/image_1591.jpeg,True,47745,
1592,/data/all_images/image_1592.png,/DATA5/prabhakar/telecom/extracted_images/images/image_1592.png,True,26619,
1593,/data/all_images/image_1593.jpeg,/DATA5/prabhakar/telecom/extracted_images/images/image_1593.jpeg,True,48158,
1594,/data/all_images/image_1594.jpeg,/DATA5/prabhakar/telecom/extracted_images/images/image_1594.jpeg,True,51859,
1595,/data/all_images/image_1595.jpeg,/DATA5/prabhakar/telecom/extracted_images/images/image_1595.jpeg,True,47654,
1596,/data/all_images/image_1596.jpeg,/DATA5/prabhakar/telecom/extracted_images/images/image_1596.jpeg,True,48345,
1597,/data/all_images/image_1597.jpeg,/DATA5/prabhakar/telecom/extracted_images/images/image_1597.jpeg,True,27593,
1598,/data/all_images/image_1598.jpeg,/DATA5/prabhakar/telecom/extracted_images/images/image_1598.jpeg,True,56752,
1599,/data/all_images/image_1599.jpeg,/DATA5/prabhakar/telecom/extracted_images/images/image_1599.jpeg,True,28446,
1600,/data/all_images/image_1600.png,/DATA5/prabhakar/telecom/extracted_images/images/image_1600.png,True,47638,
1601,/data/all_images/image_1601.png,/DATA5/prabhakar/telecom/extracted_images/images/image_1601.png,True,44814,
1602,/data/all_images/image_1602.png,/DATA5/prabhakar/telecom/extracted_images/images/image_1602.png,True,51704,
1603,/data/all_images/image_1603.jpeg,/DATA5/prabhakar/telecom/extracted_images/images/image_1603.jpeg,True,55962,
1604,/data/all_images/image_1604.jpeg,/DATA5/prabhakar/telecom/extracted_images/images/image_1604.jpeg,True,29998,
1605,/data/all_images/image_1605.jpeg,/DATA5/prabhakar/telecom/extracted_images/images/image_1605.jpeg,True,74463,
1606,/data/all_images/image_1606.jpeg,/DATA5/prabhakar/telecom/extracted_images/images/image_1606.jpeg,True,30064,
1607,/data/all_images/image_1607.jpeg,/DATA5/prabhakar/telecom/extracted_images/images/image_1607.jpeg,True,30438,
1608,/data/all_images/image_1608.jpeg,/DATA5/prabhakar/telecom/extracted_images/images/image_1608.jpeg,True,58397,
1609,/data/all_images/image_1609.jpeg,/DATA5/prabhakar/telecom/extracted_images/images/image_1609.jpeg,True,42389,
1610,/data/all_images/image_1610.jpeg,/DATA5/prabhakar/telecom/extracted_images/images/image_1610.jpeg,True,69034,
1611,/data/all_images/image_1611.jpeg,/DATA5/prabhakar/telecom/extracted_images/images/image_1611.jpeg,True,73077,
1612,/data/all_images/image_1612.jpeg,/DATA5/prabhakar/telecom/extracted_images/images/image_1612.jpeg,True,61361,
1613,/data/all_images/image_1613.jpeg,/DATA5/prabhakar/telecom/extracted_images/images/image_1613.jpeg,True,52392,
1614,/data/all_images/image_1614.jpeg,/DATA5/prabhakar/telecom/extracted_images/images/image_1614.jpeg,True,51027,
1615,/data/all_images/image_1615.png,/DATA5/prabhakar/telecom/extracted_images/images/image_1615.png,True,46773,
1616,/data/all_images/image_1616.jpeg,/DATA5/prabhakar/telecom/extracted_images/images/image_1616.jpeg,True,82670,
1617,/data/all_images/image_1617.jpeg,/DATA5/prabhakar/telecom/extracted_images/images/image_1617.jpeg,True,53088,
1618,/data/all_images/image_1618.png,/DATA5/prabhakar/telecom/extracted_images/images/image_1618.png,True,43442,
1619,/data/all_images/image_1619.png,/DATA5/prabhakar/telecom/extracted_images/images/image_1619.png,True,47906,
1620,/data/all_images/image_1620.jpeg,/DATA5/prabhakar/telecom/extracted_images/images/image_1620.jpeg,True,40860,
1621,/data/all_images/image_1621.jpeg,/DATA5/prabhakar/telecom/extracted_images/images/image_1621.jpeg,True,38915,
1622,/data/all_images/image_1622.jpeg,/DATA5/prabhakar/telecom/extracted_images/images/image_1622.jpeg,True,59218,
1623,/data/all_images/image_1623.png,/DATA5/prabhakar/telecom/extracted_images/images/image_1623.png,True,58224,
1624,/data/all_images/image_1624.png,/DATA5/prabhakar/telecom/extracted_images/images/image_1624.png,True,65556,
1625,/data/all_images/image_1625.jpeg,/DATA5/prabhakar/telecom/extracted_images/images/image_1625.jpeg,True,34617,
1626,/data/all_images/image_1626.jpeg,/DATA5/prabhakar/telecom/extracted_images/images/image_1626.jpeg,True,66309,
1627,/data/all_images/image_1627.jpeg,/DATA5/prabhakar/telecom/extracted_images/images/image_1627.jpeg,True,35617,
1628,/data/all_images/image_1628.jpeg,/DATA5/prabhakar/telecom/extracted_images/images/image_1628.jpeg,True,52942,
1629,/data/all_images/image_1629.png,/DATA5/prabhakar/telecom/extracted_images/images/image_1629.png,True,34626,
1630,/data/all_images/image_1630.png,/DATA5/prabhakar/telecom/extracted_images/images/image_1630.png,True,35147,
1631,/data/all_images/image_1631.png,/DATA5/prabhakar/telecom/extracted_images/images/image_1631.png,True,48630,
1632,/data/all_images/image_1632.jpeg,/DATA5/prabhakar/telecom/extracted_images/images/image_1632.jpeg,True,30218,
1633,/data/all_images/image_1633.jpeg,/DATA5/prabhakar/telecom/extracted_images/images/image_1633.jpeg,True,44795,
1634,/data/all_images/image_1634.jpeg,/DATA5/prabhakar/telecom/extracted_images/images/image_1634.jpeg,True,24962,
1635,/data/all_images/image_1635.jpeg,/DATA5/prabhakar/telecom/extracted_images/images/image_1635.jpeg,True,23784,
1636,/data/all_images/image_1636.jpeg,/DATA5/prabhakar/telecom/extracted_images/images/image_1636.jpeg,True,37110,
1637,/data/all_images/image_1637.jpeg,/DATA5/prabhakar/telecom/extracted_images/images/image_1637.jpeg,True,29308,
1638,/data/all_images/image_1638.jpeg,/DATA5/prabhakar/telecom/extracted_images/images/image_1638.jpeg,True,38491,
1639,/data/all_images/image_1639.jpeg,/DATA5/prabhakar/telecom/extracted_images/images/image_1639.jpeg,True,50273,
1640,/data/all_images/image_1640.jpeg,/DATA5/prabhakar/telecom/extracted_images/images/image_1640.jpeg,True,24105,
1641,/data/all_images/image_1641.jpeg,/DATA5/prabhakar/telecom/extracted_images/images/image_1641.jpeg,True,25561,
1642,/data/all_images/image_1642.jpeg,/DATA5/prabhakar/telecom/extracted_images/images/image_1642.jpeg,True,39208,
1643,/data/all_images/image_1643.jpeg,/DATA5/prabhakar/telecom/extracted_images/images/image_1643.jpeg,True,54415,
1644,/data/all_images/image_1644.jpeg,/DATA5/prabhakar/telecom/extracted_images/images/image_1644.jpeg,True,36277,
1645,/data/all_images/image_1645.jpeg,/DATA5/prabhakar/telecom/extracted_images/images/image_1645.jpeg,True,49489,
1646,/data/all_images/image_1646.jpeg,/DATA5/prabhakar/telecom/extracted_images/images/image_1646.jpeg,True,31703,
1647,/data/all_images/image_1647.jpeg,/DATA5/prabhakar/telecom/extracted_images/images/image_1647.jpeg,True,24488,
1648,/data/all_images/image_1648.jpeg,/DATA5/prabhakar/telecom/extracted_images/images/image_1648.jpeg,True,32666,
1649,/data/all_images/image_1649.jpeg,/DATA5/prabhakar/telecom/extracted_images/images/image_1649.jpeg,True,30167,
1650,/data/all_images/image_1650.jpeg,/DATA5/prabhakar/telecom/extracted_images/images/image_1650.jpeg,True,22573,
1651,/data/all_images/image_1651.jpeg,/DATA5/prabhakar/telecom/extracted_images/images/image_1651.jpeg,True,30029,
1652,/data/all_images/image_1652.jpeg,/DATA5/prabhakar/telecom/extracted_images/images/image_1652.jpeg,True,23017,
1653,/data/all_images/image_1653.jpeg,/DATA5/prabhakar/telecom/extracted_images/images/image_1653.jpeg,True,74010,
1654,/data/all_images/image_1654.png,/DATA5/prabhakar/telecom/extracted_images/images/image_1654.png,True,29050,
1655,/data/all_images/image_1655.png,/DATA5/prabhakar/telecom/extracted_images/images/image_1655.png,True,23996,
1656,/data/all_images/image_1656.jpeg,/DATA5/prabhakar/telecom/extracted_images/images/image_1656.jpeg,True,27932,
1657,/data/all_images/image_1657.jpeg,/DATA5/prabhakar/telecom/extracted_images/images/image_1657.jpeg,True,33772,
1658,/data/all_images/image_1658.png,/DATA5/prabhakar/telecom/extracted_images/images/image_1658.png,True,23996,
1659,/data/all_images/image_1659.png,/DATA5/prabhakar/telecom/extracted_images/images/image_1659.png,True,50103,
1660,/data/all_images/image_1660.jpeg,/DATA5/prabhakar/telecom/extracted_images/images/image_1660.jpeg,True,55658,
1661,/data/all_images/image_1661.jpeg,/DATA5/prabhakar/telecom/extracted_images/images/image_1661.jpeg,True,33808,
1662,/data/all_images/image_1662.jpeg,/DATA5/prabhakar/telecom/extracted_images/images/image_1662.jpeg,True,30332,
1663,/data/all_images/image_1663.jpeg,/DATA5/prabhakar/telecom/extracted_images/images/image_1663.jpeg,True,29023,
1664,/data/all_images/image_1664.png,/DATA5/prabhakar/telecom/extracted_images/images/image_1664.png,True,36052,
1665,/data/all_images/image_1665.jpeg,/DATA5/prabhakar/telecom/extracted_images/images/image_1665.jpeg,True,30322,
1666,/data/all_images/image_1666.jpeg,/DATA5/prabhakar/telecom/extracted_images/images/image_1666.jpeg,True,43398,
1667,/data/all_images/image_1667.jpeg,/DATA5/prabhakar/telecom/extracted_images/images/image_1667.jpeg,True,45772,
1668,/data/all_images/image_1668.jpeg,/DATA5/prabhakar/telecom/extracted_images/images/image_1668.jpeg,True,43886,
1669,/data/all_images/image_1669.jpeg,/DATA5/prabhakar/telecom/extracted_images/images/image_1669.jpeg,True,33585,
1670,/data/all_images/image_1670.jpeg,/DATA5/prabhakar/telecom/extracted_images/images/image_1670.jpeg,True,49740,
1671,/data/all_images/image_1671.jpeg,/DATA5/prabhakar/telecom/extracted_images/images/image_1671.jpeg,True,26834,
1672,/data/all_images/image_1672.png,/DATA5/prabhakar/telecom/extracted_images/images/image_1672.png,True,24462,
1673,/data/all_images/image_1673.jpeg,/DATA5/prabhakar/telecom/extracted_images/images/image_1673.jpeg,True,22379,
1674,/data/all_images/image_1674.jpeg,/DATA5/prabhakar/telecom/extracted_images/images/image_1674.jpeg,True,32036,
1675,/data/all_images/image_1675.jpeg,/DATA5/prabhakar/telecom/extracted_images/images/image_1675.jpeg,True,23321,
1676,/data/all_images/image_1676.jpeg,/DATA5/prabhakar/telecom/extracted_images/images/image_1676.jpeg,True,36039,
1677,/data/all_images/image_1677.jpeg,/DATA5/prabhakar/telecom/extracted_images/images/image_1677.jpeg,True,35584,
1678,/data/all_images/image_1678.jpeg,/DATA5/prabhakar/telecom/extracted_images/images/image_1678.jpeg,True,21251,
1679,/data/all_images/image_1679.jpeg,/DATA5/prabhakar/telecom/extracted_images/images/image_1679.jpeg,True,22432,
1680,/data/all_images/image_1680.jpeg,/DATA5/prabhakar/telecom/extracted_images/images/image_1680.jpeg,True,21431,
1681,/data/all_images/image_1681.jpeg,/DATA5/prabhakar/telecom/extracted_images/images/image_1681.jpeg,True,41948,
1682,/data/all_images/image_1682.png,/DATA5/prabhakar/telecom/extracted_images/images/image_1682.png,True,25587,
1683,/data/all_images/image_1683.jpeg,/DATA5/prabhakar/telecom/extracted_images/images/image_1683.jpeg,True,23953,
1684,/data/all_images/image_1684.jpeg,/DATA5/prabhakar/telecom/extracted_images/images/image_1684.jpeg,True,21725,
1685,/data/all_images/image_1685.jpeg,/DATA5/prabhakar/telecom/extracted_images/images/image_1685.jpeg,True,35187,
1686,/data/all_images/image_1686.jpeg,/DATA5/prabhakar/telecom/extracted_images/images/image_1686.jpeg,True,23292,
1687,/data/all_images/image_1687.jpeg,/DATA5/prabhakar/telecom/extracted_images/images/image_1687.jpeg,True,61254,
1688,/data/all_images/image_1688.jpeg,/DATA5/prabhakar/telecom/extracted_images/images/image_1688.jpeg,True,25729,
1689,/data/all_images/image_1689.jpeg,/DATA5/prabhakar/telecom/extracted_images/images/image_1689.jpeg,True,71887,
1690,/data/all_images/image_1690.jpeg,/DATA5/prabhakar/telecom/extracted_images/images/image_1690.jpeg,True,27093,
1691,/data/all_images/image_1691.jpeg,/DATA5/prabhakar/telecom/extracted_images/images/image_1691.jpeg,True,58598,
1692,/data/all_images/image_1692.png,/DATA5/prabhakar/telecom/extracted_images/images/image_1692.png,True,68251,
1693,/data/all_images/image_1693.png,/DATA5/prabhakar/telecom/extracted_images/images/image_1693.png,True,22722,
1694,/data/all_images/image_1694.jpeg,/DATA5/prabhakar/telecom/extracted_images/images/image_1694.jpeg,True,87350,
1695,/data/all_images/image_1695.jpeg,/DATA5/prabhakar/telecom/extracted_images/images/image_1695.jpeg,True,32149,
1696,/data/all_images/image_1696.jpeg,/DATA5/prabhakar/telecom/extracted_images/images/image_1696.jpeg,True,51408,
1697,/data/all_images/image_1697.png,/DATA5/prabhakar/telecom/extracted_images/images/image_1697.png,True,53555,
1698,/data/all_images/image_1698.png,/DATA5/prabhakar/telecom/extracted_images/images/image_1698.png,True,39190,
1699,/data/all_images/image_1699.png,/DATA5/prabhakar/telecom/extracted_images/images/image_1699.png,True,25963,
1700,/data/all_images/image_1700.jpeg,/DATA5/prabhakar/telecom/extracted_images/images/image_1700.jpeg,True,73885,
1701,/data/all_images/image_1701.png,/DATA5/prabhakar/telecom/extracted_images/images/image_1701.png,True,33187,
1702,/data/all_images/image_1702.png,/DATA5/prabhakar/telecom/extracted_images/images/image_1702.png,True,47666,
1703,/data/all_images/image_1703.png,/DATA5/prabhakar/telecom/extracted_images/images/image_1703.png,True,41295,
1704,/data/all_images/image_1704.jpeg,/DATA5/prabhakar/telecom/extracted_images/images/image_1704.jpeg,True,26370,
1705,/data/all_images/image_1705.jpeg,/DATA5/prabhakar/telecom/extracted_images/images/image_1705.jpeg,True,34553,
1706,/data/all_images/image_1706.png,/DATA5/prabhakar/telecom/extracted_images/images/image_1706.png,True,34621,
1707,/data/all_images/image_1707.jpeg,/DATA5/prabhakar/telecom/extracted_images/images/image_1707.jpeg,True,33572,
1708,/data/all_images/image_1708.png,/DATA5/prabhakar/telecom/extracted_images/images/image_1708.png,True,30153,
1709,/data/all_images/image_1709.jpeg,/DATA5/prabhakar/telecom/extracted_images/images/image_1709.jpeg,True,40643,
1710,/data/all_images/image_1710.png,/DATA5/prabhakar/telecom/extracted_images/images/image_1710.png,True,24651,
1711,/data/all_images/image_1711.png,/DATA5/prabhakar/telecom/extracted_images/images/image_1711.png,True,24141,
1712,/data/all_images/image_1712.png,/DATA5/prabhakar/telecom/extracted_images/images/image_1712.png,True,36459,
1713,/data/all_images/image_1713.jpeg,/DATA5/prabhakar/telecom/extracted_images/images/image_1713.jpeg,True,45427,
1714,/data/all_images/image_1714.jpeg,/DATA5/prabhakar/telecom/extracted_images/images/image_1714.jpeg,True,46426,
1715,/data/all_images/image_1715.png,/DATA5/prabhakar/telecom/extracted_images/images/image_1715.png,True,31848,
1716,/data/all_images/image_1716.png,/DATA5/prabhakar/telecom/extracted_images/images/image_1716.png,True,32934,
1717,/data/all_images/image_1717.png,/DATA5/prabhakar/telecom/extracted_images/images/image_1717.png,True,31499,
1718,/data/all_images/image_1718.png,/DATA5/prabhakar/telecom/extracted_images/images/image_1718.png,True,33495,
1719,/data/all_images/image_1719.png,/DATA5/prabhakar/telecom/extracted_images/images/image_1719.png,True,31304,
1720,/data/all_images/image_1720.png,/DATA5/prabhakar/telecom/extracted_images/images/image_1720.png,True,30358,
1721,/data/all_images/image_1721.jpeg,/DATA5/prabhakar/telecom/extracted_images/images/image_1721.jpeg,True,25262,
1722,/data/all_images/image_1722.png,/DATA5/prabhakar/telecom/extracted_images/images/image_1722.png,True,26129,
1723,/data/all_images/image_1723.jpeg,/DATA5/prabhakar/telecom/extracted_images/images/image_1723.jpeg,True,37929,
1724,/data/all_images/image_1724.png,/DATA5/prabhakar/telecom/extracted_images/images/image_1724.png,True,22186,
1725,/data/all_images/image_1725.png,/DATA5/prabhakar/telecom/extracted_images/images/image_1725.png,True,34720,
1726,/data/all_images/image_1726.jpeg,/DATA5/prabhakar/telecom/extracted_images/images/image_1726.jpeg,True,31017,
1727,/data/all_images/image_1727.png,/DATA5/prabhakar/telecom/extracted_images/images/image_1727.png,True,29323,
1728,/data/all_images/image_1728.png,/DATA5/prabhakar/telecom/extracted_images/images/image_1728.png,True,24274,
1729,/data/all_images/image_1729.jpeg,/DATA5/prabhakar/telecom/extracted_images/images/image_1729.jpeg,True,27826,
1730,/data/all_images/image_1730.jpeg,/DATA5/prabhakar/telecom/extracted_images/images/image_1730.jpeg,True,29345,
1731,/data/all_images/image_1731.png,/DATA5/prabhakar/telecom/extracted_images/images/image_1731.png,True,27133,
1732,/data/all_images/image_1732.png,/DATA5/prabhakar/telecom/extracted_images/images/image_1732.png,True,28440,
1733,/data/all_images/image_1733.png,/DATA5/prabhakar/telecom/extracted_images/images/image_1733.png,True,25950,
1734,/data/all_images/image_1734.png,/DATA5/prabhakar/telecom/extracted_images/images/image_1734.png,True,26985,
1735,/data/all_images/image_1735.jpeg,/DATA5/prabhakar/telecom/extracted_images/images/image_1735.jpeg,True,35635,
1736,/data/all_images/image_1736.jpeg,/DATA5/prabhakar/telecom/extracted_images/images/image_1736.jpeg,True,49761,
1737,/data/all_images/image_1737.jpeg,/DATA5/prabhakar/telecom/extracted_images/images/image_1737.jpeg,True,20808,
1738,/data/all_images/image_1738.png,/DATA5/prabhakar/telecom/extracted_images/images/image_1738.png,True,26503,
1739,/data/all_images/image_1739.png,/DATA5/prabhakar/telecom/extracted_images/images/image_1739.png,True,26572,
1740,/data/all_images/image_1740.jpeg,/DATA5/prabhakar/telecom/extracted_images/images/image_1740.jpeg,True,34508,
1741,/data/all_images/image_1741.jpeg,/DATA5/prabhakar/telecom/extracted_images/images/image_1741.jpeg,True,32614,
1742,/data/all_images/image_1742.png,/DATA5/prabhakar/telecom/extracted_images/images/image_1742.png,True,29174,
1743,/data/all_images/image_1743.png,/DATA5/prabhakar/telecom/extracted_images/images/image_1743.png,True,33367,
1744,/data/all_images/image_1744.png,/DATA5/prabhakar/telecom/extracted_images/images/image_1744.png,True,26014,
1745,/data/all_images/image_1745.png,/DATA5/prabhakar/telecom/extracted_images/images/image_1745.png,True,34354,
1746,/data/all_images/image_1746.png,/DATA5/prabhakar/telecom/extracted_images/images/image_1746.png,True,40789,
1747,/data/all_images/image_1747.png,/DATA5/prabhakar/telecom/extracted_images/images/image_1747.png,True,28780,
1748,/data/all_images/image_1748.png,/DATA5/prabhakar/telecom/extracted_images/images/image_1748.png,True,21296,
1749,/data/all_images/image_1749.png,/DATA5/prabhakar/telecom/extracted_images/images/image_1749.png,True,22907,
1750,/data/all_images/image_1750.png,/DATA5/prabhakar/telecom/extracted_images/images/image_1750.png,True,26875,
1751,/data/all_images/image_1751.jpeg,/DATA5/prabhakar/telecom/extracted_images/images/image_1751.jpeg,True,23073,
1752,/data/all_images/image_1752.jpeg,/DATA5/prabhakar/telecom/extracted_images/images/image_1752.jpeg,True,22358,
1753,/data/all_images/image_1753.jpeg,/DATA5/prabhakar/telecom/extracted_images/images/image_1753.jpeg,True,27809,
1754,/data/all_images/image_1754.jpeg,/DATA5/prabhakar/telecom/extracted_images/images/image_1754.jpeg,True,35839,
1755,/data/all_images/image_1755.jpeg,/DATA5/prabhakar/telecom/extracted_images/images/image_1755.jpeg,True,29962,
1756,/data/all_images/image_1756.jpeg,/DATA5/prabhakar/telecom/extracted_images/images/image_1756.jpeg,True,22787,
1757,/data/all_images/image_1757.png,/DATA5/prabhakar/telecom/extracted_images/images/image_1757.png,True,26946,
1758,/data/all_images/image_1758.jpeg,/DATA5/prabhakar/telecom/extracted_images/images/image_1758.jpeg,True,24384,
1759,/data/all_images/image_1759.png,/DATA5/prabhakar/telecom/extracted_images/images/image_1759.png,True,31311,
1760,/data/all_images/image_1760.png,/DATA5/prabhakar/telecom/extracted_images/images/image_1760.png,True,23524,
1761,/data/all_images/image_1761.png,/DATA5/prabhakar/telecom/extracted_images/images/image_1761.png,True,26491,
1762,/data/all_images/image_1762.png,/DATA5/prabhakar/telecom/extracted_images/images/image_1762.png,True,23636,
1763,/data/all_images/image_1763.png,/DATA5/prabhakar/telecom/extracted_images/images/image_1763.png,True,24827,
1764,/data/all_images/image_1764.jpeg,/DATA5/prabhakar/telecom/extracted_images/images/image_1764.jpeg,True,44053,
1765,/data/all_images/image_1765.png,/DATA5/prabhakar/telecom/extracted_images/images/image_1765.png,True,31324,
1766,/data/all_images/image_1766.png,/DATA5/prabhakar/telecom/extracted_images/images/image_1766.png,True,38614,
1767,/data/all_images/image_1767.jpeg,/DATA5/prabhakar/telecom/extracted_images/images/image_1767.jpeg,True,31533,
1768,/data/all_images/image_1768.jpeg,/DATA5/prabhakar/telecom/extracted_images/images/image_1768.jpeg,True,21092,
1769,/data/all_images/image_1769.jpeg,/DATA5/prabhakar/telecom/extracted_images/images/image_1769.jpeg,True,46640,
1770,/data/all_images/image_1770.png,/DATA5/prabhakar/telecom/extracted_images/images/image_1770.png,True,32387,
1771,/data/all_images/image_1771.png,/DATA5/prabhakar/telecom/extracted_images/images/image_1771.png,True,33398,
1772,/data/all_images/image_1772.jpeg,/DATA5/prabhakar/telecom/extracted_images/images/image_1772.jpeg,True,27960,
1773,/data/all_images/image_1773.jpeg,/DATA5/prabhakar/telecom/extracted_images/images/image_1773.jpeg,True,60526,
1774,/data/all_images/image_1774.jpeg,/DATA5/prabhakar/telecom/extracted_images/images/image_1774.jpeg,True,45049,
1775,/data/all_images/image_1775.png,/DATA5/prabhakar/telecom/extracted_images/images/image_1775.png,True,54551,
1776,/data/all_images/image_1776.jpeg,/DATA5/prabhakar/telecom/extracted_images/images/image_1776.jpeg,True,35438,
1777,/data/all_images/image_1777.png,/DATA5/prabhakar/telecom/extracted_images/images/image_1777.png,True,29463,
1778,/data/all_images/image_1778.jpeg,/DATA5/prabhakar/telecom/extracted_images/images/image_1778.jpeg,True,32555,
1779,/data/all_images/image_1779.jpeg,/DATA5/prabhakar/telecom/extracted_images/images/image_1779.jpeg,True,38527,
1780,/data/all_images/image_1780.png,/DATA5/prabhakar/telecom/extracted_images/images/image_1780.png,True,36038,
1781,/data/all_images/image_1781.jpeg,/DATA5/prabhakar/telecom/extracted_images/images/image_1781.jpeg,True,47236,
1782,/data/all_images/image_1782.jpeg,/DATA5/prabhakar/telecom/extracted_images/images/image_1782.jpeg,True,48357,
1783,/data/all_images/image_1783.png,/DATA5/prabhakar/telecom/extracted_images/images/image_1783.png,True,33089,
1784,/data/all_images/image_1784.png,/DATA5/prabhakar/telecom/extracted_images/images/image_1784.png,True,33206,
1785,/data/all_images/image_1785.png,/DATA5/prabhakar/telecom/extracted_images/images/image_1785.png,True,33620,
1786,/data/all_images/image_1786.jpeg,/DATA5/prabhakar/telecom/extracted_images/images/image_1786.jpeg,True,36784,
1787,/data/all_images/image_1787.png,/DATA5/prabhakar/telecom/extracted_images/images/image_1787.png,True,35073,
1788,/data/all_images/image_1788.jpeg,/DATA5/prabhakar/telecom/extracted_images/images/image_1788.jpeg,True,44153,
1789,/data/all_images/image_1789.jpeg,/DATA5/prabhakar/telecom/extracted_images/images/image_1789.jpeg,True,41444,
1790,/data/all_images/image_1790.jpeg,/DATA5/prabhakar/telecom/extracted_images/images/image_1790.jpeg,True,47804,
1791,/data/all_images/image_1791.jpeg,/DATA5/prabhakar/telecom/extracted_images/images/image_1791.jpeg,True,43486,
1792,/data/all_images/image_1792.jpeg,/DATA5/prabhakar/telecom/extracted_images/images/image_1792.jpeg,True,34484,
1793,/data/all_images/image_1793.jpeg,/DATA5/prabhakar/telecom/extracted_images/images/image_1793.jpeg,True,30789,
1794,/data/all_images/image_1794.jpeg,/DATA5/prabhakar/telecom/extracted_images/images/image_1794.jpeg,True,32479,
1795,/data/all_images/image_1795.png,/DATA5/prabhakar/telecom/extracted_images/images/image_1795.png,True,24926,
1796,/data/all_images/image_1796.jpeg,/DATA5/prabhakar/telecom/extracted_images/images/image_1796.jpeg,True,37521,
1797,/data/all_images/image_1797.jpeg,/DATA5/prabhakar/telecom/extracted_images/images/image_1797.jpeg,True,38297,
1798,/data/all_images/image_1798.jpeg,/DATA5/prabhakar/telecom/extracted_images/images/image_1798.jpeg,True,32560,
1799,/data/all_images/image_1799.jpeg,/DATA5/prabhakar/telecom/extracted_images/images/image_1799.jpeg,True,32427,
1800,/data/all_images/image_1800.png,/DATA5/prabhakar/telecom/extracted_images/images/image_1800.png,True,23631,
1801,/data/all_images/image_1801.png,/DATA5/prabhakar/telecom/extracted_images/images/image_1801.png,True,28863,
1802,/data/all_images/image_1802.png,/DATA5/prabhakar/telecom/extracted_images/images/image_1802.png,True,23079,
1803,/data/all_images/image_1803.png,/DATA5/prabhakar/telecom/extracted_images/images/image_1803.png,True,20600,
1804,/data/all_images/image_1804.png,/DATA5/prabhakar/telecom/extracted_images/images/image_1804.png,True,29096,
1805,/data/all_images/image_1805.png,/DATA5/prabhakar/telecom/extracted_images/images/image_1805.png,True,30679,
1806,/data/all_images/image_1806.jpeg,/DATA5/prabhakar/telecom/extracted_images/images/image_1806.jpeg,True,30999,
1807,/data/all_images/image_1807.jpeg,/DATA5/prabhakar/telecom/extracted_images/images/image_1807.jpeg,True,22088,
1808,/data/all_images/image_1808.jpeg,/DATA5/prabhakar/telecom/extracted_images/images/image_1808.jpeg,True,26905,
1809,/data/all_images/image_1809.jpeg,/DATA5/prabhakar/telecom/extracted_images/images/image_1809.jpeg,True,21911,
1810,/data/all_images/image_1810.jpeg,/DATA5/prabhakar/telecom/extracted_images/images/image_1810.jpeg,True,30828,
1811,/data/all_images/image_1811.jpeg,/DATA5/prabhakar/telecom/extracted_images/images/image_1811.jpeg,True,33114,
1812,/data/all_images/image_1812.png,/DATA5/prabhakar/telecom/extracted_images/images/image_1812.png,True,27286,
1813,/data/all_images/image_1813.png,/DATA5/prabhakar/telecom/extracted_images/images/image_1813.png,True,29201,
1814,/data/all_images/image_1814.png,/DATA5/prabhakar/telecom/extracted_images/images/image_1814.png,True,32224,
1815,/data/all_images/image_1815.png,/DATA5/prabhakar/telecom/extracted_images/images/image_1815.png,True,39237,
1816,/data/all_images/image_1816.png,/DATA5/prabhakar/telecom/extracted_images/images/image_1816.png,True,26551,
1817,/data/all_images/image_1817.png,/DATA5/prabhakar/telecom/extracted_images/images/image_1817.png,True,25140,
1818,/data/all_images/image_1818.jpeg,/DATA5/prabhakar/telecom/extracted_images/images/image_1818.jpeg,True,49221,
1819,/data/all_images/image_1819.png,/DATA5/prabhakar/telecom/extracted_images/images/image_1819.png,True,26706,
1820,/data/all_images/image_1820.png,/DATA5/prabhakar/telecom/extracted_images/images/image_1820.png,True,29849,
1821,/data/all_images/image_1821.png,/DATA5/prabhakar/telecom/extracted_images/images/image_1821.png,True,20911,
1822,/data/all_images/image_1822.png,/DATA5/prabhakar/telecom/extracted_images/images/image_1822.png,True,44776,
1823,/data/all_images/image_1823.png,/DATA5/prabhakar/telecom/extracted_images/images/image_1823.png,True,46519,
1824,/data/all_images/image_1824.png,/DATA5/prabhakar/telecom/extracted_images/images/image_1824.png,True,39768,
1825,/data/all_images/image_1825.jpeg,/DATA5/prabhakar/telecom/extracted_images/images/image_1825.jpeg,True,26255,
1826,/data/all_images/image_1826.png,/DATA5/prabhakar/telecom/extracted_images/images/image_1826.png,True,21596,
1827,/data/all_images/image_1827.jpeg,/DATA5/prabhakar/telecom/extracted_images/images/image_1827.jpeg,True,27570,
1828,/data/all_images/image_1828.jpeg,/DATA5/prabhakar/telecom/extracted_images/images/image_1828.jpeg,True,30637,
1829,/data/all_images/image_1829.png,/DATA5/prabhakar/telecom/extracted_images/images/image_1829.png,True,22154,
1830,/data/all_images/image_1830.jpeg,/DATA5/prabhakar/telecom/extracted_images/images/image_1830.jpeg,True,23600,
1831,/data/all_images/image_1831.jpeg,/DATA5/prabhakar/telecom/extracted_images/images/image_1831.jpeg,True,46254,
1832,/data/all_images/image_1832.jpeg,/DATA5/prabhakar/telecom/extracted_images/images/image_1832.jpeg,True,34759,
1833,/data/all_images/image_1833.png,/DATA5/prabhakar/telecom/extracted_images/images/image_1833.png,True,20817,
1834,/data/all_images/image_1834.png,/DATA5/prabhakar/telecom/extracted_images/images/image_1834.png,True,22520,
1835,/data/all_images/image_1835.jpeg,/DATA5/prabhakar/telecom/extracted_images/images/image_1835.jpeg,True,46113,
1836,/data/all_images/image_1836.jpeg,/DATA5/prabhakar/telecom/extracted_images/images/image_1836.jpeg,True,23789,
1837,/data/all_images/image_1837.png,/DATA5/prabhakar/telecom/extracted_images/images/image_1837.png,True,42243,
1838,/data/all_images/image_1838.jpeg,/DATA5/prabhakar/telecom/extracted_images/images/image_1838.jpeg,True,90313,
1839,/data/all_images/image_1839.jpeg,/DATA5/prabhakar/telecom/extracted_images/images/image_1839.jpeg,True,21942,
1840,/data/all_images/image_1840.jpeg,/DATA5/prabhakar/telecom/extracted_images/images/image_1840.jpeg,True,24708,
1841,/data/all_images/image_1841.jpeg,/DATA5/prabhakar/telecom/extracted_images/images/image_1841.jpeg,True,29102,
1842,/data/all_images/image_1842.jpeg,/DATA5/prabhakar/telecom/extracted_images/images/image_1842.jpeg,True,77775,
1843,/data/all_images/image_1843.jpeg,/DATA5/prabhakar/telecom/extracted_images/images/image_1843.jpeg,True,73429,
1844,/data/all_images/image_1844.jpeg,/DATA5/prabhakar/telecom/extracted_images/images/image_1844.jpeg,True,47198,
1845,/data/all_images/image_1845.jpeg,/DATA5/prabhakar/telecom/extracted_images/images/image_1845.jpeg,True,48232,
1846,/data/all_images/image_1846.png,/DATA5/prabhakar/telecom/extracted_images/images/image_1846.png,True,44825,
1847,/data/all_images/image_1847.jpeg,/DATA5/prabhakar/telecom/extracted_images/images/image_1847.jpeg,True,46113,
1848,/data/all_images/image_1848.jpeg,/DATA5/prabhakar/telecom/extracted_images/images/image_1848.jpeg,True,33138,
1849,/data/all_images/image_1849.jpeg,/DATA5/prabhakar/telecom/extracted_images/images/image_1849.jpeg,True,23171,
1850,/data/all_images/image_1850.png,/DATA5/prabhakar/telecom/extracted_images/images/image_1850.png,True,39997,
1851,/data/all_images/image_1851.png,/DATA5/prabhakar/telecom/extracted_images/images/image_1851.png,True,30462,
1852,/data/all_images/image_1852.png,/DATA5/prabhakar/telecom/extracted_images/images/image_1852.png,True,36877,
1853,/data/all_images/image_1853.png,/DATA5/prabhakar/telecom/extracted_images/images/image_1853.png,True,41380,
1854,/data/all_images/image_1854.png,/DATA5/prabhakar/telecom/extracted_images/images/image_1854.png,True,21814,
1855,/data/all_images/image_1855.jpeg,/DATA5/prabhakar/telecom/extracted_images/images/image_1855.jpeg,True,25547,
1856,/data/all_images/image_1856.png,/DATA5/prabhakar/telecom/extracted_images/images/image_1856.png,True,46234,
1857,/data/all_images/image_1857.png,/DATA5/prabhakar/telecom/extracted_images/images/image_1857.png,True,48070,
1858,/data/all_images/image_1858.png,/DATA5/prabhakar/telecom/extracted_images/images/image_1858.png,True,26360,
1859,/data/all_images/image_1859.png,/DATA5/prabhakar/telecom/extracted_images/images/image_1859.png,True,23197,
1860,/data/all_images/image_1860.png,/DATA5/prabhakar/telecom/extracted_images/images/image_1860.png,True,24603,
1861,/data/all_images/image_1861.png,/DATA5/prabhakar/telecom/extracted_images/images/image_1861.png,True,29825,
1862,/data/all_images/image_1862.jpeg,/DATA5/prabhakar/telecom/extracted_images/images/image_1862.jpeg,True,21831,
1863,/data/all_images/image_1863.jpeg,/DATA5/prabhakar/telecom/extracted_images/images/image_1863.jpeg,True,68645,
1864,/data/all_images/image_1864.jpeg,/DATA5/prabhakar/telecom/extracted_images/images/image_1864.jpeg,True,39147,
1865,/data/all_images/image_1865.jpeg,/DATA5/prabhakar/telecom/extracted_images/images/image_1865.jpeg,True,61335,
1866,/data/all_images/image_1866.jpeg,/DATA5/prabhakar/telecom/extracted_images/images/image_1866.jpeg,True,33824,
1867,/data/all_images/image_1867.jpeg,/DATA5/prabhakar/telecom/extracted_images/images/image_1867.jpeg,True,39265,
1868,/data/all_images/image_1868.jpeg,/DATA5/prabhakar/telecom/extracted_images/images/image_1868.jpeg,True,38521,
1869,/data/all_images/image_1869.jpeg,/DATA5/prabhakar/telecom/extracted_images/images/image_1869.jpeg,True,31904,
1870,/data/all_images/image_1870.jpeg,/DATA5/prabhakar/telecom/extracted_images/images/image_1870.jpeg,True,42954,
1871,/data/all_images/image_1871.jpeg,/DATA5/prabhakar/telecom/extracted_images/images/image_1871.jpeg,True,29126,
1872,/data/all_images/image_1872.jpeg,/DATA5/prabhakar/telecom/extracted_images/images/image_1872.jpeg,True,48317,
1873,/data/all_images/image_1873.jpeg,/DATA5/prabhakar/telecom/extracted_images/images/image_1873.jpeg,True,59165,
1874,/data/all_images/image_1874.jpeg,/DATA5/prabhakar/telecom/extracted_images/images/image_1874.jpeg,True,86805,
1875,/data/all_images/image_1875.jpeg,/DATA5/prabhakar/telecom/extracted_images/images/image_1875.jpeg,True,49674,
1876,/data/all_images/image_1876.jpeg,/DATA5/prabhakar/telecom/extracted_images/images/image_1876.jpeg,True,27302,
1877,/data/all_images/image_1877.jpeg,/DATA5/prabhakar/telecom/extracted_images/images/image_1877.jpeg,True,39242,
1878,/data/all_images/image_1878.jpeg,/DATA5/prabhakar/telecom/extracted_images/images/image_1878.jpeg,True,33818,
1879,/data/all_images/image_1879.jpeg,/DATA5/prabhakar/telecom/extracted_images/images/image_1879.jpeg,True,85652,
1880,/data/all_images/image_1880.jpeg,/DATA5/prabhakar/telecom/extracted_images/images/image_1880.jpeg,True,52078,
1881,/data/all_images/image_1881.jpeg,/DATA5/prabhakar/telecom/extracted_images/images/image_1881.jpeg,True,23503,
1882,/data/all_images/image_1882.jpeg,/DATA5/prabhakar/telecom/extracted_images/images/image_1882.jpeg,True,39614,
1883,/data/all_images/image_1883.png,/DATA5/prabhakar/telecom/extracted_images/images/image_1883.png,True,29498,
1884,/data/all_images/image_1884.png,/DATA5/prabhakar/telecom/extracted_images/images/image_1884.png,True,40889,
1885,/data/all_images/image_1885.jpeg,/DATA5/prabhakar/telecom/extracted_images/images/image_1885.jpeg,True,38178,
1886,/data/all_images/image_1886.jpeg,/DATA5/prabhakar/telecom/extracted_images/images/image_1886.jpeg,True,39614,
1887,/data/all_images/image_1887.jpeg,/DATA5/prabhakar/telecom/extracted_images/images/image_1887.jpeg,True,40010,
1888,/data/all_images/image_1888.jpeg,/DATA5/prabhakar/telecom/extracted_images/images/image_1888.jpeg,True,38874,
1889,/data/all_images/image_1889.jpeg,/DATA5/prabhakar/telecom/extracted_images/images/image_1889.jpeg,True,39047,
1890,/data/all_images/image_1890.jpeg,/DATA5/prabhakar/telecom/extracted_images/images/image_1890.jpeg,True,32533,
1891,/data/all_images/image_1891.png,/DATA5/prabhakar/telecom/extracted_images/images/image_1891.png,True,20655,
1892,/data/all_images/image_1892.jpeg,/DATA5/prabhakar/telecom/extracted_images/images/image_1892.jpeg,True,34431,
1893,/data/all_images/image_1893.jpeg,/DATA5/prabhakar/telecom/extracted_images/images/image_1893.jpeg,True,28615,
1894,/data/all_images/image_1894.jpeg,/DATA5/prabhakar/telecom/extracted_images/images/image_1894.jpeg,True,87130,
1895,/data/all_images/image_1895.jpeg,/DATA5/prabhakar/telecom/extracted_images/images/image_1895.jpeg,True,41446,
1896,/data/all_images/image_1896.png,/DATA5/prabhakar/telecom/extracted_images/images/image_1896.png,True,23728,
1897,/data/all_images/image_1897.png,/DATA5/prabhakar/telecom/extracted_images/images/image_1897.png,True,31000,
1898,/data/all_images/image_1898.png,/DATA5/prabhakar/telecom/extracted_images/images/image_1898.png,True,21608,
1899,/data/all_images/image_1899.png,/DATA5/prabhakar/telecom/extracted_images/images/image_1899.png,True,30285,
1900,/data/all_images/image_1900.jpeg,/DATA5/prabhakar/telecom/extracted_images/images/image_1900.jpeg,True,83966,
1901,/data/all_images/image_1901.png,/DATA5/prabhakar/telecom/extracted_images/images/image_1901.png,True,36003,
1902,/data/all_images/image_1902.png,/DATA5/prabhakar/telecom/extracted_images/images/image_1902.png,True,32612,
1903,/data/all_images/image_1903.png,/DATA5/prabhakar/telecom/extracted_images/images/image_1903.png,True,35498,
1904,/data/all_images/image_1904.png,/DATA5/prabhakar/telecom/extracted_images/images/image_1904.png,True,21588,
1905,/data/all_images/image_1905.jpeg,/DATA5/prabhakar/telecom/extracted_images/images/image_1905.jpeg,True,39736,
1906,/data/all_images/image_1906.jpeg,/DATA5/prabhakar/telecom/extracted_images/images/image_1906.jpeg,True,28432,
1907,/data/all_images/image_1907.jpeg,/DATA5/prabhakar/telecom/extracted_images/images/image_1907.jpeg,True,58945,
1908,/data/all_images/image_1908.jpeg,/DATA5/prabhakar/telecom/extracted_images/images/image_1908.jpeg,True,58809,
1909,/data/all_images/image_1909.jpeg,/DATA5/prabhakar/telecom/extracted_images/images/image_1909.jpeg,True,34701,
1910,/data/all_images/image_1910.png,/DATA5/prabhakar/telecom/extracted_images/images/image_1910.png,True,37323,
1911,/data/all_images/image_1911.png,/DATA5/prabhakar/telecom/extracted_images/images/image_1911.png,True,29216,
1912,/data/all_images/image_1912.png,/DATA5/prabhakar/telecom/extracted_images/images/image_1912.png,True,24694,
1913,/data/all_images/image_1913.png,/DATA5/prabhakar/telecom/extracted_images/images/image_1913.png,True,32236,
1914,/data/all_images/image_1914.png,/DATA5/prabhakar/telecom/extracted_images/images/image_1914.png,True,26331,
1915,/data/all_images/image_1915.png,/DATA5/prabhakar/telecom/extracted_images/images/image_1915.png,True,27606,
1916,/data/all_images/image_1916.png,/DATA5/prabhakar/telecom/extracted_images/images/image_1916.png,True,29664,
1917,/data/all_images/image_1917.png,/DATA5/prabhakar/telecom/extracted_images/images/image_1917.png,True,29705,
1918,/data/all_images/image_1918.png,/DATA5/prabhakar/telecom/extracted_images/images/image_1918.png,True,21185,
1919,/data/all_images/image_1919.png,/DATA5/prabhakar/telecom/extracted_images/images/image_1919.png,True,22414,
1920,/data/all_images/image_1920.png,/DATA5/prabhakar/telecom/extracted_images/images/image_1920.png,True,23773,
1921,/data/all_images/image_1921.jpeg,/DATA5/prabhakar/telecom/extracted_images/images/image_1921.jpeg,True,31309,
1922,/data/all_images/image_1922.jpeg,/DATA5/prabhakar/telecom/extracted_images/images/image_1922.jpeg,True,44316,
1923,/data/all_images/image_1923.jpeg,/DATA5/prabhakar/telecom/extracted_images/images/image_1923.jpeg,True,29589,
1924,/data/all_images/image_1924.png,/DATA5/prabhakar/telecom/extracted_images/images/image_1924.png,True,53628,
1925,/data/all_images/image_1925.jpeg,/DATA5/prabhakar/telecom/extracted_images/images/image_1925.jpeg,True,42111,
1926,/data/all_images/image_1926.jpeg,/DATA5/prabhakar/telecom/extracted_images/images/image_1926.jpeg,True,42198,
1927,/data/all_images/image_1927.jpeg,/DATA5/prabhakar/telecom/extracted_images/images/image_1927.jpeg,True,37089,
1928,/data/all_images/image_1928.jpeg,/DATA5/prabhakar/telecom/extracted_images/images/image_1928.jpeg,True,39673,
1929,/data/all_images/image_1929.jpeg,/DATA5/prabhakar/telecom/extracted_images/images/image_1929.jpeg,True,34180,
1930,/data/all_images/image_1930.jpeg,/DATA5/prabhakar/telecom/extracted_images/images/image_1930.jpeg,True,33075,
1931,/data/all_images/image_1931.png,/DATA5/prabhakar/telecom/extracted_images/images/image_1931.png,True,28592,
1932,/data/all_images/image_1932.jpeg,/DATA5/prabhakar/telecom/extracted_images/images/image_1932.jpeg,True,39132,
1933,/data/all_images/image_1933.jpeg,/DATA5/prabhakar/telecom/extracted_images/images/image_1933.jpeg,True,61682,
1934,/data/all_images/image_1934.jpeg,/DATA5/prabhakar/telecom/extracted_images/images/image_1934.jpeg,True,49009,
1935,/data/all_images/image_1935.jpeg,/DATA5/prabhakar/telecom/extracted_images/images/image_1935.jpeg,True,59866,
1936,/data/all_images/image_1936.png,/DATA5/prabhakar/telecom/extracted_images/images/image_1936.png,True,43121,
1937,/data/all_images/image_1937.png,/DATA5/prabhakar/telecom/extracted_images/images/image_1937.png,True,24167,
1938,/data/all_images/image_1938.png,/DATA5/prabhakar/telecom/extracted_images/images/image_1938.png,True,22826,
1939,/data/all_images/image_1939.jpeg,/DATA5/prabhakar/telecom/extracted_images/images/image_1939.jpeg,True,35966,
1940,/data/all_images/image_1940.jpeg,/DATA5/prabhakar/telecom/extracted_images/images/image_1940.jpeg,True,36298,
1941,/data/all_images/image_1941.jpeg,/DATA5/prabhakar/telecom/extracted_images/images/image_1941.jpeg,True,32225,
1942,/data/all_images/image_1942.jpeg,/DATA5/prabhakar/telecom/extracted_images/images/image_1942.jpeg,True,37233,
1943,/data/all_images/image_1943.jpeg,/DATA5/prabhakar/telecom/extracted_images/images/image_1943.jpeg,True,41129,
1944,/data/all_images/image_1944.jpeg,/DATA5/prabhakar/telecom/extracted_images/images/image_1944.jpeg,True,28779,
1945,/data/all_images/image_1945.jpeg,/DATA5/prabhakar/telecom/extracted_images/images/image_1945.jpeg,True,29698,
1946,/data/all_images/image_1946.jpeg,/DATA5/prabhakar/telecom/extracted_images/images/image_1946.jpeg,True,32647,
1947,/data/all_images/image_1947.png,/DATA5/prabhakar/telecom/extracted_images/images/image_1947.png,True,68427,
1948,/data/all_images/image_1948.png,/DATA5/prabhakar/telecom/extracted_images/images/image_1948.png,True,63701,
1949,/data/all_images/image_1949.png,/DATA5/prabhakar/telecom/extracted_images/images/image_1949.png,True,66176,
1950,/data/all_images/image_1950.png,/DATA5/prabhakar/telecom/extracted_images/images/image_1950.png,True,56608,
1951,/data/all_images/image_1951.png,/DATA5/prabhakar/telecom/extracted_images/images/image_1951.png,True,55305,
1952,/data/all_images/image_1952.png,/DATA5/prabhakar/telecom/extracted_images/images/image_1952.png,True,62261,
1953,/data/all_images/image_1953.png,/DATA5/prabhakar/telecom/extracted_images/images/image_1953.png,True,54967,
1954,/data/all_images/image_1954.jpeg,/DATA5/prabhakar/telecom/extracted_images/images/image_1954.jpeg,True,76909,
1955,/data/all_images/image_1955.png,/DATA5/prabhakar/telecom/extracted_images/images/image_1955.png,True,24217,
1956,/data/all_images/image_1956.png,/DATA5/prabhakar/telecom/extracted_images/images/image_1956.png,True,53294,
1957,/data/all_images/image_1957.png,/DATA5/prabhakar/telecom/extracted_images/images/image_1957.png,True,51812,
1958,/data/all_images/image_1958.png,/DATA5/prabhakar/telecom/extracted_images/images/image_1958.png,True,21481,
1959,/data/all_images/image_1959.png,/DATA5/prabhakar/telecom/extracted_images/images/image_1959.png,True,30108,
1960,/data/all_images/image_1960.png,/DATA5/prabhakar/telecom/extracted_images/images/image_1960.png,True,21865,
1961,/data/all_images/image_1961.png,/DATA5/prabhakar/telecom/extracted_images/images/image_1961.png,True,43003,
1962,/data/all_images/image_1962.jpeg,/DATA5/prabhakar/telecom/extracted_images/images/image_1962.jpeg,True,35752,
1963,/data/all_images/image_1963.jpeg,/DATA5/prabhakar/telecom/extracted_images/images/image_1963.jpeg,True,42919,
1964,/data/all_images/image_1964.jpeg,/DATA5/prabhakar/telecom/extracted_images/images/image_1964.jpeg,True,87540,
1965,/data/all_images/image_1965.jpeg,/DATA5/prabhakar/telecom/extracted_images/images/image_1965.jpeg,True,88650,
1966,/data/all_images/image_1966.jpeg,/DATA5/prabhakar/telecom/extracted_images/images/image_1966.jpeg,True,45846,
1967,/data/all_images/image_1967.jpeg,/DATA5/prabhakar/telecom/extracted_images/images/image_1967.jpeg,True,22786,
1968,/data/all_images/image_1968.jpeg,/DATA5/prabhakar/telecom/extracted_images/images/image_1968.jpeg,True,28512,
1969,/data/all_images/image_1969.jpeg,/DATA5/prabhakar/telecom/extracted_images/images/image_1969.jpeg,True,36099,
1970,/data/all_images/image_1970.jpeg,/DATA5/prabhakar/telecom/extracted_images/images/image_1970.jpeg,True,38815,
1971,/data/all_images/image_1971.jpeg,/DATA5/prabhakar/telecom/extracted_images/images/image_1971.jpeg,True,34529,
1972,/data/all_images/image_1972.jpeg,/DATA5/prabhakar/telecom/extracted_images/images/image_1972.jpeg,True,33154,
1973,/data/all_images/image_1973.jpeg,/DATA5/prabhakar/telecom/extracted_images/images/image_1973.jpeg,True,37046,
1974,/data/all_images/image_1974.jpeg,/DATA5/prabhakar/telecom/extracted_images/images/image_1974.jpeg,True,89782,
1975,/data/all_images/image_1975.jpeg,/DATA5/prabhakar/telecom/extracted_images/images/image_1975.jpeg,True,81427,
1976,/data/all_images/image_1976.jpeg,/DATA5/prabhakar/telecom/extracted_images/images/image_1976.jpeg,True,34499,
1977,/data/all_images/image_1977.jpeg,/DATA5/prabhakar/telecom/extracted_images/images/image_1977.jpeg,True,26681,
1978,/data/all_images/image_1978.jpeg,/DATA5/prabhakar/telecom/extracted_images/images/image_1978.jpeg,True,33676,
1979,/data/all_images/image_1979.jpeg,/DATA5/prabhakar/telecom/extracted_images/images/image_1979.jpeg,True,26694,
1980,/data/all_images/image_1980.jpeg,/DATA5/prabhakar/telecom/extracted_images/images/image_1980.jpeg,True,51497,
1981,/data/all_images/image_1981.jpeg,/DATA5/prabhakar/telecom/extracted_images/images/image_1981.jpeg,True,36607,
1982,/data/all_images/image_1982.png,/DATA5/prabhakar/telecom/extracted_images/images/image_1982.png,True,25557,
1983,/data/all_images/image_1983.png,/DATA5/prabhakar/telecom/extracted_images/images/image_1983.png,True,29208,
1984,/data/all_images/image_1984.jpeg,/DATA5/prabhakar/telecom/extracted_images/images/image_1984.jpeg,True,35728,
1985,/data/all_images/image_1985.jpeg,/DATA5/prabhakar/telecom/extracted_images/images/image_1985.jpeg,True,24952,
1986,/data/all_images/image_1986.jpeg,/DATA5/prabhakar/telecom/extracted_images/images/image_1986.jpeg,True,35313,
1987,/data/all_images/image_1987.jpeg,/DATA5/prabhakar/telecom/extracted_images/images/image_1987.jpeg,True,26209,
1988,/data/all_images/image_1988.jpeg,/DATA5/prabhakar/telecom/extracted_images/images/image_1988.jpeg,True,44822,
1989,/data/all_images/image_1989.jpeg,/DATA5/prabhakar/telecom/extracted_images/images/image_1989.jpeg,True,38541,
1990,/data/all_images/image_1990.jpeg,/DATA5/prabhakar/telecom/extracted_images/images/image_1990.jpeg,True,40924,
1991,/data/all_images/image_1991.jpeg,/DATA5/prabhakar/telecom/extracted_images/images/image_1991.jpeg,True,40158,
1992,/data/all_images/image_1992.jpeg,/DATA5/prabhakar/telecom/extracted_images/images/image_1992.jpeg,True,66026,
1993,/data/all_images/image_1993.jpeg,/DATA5/prabhakar/telecom/extracted_images/images/image_1993.jpeg,True,63128,
1994,/data/all_images/image_1994.jpeg,/DATA5/prabhakar/telecom/extracted_images/images/image_1994.jpeg,True,50177,
1995,/data/all_images/image_1995.jpeg,/DATA5/prabhakar/telecom/extracted_images/images/image_1995.jpeg,True,55737,
1996,/data/all_images/image_1996.jpeg,/DATA5/prabhakar/telecom/extracted_images/images/image_1996.jpeg,True,21204,
1997,/data/all_images/image_1997.jpeg,/DATA5/prabhakar/telecom/extracted_images/images/image_1997.jpeg,True,28043,
1998,/data/all_images/image_1998.png,/DATA5/prabhakar/telecom/extracted_images/images/image_1998.png,True,33358,
1999,/data/all_images/image_1999.png,/DATA5/prabhakar/telecom/extracted_images/images/image_1999.png,True,24655,
2000,/data/all_images/image_2000.jpeg,/DATA5/prabhakar/telecom/extracted_images/images/image_2000.jpeg,True,52861,
2001,/data/all_images/image_2001.jpeg,/DATA5/prabhakar/telecom/extracted_images/images/image_2001.jpeg,True,39553,
2002,/data/all_images/image_2002.png,/DATA5/prabhakar/telecom/extracted_images/images/image_2002.png,True,31886,
2003,/data/all_images/image_2003.jpeg,/DATA5/prabhakar/telecom/extracted_images/images/image_2003.jpeg,True,25740,
2004,/data/all_images/image_2004.png,/DATA5/prabhakar/telecom/extracted_images/images/image_2004.png,True,30738,
2005,/data/all_images/image_2005.jpeg,/DATA5/prabhakar/telecom/extracted_images/images/image_2005.jpeg,True,24717,
2006,/data/all_images/image_2006.png,/DATA5/prabhakar/telecom/extracted_images/images/image_2006.png,True,23964,
2007,/data/all_images/image_2007.jpeg,/DATA5/prabhakar/telecom/extracted_images/images/image_2007.jpeg,True,33094,
2008,/data/all_images/image_2008.png,/DATA5/prabhakar/telecom/extracted_images/images/image_2008.png,True,47851,
2009,/data/all_images/image_2009.jpeg,/DATA5/prabhakar/telecom/extracted_images/images/image_2009.jpeg,True,69081,
2010,/data/all_images/image_2010.jpeg,/DATA5/prabhakar/telecom/extracted_images/images/image_2010.jpeg,True,25119,
2011,/data/all_images/image_2011.jpeg,/DATA5/prabhakar/telecom/extracted_images/images/image_2011.jpeg,True,38685,
2012,/data/all_images/image_2012.jpeg,/DATA5/prabhakar/telecom/extracted_images/images/image_2012.jpeg,True,31306,
2013,/data/all_images/image_2013.jpeg,/DATA5/prabhakar/telecom/extracted_images/images/image_2013.jpeg,True,40894,
2014,/data/all_images/image_2014.jpeg,/DATA5/prabhakar/telecom/extracted_images/images/image_2014.jpeg,True,48684,
2015,/data/all_images/image_2015.jpeg,/DATA5/prabhakar/telecom/extracted_images/images/image_2015.jpeg,True,29217,
2016,/data/all_images/image_2016.jpeg,/DATA5/prabhakar/telecom/extracted_images/images/image_2016.jpeg,True,29271,
2017,/data/all_images/image_2017.jpeg,/DATA5/prabhakar/telecom/extracted_images/images/image_2017.jpeg,True,33345,
2018,/data/all_images/image_2018.jpeg,/DATA5/prabhakar/telecom/extracted_images/images/image_2018.jpeg,True,36676,
2019,/data/all_images/image_2019.jpeg,/DATA5/prabhakar/telecom/extracted_images/images/image_2019.jpeg,True,34748,
2020,/data/all_images/image_2020.jpeg,/DATA5/prabhakar/telecom/extracted_images/images/image_2020.jpeg,True,43151,
2021,/data/all_images/image_2021.jpeg,/DATA5/prabhakar/telecom/extracted_images/images/image_2021.jpeg,True,24918,
2022,/data/all_images/image_2022.jpeg,/DATA5/prabhakar/telecom/extracted_images/images/image_2022.jpeg,True,43136,
2023,/data/all_images/image_2023.jpeg,/DATA5/prabhakar/telecom/extracted_images/images/image_2023.jpeg,True,21202,
2024,/data/all_images/image_2024.jpeg,/DATA5/prabhakar/telecom/extracted_images/images/image_2024.jpeg,True,24879,
2025,/data/all_images/image_2025.jpeg,/DATA5/prabhakar/telecom/extracted_images/images/image_2025.jpeg,True,33626,
2026,/data/all_images/image_2026.jpeg,/DATA5/prabhakar/telecom/extracted_images/images/image_2026.jpeg,True,31847,
2027,/data/all_images/image_2027.jpeg,/DATA5/prabhakar/telecom/extracted_images/images/image_2027.jpeg,True,38371,
2028,/data/all_images/image_2028.jpeg,/DATA5/prabhakar/telecom/extracted_images/images/image_2028.jpeg,True,34500,
2029,/data/all_images/image_2029.jpeg,/DATA5/prabhakar/telecom/extracted_images/images/image_2029.jpeg,True,28431,
2030,/data/all_images/image_2030.jpeg,/DATA5/prabhakar/telecom/extracted_images/images/image_2030.jpeg,True,34026,
2031,/data/all_images/image_2031.jpeg,/DATA5/prabhakar/telecom/extracted_images/images/image_2031.jpeg,True,22743,
2032,/data/all_images/image_2032.jpeg,/DATA5/prabhakar/telecom/extracted_images/images/image_2032.jpeg,True,20570,
2033,/data/all_images/image_2033.jpeg,/DATA5/prabhakar/telecom/extracted_images/images/image_2033.jpeg,True,24149,
2034,/data/all_images/image_2034.jpeg,/DATA5/prabhakar/telecom/extracted_images/images/image_2034.jpeg,True,28302,
2035,/data/all_images/image_2035.jpeg,/DATA5/prabhakar/telecom/extracted_images/images/image_2035.jpeg,True,25743,
2036,/data/all_images/image_2036.jpeg,/DATA5/prabhakar/telecom/extracted_images/images/image_2036.jpeg,True,31664,
2037,/data/all_images/image_2037.jpeg,/DATA5/prabhakar/telecom/extracted_images/images/image_2037.jpeg,True,37001,
2038,/data/all_images/image_2038.jpeg,/DATA5/prabhakar/telecom/extracted_images/images/image_2038.jpeg,True,24775,
2039,/data/all_images/image_2039.jpeg,/DATA5/prabhakar/telecom/extracted_images/images/image_2039.jpeg,True,30672,
2040,/data/all_images/image_2040.jpeg,/DATA5/prabhakar/telecom/extracted_images/images/image_2040.jpeg,True,36132,
2041,/data/all_images/image_2041.jpeg,/DATA5/prabhakar/telecom/extracted_images/images/image_2041.jpeg,True,25859,
2042,/data/all_images/image_2042.jpeg,/DATA5/prabhakar/telecom/extracted_images/images/image_2042.jpeg,True,32753,
2043,/data/all_images/image_2043.jpeg,/DATA5/prabhakar/telecom/extracted_images/images/image_2043.jpeg,True,37447,
2044,/data/all_images/image_2044.jpeg,/DATA5/prabhakar/telecom/extracted_images/images/image_2044.jpeg,True,54044,
2045,/data/all_images/image_2045.jpeg,/DATA5/prabhakar/telecom/extracted_images/images/image_2045.jpeg,True,23263,
2046,/data/all_images/image_2046.jpeg,/DATA5/prabhakar/telecom/extracted_images/images/image_2046.jpeg,True,45416,
2047,/data/all_images/image_2047.jpeg,/DATA5/prabhakar/telecom/extracted_images/images/image_2047.jpeg,True,30024,
2048,/data/all_images/image_2048.jpeg,/DATA5/prabhakar/telecom/extracted_images/images/image_2048.jpeg,True,27374,
2049,/data/all_images/image_2049.jpeg,/DATA5/prabhakar/telecom/extracted_images/images/image_2049.jpeg,True,24303,
2050,/data/all_images/image_2050.jpeg,/DATA5/prabhakar/telecom/extracted_images/images/image_2050.jpeg,True,24476,
2051,/data/all_images/image_2051.jpeg,/DATA5/prabhakar/telecom/extracted_images/images/image_2051.jpeg,True,28631,
2052,/data/all_images/image_2052.jpeg,/DATA5/prabhakar/telecom/extracted_images/images/image_2052.jpeg,True,32924,
2053,/data/all_images/image_2053.jpeg,/DATA5/prabhakar/telecom/extracted_images/images/image_2053.jpeg,True,32695,
2054,/data/all_images/image_2054.jpeg,/DATA5/prabhakar/telecom/extracted_images/images/image_2054.jpeg,True,42697,
2055,/data/all_images/image_2055.jpeg,/DATA5/prabhakar/telecom/extracted_images/images/image_2055.jpeg,True,65666,
2056,/data/all_images/image_2056.png,/DATA5/prabhakar/telecom/extracted_images/images/image_2056.png,True,21967,
2057,/data/all_images/image_2057.jpeg,/DATA5/prabhakar/telecom/extracted_images/images/image_2057.jpeg,True,27023,
2058,/data/all_images/image_2058.png,/DATA5/prabhakar/telecom/extracted_images/images/image_2058.png,True,20902,
2059,/data/all_images/image_2059.jpeg,/DATA5/prabhakar/telecom/extracted_images/images/image_2059.jpeg,True,28448,
2060,/data/all_images/image_2060.png,/DATA5/prabhakar/telecom/extracted_images/images/image_2060.png,True,42349,
2061,/data/all_images/image_2061.jpeg,/DATA5/prabhakar/telecom/extracted_images/images/image_2061.jpeg,True,38997,
2062,/data/all_images/image_2062.jpeg,/DATA5/prabhakar/telecom/extracted_images/images/image_2062.jpeg,True,25239,
2063,/data/all_images/image_2063.jpeg,/DATA5/prabhakar/telecom/extracted_images/images/image_2063.jpeg,True,57816,
2064,/data/all_images/image_2064.png,/DATA5/prabhakar/telecom/extracted_images/images/image_2064.png,True,29595,
2065,/data/all_images/image_2065.png,/DATA5/prabhakar/telecom/extracted_images/images/image_2065.png,True,43341,
2066,/data/all_images/image_2066.png,/DATA5/prabhakar/telecom/extracted_images/images/image_2066.png,True,38893,
2067,/data/all_images/image_2067.png,/DATA5/prabhakar/telecom/extracted_images/images/image_2067.png,True,41744,
2068,/data/all_images/image_2068.jpeg,/DATA5/prabhakar/telecom/extracted_images/images/image_2068.jpeg,True,57156,
2069,/data/all_images/image_2069.jpeg,/DATA5/prabhakar/telecom/extracted_images/images/image_2069.jpeg,True,54296,
2070,/data/all_images/image_2070.jpeg,/DATA5/prabhakar/telecom/extracted_images/images/image_2070.jpeg,True,55593,
2071,/data/all_images/image_2071.jpeg,/DATA5/prabhakar/telecom/extracted_images/images/image_2071.jpeg,True,22282,
2072,/data/all_images/image_2072.jpeg,/DATA5/prabhakar/telecom/extracted_images/images/image_2072.jpeg,True,22958,
2073,/data/all_images/image_2073.jpeg,/DATA5/prabhakar/telecom/extracted_images/images/image_2073.jpeg,True,46337,
2074,/data/all_images/image_2074.png,/DATA5/prabhakar/telecom/extracted_images/images/image_2074.png,True,40002,
2075,/data/all_images/image_2075.png,/DATA5/prabhakar/telecom/extracted_images/images/image_2075.png,True,39955,
2076,/data/all_images/image_2076.jpeg,/DATA5/prabhakar/telecom/extracted_images/images/image_2076.jpeg,True,33197,
2077,/data/all_images/image_2077.png,/DATA5/prabhakar/telecom/extracted_images/images/image_2077.png,True,25871,
2078,/data/all_images/image_2078.png,/DATA5/prabhakar/telecom/extracted_images/images/image_2078.png,True,30353,
2079,/data/all_images/image_2079.png,/DATA5/prabhakar/telecom/extracted_images/images/image_2079.png,True,28579,
2080,/data/all_images/image_2080.png,/DATA5/prabhakar/telecom/extracted_images/images/image_2080.png,True,29658,
2081,/data/all_images/image_2081.png,/DATA5/prabhakar/telecom/extracted_images/images/image_2081.png,True,30888,
2082,/data/all_images/image_2082.png,/DATA5/prabhakar/telecom/extracted_images/images/image_2082.png,True,24393,
2083,/data/all_images/image_2083.png,/DATA5/prabhakar/telecom/extracted_images/images/image_2083.png,True,24257,
2084,/data/all_images/image_2084.jpeg,/DATA5/prabhakar/telecom/extracted_images/images/image_2084.jpeg,True,25214,
2085,/data/all_images/image_2085.jpeg,/DATA5/prabhakar/telecom/extracted_images/images/image_2085.jpeg,True,71905,
2086,/data/all_images/image_2086.jpeg,/DATA5/prabhakar/telecom/extracted_images/images/image_2086.jpeg,True,76435,
2087,/data/all_images/image_2087.jpeg,/DATA5/prabhakar/telecom/extracted_images/images/image_2087.jpeg,True,32278,
2088,/data/all_images/image_2088.png,/DATA5/prabhakar/telecom/extracted_images/images/image_2088.png,True,30477,
2089,/data/all_images/image_2089.png,/DATA5/prabhakar/telecom/extracted_images/images/image_2089.png,True,60065,
2090,/data/all_images/image_2090.jpeg,/DATA5/prabhakar/telecom/extracted_images/images/image_2090.jpeg,True,76074,
2091,/data/all_images/image_2091.jpeg,/DATA5/prabhakar/telecom/extracted_images/images/image_2091.jpeg,True,65434,
2092,/data/all_images/image_2092.jpeg,/DATA5/prabhakar/telecom/extracted_images/images/image_2092.jpeg,True,24252,
2093,/data/all_images/image_2093.jpeg,/DATA5/prabhakar/telecom/extracted_images/images/image_2093.jpeg,True,40226,
2094,/data/all_images/image_2094.jpeg,/DATA5/prabhakar/telecom/extracted_images/images/image_2094.jpeg,True,41257,
2095,/data/all_images/image_2095.jpeg,/DATA5/prabhakar/telecom/extracted_images/images/image_2095.jpeg,True,45966,
2096,/data/all_images/image_2096.png,/DATA5/prabhakar/telecom/extracted_images/images/image_2096.png,True,30491,
2097,/data/all_images/image_2097.jpeg,/DATA5/prabhakar/telecom/extracted_images/images/image_2097.jpeg,True,37418,
2098,/data/all_images/image_2098.jpeg,/DATA5/prabhakar/telecom/extracted_images/images/image_2098.jpeg,True,26801,
2099,/data/all_images/image_2099.png,/DATA5/prabhakar/telecom/extracted_images/images/image_2099.png,True,21556,
2100,/data/all_images/image_2100.png,/DATA5/prabhakar/telecom/extracted_images/images/image_2100.png,True,21883,
2101,/data/all_images/image_2101.png,/DATA5/prabhakar/telecom/extracted_images/images/image_2101.png,True,28173,
2102,/data/all_images/image_2102.jpeg,/DATA5/prabhakar/telecom/extracted_images/images/image_2102.jpeg,True,25281,
2103,/data/all_images/image_2103.jpeg,/DATA5/prabhakar/telecom/extracted_images/images/image_2103.jpeg,True,42992,
2104,/data/all_images/image_2104.jpeg,/DATA5/prabhakar/telecom/extracted_images/images/image_2104.jpeg,True,23432,
2105,/data/all_images/image_2105.jpeg,/DATA5/prabhakar/telecom/extracted_images/images/image_2105.jpeg,True,47333,
2106,/data/all_images/image_2106.jpeg,/DATA5/prabhakar/telecom/extracted_images/images/image_2106.jpeg,True,32437,
2107,/data/all_images/image_2107.jpeg,/DATA5/prabhakar/telecom/extracted_images/images/image_2107.jpeg,True,37162,
2108,/data/all_images/image_2108.jpeg,/DATA5/prabhakar/telecom/extracted_images/images/image_2108.jpeg,True,26230,
2109,/data/all_images/image_2109.jpeg,/DATA5/prabhakar/telecom/extracted_images/images/image_2109.jpeg,True,49630,
2110,/data/all_images/image_2110.jpeg,/DATA5/prabhakar/telecom/extracted_images/images/image_2110.jpeg,True,78617,
2111,/data/all_images/image_2111.jpeg,/DATA5/prabhakar/telecom/extracted_images/images/image_2111.jpeg,True,80836,
2112,/data/all_images/image_2112.jpeg,/DATA5/prabhakar/telecom/extracted_images/images/image_2112.jpeg,True,72650,
2113,/data/all_images/image_2113.jpeg,/DATA5/prabhakar/telecom/extracted_images/images/image_2113.jpeg,True,70463,
2114,/data/all_images/image_2114.jpeg,/DATA5/prabhakar/telecom/extracted_images/images/image_2114.jpeg,True,78430,
2115,/data/all_images/image_2115.png,/DATA5/prabhakar/telecom/extracted_images/images/image_2115.png,True,39814,
2116,/data/all_images/image_2116.jpeg,/DATA5/prabhakar/telecom/extracted_images/images/image_2116.jpeg,True,55414,
2117,/data/all_images/image_2117.png,/DATA5/prabhakar/telecom/extracted_images/images/image_2117.png,True,21153,
2118,/data/all_images/image_2118.jpeg,/DATA5/prabhakar/telecom/extracted_images/images/image_2118.jpeg,True,42567,
2119,/data/all_images/image_2119.jpeg,/DATA5/prabhakar/telecom/extracted_images/images/image_2119.jpeg,True,33631,
2120,/data/all_images/image_2120.jpeg,/DATA5/prabhakar/telecom/extracted_images/images/image_2120.jpeg,True,25404,
2121,/data/all_images/image_2121.png,/DATA5/prabhakar/telecom/extracted_images/images/image_2121.png,True,29767,
2122,/data/all_images/image_2122.jpeg,/DATA5/prabhakar/telecom/extracted_images/images/image_2122.jpeg,True,26106,
2123,/data/all_images/image_2123.jpeg,/DATA5/prabhakar/telecom/extracted_images/images/image_2123.jpeg,True,24801,
2124,/data/all_images/image_2124.jpeg,/DATA5/prabhakar/telecom/extracted_images/images/image_2124.jpeg,True,20687,
2125,/data/all_images/image_2125.jpeg,/DATA5/prabhakar/telecom/extracted_images/images/image_2125.jpeg,True,20860,
2126,/data/all_images/image_2126.jpeg,/DATA5/prabhakar/telecom/extracted_images/images/image_2126.jpeg,True,33590,
2127,/data/all_images/image_2127.jpeg,/DATA5/prabhakar/telecom/extracted_images/images/image_2127.jpeg,True,55621,
2128,/data/all_images/image_2128.jpeg,/DATA5/prabhakar/telecom/extracted_images/images/image_2128.jpeg,True,46241,
2129,/data/all_images/image_2129.jpeg,/DATA5/prabhakar/telecom/extracted_images/images/image_2129.jpeg,True,90541,
2130,/data/all_images/image_2130.jpeg,/DATA5/prabhakar/telecom/extracted_images/images/image_2130.jpeg,True,89169,
2131,/data/all_images/image_2131.png,/DATA5/prabhakar/telecom/extracted_images/images/image_2131.png,True,50020,
2132,/data/all_images/image_2132.jpeg,/DATA5/prabhakar/telecom/extracted_images/images/image_2132.jpeg,True,34657,
2133,/data/all_images/image_2133.png,/DATA5/prabhakar/telecom/extracted_images/images/image_2133.png,True,21685,
2134,/data/all_images/image_2134.png,/DATA5/prabhakar/telecom/extracted_images/images/image_2134.png,True,63404,
2135,/data/all_images/image_2135.jpeg,/DATA5/prabhakar/telecom/extracted_images/images/image_2135.jpeg,True,86063,
2136,/data/all_images/image_2136.jpeg,/DATA5/prabhakar/telecom/extracted_images/images/image_2136.jpeg,True,20480,
2137,/data/all_images/image_2137.jpeg,/DATA5/prabhakar/telecom/extracted_images/images/image_2137.jpeg,True,34465,
2138,/data/all_images/image_2138.jpeg,/DATA5/prabhakar/telecom/extracted_images/images/image_2138.jpeg,True,34750,
2139,/data/all_images/image_2139.png,/DATA5/prabhakar/telecom/extracted_images/images/image_2139.png,True,20923,
2140,/data/all_images/image_2140.png,/DATA5/prabhakar/telecom/extracted_images/images/image_2140.png,True,20788,
2141,/data/all_images/image_2141.png,/DATA5/prabhakar/telecom/extracted_images/images/image_2141.png,True,23755,
2142,/data/all_images/image_2142.png,/DATA5/prabhakar/telecom/extracted_images/images/image_2142.png,True,32180,
2143,/data/all_images/image_2143.jpeg,/DATA5/prabhakar/telecom/extracted_images/images/image_2143.jpeg,True,24056,
2144,/data/all_images/image_2144.jpeg,/DATA5/prabhakar/telecom/extracted_images/images/image_2144.jpeg,True,47267,
2145,/data/all_images/image_2145.jpeg,/DATA5/prabhakar/telecom/extracted_images/images/image_2145.jpeg,True,29583,
2146,/data/all_images/image_2146.jpeg,/DATA5/prabhakar/telecom/extracted_images/images/image_2146.jpeg,True,23384,
2147,/data/all_images/image_2147.jpeg,/DATA5/prabhakar/telecom/extracted_images/images/image_2147.jpeg,True,35753,
2148,/data/all_images/image_2148.jpeg,/DATA5/prabhakar/telecom/extracted_images/images/image_2148.jpeg,True,36084,
2149,/data/all_images/image_2149.jpeg,/DATA5/prabhakar/telecom/extracted_images/images/image_2149.jpeg,True,42370,
2150,/data/all_images/image_2150.jpeg,/DATA5/prabhakar/telecom/extracted_images/images/image_2150.jpeg,True,44282,
2151,/data/all_images/image_2151.jpeg,/DATA5/prabhakar/telecom/extracted_images/images/image_2151.jpeg,True,25808,
2152,/data/all_images/image_2152.jpeg,/DATA5/prabhakar/telecom/extracted_images/images/image_2152.jpeg,True,43716,
2153,/data/all_images/image_2153.png,/DATA5/prabhakar/telecom/extracted_images/images/image_2153.png,True,22901,
2154,/data/all_images/image_2154.png,/DATA5/prabhakar/telecom/extracted_images/images/image_2154.png,True,24195,
2155,/data/all_images/image_2155.jpeg,/DATA5/prabhakar/telecom/extracted_images/images/image_2155.jpeg,True,26591,
2156,/data/all_images/image_2156.jpeg,/DATA5/prabhakar/telecom/extracted_images/images/image_2156.jpeg,True,36517,
2157,/data/all_images/image_2157.jpeg,/DATA5/prabhakar/telecom/extracted_images/images/image_2157.jpeg,True,31680,
2158,/data/all_images/image_2158.jpeg,/DATA5/prabhakar/telecom/extracted_images/images/image_2158.jpeg,True,43088,
2159,/data/all_images/image_2159.jpeg,/DATA5/prabhakar/telecom/extracted_images/images/image_2159.jpeg,True,47935,
2160,/data/all_images/image_2160.jpeg,/DATA5/prabhakar/telecom/extracted_images/images/image_2160.jpeg,True,69896,
2161,/data/all_images/image_2161.jpeg,/DATA5/prabhakar/telecom/extracted_images/images/image_2161.jpeg,True,52625,
2162,/data/all_images/image_2162.jpeg,/DATA5/prabhakar/telecom/extracted_images/images/image_2162.jpeg,True,34268,
2163,/data/all_images/image_2163.jpeg,/DATA5/prabhakar/telecom/extracted_images/images/image_2163.jpeg,True,29840,
2164,/data/all_images/image_2164.jpeg,/DATA5/prabhakar/telecom/extracted_images/images/image_2164.jpeg,True,23559,
2165,/data/all_images/image_2165.jpeg,/DATA5/prabhakar/telecom/extracted_images/images/image_2165.jpeg,True,24441,
2166,/data/all_images/image_2166.jpeg,/DATA5/prabhakar/telecom/extracted_images/images/image_2166.jpeg,True,34714,
2167,/data/all_images/image_2167.jpeg,/DATA5/prabhakar/telecom/extracted_images/images/image_2167.jpeg,True,22332,
2168,/data/all_images/image_2168.jpeg,/DATA5/prabhakar/telecom/extracted_images/images/image_2168.jpeg,True,26844,
2169,/data/all_images/image_2169.jpeg,/DATA5/prabhakar/telecom/extracted_images/images/image_2169.jpeg,True,21086,
2170,/data/all_images/image_2170.jpeg,/DATA5/prabhakar/telecom/extracted_images/images/image_2170.jpeg,True,28287,
2171,/data/all_images/image_2171.jpeg,/DATA5/prabhakar/telecom/extracted_images/images/image_2171.jpeg,True,20528,
2172,/data/all_images/image_2172.jpeg,/DATA5/prabhakar/telecom/extracted_images/images/image_2172.jpeg,True,44906,
2173,/data/all_images/image_2173.jpeg,/DATA5/prabhakar/telecom/extracted_images/images/image_2173.jpeg,True,22751,
2174,/data/all_images/image_2174.jpeg,/DATA5/prabhakar/telecom/extracted_images/images/image_2174.jpeg,True,24109,
2175,/data/all_images/image_2175.jpeg,/DATA5/prabhakar/telecom/extracted_images/images/image_2175.jpeg,True,34837,
2176,/data/all_images/image_2176.jpeg,/DATA5/prabhakar/telecom/extracted_images/images/image_2176.jpeg,True,25541,
2177,/data/all_images/image_2177.jpeg,/DATA5/prabhakar/telecom/extracted_images/images/image_2177.jpeg,True,27132,
2178,/data/all_images/image_2178.jpeg,/DATA5/prabhakar/telecom/extracted_images/images/image_2178.jpeg,True,42072,
2179,/data/all_images/image_2179.png,/DATA5/prabhakar/telecom/extracted_images/images/image_2179.png,True,27361,
2180,/data/all_images/image_2180.jpeg,/DATA5/prabhakar/telecom/extracted_images/images/image_2180.jpeg,True,20589,
2181,/data/all_images/image_2181.jpeg,/DATA5/prabhakar/telecom/extracted_images/images/image_2181.jpeg,True,43394,
2182,/data/all_images/image_2182.jpeg,/DATA5/prabhakar/telecom/extracted_images/images/image_2182.jpeg,True,102620,
2183,/data/all_images/image_2183.jpeg,/DATA5/prabhakar/telecom/extracted_images/images/image_2183.jpeg,True,73237,
2184,/data/all_images/image_2184.jpeg,/DATA5/prabhakar/telecom/extracted_images/images/image_2184.jpeg,True,79322,
2185,/data/all_images/image_2185.jpeg,/DATA5/prabhakar/telecom/extracted_images/images/image_2185.jpeg,True,23746,
2186,/data/all_images/image_2186.jpeg,/DATA5/prabhakar/telecom/extracted_images/images/image_2186.jpeg,True,37766,
2187,/data/all_images/image_2187.jpeg,/DATA5/prabhakar/telecom/extracted_images/images/image_2187.jpeg,True,58559,
2188,/data/all_images/image_2188.jpeg,/DATA5/prabhakar/telecom/extracted_images/images/image_2188.jpeg,True,81024,
2189,/data/all_images/image_2189.png,/DATA5/prabhakar/telecom/extracted_images/images/image_2189.png,True,59704,
2190,/data/all_images/image_2190.png,/DATA5/prabhakar/telecom/extracted_images/images/image_2190.png,True,32048,
2191,/data/all_images/image_2191.png,/DATA5/prabhakar/telecom/extracted_images/images/image_2191.png,True,63130,
2192,/data/all_images/image_2192.png,/DATA5/prabhakar/telecom/extracted_images/images/image_2192.png,True,58971,
2193,/data/all_images/image_2193.png,/DATA5/prabhakar/telecom/extracted_images/images/image_2193.png,True,69516,
2194,/data/all_images/image_2194.jpeg,/DATA5/prabhakar/telecom/extracted_images/images/image_2194.jpeg,True,69183,
2195,/data/all_images/image_2195.jpeg,/DATA5/prabhakar/telecom/extracted_images/images/image_2195.jpeg,True,32030,
2196,/data/all_images/image_2196.png,/DATA5/prabhakar/telecom/extracted_images/images/image_2196.png,True,51273,
2197,/data/all_images/image_2197.png,/DATA5/prabhakar/telecom/extracted_images/images/image_2197.png,True,50235,
2198,/data/all_images/image_2198.jpeg,/DATA5/prabhakar/telecom/extracted_images/images/image_2198.jpeg,True,31357,
2199,/data/all_images/image_2199.png,/DATA5/prabhakar/telecom/extracted_images/images/image_2199.png,True,36362,
2200,/data/all_images/image_2200.png,/DATA5/prabhakar/telecom/extracted_images/images/image_2200.png,True,38431,
2201,/data/all_images/image_2201.png,/DATA5/prabhakar/telecom/extracted_images/images/image_2201.png,True,40949,
2202,/data/all_images/image_2202.png,/DATA5/prabhakar/telecom/extracted_images/images/image_2202.png,True,36125,
2203,/data/all_images/image_2203.png,/DATA5/prabhakar/telecom/extracted_images/images/image_2203.png,True,24950,
2204,/data/all_images/image_2204.jpeg,/DATA5/prabhakar/telecom/extracted_images/images/image_2204.jpeg,True,32059,
2205,/data/all_images/image_2205.jpeg,/DATA5/prabhakar/telecom/extracted_images/images/image_2205.jpeg,True,57203,
2206,/data/all_images/image_2206.jpeg,/DATA5/prabhakar/telecom/extracted_images/images/image_2206.jpeg,True,29166,
2207,/data/all_images/image_2207.png,/DATA5/prabhakar/telecom/extracted_images/images/image_2207.png,True,26973,
2208,/data/all_images/image_2208.jpeg,/DATA5/prabhakar/telecom/extracted_images/images/image_2208.jpeg,True,43199,
2209,/data/all_images/image_2209.jpeg,/DATA5/prabhakar/telecom/extracted_images/images/image_2209.jpeg,True,32078,
2210,/data/all_images/image_2210.jpeg,/DATA5/prabhakar/telecom/extracted_images/images/image_2210.jpeg,True,43780,
2211,/data/all_images/image_2211.jpeg,/DATA5/prabhakar/telecom/extracted_images/images/image_2211.jpeg,True,35164,
2212,/data/all_images/image_2212.jpeg,/DATA5/prabhakar/telecom/extracted_images/images/image_2212.jpeg,True,33318,
2213,/data/all_images/image_2213.jpeg,/DATA5/prabhakar/telecom/extracted_images/images/image_2213.jpeg,True,34699,
2214,/data/all_images/image_2214.jpeg,/DATA5/prabhakar/telecom/extracted_images/images/image_2214.jpeg,True,35892,
2215,/data/all_images/image_2215.jpeg,/DATA5/prabhakar/telecom/extracted_images/images/image_2215.jpeg,True,27382,
2216,/data/all_images/image_2216.jpeg,/DATA5/prabhakar/telecom/extracted_images/images/image_2216.jpeg,True,93119,
2217,/data/all_images/image_2217.jpeg,/DATA5/prabhakar/telecom/extracted_images/images/image_2217.jpeg,True,93119,
2218,/data/all_images/image_2218.jpeg,/DATA5/prabhakar/telecom/extracted_images/images/image_2218.jpeg,True,76957,
2219,/data/all_images/image_2219.png,/DATA5/prabhakar/telecom/extracted_images/images/image_2219.png,True,34378,
2220,/data/all_images/image_2220.jpeg,/DATA5/prabhakar/telecom/extracted_images/images/image_2220.jpeg,True,93119,
2221,/data/all_images/image_2221.jpeg,/DATA5/prabhakar/telecom/extracted_images/images/image_2221.jpeg,True,24656,
2222,/data/all_images/image_2222.png,/DATA5/prabhakar/telecom/extracted_images/images/image_2222.png,True,39802,
2223,/data/all_images/image_2223.jpeg,/DATA5/prabhakar/telecom/extracted_images/images/image_2223.jpeg,True,37588,
2224,/data/all_images/image_2224.jpeg,/DATA5/prabhakar/telecom/extracted_images/images/image_2224.jpeg,True,21836,
2225,/data/all_images/image_2225.jpeg,/DATA5/prabhakar/telecom/extracted_images/images/image_2225.jpeg,True,64641,
2226,/data/all_images/image_2226.jpeg,/DATA5/prabhakar/telecom/extracted_images/images/image_2226.jpeg,True,69060,
2227,/data/all_images/image_2227.jpeg,/DATA5/prabhakar/telecom/extracted_images/images/image_2227.jpeg,True,81463,
2228,/data/all_images/image_2228.jpeg,/DATA5/prabhakar/telecom/extracted_images/images/image_2228.jpeg,True,64269,
2229,/data/all_images/image_2229.jpeg,/DATA5/prabhakar/telecom/extracted_images/images/image_2229.jpeg,True,33736,
2230,/data/all_images/image_2230.jpeg,/DATA5/prabhakar/telecom/extracted_images/images/image_2230.jpeg,True,63000,
2231,/data/all_images/image_2231.png,/DATA5/prabhakar/telecom/extracted_images/images/image_2231.png,True,60531,
2232,/data/all_images/image_2232.jpeg,/DATA5/prabhakar/telecom/extracted_images/images/image_2232.jpeg,True,39467,
2233,/data/all_images/image_2233.jpeg,/DATA5/prabhakar/telecom/extracted_images/images/image_2233.jpeg,True,31989,
2234,/data/all_images/image_2234.jpeg,/DATA5/prabhakar/telecom/extracted_images/images/image_2234.jpeg,True,21713,
2235,/data/all_images/image_2235.jpeg,/DATA5/prabhakar/telecom/extracted_images/images/image_2235.jpeg,True,32373,
2236,/data/all_images/image_2236.jpeg,/DATA5/prabhakar/telecom/extracted_images/images/image_2236.jpeg,True,29051,
2237,/data/all_images/image_2237.jpeg,/DATA5/prabhakar/telecom/extracted_images/images/image_2237.jpeg,True,23445,
2238,/data/all_images/image_2238.jpeg,/DATA5/prabhakar/telecom/extracted_images/images/image_2238.jpeg,True,37428,
2239,/data/all_images/image_2239.jpeg,/DATA5/prabhakar/telecom/extracted_images/images/image_2239.jpeg,True,24808,
2240,/data/all_images/image_2240.jpeg,/DATA5/prabhakar/telecom/extracted_images/images/image_2240.jpeg,True,43189,
2241,/data/all_images/image_2241.jpeg,/DATA5/prabhakar/telecom/extracted_images/images/image_2241.jpeg,True,29009,
2242,/data/all_images/image_2242.jpeg,/DATA5/prabhakar/telecom/extracted_images/images/image_2242.jpeg,True,42265,
2243,/data/all_images/image_2243.jpeg,/DATA5/prabhakar/telecom/extracted_images/images/image_2243.jpeg,True,42011,
2244,/data/all_images/image_2244.jpeg,/DATA5/prabhakar/telecom/extracted_images/images/image_2244.jpeg,True,50567,
2245,/data/all_images/image_2245.jpeg,/DATA5/prabhakar/telecom/extracted_images/images/image_2245.jpeg,True,41270,
2246,/data/all_images/image_2246.jpeg,/DATA5/prabhakar/telecom/extracted_images/images/image_2246.jpeg,True,54075,
2247,/data/all_images/image_2247.jpeg,/DATA5/prabhakar/telecom/extracted_images/images/image_2247.jpeg,True,26479,
2248,/data/all_images/image_2248.jpeg,/DATA5/prabhakar/telecom/extracted_images/images/image_2248.jpeg,True,25798,
2249,/data/all_images/image_2249.jpeg,/DATA5/prabhakar/telecom/extracted_images/images/image_2249.jpeg,True,37526,
2250,/data/all_images/image_2250.jpeg,/DATA5/prabhakar/telecom/extracted_images/images/image_2250.jpeg,True,42110,
2251,/data/all_images/image_2251.jpeg,/DATA5/prabhakar/telecom/extracted_images/images/image_2251.jpeg,True,43881,
2252,/data/all_images/image_2252.png,/DATA5/prabhakar/telecom/extracted_images/images/image_2252.png,True,37701,
2253,/data/all_images/image_2253.jpeg,/DATA5/prabhakar/telecom/extracted_images/images/image_2253.jpeg,True,27060,
2254,/data/all_images/image_2254.jpeg,/DATA5/prabhakar/telecom/extracted_images/images/image_2254.jpeg,True,31898,
2255,/data/all_images/image_2255.jpeg,/DATA5/prabhakar/telecom/extracted_images/images/image_2255.jpeg,True,28806,
2256,/data/all_images/image_2256.jpeg,/DATA5/prabhakar/telecom/extracted_images/images/image_2256.jpeg,True,34545,
2257,/data/all_images/image_2257.jpeg,/DATA5/prabhakar/telecom/extracted_images/images/image_2257.jpeg,True,41878,
2258,/data/all_images/image_2258.jpeg,/DATA5/prabhakar/telecom/extracted_images/images/image_2258.jpeg,True,23793,
2259,/data/all_images/image_2259.jpeg,/DATA5/prabhakar/telecom/extracted_images/images/image_2259.jpeg,True,30468,
2260,/data/all_images/image_2260.jpeg,/DATA5/prabhakar/telecom/extracted_images/images/image_2260.jpeg,True,62251,
2261,/data/all_images/image_2261.jpeg,/DATA5/prabhakar/telecom/extracted_images/images/image_2261.jpeg,True,39476,
2262,/data/all_images/image_2262.jpeg,/DATA5/prabhakar/telecom/extracted_images/images/image_2262.jpeg,True,75471,
2263,/data/all_images/image_2263.jpeg,/DATA5/prabhakar/telecom/extracted_images/images/image_2263.jpeg,True,82529,
2264,/data/all_images/image_2264.jpeg,/DATA5/prabhakar/telecom/extracted_images/images/image_2264.jpeg,True,22813,
2265,/data/all_images/image_2265.jpeg,/DATA5/prabhakar/telecom/extracted_images/images/image_2265.jpeg,True,28289,
2266,/data/all_images/image_2266.jpeg,/DATA5/prabhakar/telecom/extracted_images/images/image_2266.jpeg,True,38472,
2267,/data/all_images/image_2267.jpeg,/DATA5/prabhakar/telecom/extracted_images/images/image_2267.jpeg,True,24384,
2268,/data/all_images/image_2268.jpeg,/DATA5/prabhakar/telecom/extracted_images/images/image_2268.jpeg,True,33678,
2269,/data/all_images/image_2269.jpeg,/DATA5/prabhakar/telecom/extracted_images/images/image_2269.jpeg,True,44598,
2270,/data/all_images/image_2270.jpeg,/DATA5/prabhakar/telecom/extracted_images/images/image_2270.jpeg,True,35199,
2271,/data/all_images/image_2271.jpeg,/DATA5/prabhakar/telecom/extracted_images/images/image_2271.jpeg,True,35068,
2272,/data/all_images/image_2272.jpeg,/DATA5/prabhakar/telecom/extracted_images/images/image_2272.jpeg,True,48765,
2273,/data/all_images/image_2273.jpeg,/DATA5/prabhakar/telecom/extracted_images/images/image_2273.jpeg,True,42454,
2274,/data/all_images/image_2274.jpeg,/DATA5/prabhakar/telecom/extracted_images/images/image_2274.jpeg,True,25492,
2275,/data/all_images/image_2275.jpeg,/DATA5/prabhakar/telecom/extracted_images/images/image_2275.jpeg,True,26055,
2276,/data/all_images/image_2276.jpeg,/DATA5/prabhakar/telecom/extracted_images/images/image_2276.jpeg,True,22615,
2277,/data/all_images/image_2277.jpeg,/DATA5/prabhakar/telecom/extracted_images/images/image_2277.jpeg,True,31652,
2278,/data/all_images/image_2278.jpeg,/DATA5/prabhakar/telecom/extracted_images/images/image_2278.jpeg,True,24948,
2279,/data/all_images/image_2279.jpeg,/DATA5/prabhakar/telecom/extracted_images/images/image_2279.jpeg,True,22712,
2280,/data/all_images/image_2280.jpeg,/DATA5/prabhakar/telecom/extracted_images/images/image_2280.jpeg,True,22475,
2281,/data/all_images/image_2281.jpeg,/DATA5/prabhakar/telecom/extracted_images/images/image_2281.jpeg,True,25117,
2282,/data/all_images/image_2282.jpeg,/DATA5/prabhakar/telecom/extracted_images/images/image_2282.jpeg,True,54649,
2283,/data/all_images/image_2283.jpeg,/DATA5/prabhakar/telecom/extracted_images/images/image_2283.jpeg,True,29415,
2284,/data/all_images/image_2284.jpeg,/DATA5/prabhakar/telecom/extracted_images/images/image_2284.jpeg,True,102211,
2285,/data/all_images/image_2285.jpeg,/DATA5/prabhakar/telecom/extracted_images/images/image_2285.jpeg,True,45324,
2286,/data/all_images/image_2286.png,/DATA5/prabhakar/telecom/extracted_images/images/image_2286.png,True,32943,
2287,/data/all_images/image_2287.jpeg,/DATA5/prabhakar/telecom/extracted_images/images/image_2287.jpeg,True,36036,
2288,/data/all_images/image_2288.png,/DATA5/prabhakar/telecom/extracted_images/images/image_2288.png,True,21867,
2289,/data/all_images/image_2289.jpeg,/DATA5/prabhakar/telecom/extracted_images/images/image_2289.jpeg,True,53757,
2290,/data/all_images/image_2290.png,/DATA5/prabhakar/telecom/extracted_images/images/image_2290.png,True,43150,
2291,/data/all_images/image_2291.png,/DATA5/prabhakar/telecom/extracted_images/images/image_2291.png,True,47226,
2292,/data/all_images/image_2292.jpeg,/DATA5/prabhakar/telecom/extracted_images/images/image_2292.jpeg,True,54972,
2293,/data/all_images/image_2293.jpeg,/DATA5/prabhakar/telecom/extracted_images/images/image_2293.jpeg,True,32663,
2294,/data/all_images/image_2294.jpeg,/DATA5/prabhakar/telecom/extracted_images/images/image_2294.jpeg,True,52526,
2295,/data/all_images/image_2295.png,/DATA5/prabhakar/telecom/extracted_images/images/image_2295.png,True,23747,
2296,/data/all_images/image_2296.jpeg,/DATA5/prabhakar/telecom/extracted_images/images/image_2296.jpeg,True,67530,
2297,/data/all_images/image_2297.jpeg,/DATA5/prabhakar/telecom/extracted_images/images/image_2297.jpeg,True,73066,
2298,/data/all_images/image_2298.png,/DATA5/prabhakar/telecom/extracted_images/images/image_2298.png,True,68721,
2299,/data/all_images/image_2299.jpeg,/DATA5/prabhakar/telecom/extracted_images/images/image_2299.jpeg,True,51219,
2300,/data/all_images/image_2300.jpeg,/DATA5/prabhakar/telecom/extracted_images/images/image_2300.jpeg,True,51915,
2301,/data/all_images/image_2301.jpeg,/DATA5/prabhakar/telecom/extracted_images/images/image_2301.jpeg,True,82884,
2302,/data/all_images/image_2302.png,/DATA5/prabhakar/telecom/extracted_images/images/image_2302.png,True,69388,
2303,/data/all_images/image_2303.png,/DATA5/prabhakar/telecom/extracted_images/images/image_2303.png,True,77285,
2304,/data/all_images/image_2304.jpeg,/DATA5/prabhakar/telecom/extracted_images/images/image_2304.jpeg,True,45264,
2305,/data/all_images/image_2305.jpeg,/DATA5/prabhakar/telecom/extracted_images/images/image_2305.jpeg,True,46399,
2306,/data/all_images/image_2306.jpeg,/DATA5/prabhakar/telecom/extracted_images/images/image_2306.jpeg,True,43945,
2307,/data/all_images/image_2307.jpeg,/DATA5/prabhakar/telecom/extracted_images/images/image_2307.jpeg,True,55802,
2308,/data/all_images/image_2308.jpeg,/DATA5/prabhakar/telecom/extracted_images/images/image_2308.jpeg,True,40200,
2309,/data/all_images/image_2309.png,/DATA5/prabhakar/telecom/extracted_images/images/image_2309.png,True,23248,
2310,/data/all_images/image_2310.png,/DATA5/prabhakar/telecom/extracted_images/images/image_2310.png,True,47519,
2311,/data/all_images/image_2311.jpeg,/DATA5/prabhakar/telecom/extracted_images/images/image_2311.jpeg,True,83333,
2312,/data/all_images/image_2312.jpeg,/DATA5/prabhakar/telecom/extracted_images/images/image_2312.jpeg,True,55123,
2313,/data/all_images/image_2313.png,/DATA5/prabhakar/telecom/extracted_images/images/image_2313.png,True,48873,
2314,/data/all_images/image_2314.jpeg,/DATA5/prabhakar/telecom/extracted_images/images/image_2314.jpeg,True,69243,
2315,/data/all_images/image_2315.png,/DATA5/prabhakar/telecom/extracted_images/images/image_2315.png,True,27165,
2316,/data/all_images/image_2316.jpeg,/DATA5/prabhakar/telecom/extracted_images/images/image_2316.jpeg,True,27836,
2317,/data/all_images/image_2317.jpeg,/DATA5/prabhakar/telecom/extracted_images/images/image_2317.jpeg,True,28239,
2318,/data/all_images/image_2318.jpeg,/DATA5/prabhakar/telecom/extracted_images/images/image_2318.jpeg,True,78695,
2319,/data/all_images/image_2319.png,/DATA5/prabhakar/telecom/extracted_images/images/image_2319.png,True,35127,
2320,/data/all_images/image_2320.jpeg,/DATA5/prabhakar/telecom/extracted_images/images/image_2320.jpeg,True,32027,
2321,/data/all_images/image_2321.jpeg,/DATA5/prabhakar/telecom/extracted_images/images/image_2321.jpeg,True,22448,
2322,/data/all_images/image_2322.jpeg,/DATA5/prabhakar/telecom/extracted_images/images/image_2322.jpeg,True,27524,
2323,/data/all_images/image_2323.jpeg,/DATA5/prabhakar/telecom/extracted_images/images/image_2323.jpeg,True,49369,
2324,/data/all_images/image_2324.jpeg,/DATA5/prabhakar/telecom/extracted_images/images/image_2324.jpeg,True,67436,
2325,/data/all_images/image_2325.jpeg,/DATA5/prabhakar/telecom/extracted_images/images/image_2325.jpeg,True,52689,
2326,/data/all_images/image_2326.jpeg,/DATA5/prabhakar/telecom/extracted_images/images/image_2326.jpeg,True,39936,
2327,/data/all_images/image_2327.png,/DATA5/prabhakar/telecom/extracted_images/images/image_2327.png,True,50920,
2328,/data/all_images/image_2328.jpeg,/DATA5/prabhakar/telecom/extracted_images/images/image_2328.jpeg,True,73113,
2329,/data/all_images/image_2329.jpeg,/DATA5/prabhakar/telecom/extracted_images/images/image_2329.jpeg,True,30172,
2330,/data/all_images/image_2330.jpeg,/DATA5/prabhakar/telecom/extracted_images/images/image_2330.jpeg,True,36677,
2331,/data/all_images/image_2331.jpeg,/DATA5/prabhakar/telecom/extracted_images/images/image_2331.jpeg,True,33344,
2332,/data/all_images/image_2332.png,/DATA5/prabhakar/telecom/extracted_images/images/image_2332.png,True,34053,
2333,/data/all_images/image_2333.jpeg,/DATA5/prabhakar/telecom/extracted_images/images/image_2333.jpeg,True,22671,
2334,/data/all_images/image_2334.jpeg,/DATA5/prabhakar/telecom/extracted_images/images/image_2334.jpeg,True,78685,
2335,/data/all_images/image_2335.jpeg,/DATA5/prabhakar/telecom/extracted_images/images/image_2335.jpeg,True,51189,
2336,/data/all_images/image_2336.jpeg,/DATA5/prabhakar/telecom/extracted_images/images/image_2336.jpeg,True,58421,
2337,/data/all_images/image_2337.png,/DATA5/prabhakar/telecom/extracted_images/images/image_2337.png,True,39280,
2338,/data/all_images/image_2338.png,/DATA5/prabhakar/telecom/extracted_images/images/image_2338.png,True,40034,
2339,/data/all_images/image_2339.jpeg,/DATA5/prabhakar/telecom/extracted_images/images/image_2339.jpeg,True,48549,
2340,/data/all_images/image_2340.jpeg,/DATA5/prabhakar/telecom/extracted_images/images/image_2340.jpeg,True,48111,
2341,/data/all_images/image_2341.png,/DATA5/prabhakar/telecom/extracted_images/images/image_2341.png,True,24932,
2342,/data/all_images/image_2342.png,/DATA5/prabhakar/telecom/extracted_images/images/image_2342.png,True,24040,
2343,/data/all_images/image_2343.jpeg,/DATA5/prabhakar/telecom/extracted_images/images/image_2343.jpeg,True,47447,
2344,/data/all_images/image_2344.jpeg,/DATA5/prabhakar/telecom/extracted_images/images/image_2344.jpeg,True,46072,
2345,/data/all_images/image_2345.png,/DATA5/prabhakar/telecom/extracted_images/images/image_2345.png,True,24932,
2346,/data/all_images/image_2346.png,/DATA5/prabhakar/telecom/extracted_images/images/image_2346.png,True,25447,
2347,/data/all_images/image_2347.jpeg,/DATA5/prabhakar/telecom/extracted_images/images/image_2347.jpeg,True,35714,
2348,/data/all_images/image_2348.jpeg,/DATA5/prabhakar/telecom/extracted_images/images/image_2348.jpeg,True,57451,
2349,/data/all_images/image_2349.jpeg,/DATA5/prabhakar/telecom/extracted_images/images/image_2349.jpeg,True,36504,
2350,/data/all_images/image_2350.jpeg,/DATA5/prabhakar/telecom/extracted_images/images/image_2350.jpeg,True,31343,
2351,/data/all_images/image_2351.jpeg,/DATA5/prabhakar/telecom/extracted_images/images/image_2351.jpeg,True,27300,
2352,/data/all_images/image_2352.jpeg,/DATA5/prabhakar/telecom/extracted_images/images/image_2352.jpeg,True,50334,
2353,/data/all_images/image_2353.jpeg,/DATA5/prabhakar/telecom/extracted_images/images/image_2353.jpeg,True,28878,
2354,/data/all_images/image_2354.jpeg,/DATA5/prabhakar/telecom/extracted_images/images/image_2354.jpeg,True,34596,
2355,/data/all_images/image_2355.jpeg,/DATA5/prabhakar/telecom/extracted_images/images/image_2355.jpeg,True,39579,
2356,/data/all_images/image_2356.jpeg,/DATA5/prabhakar/telecom/extracted_images/images/image_2356.jpeg,True,35340,
2357,/data/all_images/image_2357.jpeg,/DATA5/prabhakar/telecom/extracted_images/images/image_2357.jpeg,True,52815,
2358,/data/all_images/image_2358.png,/DATA5/prabhakar/telecom/extracted_images/images/image_2358.png,True,22727,
2359,/data/all_images/image_2359.jpeg,/DATA5/prabhakar/telecom/extracted_images/images/image_2359.jpeg,True,37984,
2360,/data/all_images/image_2360.png,/DATA5/prabhakar/telecom/extracted_images/images/image_2360.png,True,26799,
2361,/data/all_images/image_2361.png,/DATA5/prabhakar/telecom/extracted_images/images/image_2361.png,True,26594,
2362,/data/all_images/image_2362.png,/DATA5/prabhakar/telecom/extracted_images/images/image_2362.png,True,29939,
2363,/data/all_images/image_2363.png,/DATA5/prabhakar/telecom/extracted_images/images/image_2363.png,True,30419,
2364,/data/all_images/image_2364.png,/DATA5/prabhakar/telecom/extracted_images/images/image_2364.png,True,28454,
2365,/data/all_images/image_2365.png,/DATA5/prabhakar/telecom/extracted_images/images/image_2365.png,True,28996,
2366,/data/all_images/image_2366.png,/DATA5/prabhakar/telecom/extracted_images/images/image_2366.png,True,26074,
2367,/data/all_images/image_2367.png,/DATA5/prabhakar/telecom/extracted_images/images/image_2367.png,True,27642,
2368,/data/all_images/image_2368.png,/DATA5/prabhakar/telecom/extracted_images/images/image_2368.png,True,31260,
2369,/data/all_images/image_2369.png,/DATA5/prabhakar/telecom/extracted_images/images/image_2369.png,True,31552,
2370,/data/all_images/image_2370.png,/DATA5/prabhakar/telecom/extracted_images/images/image_2370.png,True,28624,
2371,/data/all_images/image_2371.png,/DATA5/prabhakar/telecom/extracted_images/images/image_2371.png,True,29929,
2372,/data/all_images/image_2372.png,/DATA5/prabhakar/telecom/extracted_images/images/image_2372.png,True,31752,
2373,/data/all_images/image_2373.png,/DATA5/prabhakar/telecom/extracted_images/images/image_2373.png,True,31870,
2374,/data/all_images/image_2374.jpeg,/DATA5/prabhakar/telecom/extracted_images/images/image_2374.jpeg,True,32474,
2375,/data/all_images/image_2375.png,/DATA5/prabhakar/telecom/extracted_images/images/image_2375.png,True,37547,
2376,/data/all_images/image_2376.jpeg,/DATA5/prabhakar/telecom/extracted_images/images/image_2376.jpeg,True,28194,
2377,/data/all_images/image_2377.jpeg,/DATA5/prabhakar/telecom/extracted_images/images/image_2377.jpeg,True,33763,
2378,/data/all_images/image_2378.png,/DATA5/prabhakar/telecom/extracted_images/images/image_2378.png,True,23521,
2379,/data/all_images/image_2379.png,/DATA5/prabhakar/telecom/extracted_images/images/image_2379.png,True,26647,
2380,/data/all_images/image_2380.png,/DATA5/prabhakar/telecom/extracted_images/images/image_2380.png,True,22388,
2381,/data/all_images/image_2381.png,/DATA5/prabhakar/telecom/extracted_images/images/image_2381.png,True,21152,
2382,/data/all_images/image_2382.jpeg,/DATA5/prabhakar/telecom/extracted_images/images/image_2382.jpeg,True,23593,
2383,/data/all_images/image_2383.png,/DATA5/prabhakar/telecom/extracted_images/images/image_2383.png,True,23960,
2384,/data/all_images/image_2384.jpeg,/DATA5/prabhakar/telecom/extracted_images/images/image_2384.jpeg,True,28751,
2385,/data/all_images/image_2385.jpeg,/DATA5/prabhakar/telecom/extracted_images/images/image_2385.jpeg,True,23708,
2386,/data/all_images/image_2386.png,/DATA5/prabhakar/telecom/extracted_images/images/image_2386.png,True,23249,
2387,/data/all_images/image_2387.jpeg,/DATA5/prabhakar/telecom/extracted_images/images/image_2387.jpeg,True,56793,
2388,/data/all_images/image_2388.png,/DATA5/prabhakar/telecom/extracted_images/images/image_2388.png,True,21768,
2389,/data/all_images/image_2389.jpeg,/DATA5/prabhakar/telecom/extracted_images/images/image_2389.jpeg,True,32439,
2390,/data/all_images/image_2390.jpeg,/DATA5/prabhakar/telecom/extracted_images/images/image_2390.jpeg,True,37074,
2391,/data/all_images/image_2391.jpeg,/DATA5/prabhakar/telecom/extracted_images/images/image_2391.jpeg,True,26085,
2392,/data/all_images/image_2392.jpeg,/DATA5/prabhakar/telecom/extracted_images/images/image_2392.jpeg,True,35109,
2393,/data/all_images/image_2393.jpeg,/DATA5/prabhakar/telecom/extracted_images/images/image_2393.jpeg,True,34268,
2394,/data/all_images/image_2394.jpeg,/DATA5/prabhakar/telecom/extracted_images/images/image_2394.jpeg,True,47903,
2395,/data/all_images/image_2395.jpeg,/DATA5/prabhakar/telecom/extracted_images/images/image_2395.jpeg,True,39850,
2396,/data/all_images/image_2396.png,/DATA5/prabhakar/telecom/extracted_images/images/image_2396.png,True,28361,
2397,/data/all_images/image_2397.png,/DATA5/prabhakar/telecom/extracted_images/images/image_2397.png,True,24674,
2398,/data/all_images/image_2398.jpeg,/DATA5/prabhakar/telecom/extracted_images/images/image_2398.jpeg,True,38241,
2399,/data/all_images/image_2399.jpeg,/DATA5/prabhakar/telecom/extracted_images/images/image_2399.jpeg,True,40072,
2400,/data/all_images/image_2400.jpeg,/DATA5/prabhakar/telecom/extracted_images/images/image_2400.jpeg,True,46267,
2401,/data/all_images/image_2401.jpeg,/DATA5/prabhakar/telecom/extracted_images/images/image_2401.jpeg,True,34665,
2402,/data/all_images/image_2402.jpeg,/DATA5/prabhakar/telecom/extracted_images/images/image_2402.jpeg,True,44981,
2403,/data/all_images/image_2403.jpeg,/DATA5/prabhakar/telecom/extracted_images/images/image_2403.jpeg,True,37947,
2404,/data/all_images/image_2404.jpeg,/DATA5/prabhakar/telecom/extracted_images/images/image_2404.jpeg,True,42385,
2405,/data/all_images/image_2405.jpeg,/DATA5/prabhakar/telecom/extracted_images/images/image_2405.jpeg,True,37446,
2406,/data/all_images/image_2406.jpeg,/DATA5/prabhakar/telecom/extracted_images/images/image_2406.jpeg,True,30423,
2407,/data/all_images/image_2407.jpeg,/DATA5/prabhakar/telecom/extracted_images/images/image_2407.jpeg,True,42643,
2408,/data/all_images/image_2408.jpeg,/DATA5/prabhakar/telecom/extracted_images/images/image_2408.jpeg,True,21652,
2409,/data/all_images/image_2409.jpeg,/DATA5/prabhakar/telecom/extracted_images/images/image_2409.jpeg,True,43620,
2410,/data/all_images/image_2410.png,/DATA5/prabhakar/telecom/extracted_images/images/image_2410.png,True,25993,
2411,/data/all_images/image_2411.jpeg,/DATA5/prabhakar/telecom/extracted_images/images/image_2411.jpeg,True,27496,
2412,/data/all_images/image_2412.jpeg,/DATA5/prabhakar/telecom/extracted_images/images/image_2412.jpeg,True,26384,
2413,/data/all_images/image_2413.jpeg,/DATA5/prabhakar/telecom/extracted_images/images/image_2413.jpeg,True,38584,
2414,/data/all_images/image_2414.jpeg,/DATA5/prabhakar/telecom/extracted_images/images/image_2414.jpeg,True,38601,
2415,/data/all_images/image_2415.jpeg,/DATA5/prabhakar/telecom/extracted_images/images/image_2415.jpeg,True,28127,
2416,/data/all_images/image_2416.jpeg,/DATA5/prabhakar/telecom/extracted_images/images/image_2416.jpeg,True,31801,
2417,/data/all_images/image_2417.jpeg,/DATA5/prabhakar/telecom/extracted_images/images/image_2417.jpeg,True,31551,
2418,/data/all_images/image_2418.jpeg,/DATA5/prabhakar/telecom/extracted_images/images/image_2418.jpeg,True,37385,
2419,/data/all_images/image_2419.jpeg,/DATA5/prabhakar/telecom/extracted_images/images/image_2419.jpeg,True,36957,
2420,/data/all_images/image_2420.jpeg,/DATA5/prabhakar/telecom/extracted_images/images/image_2420.jpeg,True,32863,
2421,/data/all_images/image_2421.jpeg,/DATA5/prabhakar/telecom/extracted_images/images/image_2421.jpeg,True,38424,
2422,/data/all_images/image_2422.jpeg,/DATA5/prabhakar/telecom/extracted_images/images/image_2422.jpeg,True,37910,
2423,/data/all_images/image_2423.jpeg,/DATA5/prabhakar/telecom/extracted_images/images/image_2423.jpeg,True,53376,
2424,/data/all_images/image_2424.jpeg,/DATA5/prabhakar/telecom/extracted_images/images/image_2424.jpeg,True,46894,
2425,/data/all_images/image_2425.png,/DATA5/prabhakar/telecom/extracted_images/images/image_2425.png,True,29628,
2426,/data/all_images/image_2426.jpeg,/DATA5/prabhakar/telecom/extracted_images/images/image_2426.jpeg,True,46812,
2427,/data/all_images/image_2427.jpeg,/DATA5/prabhakar/telecom/extracted_images/images/image_2427.jpeg,True,33680,
2428,/data/all_images/image_2428.jpeg,/DATA5/prabhakar/telecom/extracted_images/images/image_2428.jpeg,True,51020,
2429,/data/all_images/image_2429.jpeg,/DATA5/prabhakar/telecom/extracted_images/images/image_2429.jpeg,True,24944,
2430,/data/all_images/image_2430.jpeg,/DATA5/prabhakar/telecom/extracted_images/images/image_2430.jpeg,True,47539,
2431,/data/all_images/image_2431.jpeg,/DATA5/prabhakar/telecom/extracted_images/images/image_2431.jpeg,True,43883,
2432,/data/all_images/image_2432.png,/DATA5/prabhakar/telecom/extracted_images/images/image_2432.png,True,32302,
2433,/data/all_images/image_2433.jpeg,/DATA5/prabhakar/telecom/extracted_images/images/image_2433.jpeg,True,50815,
2434,/data/all_images/image_2434.jpeg,/DATA5/prabhakar/telecom/extracted_images/images/image_2434.jpeg,True,33477,
2435,/data/all_images/image_2435.png,/DATA5/prabhakar/telecom/extracted_images/images/image_2435.png,True,20752,
2436,/data/all_images/image_2436.jpeg,/DATA5/prabhakar/telecom/extracted_images/images/image_2436.jpeg,True,34615,
2437,/data/all_images/image_2437.jpeg,/DATA5/prabhakar/telecom/extracted_images/images/image_2437.jpeg,True,21500,
2438,/data/all_images/image_2438.jpeg,/DATA5/prabhakar/telecom/extracted_images/images/image_2438.jpeg,True,29145,
2439,/data/all_images/image_2439.jpeg,/DATA5/prabhakar/telecom/extracted_images/images/image_2439.jpeg,True,59348,
2440,/data/all_images/image_2440.jpeg,/DATA5/prabhakar/telecom/extracted_images/images/image_2440.jpeg,True,72609,
2441,/data/all_images/image_2441.jpeg,/DATA5/prabhakar/telecom/extracted_images/images/image_2441.jpeg,True,44375,
2442,/data/all_images/image_2442.jpeg,/DATA5/prabhakar/telecom/extracted_images/images/image_2442.jpeg,True,29614,
2443,/data/all_images/image_2443.jpeg,/DATA5/prabhakar/telecom/extracted_images/images/image_2443.jpeg,True,32870,
2444,/data/all_images/image_2444.jpeg,/DATA5/prabhakar/telecom/extracted_images/images/image_2444.jpeg,True,29298,
2445,/data/all_images/image_2445.jpeg,/DATA5/prabhakar/telecom/extracted_images/images/image_2445.jpeg,True,23588,
2446,/data/all_images/image_2446.jpeg,/DATA5/prabhakar/telecom/extracted_images/images/image_2446.jpeg,True,56312,
2447,/data/all_images/image_2447.jpeg,/DATA5/prabhakar/telecom/extracted_images/images/image_2447.jpeg,True,28377,
2448,/data/all_images/image_2448.jpeg,/DATA5/prabhakar/telecom/extracted_images/images/image_2448.jpeg,True,29401,
2449,/data/all_images/image_2449.jpeg,/DATA5/prabhakar/telecom/extracted_images/images/image_2449.jpeg,True,38099,
2450,/data/all_images/image_2450.png,/DATA5/prabhakar/telecom/extracted_images/images/image_2450.png,True,36993,
2451,/data/all_images/image_2451.jpeg,/DATA5/prabhakar/telecom/extracted_images/images/image_2451.jpeg,True,21802,
2452,/data/all_images/image_2452.png,/DATA5/prabhakar/telecom/extracted_images/images/image_2452.png,True,40764,
2453,/data/all_images/image_2453.png,/DATA5/prabhakar/telecom/extracted_images/images/image_2453.png,True,43068,
2454,/data/all_images/image_2454.png,/DATA5/prabhakar/telecom/extracted_images/images/image_2454.png,True,44793,
2455,/data/all_images/image_2455.png,/DATA5/prabhakar/telecom/extracted_images/images/image_2455.png,True,45422,
2456,/data/all_images/image_2456.png,/DATA5/prabhakar/telecom/extracted_images/images/image_2456.png,True,46714,
2457,/data/all_images/image_2457.png,/DATA5/prabhakar/telecom/extracted_images/images/image_2457.png,True,47915,
2458,/data/all_images/image_2458.png,/DATA5/prabhakar/telecom/extracted_images/images/image_2458.png,True,45447,
2459,/data/all_images/image_2459.png,/DATA5/prabhakar/telecom/extracted_images/images/image_2459.png,True,47070,
2460,/data/all_images/image_2460.png,/DATA5/prabhakar/telecom/extracted_images/images/image_2460.png,True,48613,
2461,/data/all_images/image_2461.jpeg,/DATA5/prabhakar/telecom/extracted_images/images/image_2461.jpeg,True,49127,
2462,/data/all_images/image_2462.jpeg,/DATA5/prabhakar/telecom/extracted_images/images/image_2462.jpeg,True,42123,
2463,/data/all_images/image_2463.jpeg,/DATA5/prabhakar/telecom/extracted_images/images/image_2463.jpeg,True,52290,
2464,/data/all_images/image_2464.jpeg,/DATA5/prabhakar/telecom/extracted_images/images/image_2464.jpeg,True,40622,
2465,/data/all_images/image_2465.jpeg,/DATA5/prabhakar/telecom/extracted_images/images/image_2465.jpeg,True,33442,
2466,/data/all_images/image_2466.jpeg,/DATA5/prabhakar/telecom/extracted_images/images/image_2466.jpeg,True,89875,
2467,/data/all_images/image_2467.png,/DATA5/prabhakar/telecom/extracted_images/images/image_2467.png,True,51172,
2468,/data/all_images/image_2468.png,/DATA5/prabhakar/telecom/extracted_images/images/image_2468.png,True,48465,
2469,/data/all_images/image_2469.jpeg,/DATA5/prabhakar/telecom/extracted_images/images/image_2469.jpeg,True,53265,
2470,/data/all_images/image_2470.png,/DATA5/prabhakar/telecom/extracted_images/images/image_2470.png,True,30794,
2471,/data/all_images/image_2471.jpeg,/DATA5/prabhakar/telecom/extracted_images/images/image_2471.jpeg,True,76266,
2472,/data/all_images/image_2472.png,/DATA5/prabhakar/telecom/extracted_images/images/image_2472.png,True,29175,
2473,/data/all_images/image_2473.png,/DATA5/prabhakar/telecom/extracted_images/images/image_2473.png,True,64016,
2474,/data/all_images/image_2474.jpeg,/DATA5/prabhakar/telecom/extracted_images/images/image_2474.jpeg,True,71204,
2475,/data/all_images/image_2475.png,/DATA5/prabhakar/telecom/extracted_images/images/image_2475.png,True,38361,
2476,/data/all_images/image_2476.png,/DATA5/prabhakar/telecom/extracted_images/images/image_2476.png,True,39319,
2477,/data/all_images/image_2477.png,/DATA5/prabhakar/telecom/extracted_images/images/image_2477.png,True,39158,
2478,/data/all_images/image_2478.png,/DATA5/prabhakar/telecom/extracted_images/images/image_2478.png,True,55955,
2479,/data/all_images/image_2479.png,/DATA5/prabhakar/telecom/extracted_images/images/image_2479.png,True,42613,
2480,/data/all_images/image_2480.jpeg,/DATA5/prabhakar/telecom/extracted_images/images/image_2480.jpeg,True,41185,
2481,/data/all_images/image_2481.jpeg,/DATA5/prabhakar/telecom/extracted_images/images/image_2481.jpeg,True,48428,
2482,/data/all_images/image_2482.jpeg,/DATA5/prabhakar/telecom/extracted_images/images/image_2482.jpeg,True,58025,
2483,/data/all_images/image_2483.jpeg,/DATA5/prabhakar/telecom/extracted_images/images/image_2483.jpeg,True,86046,
2484,/data/all_images/image_2484.png,/DATA5/prabhakar/telecom/extracted_images/images/image_2484.png,True,43094,
2485,/data/all_images/image_2485.png,/DATA5/prabhakar/telecom/extracted_images/images/image_2485.png,True,41777,
2486,/data/all_images/image_2486.png,/DATA5/prabhakar/telecom/extracted_images/images/image_2486.png,True,42133,
2487,/data/all_images/image_2487.png,/DATA5/prabhakar/telecom/extracted_images/images/image_2487.png,True,58893,
2488,/data/all_images/image_2488.png,/DATA5/prabhakar/telecom/extracted_images/images/image_2488.png,True,45092,
2489,/data/all_images/image_2489.jpeg,/DATA5/prabhakar/telecom/extracted_images/images/image_2489.jpeg,True,45270,
2490,/data/all_images/image_2490.png,/DATA5/prabhakar/telecom/extracted_images/images/image_2490.png,True,46162,
2491,/data/all_images/image_2491.jpeg,/DATA5/prabhakar/telecom/extracted_images/images/image_2491.jpeg,True,55440,
2492,/data/all_images/image_2492.png,/DATA5/prabhakar/telecom/extracted_images/images/image_2492.png,True,33983,
2493,/data/all_images/image_2493.png,/DATA5/prabhakar/telecom/extracted_images/images/image_2493.png,True,41330,
2494,/data/all_images/image_2494.png,/DATA5/prabhakar/telecom/extracted_images/images/image_2494.png,True,31441,
2495,/data/all_images/image_2495.png,/DATA5/prabhakar/telecom/extracted_images/images/image_2495.png,True,43337,
2496,/data/all_images/image_2496.jpeg,/DATA5/prabhakar/telecom/extracted_images/images/image_2496.jpeg,True,102554,
2497,/data/all_images/image_2497.jpeg,/DATA5/prabhakar/telecom/extracted_images/images/image_2497.jpeg,True,37758,
2498,/data/all_images/image_2498.jpeg,/DATA5/prabhakar/telecom/extracted_images/images/image_2498.jpeg,True,51180,
2499,/data/all_images/image_2499.jpeg,/DATA5/prabhakar/telecom/extracted_images/images/image_2499.jpeg,True,39718,
2500,/data/all_images/image_2500.jpeg,/DATA5/prabhakar/telecom/extracted_images/images/image_2500.jpeg,True,41144,
2501,/data/all_images/image_2501.jpeg,/DATA5/prabhakar/telecom/extracted_images/images/image_2501.jpeg,True,35994,
2502,/data/all_images/image_2502.jpeg,/DATA5/prabhakar/telecom/extracted_images/images/image_2502.jpeg,True,40678,
2503,/data/all_images/image_2503.jpeg,/DATA5/prabhakar/telecom/extracted_images/images/image_2503.jpeg,True,42783,
2504,/data/all_images/image_2504.jpeg,/DATA5/prabhakar/telecom/extracted_images/images/image_2504.jpeg,True,33086,
2505,/data/all_images/image_2505.jpeg,/DATA5/prabhakar/telecom/extracted_images/images/image_2505.jpeg,True,34050,
2506,/data/all_images/image_2506.png,/DATA5/prabhakar/telecom/extracted_images/images/image_2506.png,True,38029,
2507,/data/all_images/image_2507.png,/DATA5/prabhakar/telecom/extracted_images/images/image_2507.png,True,29842,
2508,/data/all_images/image_2508.png,/DATA5/prabhakar/telecom/extracted_images/images/image_2508.png,True,27679,
2509,/data/all_images/image_2509.jpeg,/DATA5/prabhakar/telecom/extracted_images/images/image_2509.jpeg,True,20789,
2510,/data/all_images/image_2510.png,/DATA5/prabhakar/telecom/extracted_images/images/image_2510.png,True,48730,
2511,/data/all_images/image_2511.png,/DATA5/prabhakar/telecom/extracted_images/images/image_2511.png,True,30805,
2512,/data/all_images/image_2512.png,/DATA5/prabhakar/telecom/extracted_images/images/image_2512.png,True,50265,
2513,/data/all_images/image_2513.jpeg,/DATA5/prabhakar/telecom/extracted_images/images/image_2513.jpeg,True,35251,
2514,/data/all_images/image_2514.jpeg,/DATA5/prabhakar/telecom/extracted_images/images/image_2514.jpeg,True,39980,
2515,/data/all_images/image_2515.png,/DATA5/prabhakar/telecom/extracted_images/images/image_2515.png,True,35958,
2516,/data/all_images/image_2516.jpeg,/DATA5/prabhakar/telecom/extracted_images/images/image_2516.jpeg,True,38016,
2517,/data/all_images/image_2517.png,/DATA5/prabhakar/telecom/extracted_images/images/image_2517.png,True,30716,
2518,/data/all_images/image_2518.jpeg,/DATA5/prabhakar/telecom/extracted_images/images/image_2518.jpeg,True,24557,
2519,/data/all_images/image_2519.jpeg,/DATA5/prabhakar/telecom/extracted_images/images/image_2519.jpeg,True,32844,
2520,/data/all_images/image_2520.jpeg,/DATA5/prabhakar/telecom/extracted_images/images/image_2520.jpeg,True,30691,
2521,/data/all_images/image_2521.jpeg,/DATA5/prabhakar/telecom/extracted_images/images/image_2521.jpeg,True,37178,
2522,/data/all_images/image_2522.png,/DATA5/prabhakar/telecom/extracted_images/images/image_2522.png,True,34606,
2523,/data/all_images/image_2523.png,/DATA5/prabhakar/telecom/extracted_images/images/image_2523.png,True,34000,
2524,/data/all_images/image_2524.jpeg,/DATA5/prabhakar/telecom/extracted_images/images/image_2524.jpeg,True,37220,
2525,/data/all_images/image_2525.jpeg,/DATA5/prabhakar/telecom/extracted_images/images/image_2525.jpeg,True,62705,
2526,/data/all_images/image_2526.png,/DATA5/prabhakar/telecom/extracted_images/images/image_2526.png,True,61213,
2527,/data/all_images/image_2527.jpeg,/DATA5/prabhakar/telecom/extracted_images/images/image_2527.jpeg,True,87539,
2528,/data/all_images/image_2528.jpeg,/DATA5/prabhakar/telecom/extracted_images/images/image_2528.jpeg,True,27613,
2529,/data/all_images/image_2529.jpeg,/DATA5/prabhakar/telecom/extracted_images/images/image_2529.jpeg,True,31016,
2530,/data/all_images/image_2530.jpeg,/DATA5/prabhakar/telecom/extracted_images/images/image_2530.jpeg,True,26097,
2531,/data/all_images/image_2531.png,/DATA5/prabhakar/telecom/extracted_images/images/image_2531.png,True,25518,
2532,/data/all_images/image_2532.jpeg,/DATA5/prabhakar/telecom/extracted_images/images/image_2532.jpeg,True,27158,
2533,/data/all_images/image_2533.jpeg,/DATA5/prabhakar/telecom/extracted_images/images/image_2533.jpeg,True,78854,
2534,/data/all_images/image_2534.jpeg,/DATA5/prabhakar/telecom/extracted_images/images/image_2534.jpeg,True,23407,
2535,/data/all_images/image_2535.png,/DATA5/prabhakar/telecom/extracted_images/images/image_2535.png,True,55332,
2536,/data/all_images/image_2536.jpeg,/DATA5/prabhakar/telecom/extracted_images/images/image_2536.jpeg,True,67774,
2537,/data/all_images/image_2537.jpeg,/DATA5/prabhakar/telecom/extracted_images/images/image_2537.jpeg,True,50011,
2538,/data/all_images/image_2538.jpeg,/DATA5/prabhakar/telecom/extracted_images/images/image_2538.jpeg,True,58648,
2539,/data/all_images/image_2539.png,/DATA5/prabhakar/telecom/extracted_images/images/image_2539.png,True,50315,
2540,/data/all_images/image_2540.png,/DATA5/prabhakar/telecom/extracted_images/images/image_2540.png,True,46454,
2541,/data/all_images/image_2541.jpeg,/DATA5/prabhakar/telecom/extracted_images/images/image_2541.jpeg,True,33533,
2542,/data/all_images/image_2542.jpeg,/DATA5/prabhakar/telecom/extracted_images/images/image_2542.jpeg,True,49946,
2543,/data/all_images/image_2543.jpeg,/DATA5/prabhakar/telecom/extracted_images/images/image_2543.jpeg,True,46598,
2544,/data/all_images/image_2544.png,/DATA5/prabhakar/telecom/extracted_images/images/image_2544.png,True,39284,
2545,/data/all_images/image_2545.jpeg,/DATA5/prabhakar/telecom/extracted_images/images/image_2545.jpeg,True,36368,
2546,/data/all_images/image_2546.jpeg,/DATA5/prabhakar/telecom/extracted_images/images/image_2546.jpeg,True,41690,
2547,/data/all_images/image_2547.jpeg,/DATA5/prabhakar/telecom/extracted_images/images/image_2547.jpeg,True,40643,
2548,/data/all_images/image_2548.png,/DATA5/prabhakar/telecom/extracted_images/images/image_2548.png,True,22239,
2549,/data/all_images/image_2549.png,/DATA5/prabhakar/telecom/extracted_images/images/image_2549.png,True,25002,
2550,/data/all_images/image_2550.jpeg,/DATA5/prabhakar/telecom/extracted_images/images/image_2550.jpeg,True,47684,
2551,/data/all_images/image_2551.jpeg,/DATA5/prabhakar/telecom/extracted_images/images/image_2551.jpeg,True,36201,
2552,/data/all_images/image_2552.jpeg,/DATA5/prabhakar/telecom/extracted_images/images/image_2552.jpeg,True,40839,
2553,/data/all_images/image_2553.jpeg,/DATA5/prabhakar/telecom/extracted_images/images/image_2553.jpeg,True,44053,
2554,/data/all_images/image_2554.jpeg,/DATA5/prabhakar/telecom/extracted_images/images/image_2554.jpeg,True,47817,
2555,/data/all_images/image_2555.jpeg,/DATA5/prabhakar/telecom/extracted_images/images/image_2555.jpeg,True,27088,
2556,/data/all_images/image_2556.jpeg,/DATA5/prabhakar/telecom/extracted_images/images/image_2556.jpeg,True,24552,
2557,/data/all_images/image_2557.jpeg,/DATA5/prabhakar/telecom/extracted_images/images/image_2557.jpeg,True,26581,
2558,/data/all_images/image_2558.png,/DATA5/prabhakar/telecom/extracted_images/images/image_2558.png,True,25780,
2559,/data/all_images/image_2559.png,/DATA5/prabhakar/telecom/extracted_images/images/image_2559.png,True,25697,
2560,/data/all_images/image_2560.jpeg,/DATA5/prabhakar/telecom/extracted_images/images/image_2560.jpeg,True,57620,
2561,/data/all_images/image_2561.jpeg,/DATA5/prabhakar/telecom/extracted_images/images/image_2561.jpeg,True,24854,
2562,/data/all_images/image_2562.jpeg,/DATA5/prabhakar/telecom/extracted_images/images/image_2562.jpeg,True,20738,
2563,/data/all_images/image_2563.jpeg,/DATA5/prabhakar/telecom/extracted_images/images/image_2563.jpeg,True,37301,
2564,/data/all_images/image_2564.jpeg,/DATA5/prabhakar/telecom/extracted_images/images/image_2564.jpeg,True,26770,
2565,/data/all_images/image_2565.png,/DATA5/prabhakar/telecom/extracted_images/images/image_2565.png,True,32539,
2566,/data/all_images/image_2566.jpeg,/DATA5/prabhakar/telecom/extracted_images/images/image_2566.jpeg,True,21259,
2567,/data/all_images/image_2567.jpeg,/DATA5/prabhakar/telecom/extracted_images/images/image_2567.jpeg,True,23100,
2568,/data/all_images/image_2568.jpeg,/DATA5/prabhakar/telecom/extracted_images/images/image_2568.jpeg,True,25405,
2569,/data/all_images/image_2569.jpeg,/DATA5/prabhakar/telecom/extracted_images/images/image_2569.jpeg,True,22446,
2570,/data/all_images/image_2570.jpeg,/DATA5/prabhakar/telecom/extracted_images/images/image_2570.jpeg,True,30989,
2571,/data/all_images/image_2571.jpeg,/DATA5/prabhakar/telecom/extracted_images/images/image_2571.jpeg,True,26839,
2572,/data/all_images/image_2572.jpeg,/DATA5/prabhakar/telecom/extracted_images/images/image_2572.jpeg,True,20795,
2573,/data/all_images/image_2573.jpeg,/DATA5/prabhakar/telecom/extracted_images/images/image_2573.jpeg,True,34665,
2574,/data/all_images/image_2574.jpeg,/DATA5/prabhakar/telecom/extracted_images/images/image_2574.jpeg,True,38246,
2575,/data/all_images/image_2575.jpeg,/DATA5/prabhakar/telecom/extracted_images/images/image_2575.jpeg,True,25251,
2576,/data/all_images/image_2576.jpeg,/DATA5/prabhakar/telecom/extracted_images/images/image_2576.jpeg,True,31540,
2577,/data/all_images/image_2577.png,/DATA5/prabhakar/telecom/extracted_images/images/image_2577.png,True,42664,
2578,/data/all_images/image_2578.jpeg,/DATA5/prabhakar/telecom/extracted_images/images/image_2578.jpeg,True,28539,
2579,/data/all_images/image_2579.jpeg,/DATA5/prabhakar/telecom/extracted_images/images/image_2579.jpeg,True,28206,
2580,/data/all_images/image_2580.jpeg,/DATA5/prabhakar/telecom/extracted_images/images/image_2580.jpeg,True,36692,
2581,/data/all_images/image_2581.jpeg,/DATA5/prabhakar/telecom/extracted_images/images/image_2581.jpeg,True,34559,
2582,/data/all_images/image_2582.png,/DATA5/prabhakar/telecom/extracted_images/images/image_2582.png,True,31290,
2583,/data/all_images/image_2583.jpeg,/DATA5/prabhakar/telecom/extracted_images/images/image_2583.jpeg,True,74022,
2584,/data/all_images/image_2584.jpeg,/DATA5/prabhakar/telecom/extracted_images/images/image_2584.jpeg,True,36838,
2585,/data/all_images/image_2585.jpeg,/DATA5/prabhakar/telecom/extracted_images/images/image_2585.jpeg,True,28365,
2586,/data/all_images/image_2586.png,/DATA5/prabhakar/telecom/extracted_images/images/image_2586.png,True,44929,
2587,/data/all_images/image_2587.jpeg,/DATA5/prabhakar/telecom/extracted_images/images/image_2587.jpeg,True,23990,
2588,/data/all_images/image_2588.jpeg,/DATA5/prabhakar/telecom/extracted_images/images/image_2588.jpeg,True,38404,
2589,/data/all_images/image_2589.jpeg,/DATA5/prabhakar/telecom/extracted_images/images/image_2589.jpeg,True,23740,
2590,/data/all_images/image_2590.jpeg,/DATA5/prabhakar/telecom/extracted_images/images/image_2590.jpeg,True,31842,
2591,/data/all_images/image_2591.jpeg,/DATA5/prabhakar/telecom/extracted_images/images/image_2591.jpeg,True,36675,
2592,/data/all_images/image_2592.jpeg,/DATA5/prabhakar/telecom/extracted_images/images/image_2592.jpeg,True,20748,
2593,/data/all_images/image_2593.png,/DATA5/prabhakar/telecom/extracted_images/images/image_2593.png,True,34275,
2594,/data/all_images/image_2594.jpeg,/DATA5/prabhakar/telecom/extracted_images/images/image_2594.jpeg,True,53659,
2595,/data/all_images/image_2595.png,/DATA5/prabhakar/telecom/extracted_images/images/image_2595.png,True,50678,
2596,/data/all_images/image_2596.png,/DATA5/prabhakar/telecom/extracted_images/images/image_2596.png,True,38076,
2597,/data/all_images/image_2597.jpeg,/DATA5/prabhakar/telecom/extracted_images/images/image_2597.jpeg,True,25575,
2598,/data/all_images/image_2598.jpeg,/DATA5/prabhakar/telecom/extracted_images/images/image_2598.jpeg,True,67894,
2599,/data/all_images/image_2599.jpeg,/DATA5/prabhakar/telecom/extracted_images/images/image_2599.jpeg,True,48717,
2600,/data/all_images/image_2600.png,/DATA5/prabhakar/telecom/extracted_images/images/image_2600.png,True,35640,
2601,/data/all_images/image_2601.png,/DATA5/prabhakar/telecom/extracted_images/images/image_2601.png,True,39817,
2602,/data/all_images/image_2602.png,/DATA5/prabhakar/telecom/extracted_images/images/image_2602.png,True,24006,
2603,/data/all_images/image_2603.png,/DATA5/prabhakar/telecom/extracted_images/images/image_2603.png,True,36938,
2604,/data/all_images/image_2604.png,/DATA5/prabhakar/telecom/extracted_images/images/image_2604.png,True,31367,
2605,/data/all_images/image_2605.png,/DATA5/prabhakar/telecom/extracted_images/images/image_2605.png,True,25980,
2606,/data/all_images/image_2606.png,/DATA5/prabhakar/telecom/extracted_images/images/image_2606.png,True,21465,
2607,/data/all_images/image_2607.jpeg,/DATA5/prabhakar/telecom/extracted_images/images/image_2607.jpeg,True,37194,
2608,/data/all_images/image_2608.jpeg,/DATA5/prabhakar/telecom/extracted_images/images/image_2608.jpeg,True,62337,
2609,/data/all_images/image_2609.jpeg,/DATA5/prabhakar/telecom/extracted_images/images/image_2609.jpeg,True,22769,
2610,/data/all_images/image_2610.png,/DATA5/prabhakar/telecom/extracted_images/images/image_2610.png,True,24651,
2611,/data/all_images/image_2611.png,/DATA5/prabhakar/telecom/extracted_images/images/image_2611.png,True,24141,
2612,/data/all_images/image_2612.png,/DATA5/prabhakar/telecom/extracted_images/images/image_2612.png,True,36459,
2613,/data/all_images/image_2613.jpeg,/DATA5/prabhakar/telecom/extracted_images/images/image_2613.jpeg,True,45427,
2614,/data/all_images/image_2614.jpeg,/DATA5/prabhakar/telecom/extracted_images/images/image_2614.jpeg,True,46426,
2615,/data/all_images/image_2615.png,/DATA5/prabhakar/telecom/extracted_images/images/image_2615.png,True,31848,
2616,/data/all_images/image_2616.png,/DATA5/prabhakar/telecom/extracted_images/images/image_2616.png,True,32934,
2617,/data/all_images/image_2617.png,/DATA5/prabhakar/telecom/extracted_images/images/image_2617.png,True,31499,
2618,/data/all_images/image_2618.png,/DATA5/prabhakar/telecom/extracted_images/images/image_2618.png,True,33495,
2619,/data/all_images/image_2619.png,/DATA5/prabhakar/telecom/extracted_images/images/image_2619.png,True,31304,
2620,/data/all_images/image_2620.png,/DATA5/prabhakar/telecom/extracted_images/images/image_2620.png,True,30358,
2621,/data/all_images/image_2621.png,/DATA5/prabhakar/telecom/extracted_images/images/image_2621.png,True,31743,
2622,/data/all_images/image_2622.png,/DATA5/prabhakar/telecom/extracted_images/images/image_2622.png,True,38044,
2623,/data/all_images/image_2623.jpeg,/DATA5/prabhakar/telecom/extracted_images/images/image_2623.jpeg,True,37929,
2624,/data/all_images/image_2624.png,/DATA5/prabhakar/telecom/extracted_images/images/image_2624.png,True,22186,
2625,/data/all_images/image_2625.png,/DATA5/prabhakar/telecom/extracted_images/images/image_2625.png,True,34720,
2626,/data/all_images/image_2626.jpeg,/DATA5/prabhakar/telecom/extracted_images/images/image_2626.jpeg,True,31017,
2627,/data/all_images/image_2627.png,/DATA5/prabhakar/telecom/extracted_images/images/image_2627.png,True,29323,
2628,/data/all_images/image_2628.png,/DATA5/prabhakar/telecom/extracted_images/images/image_2628.png,True,24274,
2629,/data/all_images/image_2629.jpeg,/DATA5/prabhakar/telecom/extracted_images/images/image_2629.jpeg,True,27826,
2630,/data/all_images/image_2630.jpeg,/DATA5/prabhakar/telecom/extracted_images/images/image_2630.jpeg,True,29345,
2631,/data/all_images/image_2631.png,/DATA5/prabhakar/telecom/extracted_images/images/image_2631.png,True,27133,
2632,/data/all_images/image_2632.png,/DATA5/prabhakar/telecom/extracted_images/images/image_2632.png,True,28440,
2633,/data/all_images/image_2633.png,/DATA5/prabhakar/telecom/extracted_images/images/image_2633.png,True,25950,
2634,/data/all_images/image_2634.png,/DATA5/prabhakar/telecom/extracted_images/images/image_2634.png,True,26985,
2635,/data/all_images/image_2635.jpeg,/DATA5/prabhakar/telecom/extracted_images/images/image_2635.jpeg,True,35635,
2636,/data/all_images/image_2636.jpeg,/DATA5/prabhakar/telecom/extracted_images/images/image_2636.jpeg,True,49761,
2637,/data/all_images/image_2637.jpeg,/DATA5/prabhakar/telecom/extracted_images/images/image_2637.jpeg,True,20808,
2638,/data/all_images/image_2638.png,/DATA5/prabhakar/telecom/extracted_images/images/image_2638.png,True,26503,
2639,/data/all_images/image_2639.png,/DATA5/prabhakar/telecom/extracted_images/images/image_2639.png,True,26572,
2640,/data/all_images/image_2640.jpeg,/DATA5/prabhakar/telecom/extracted_images/images/image_2640.jpeg,True,34508,
2641,/data/all_images/image_2641.jpeg,/DATA5/prabhakar/telecom/extracted_images/images/image_2641.jpeg,True,32614,
2642,/data/all_images/image_2642.png,/DATA5/prabhakar/telecom/extracted_images/images/image_2642.png,True,29174,
2643,/data/all_images/image_2643.png,/DATA5/prabhakar/telecom/extracted_images/images/image_2643.png,True,33367,
2644,/data/all_images/image_2644.png,/DATA5/prabhakar/telecom/extracted_images/images/image_2644.png,True,26014,
2645,/data/all_images/image_2645.png,/DATA5/prabhakar/telecom/extracted_images/images/image_2645.png,True,34354,
2646,/data/all_images/image_2646.png,/DATA5/prabhakar/telecom/extracted_images/images/image_2646.png,True,40789,
2647,/data/all_images/image_2647.png,/DATA5/prabhakar/telecom/extracted_images/images/image_2647.png,True,28780,
2648,/data/all_images/image_2648.png,/DATA5/prabhakar/telecom/extracted_images/images/image_2648.png,True,21296,
2649,/data/all_images/image_2649.png,/DATA5/prabhakar/telecom/extracted_images/images/image_2649.png,True,22907,
2650,/data/all_images/image_2650.png,/DATA5/prabhakar/telecom/extracted_images/images/image_2650.png,True,26875,
2651,/data/all_images/image_2651.jpeg,/DATA5/prabhakar/telecom/extracted_images/images/image_2651.jpeg,True,23073,
2652,/data/all_images/image_2652.jpeg,/DATA5/prabhakar/telecom/extracted_images/images/image_2652.jpeg,True,22358,
2653,/data/all_images/image_2653.jpeg,/DATA5/prabhakar/telecom/extracted_images/images/image_2653.jpeg,True,27809,
2654,/data/all_images/image_2654.jpeg,/DATA5/prabhakar/telecom/extracted_images/images/image_2654.jpeg,True,35839,
2655,/data/all_images/image_2655.jpeg,/DATA5/prabhakar/telecom/extracted_images/images/image_2655.jpeg,True,29962,
2656,/data/all_images/image_2656.jpeg,/DATA5/prabhakar/telecom/extracted_images/images/image_2656.jpeg,True,22787,
2657,/data/all_images/image_2657.png,/DATA5/prabhakar/telecom/extracted_images/images/image_2657.png,True,31311,
2658,/data/all_images/image_2658.png,/DATA5/prabhakar/telecom/extracted_images/images/image_2658.png,True,23524,
2659,/data/all_images/image_2659.png,/DATA5/prabhakar/telecom/extracted_images/images/image_2659.png,True,26491,
2660,/data/all_images/image_2660.png,/DATA5/prabhakar/telecom/extracted_images/images/image_2660.png,True,23636,
2661,/data/all_images/image_2661.png,/DATA5/prabhakar/telecom/extracted_images/images/image_2661.png,True,24827,
2662,/data/all_images/image_2662.jpeg,/DATA5/prabhakar/telecom/extracted_images/images/image_2662.jpeg,True,25320,
2663,/data/all_images/image_2663.jpeg,/DATA5/prabhakar/telecom/extracted_images/images/image_2663.jpeg,True,29851,
2664,/data/all_images/image_2664.jpeg,/DATA5/prabhakar/telecom/extracted_images/images/image_2664.jpeg,True,52284,
2665,/data/all_images/image_2665.jpeg,/DATA5/prabhakar/telecom/extracted_images/images/image_2665.jpeg,True,55039,
2666,/data/all_images/image_2666.jpeg,/DATA5/prabhakar/telecom/extracted_images/images/image_2666.jpeg,True,88247,
2667,/data/all_images/image_2667.jpeg,/DATA5/prabhakar/telecom/extracted_images/images/image_2667.jpeg,True,55223,
2668,/data/all_images/image_2668.png,/DATA5/prabhakar/telecom/extracted_images/images/image_2668.png,True,28988,
2669,/data/all_images/image_2669.jpeg,/DATA5/prabhakar/telecom/extracted_images/images/image_2669.jpeg,True,39849,
2670,/data/all_images/image_2670.jpeg,/DATA5/prabhakar/telecom/extracted_images/images/image_2670.jpeg,True,35447,
2671,/data/all_images/image_2671.jpeg,/DATA5/prabhakar/telecom/extracted_images/images/image_2671.jpeg,True,51769,
2672,/data/all_images/image_2672.jpeg,/DATA5/prabhakar/telecom/extracted_images/images/image_2672.jpeg,True,52717,
2673,/data/all_images/image_2673.jpeg,/DATA5/prabhakar/telecom/extracted_images/images/image_2673.jpeg,True,47569,
2674,/data/all_images/image_2674.jpeg,/DATA5/prabhakar/telecom/extracted_images/images/image_2674.jpeg,True,53403,
2675,/data/all_images/image_2675.jpeg,/DATA5/prabhakar/telecom/extracted_images/images/image_2675.jpeg,True,21823,
2676,/data/all_images/image_2676.jpeg,/DATA5/prabhakar/telecom/extracted_images/images/image_2676.jpeg,True,23084,
2677,/data/all_images/image_2677.jpeg,/DATA5/prabhakar/telecom/extracted_images/images/image_2677.jpeg,True,21947,
2678,/data/all_images/image_2678.jpeg,/DATA5/prabhakar/telecom/extracted_images/images/image_2678.jpeg,True,23807,
2679,/data/all_images/image_2679.jpeg,/DATA5/prabhakar/telecom/extracted_images/images/image_2679.jpeg,True,21627,
2680,/data/all_images/image_2680.jpeg,/DATA5/prabhakar/telecom/extracted_images/images/image_2680.jpeg,True,21889,
2681,/data/all_images/image_2681.png,/DATA5/prabhakar/telecom/extracted_images/images/image_2681.png,True,21777,
2682,/data/all_images/image_2682.jpeg,/DATA5/prabhakar/telecom/extracted_images/images/image_2682.jpeg,True,28908,
2683,/data/all_images/image_2683.jpeg,/DATA5/prabhakar/telecom/extracted_images/images/image_2683.jpeg,True,27808,
2684,/data/all_images/image_2684.jpeg,/DATA5/prabhakar/telecom/extracted_images/images/image_2684.jpeg,True,31181,
2685,/data/all_images/image_2685.jpeg,/DATA5/prabhakar/telecom/extracted_images/images/image_2685.jpeg,True,22242,
2686,/data/all_images/image_2686.jpeg,/DATA5/prabhakar/telecom/extracted_images/images/image_2686.jpeg,True,42448,
2687,/data/all_images/image_2687.jpeg,/DATA5/prabhakar/telecom/extracted_images/images/image_2687.jpeg,True,43144,
2688,/data/all_images/image_2688.jpeg,/DATA5/prabhakar/telecom/extracted_images/images/image_2688.jpeg,True,21379,
2689,/data/all_images/image_2689.jpeg,/DATA5/prabhakar/telecom/extracted_images/images/image_2689.jpeg,True,28043,
2690,/data/all_images/image_2690.jpeg,/DATA5/prabhakar/telecom/extracted_images/images/image_2690.jpeg,True,28256,
2691,/data/all_images/image_2691.jpeg,/DATA5/prabhakar/telecom/extracted_images/images/image_2691.jpeg,True,34137,
2692,/data/all_images/image_2692.png,/DATA5/prabhakar/telecom/extracted_images/images/image_2692.png,True,22505,
2693,/data/all_images/image_2693.jpeg,/DATA5/prabhakar/telecom/extracted_images/images/image_2693.jpeg,True,33047,
2694,/data/all_images/image_2694.png,/DATA5/prabhakar/telecom/extracted_images/images/image_2694.png,True,23664,
2695,/data/all_images/image_2695.jpeg,/DATA5/prabhakar/telecom/extracted_images/images/image_2695.jpeg,True,72665,
2696,/data/all_images/image_2696.jpeg,/DATA5/prabhakar/telecom/extracted_images/images/image_2696.jpeg,True,77219,
2697,/data/all_images/image_2697.jpeg,/DATA5/prabhakar/telecom/extracted_images/images/image_2697.jpeg,True,62594,
2698,/data/all_images/image_2698.jpeg,/DATA5/prabhakar/telecom/extracted_images/images/image_2698.jpeg,True,80534,
2699,/data/all_images/image_2699.jpeg,/DATA5/prabhakar/telecom/extracted_images/images/image_2699.jpeg,True,59662,
2700,/data/all_images/image_2700.jpeg,/DATA5/prabhakar/telecom/extracted_images/images/image_2700.jpeg,True,27028,
2701,/data/all_images/image_2701.jpeg,/DATA5/prabhakar/telecom/extracted_images/images/image_2701.jpeg,True,37501,
2702,/data/all_images/image_2702.jpeg,/DATA5/prabhakar/telecom/extracted_images/images/image_2702.jpeg,True,30703,
2703,/data/all_images/image_2703.jpeg,/DATA5/prabhakar/telecom/extracted_images/images/image_2703.jpeg,True,32496,
2704,/data/all_images/image_2704.png,/DATA5/prabhakar/telecom/extracted_images/images/image_2704.png,True,21163,
2705,/data/all_images/image_2705.jpeg,/DATA5/prabhakar/telecom/extracted_images/images/image_2705.jpeg,True,43082,
2706,/data/all_images/image_2706.jpeg,/DATA5/prabhakar/telecom/extracted_images/images/image_2706.jpeg,True,25728,
2707,/data/all_images/image_2707.jpeg,/DATA5/prabhakar/telecom/extracted_images/images/image_2707.jpeg,True,25205,
2708,/data/all_images/image_2708.jpeg,/DATA5/prabhakar/telecom/extracted_images/images/image_2708.jpeg,True,27131,
2709,/data/all_images/image_2709.jpeg,/DATA5/prabhakar/telecom/extracted_images/images/image_2709.jpeg,True,25099,
2710,/data/all_images/image_2710.jpeg,/DATA5/prabhakar/telecom/extracted_images/images/image_2710.jpeg,True,28734,
2711,/data/all_images/image_2711.jpeg,/DATA5/prabhakar/telecom/extracted_images/images/image_2711.jpeg,True,38048,
2712,/data/all_images/image_2712.jpeg,/DATA5/prabhakar/telecom/extracted_images/images/image_2712.jpeg,True,42141,
2713,/data/all_images/image_2713.jpeg,/DATA5/prabhakar/telecom/extracted_images/images/image_2713.jpeg,True,32147,
2714,/data/all_images/image_2714.jpeg,/DATA5/prabhakar/telecom/extracted_images/images/image_2714.jpeg,True,21572,
2715,/data/all_images/image_2715.png,/DATA5/prabhakar/telecom/extracted_images/images/image_2715.png,True,40870,
2716,/data/all_images/image_2716.png,/DATA5/prabhakar/telecom/extracted_images/images/image_2716.png,True,23273,
2717,/data/all_images/image_2717.png,/DATA5/prabhakar/telecom/extracted_images/images/image_2717.png,True,35313,
2718,/data/all_images/image_2718.jpeg,/DATA5/prabhakar/telecom/extracted_images/images/image_2718.jpeg,True,21393,
2719,/data/all_images/image_2719.jpeg,/DATA5/prabhakar/telecom/extracted_images/images/image_2719.jpeg,True,35442,
2720,/data/all_images/image_2720.png,/DATA5/prabhakar/telecom/extracted_images/images/image_2720.png,True,41983,
2721,/data/all_images/image_2721.jpeg,/DATA5/prabhakar/telecom/extracted_images/images/image_2721.jpeg,True,43774,
2722,/data/all_images/image_2722.jpeg,/DATA5/prabhakar/telecom/extracted_images/images/image_2722.jpeg,True,28281,
2723,/data/all_images/image_2723.png,/DATA5/prabhakar/telecom/extracted_images/images/image_2723.png,True,37074,
2724,/data/all_images/image_2724.png,/DATA5/prabhakar/telecom/extracted_images/images/image_2724.png,True,26796,
2725,/data/all_images/image_2725.jpeg,/DATA5/prabhakar/telecom/extracted_images/images/image_2725.jpeg,True,23589,
2726,/data/all_images/image_2726.jpeg,/DATA5/prabhakar/telecom/extracted_images/images/image_2726.jpeg,True,21047,
2727,/data/all_images/image_2727.jpeg,/DATA5/prabhakar/telecom/extracted_images/images/image_2727.jpeg,True,21033,
2728,/data/all_images/image_2728.jpeg,/DATA5/prabhakar/telecom/extracted_images/images/image_2728.jpeg,True,34763,
2729,/data/all_images/image_2729.jpeg,/DATA5/prabhakar/telecom/extracted_images/images/image_2729.jpeg,True,22816,
2730,/data/all_images/image_2730.jpeg,/DATA5/prabhakar/telecom/extracted_images/images/image_2730.jpeg,True,31570,
2731,/data/all_images/image_2731.jpeg,/DATA5/prabhakar/telecom/extracted_images/images/image_2731.jpeg,True,42022,
2732,/data/all_images/image_2732.jpeg,/DATA5/prabhakar/telecom/extracted_images/images/image_2732.jpeg,True,42002,
2733,/data/all_images/image_2733.jpeg,/DATA5/prabhakar/telecom/extracted_images/images/image_2733.jpeg,True,27059,
2734,/data/all_images/image_2734.jpeg,/DATA5/prabhakar/telecom/extracted_images/images/image_2734.jpeg,True,35770,
2735,/data/all_images/image_2735.png,/DATA5/prabhakar/telecom/extracted_images/images/image_2735.png,True,26114,
2736,/data/all_images/image_2736.png,/DATA5/prabhakar/telecom/extracted_images/images/image_2736.png,True,46149,
2737,/data/all_images/image_2737.png,/DATA5/prabhakar/telecom/extracted_images/images/image_2737.png,True,32318,
2738,/data/all_images/image_2738.png,/DATA5/prabhakar/telecom/extracted_images/images/image_2738.png,True,21178,
2739,/data/all_images/image_2739.png,/DATA5/prabhakar/telecom/extracted_images/images/image_2739.png,True,34964,
2740,/data/all_images/image_2740.jpeg,/DATA5/prabhakar/telecom/extracted_images/images/image_2740.jpeg,True,26679,
2741,/data/all_images/image_2741.jpeg,/DATA5/prabhakar/telecom/extracted_images/images/image_2741.jpeg,True,29085,
2742,/data/all_images/image_2742.jpeg,/DATA5/prabhakar/telecom/extracted_images/images/image_2742.jpeg,True,24959,
2743,/data/all_images/image_2743.jpeg,/DATA5/prabhakar/telecom/extracted_images/images/image_2743.jpeg,True,21981,
2744,/data/all_images/image_2744.jpeg,/DATA5/prabhakar/telecom/extracted_images/images/image_2744.jpeg,True,21247,
2745,/data/all_images/image_2745.jpeg,/DATA5/prabhakar/telecom/extracted_images/images/image_2745.jpeg,True,26900,
2746,/data/all_images/image_2746.jpeg,/DATA5/prabhakar/telecom/extracted_images/images/image_2746.jpeg,True,36891,
2747,/data/all_images/image_2747.jpeg,/DATA5/prabhakar/telecom/extracted_images/images/image_2747.jpeg,True,32788,
2748,/data/all_images/image_2748.jpeg,/DATA5/prabhakar/telecom/extracted_images/images/image_2748.jpeg,True,22014,
2749,/data/all_images/image_2749.png,/DATA5/prabhakar/telecom/extracted_images/images/image_2749.png,True,46033,
2750,/data/all_images/image_2750.png,/DATA5/prabhakar/telecom/extracted_images/images/image_2750.png,True,47641,
2751,/data/all_images/image_2751.jpeg,/DATA5/prabhakar/telecom/extracted_images/images/image_2751.jpeg,True,28195,
2752,/data/all_images/image_2752.jpeg,/DATA5/prabhakar/telecom/extracted_images/images/image_2752.jpeg,True,36359,
2753,/data/all_images/image_2753.png,/DATA5/prabhakar/telecom/extracted_images/images/image_2753.png,True,39754,
2754,/data/all_images/image_2754.png,/DATA5/prabhakar/telecom/extracted_images/images/image_2754.png,True,30056,
2755,/data/all_images/image_2755.png,/DATA5/prabhakar/telecom/extracted_images/images/image_2755.png,True,30622,
2756,/data/all_images/image_2756.png,/DATA5/prabhakar/telecom/extracted_images/images/image_2756.png,True,25907,
2757,/data/all_images/image_2757.png,/DATA5/prabhakar/telecom/extracted_images/images/image_2757.png,True,20935,
2758,/data/all_images/image_2758.png,/DATA5/prabhakar/telecom/extracted_images/images/image_2758.png,True,24420,
2759,/data/all_images/image_2759.png,/DATA5/prabhakar/telecom/extracted_images/images/image_2759.png,True,21940,
2760,/data/all_images/image_2760.png,/DATA5/prabhakar/telecom/extracted_images/images/image_2760.png,True,28413,
2761,/data/all_images/image_2761.jpeg,/DATA5/prabhakar/telecom/extracted_images/images/image_2761.jpeg,True,24193,
2762,/data/all_images/image_2762.jpeg,/DATA5/prabhakar/telecom/extracted_images/images/image_2762.jpeg,True,25906,
2763,/data/all_images/image_2763.jpeg,/DATA5/prabhakar/telecom/extracted_images/images/image_2763.jpeg,True,23693,
2764,/data/all_images/image_2764.jpeg,/DATA5/prabhakar/telecom/extracted_images/images/image_2764.jpeg,True,21860,
2765,/data/all_images/image_2765.png,/DATA5/prabhakar/telecom/extracted_images/images/image_2765.png,True,23389,
2766,/data/all_images/image_2766.png,/DATA5/prabhakar/telecom/extracted_images/images/image_2766.png,True,25537,
2767,/data/all_images/image_2767.png,/DATA5/prabhakar/telecom/extracted_images/images/image_2767.png,True,23342,
2768,/data/all_images/image_2768.png,/DATA5/prabhakar/telecom/extracted_images/images/image_2768.png,True,26958,
2769,/data/all_images/image_2769.png,/DATA5/prabhakar/telecom/extracted_images/images/image_2769.png,True,22917,
2770,/data/all_images/image_2770.png,/DATA5/prabhakar/telecom/extracted_images/images/image_2770.png,True,24202,
2771,/data/all_images/image_2771.jpeg,/DATA5/prabhakar/telecom/extracted_images/images/image_2771.jpeg,True,26209,
2772,/data/all_images/image_2772.jpeg,/DATA5/prabhakar/telecom/extracted_images/images/image_2772.jpeg,True,34803,
2773,/data/all_images/image_2773.jpeg,/DATA5/prabhakar/telecom/extracted_images/images/image_2773.jpeg,True,25726,
2774,/data/all_images/image_2774.jpeg,/DATA5/prabhakar/telecom/extracted_images/images/image_2774.jpeg,True,28695,
2775,/data/all_images/image_2775.png,/DATA5/prabhakar/telecom/extracted_images/images/image_2775.png,True,21445,
2776,/data/all_images/image_2776.jpeg,/DATA5/prabhakar/telecom/extracted_images/images/image_2776.jpeg,True,24315,
2777,/data/all_images/image_2777.png,/DATA5/prabhakar/telecom/extracted_images/images/image_2777.png,True,21231,
2778,/data/all_images/image_2778.png,/DATA5/prabhakar/telecom/extracted_images/images/image_2778.png,True,21117,
2779,/data/all_images/image_2779.png,/DATA5/prabhakar/telecom/extracted_images/images/image_2779.png,True,22417,
2780,/data/all_images/image_2780.jpeg,/DATA5/prabhakar/telecom/extracted_images/images/image_2780.jpeg,True,62810,
2781,/data/all_images/image_2781.png,/DATA5/prabhakar/telecom/extracted_images/images/image_2781.png,True,49502,
2782,/data/all_images/image_2782.png,/DATA5/prabhakar/telecom/extracted_images/images/image_2782.png,True,49166,
2783,/data/all_images/image_2783.png,/DATA5/prabhakar/telecom/extracted_images/images/image_2783.png,True,39464,
2784,/data/all_images/image_2784.jpeg,/DATA5/prabhakar/telecom/extracted_images/images/image_2784.jpeg,True,65381,
2785,/data/all_images/image_2785.png,/DATA5/prabhakar/telecom/extracted_images/images/image_2785.png,True,25279,
2786,/data/all_images/image_2786.jpeg,/DATA5/prabhakar/telecom/extracted_images/images/image_2786.jpeg,True,65412,
2787,/data/all_images/image_2787.jpeg,/DATA5/prabhakar/telecom/extracted_images/images/image_2787.jpeg,True,36774,
2788,/data/all_images/image_2788.jpeg,/DATA5/prabhakar/telecom/extracted_images/images/image_2788.jpeg,True,65581,
2789,/data/all_images/image_2789.jpeg,/DATA5/prabhakar/telecom/extracted_images/images/image_2789.jpeg,True,65784,
2790,/data/all_images/image_2790.png,/DATA5/prabhakar/telecom/extracted_images/images/image_2790.png,True,29181,
2791,/data/all_images/image_2791.jpeg,/DATA5/prabhakar/telecom/extracted_images/images/image_2791.jpeg,True,65826,
2792,/data/all_images/image_2792.jpeg,/DATA5/prabhakar/telecom/extracted_images/images/image_2792.jpeg,True,72729,
2793,/data/all_images/image_2793.jpeg,/DATA5/prabhakar/telecom/extracted_images/images/image_2793.jpeg,True,33114,
2794,/data/all_images/image_2794.jpeg,/DATA5/prabhakar/telecom/extracted_images/images/image_2794.jpeg,True,57175,
2795,/data/all_images/image_2795.png,/DATA5/prabhakar/telecom/extracted_images/images/image_2795.png,True,67470,
2796,/data/all_images/image_2796.jpeg,/DATA5/prabhakar/telecom/extracted_images/images/image_2796.jpeg,True,29018,
2797,/data/all_images/image_2797.jpeg,/DATA5/prabhakar/telecom/extracted_images/images/image_2797.jpeg,True,25340,
2798,/data/all_images/image_2798.jpeg,/DATA5/prabhakar/telecom/extracted_images/images/image_2798.jpeg,True,35226,
2799,/data/all_images/image_2799.jpeg,/DATA5/prabhakar/telecom/extracted_images/images/image_2799.jpeg,True,23261,
2800,/data/all_images/image_2800.jpeg,/DATA5/prabhakar/telecom/extracted_images/images/image_2800.jpeg,True,22228,
2801,/data/all_images/image_2801.png,/DATA5/prabhakar/telecom/extracted_images/images/image_2801.png,True,40895,
2802,/data/all_images/image_2802.jpeg,/DATA5/prabhakar/telecom/extracted_images/images/image_2802.jpeg,True,78842,
2803,/data/all_images/image_2803.jpeg,/DATA5/prabhakar/telecom/extracted_images/images/image_2803.jpeg,True,87963,
2804,/data/all_images/image_2804.jpeg,/DATA5/prabhakar/telecom/extracted_images/images/image_2804.jpeg,True,53960,
2805,/data/all_images/image_2805.jpeg,/DATA5/prabhakar/telecom/extracted_images/images/image_2805.jpeg,True,68001,
2806,/data/all_images/image_2806.png,/DATA5/prabhakar/telecom/extracted_images/images/image_2806.png,True,43472,
2807,/data/all_images/image_2807.jpeg,/DATA5/prabhakar/telecom/extracted_images/images/image_2807.jpeg,True,61426,
2808,/data/all_images/image_2808.jpeg,/DATA5/prabhakar/telecom/extracted_images/images/image_2808.jpeg,True,56027,
2809,/data/all_images/image_2809.jpeg,/DATA5/prabhakar/telecom/extracted_images/images/image_2809.jpeg,True,30301,
2810,/data/all_images/image_2810.jpeg,/DATA5/prabhakar/telecom/extracted_images/images/image_2810.jpeg,True,97021,
2811,/data/all_images/image_2811.jpeg,/DATA5/prabhakar/telecom/extracted_images/images/image_2811.jpeg,True,55310,
2812,/data/all_images/image_2812.png,/DATA5/prabhakar/telecom/extracted_images/images/image_2812.png,True,49528,
2813,/data/all_images/image_2813.png,/DATA5/prabhakar/telecom/extracted_images/images/image_2813.png,True,34891,
2814,/data/all_images/image_2814.png,/DATA5/prabhakar/telecom/extracted_images/images/image_2814.png,True,76278,
2815,/data/all_images/image_2815.jpeg,/DATA5/prabhakar/telecom/extracted_images/images/image_2815.jpeg,True,26567,
2816,/data/all_images/image_2816.png,/DATA5/prabhakar/telecom/extracted_images/images/image_2816.png,True,42424,
2817,/data/all_images/image_2817.jpeg,/DATA5/prabhakar/telecom/extracted_images/images/image_2817.jpeg,True,79859,
2818,/data/all_images/image_2818.jpeg,/DATA5/prabhakar/telecom/extracted_images/images/image_2818.jpeg,True,34255,
2819,/data/all_images/image_2819.png,/DATA5/prabhakar/telecom/extracted_images/images/image_2819.png,True,24541,
2820,/data/all_images/image_2820.jpeg,/DATA5/prabhakar/telecom/extracted_images/images/image_2820.jpeg,True,23785,
2821,/data/all_images/image_2821.jpeg,/DATA5/prabhakar/telecom/extracted_images/images/image_2821.jpeg,True,24356,
2822,/data/all_images/image_2822.jpeg,/DATA5/prabhakar/telecom/extracted_images/images/image_2822.jpeg,True,37170,
2823,/data/all_images/image_2823.jpeg,/DATA5/prabhakar/telecom/extracted_images/images/image_2823.jpeg,True,32405,
2824,/data/all_images/image_2824.png,/DATA5/prabhakar/telecom/extracted_images/images/image_2824.png,True,41933,
2825,/data/all_images/image_2825.png,/DATA5/prabhakar/telecom/extracted_images/images/image_2825.png,True,58278,
2826,/data/all_images/image_2826.png,/DATA5/prabhakar/telecom/extracted_images/images/image_2826.png,True,40536,
2827,/data/all_images/image_2827.png,/DATA5/prabhakar/telecom/extracted_images/images/image_2827.png,True,47970,
2828,/data/all_images/image_2828.png,/DATA5/prabhakar/telecom/extracted_images/images/image_2828.png,True,28212,
2829,/data/all_images/image_2829.png,/DATA5/prabhakar/telecom/extracted_images/images/image_2829.png,True,49823,
2830,/data/all_images/image_2830.png,/DATA5/prabhakar/telecom/extracted_images/images/image_2830.png,True,47970,
2831,/data/all_images/image_2831.jpeg,/DATA5/prabhakar/telecom/extracted_images/images/image_2831.jpeg,True,34414,
2832,/data/all_images/image_2832.jpeg,/DATA5/prabhakar/telecom/extracted_images/images/image_2832.jpeg,True,51121,
2833,/data/all_images/image_2833.jpeg,/DATA5/prabhakar/telecom/extracted_images/images/image_2833.jpeg,True,34714,
2834,/data/all_images/image_2834.jpeg,/DATA5/prabhakar/telecom/extracted_images/images/image_2834.jpeg,True,22940,
2835,/data/all_images/image_2835.jpeg,/DATA5/prabhakar/telecom/extracted_images/images/image_2835.jpeg,True,85233,
2836,/data/all_images/image_2836.jpeg,/DATA5/prabhakar/telecom/extracted_images/images/image_2836.jpeg,True,29721,
2837,/data/all_images/image_2837.jpeg,/DATA5/prabhakar/telecom/extracted_images/images/image_2837.jpeg,True,21870,
2838,/data/all_images/image_2838.png,/DATA5/prabhakar/telecom/extracted_images/images/image_2838.png,True,59464,
2839,/data/all_images/image_2839.png,/DATA5/prabhakar/telecom/extracted_images/images/image_2839.png,True,56059,
2840,/data/all_images/image_2840.jpeg,/DATA5/prabhakar/telecom/extracted_images/images/image_2840.jpeg,True,66527,
2841,/data/all_images/image_2841.jpeg,/DATA5/prabhakar/telecom/extracted_images/images/image_2841.jpeg,True,66738,
2842,/data/all_images/image_2842.jpeg,/DATA5/prabhakar/telecom/extracted_images/images/image_2842.jpeg,True,30643,
2843,/data/all_images/image_2843.png,/DATA5/prabhakar/telecom/extracted_images/images/image_2843.png,True,46440,
2844,/data/all_images/image_2844.jpeg,/DATA5/prabhakar/telecom/extracted_images/images/image_2844.jpeg,True,76340,
2845,/data/all_images/image_2845.jpeg,/DATA5/prabhakar/telecom/extracted_images/images/image_2845.jpeg,True,97951,
2846,/data/all_images/image_2846.jpeg,/DATA5/prabhakar/telecom/extracted_images/images/image_2846.jpeg,True,61505,
2847,/data/all_images/image_2847.jpeg,/DATA5/prabhakar/telecom/extracted_images/images/image_2847.jpeg,True,87133,
2848,/data/all_images/image_2848.jpeg,/DATA5/prabhakar/telecom/extracted_images/images/image_2848.jpeg,True,38484,
2849,/data/all_images/image_2849.png,/DATA5/prabhakar/telecom/extracted_images/images/image_2849.png,True,45859,
2850,/data/all_images/image_2850.jpeg,/DATA5/prabhakar/telecom/extracted_images/images/image_2850.jpeg,True,24653,
2851,/data/all_images/image_2851.jpeg,/DATA5/prabhakar/telecom/extracted_images/images/image_2851.jpeg,True,60088,
2852,/data/all_images/image_2852.jpeg,/DATA5/prabhakar/telecom/extracted_images/images/image_2852.jpeg,True,41063,
2853,/data/all_images/image_2853.jpeg,/DATA5/prabhakar/telecom/extracted_images/images/image_2853.jpeg,True,44490,
2854,/data/all_images/image_2854.jpeg,/DATA5/prabhakar/telecom/extracted_images/images/image_2854.jpeg,True,46590,
2855,/data/all_images/image_2855.jpeg,/DATA5/prabhakar/telecom/extracted_images/images/image_2855.jpeg,True,77703,
2856,/data/all_images/image_2856.jpeg,/DATA5/prabhakar/telecom/extracted_images/images/image_2856.jpeg,True,86043,
2857,/data/all_images/image_2857.jpeg,/DATA5/prabhakar/telecom/extracted_images/images/image_2857.jpeg,True,67652,
2858,/data/all_images/image_2858.png,/DATA5/prabhakar/telecom/extracted_images/images/image_2858.png,True,22975,
2859,/data/all_images/image_2859.png,/DATA5/prabhakar/telecom/extracted_images/images/image_2859.png,True,21804,
2860,/data/all_images/image_2860.png,/DATA5/prabhakar/telecom/extracted_images/images/image_2860.png,True,21171,
2861,/data/all_images/image_2861.png,/DATA5/prabhakar/telecom/extracted_images/images/image_2861.png,True,21356,
2862,/data/all_images/image_2862.png,/DATA5/prabhakar/telecom/extracted_images/images/image_2862.png,True,29653,
2863,/data/all_images/image_2863.png,/DATA5/prabhakar/telecom/extracted_images/images/image_2863.png,True,49795,
2864,/data/all_images/image_2864.png,/DATA5/prabhakar/telecom/extracted_images/images/image_2864.png,True,55926,
2865,/data/all_images/image_2865.png,/DATA5/prabhakar/telecom/extracted_images/images/image_2865.png,True,55640,
2866,/data/all_images/image_2866.png,/DATA5/prabhakar/telecom/extracted_images/images/image_2866.png,True,59931,
2867,/data/all_images/image_2867.png,/DATA5/prabhakar/telecom/extracted_images/images/image_2867.png,True,37418,
2868,/data/all_images/image_2868.jpeg,/DATA5/prabhakar/telecom/extracted_images/images/image_2868.jpeg,True,43626,
2869,/data/all_images/image_2869.jpeg,/DATA5/prabhakar/telecom/extracted_images/images/image_2869.jpeg,True,62666,
2870,/data/all_images/image_2870.jpeg,/DATA5/prabhakar/telecom/extracted_images/images/image_2870.jpeg,True,53991,
2871,/data/all_images/image_2871.jpeg,/DATA5/prabhakar/telecom/extracted_images/images/image_2871.jpeg,True,35378,
2872,/data/all_images/image_2872.png,/DATA5/prabhakar/telecom/extracted_images/images/image_2872.png,True,41264,
2873,/data/all_images/image_2873.jpeg,/DATA5/prabhakar/telecom/extracted_images/images/image_2873.jpeg,True,32716,
2874,/data/all_images/image_2874.jpeg,/DATA5/prabhakar/telecom/extracted_images/images/image_2874.jpeg,True,27201,
2875,/data/all_images/image_2875.jpeg,/DATA5/prabhakar/telecom/extracted_images/images/image_2875.jpeg,True,30526,
2876,/data/all_images/image_2876.png,/DATA5/prabhakar/telecom/extracted_images/images/image_2876.png,True,64346,
2877,/data/all_images/image_2877.jpeg,/DATA5/prabhakar/telecom/extracted_images/images/image_2877.jpeg,True,51016,
2878,/data/all_images/image_2878.jpeg,/DATA5/prabhakar/telecom/extracted_images/images/image_2878.jpeg,True,58062,
2879,/data/all_images/image_2879.jpeg,/DATA5/prabhakar/telecom/extracted_images/images/image_2879.jpeg,True,81413,
2880,/data/all_images/image_2880.jpeg,/DATA5/prabhakar/telecom/extracted_images/images/image_2880.jpeg,True,49796,
2881,/data/all_images/image_2881.png,/DATA5/prabhakar/telecom/extracted_images/images/image_2881.png,True,49967,
2882,/data/all_images/image_2882.png,/DATA5/prabhakar/telecom/extracted_images/images/image_2882.png,True,43853,
2883,/data/all_images/image_2883.jpeg,/DATA5/prabhakar/telecom/extracted_images/images/image_2883.jpeg,True,32939,
2884,/data/all_images/image_2884.jpeg,/DATA5/prabhakar/telecom/extracted_images/images/image_2884.jpeg,True,29207,
2885,/data/all_images/image_2885.png,/DATA5/prabhakar/telecom/extracted_images/images/image_2885.png,True,22822,
2886,/data/all_images/image_2886.jpeg,/DATA5/prabhakar/telecom/extracted_images/images/image_2886.jpeg,True,39598,
2887,/data/all_images/image_2887.jpeg,/DATA5/prabhakar/telecom/extracted_images/images/image_2887.jpeg,True,37503,
2888,/data/all_images/image_2888.jpeg,/DATA5/prabhakar/telecom/extracted_images/images/image_2888.jpeg,True,48952,
2889,/data/all_images/image_2889.jpeg,/DATA5/prabhakar/telecom/extracted_images/images/image_2889.jpeg,True,36573,
2890,/data/all_images/image_2890.jpeg,/DATA5/prabhakar/telecom/extracted_images/images/image_2890.jpeg,True,54247,
2891,/data/all_images/image_2891.jpeg,/DATA5/prabhakar/telecom/extracted_images/images/image_2891.jpeg,True,43454,
2892,/data/all_images/image_2892.jpeg,/DATA5/prabhakar/telecom/extracted_images/images/image_2892.jpeg,True,24465,
2893,/data/all_images/image_2893.jpeg,/DATA5/prabhakar/telecom/extracted_images/images/image_2893.jpeg,True,53846,
2894,/data/all_images/image_2894.jpeg,/DATA5/prabhakar/telecom/extracted_images/images/image_2894.jpeg,True,20504,
2895,/data/all_images/image_2895.jpeg,/DATA5/prabhakar/telecom/extracted_images/images/image_2895.jpeg,True,49946,
2896,/data/all_images/image_2896.jpeg,/DATA5/prabhakar/telecom/extracted_images/images/image_2896.jpeg,True,46598,
2897,/data/all_images/image_2897.png,/DATA5/prabhakar/telecom/extracted_images/images/image_2897.png,True,39284,
2898,/data/all_images/image_2898.jpeg,/DATA5/prabhakar/telecom/extracted_images/images/image_2898.jpeg,True,27302,
2899,/data/all_images/image_2899.png,/DATA5/prabhakar/telecom/extracted_images/images/image_2899.png,True,33752,
2900,/data/all_images/image_2900.png,/DATA5/prabhakar/telecom/extracted_images/images/image_2900.png,True,23159,
2901,/data/all_images/image_2901.jpeg,/DATA5/prabhakar/telecom/extracted_images/images/image_2901.jpeg,True,31223,
2902,/data/all_images/image_2902.jpeg,/DATA5/prabhakar/telecom/extracted_images/images/image_2902.jpeg,True,28887,
2903,/data/all_images/image_2903.jpeg,/DATA5/prabhakar/telecom/extracted_images/images/image_2903.jpeg,True,31610,
2904,/data/all_images/image_2904.jpeg,/DATA5/prabhakar/telecom/extracted_images/images/image_2904.jpeg,True,29531,
2905,/data/all_images/image_2905.jpeg,/DATA5/prabhakar/telecom/extracted_images/images/image_2905.jpeg,True,29107,
2906,/data/all_images/image_2906.jpeg,/DATA5/prabhakar/telecom/extracted_images/images/image_2906.jpeg,True,56970,
2907,/data/all_images/image_2907.jpeg,/DATA5/prabhakar/telecom/extracted_images/images/image_2907.jpeg,True,25888,
2908,/data/all_images/image_2908.png,/DATA5/prabhakar/telecom/extracted_images/images/image_2908.png,True,26052,
2909,/data/all_images/image_2909.jpeg,/DATA5/prabhakar/telecom/extracted_images/images/image_2909.jpeg,True,43016,
2910,/data/all_images/image_2910.png,/DATA5/prabhakar/telecom/extracted_images/images/image_2910.png,True,35919,
2911,/data/all_images/image_2911.jpeg,/DATA5/prabhakar/telecom/extracted_images/images/image_2911.jpeg,True,60949,
2912,/data/all_images/image_2912.jpeg,/DATA5/prabhakar/telecom/extracted_images/images/image_2912.jpeg,True,28470,
2913,/data/all_images/image_2913.jpeg,/DATA5/prabhakar/telecom/extracted_images/images/image_2913.jpeg,True,28245,
2914,/data/all_images/image_2914.jpeg,/DATA5/prabhakar/telecom/extracted_images/images/image_2914.jpeg,True,27831,
2915,/data/all_images/image_2915.jpeg,/DATA5/prabhakar/telecom/extracted_images/images/image_2915.jpeg,True,35497,
2916,/data/all_images/image_2916.png,/DATA5/prabhakar/telecom/extracted_images/images/image_2916.png,True,28520,
2917,/data/all_images/image_2917.png,/DATA5/prabhakar/telecom/extracted_images/images/image_2917.png,True,30854,
2918,/data/all_images/image_2918.png,/DATA5/prabhakar/telecom/extracted_images/images/image_2918.png,True,34218,
2919,/data/all_images/image_2919.png,/DATA5/prabhakar/telecom/extracted_images/images/image_2919.png,True,27886,
2920,/data/all_images/image_2920.png,/DATA5/prabhakar/telecom/extracted_images/images/image_2920.png,True,22237,
2921,/data/all_images/image_2921.png,/DATA5/prabhakar/telecom/extracted_images/images/image_2921.png,True,34850,
2922,/data/all_images/image_2922.jpeg,/DATA5/prabhakar/telecom/extracted_images/images/image_2922.jpeg,True,35442,
2923,/data/all_images/image_2923.png,/DATA5/prabhakar/telecom/extracted_images/images/image_2923.png,True,33034,
2924,/data/all_images/image_2924.jpeg,/DATA5/prabhakar/telecom/extracted_images/images/image_2924.jpeg,True,43774,
2925,/data/all_images/image_2925.jpeg,/DATA5/prabhakar/telecom/extracted_images/images/image_2925.jpeg,True,23953,
2926,/data/all_images/image_2926.jpeg,/DATA5/prabhakar/telecom/extracted_images/images/image_2926.jpeg,True,27861,
2927,/data/all_images/image_2927.jpeg,/DATA5/prabhakar/telecom/extracted_images/images/image_2927.jpeg,True,22646,
2928,/data/all_images/image_2928.jpeg,/DATA5/prabhakar/telecom/extracted_images/images/image_2928.jpeg,True,48451,
2929,/data/all_images/image_2929.jpeg,/DATA5/prabhakar/telecom/extracted_images/images/image_2929.jpeg,True,53981,
2930,/data/all_images/image_2930.jpeg,/DATA5/prabhakar/telecom/extracted_images/images/image_2930.jpeg,True,39022,
2931,/data/all_images/image_2931.jpeg,/DATA5/prabhakar/telecom/extracted_images/images/image_2931.jpeg,True,43922,
2932,/data/all_images/image_2932.jpeg,/DATA5/prabhakar/telecom/extracted_images/images/image_2932.jpeg,True,45795,
2933,/data/all_images/image_2933.jpeg,/DATA5/prabhakar/telecom/extracted_images/images/image_2933.jpeg,True,38408,
2934,/data/all_images/image_2934.jpeg,/DATA5/prabhakar/telecom/extracted_images/images/image_2934.jpeg,True,41654,
2935,/data/all_images/image_2935.jpeg,/DATA5/prabhakar/telecom/extracted_images/images/image_2935.jpeg,True,32431,
2936,/data/all_images/image_2936.jpeg,/DATA5/prabhakar/telecom/extracted_images/images/image_2936.jpeg,True,42567,
2937,/data/all_images/image_2937.jpeg,/DATA5/prabhakar/telecom/extracted_images/images/image_2937.jpeg,True,46380,
2938,/data/all_images/image_2938.png,/DATA5/prabhakar/telecom/extracted_images/images/image_2938.png,True,32434,
2939,/data/all_images/image_2939.png,/DATA5/prabhakar/telecom/extracted_images/images/image_2939.png,True,35097,
2940,/data/all_images/image_2940.jpeg,/DATA5/prabhakar/telecom/extracted_images/images/image_2940.jpeg,True,21428,
2941,/data/all_images/image_2941.jpeg,/DATA5/prabhakar/telecom/extracted_images/images/image_2941.jpeg,True,24357,
2942,/data/all_images/image_2942.jpeg,/DATA5/prabhakar/telecom/extracted_images/images/image_2942.jpeg,True,38761,
2943,/data/all_images/image_2943.jpeg,/DATA5/prabhakar/telecom/extracted_images/images/image_2943.jpeg,True,36368,
2944,/data/all_images/image_2944.png,/DATA5/prabhakar/telecom/extracted_images/images/image_2944.png,True,26432,
2945,/data/all_images/image_2945.jpeg,/DATA5/prabhakar/telecom/extracted_images/images/image_2945.jpeg,True,28227,
2946,/data/all_images/image_2946.jpeg,/DATA5/prabhakar/telecom/extracted_images/images/image_2946.jpeg,True,41690,
2947,/data/all_images/image_2947.png,/DATA5/prabhakar/telecom/extracted_images/images/image_2947.png,True,38232,
2948,/data/all_images/image_2948.jpeg,/DATA5/prabhakar/telecom/extracted_images/images/image_2948.jpeg,True,40791,
2949,/data/all_images/image_2949.jpeg,/DATA5/prabhakar/telecom/extracted_images/images/image_2949.jpeg,True,41386,
2950,/data/all_images/image_2950.png,/DATA5/prabhakar/telecom/extracted_images/images/image_2950.png,True,33198,
2951,/data/all_images/image_2951.png,/DATA5/prabhakar/telecom/extracted_images/images/image_2951.png,True,21698,
2952,/data/all_images/image_2952.jpeg,/DATA5/prabhakar/telecom/extracted_images/images/image_2952.jpeg,True,33561,
2953,/data/all_images/image_2953.jpeg,/DATA5/prabhakar/telecom/extracted_images/images/image_2953.jpeg,True,31434,
2954,/data/all_images/image_2954.jpeg,/DATA5/prabhakar/telecom/extracted_images/images/image_2954.jpeg,True,33079,
2955,/data/all_images/image_2955.jpeg,/DATA5/prabhakar/telecom/extracted_images/images/image_2955.jpeg,True,36633,
2956,/data/all_images/image_2956.jpeg,/DATA5/prabhakar/telecom/extracted_images/images/image_2956.jpeg,True,35650,
2957,/data/all_images/image_2957.jpeg,/DATA5/prabhakar/telecom/extracted_images/images/image_2957.jpeg,True,32712,
2958,/data/all_images/image_2958.jpeg,/DATA5/prabhakar/telecom/extracted_images/images/image_2958.jpeg,True,27151,
2959,/data/all_images/image_2959.jpeg,/DATA5/prabhakar/telecom/extracted_images/images/image_2959.jpeg,True,22740,
2960,/data/all_images/image_2960.jpeg,/DATA5/prabhakar/telecom/extracted_images/images/image_2960.jpeg,True,34442,
2961,/data/all_images/image_2961.png,/DATA5/prabhakar/telecom/extracted_images/images/image_2961.png,True,20631,
2962,/data/all_images/image_2962.png,/DATA5/prabhakar/telecom/extracted_images/images/image_2962.png,True,21524,
2963,/data/all_images/image_2963.jpeg,/DATA5/prabhakar/telecom/extracted_images/images/image_2963.jpeg,True,28525,
2964,/data/all_images/image_2964.jpeg,/DATA5/prabhakar/telecom/extracted_images/images/image_2964.jpeg,True,59180,
2965,/data/all_images/image_2965.png,/DATA5/prabhakar/telecom/extracted_images/images/image_2965.png,True,69023,
2966,/data/all_images/image_2966.png,/DATA5/prabhakar/telecom/extracted_images/images/image_2966.png,True,42267,
2967,/data/all_images/image_2967.png,/DATA5/prabhakar/telecom/extracted_images/images/image_2967.png,True,40634,
2968,/data/all_images/image_2968.jpeg,/DATA5/prabhakar/telecom/extracted_images/images/image_2968.jpeg,True,27541,
2969,/data/all_images/image_2969.png,/DATA5/prabhakar/telecom/extracted_images/images/image_2969.png,True,37731,
2970,/data/all_images/image_2970.jpeg,/DATA5/prabhakar/telecom/extracted_images/images/image_2970.jpeg,True,36509,
2971,/data/all_images/image_2971.png,/DATA5/prabhakar/telecom/extracted_images/images/image_2971.png,True,23164,
2972,/data/all_images/image_2972.jpeg,/DATA5/prabhakar/telecom/extracted_images/images/image_2972.jpeg,True,23593,
2973,/data/all_images/image_2973.jpeg,/DATA5/prabhakar/telecom/extracted_images/images/image_2973.jpeg,True,23846,
2974,/data/all_images/image_2974.jpeg,/DATA5/prabhakar/telecom/extracted_images/images/image_2974.jpeg,True,40477,
2975,/data/all_images/image_2975.png,/DATA5/prabhakar/telecom/extracted_images/images/image_2975.png,True,21989,
2976,/data/all_images/image_2976.png,/DATA5/prabhakar/telecom/extracted_images/images/image_2976.png,True,23249,
2977,/data/all_images/image_2977.png,/DATA5/prabhakar/telecom/extracted_images/images/image_2977.png,True,29522,
2978,/data/all_images/image_2978.png,/DATA5/prabhakar/telecom/extracted_images/images/image_2978.png,True,21613,
2979,/data/all_images/image_2979.jpeg,/DATA5/prabhakar/telecom/extracted_images/images/image_2979.jpeg,True,58891,
2980,/data/all_images/image_2980.jpeg,/DATA5/prabhakar/telecom/extracted_images/images/image_2980.jpeg,True,27006,
2981,/data/all_images/image_2981.jpeg,/DATA5/prabhakar/telecom/extracted_images/images/image_2981.jpeg,True,34365,
2982,/data/all_images/image_2982.jpeg,/DATA5/prabhakar/telecom/extracted_images/images/image_2982.jpeg,True,57794,
2983,/data/all_images/image_2983.png,/DATA5/prabhakar/telecom/extracted_images/images/image_2983.png,True,26743,
2984,/data/all_images/image_2984.jpeg,/DATA5/prabhakar/telecom/extracted_images/images/image_2984.jpeg,True,43995,
2985,/data/all_images/image_2985.png,/DATA5/prabhakar/telecom/extracted_images/images/image_2985.png,True,38831,
2986,/data/all_images/image_2986.png,/DATA5/prabhakar/telecom/extracted_images/images/image_2986.png,True,36101,
2987,/data/all_images/image_2987.jpeg,/DATA5/prabhakar/telecom/extracted_images/images/image_2987.jpeg,True,27116,
2988,/data/all_images/image_2988.jpeg,/DATA5/prabhakar/telecom/extracted_images/images/image_2988.jpeg,True,25583,
2989,/data/all_images/image_2989.png,/DATA5/prabhakar/telecom/extracted_images/images/image_2989.png,True,30467,
2990,/data/all_images/image_2990.png,/DATA5/prabhakar/telecom/extracted_images/images/image_2990.png,True,27268,
2991,/data/all_images/image_2991.png,/DATA5/prabhakar/telecom/extracted_images/images/image_2991.png,True,26576,
2992,/data/all_images/image_2992.jpeg,/DATA5/prabhakar/telecom/extracted_images/images/image_2992.jpeg,True,40481,
2993,/data/all_images/image_2993.jpeg,/DATA5/prabhakar/telecom/extracted_images/images/image_2993.jpeg,True,53298,
2994,/data/all_images/image_2994.png,/DATA5/prabhakar/telecom/extracted_images/images/image_2994.png,True,32667,
2995,/data/all_images/image_2995.jpeg,/DATA5/prabhakar/telecom/extracted_images/images/image_2995.jpeg,True,21202,
2996,/data/all_images/image_2996.jpeg,/DATA5/prabhakar/telecom/extracted_images/images/image_2996.jpeg,True,21279,
2997,/data/all_images/image_2997.jpeg,/DATA5/prabhakar/telecom/extracted_images/images/image_2997.jpeg,True,39210,
2998,/data/all_images/image_2998.png,/DATA5/prabhakar/telecom/extracted_images/images/image_2998.png,True,21829,
2999,/data/all_images/image_2999.jpeg,/DATA5/prabhakar/telecom/extracted_images/images/image_2999.jpeg,True,29209,
3000,/data/all_images/image_3000.png,/DATA5/prabhakar/telecom/extracted_images/images/image_3000.png,True,25321,
3001,/data/all_images/image_3001.jpeg,/DATA5/prabhakar/telecom/extracted_images/images/image_3001.jpeg,True,41574,
3002,/data/all_images/image_3002.jpeg,/DATA5/prabhakar/telecom/extracted_images/images/image_3002.jpeg,True,49494,
3003,/data/all_images/image_3003.jpeg,/DATA5/prabhakar/telecom/extracted_images/images/image_3003.jpeg,True,34677,
3004,/data/all_images/image_3004.jpeg,/DATA5/prabhakar/telecom/extracted_images/images/image_3004.jpeg,True,30069,
3005,/data/all_images/image_3005.png,/DATA5/prabhakar/telecom/extracted_images/images/image_3005.png,True,40276,
3006,/data/all_images/image_3006.png,/DATA5/prabhakar/telecom/extracted_images/images/image_3006.png,True,31986,
3007,/data/all_images/image_3007.jpeg,/DATA5/prabhakar/telecom/extracted_images/images/image_3007.jpeg,True,28418,
3008,/data/all_images/image_3008.jpeg,/DATA5/prabhakar/telecom/extracted_images/images/image_3008.jpeg,True,27836,
3009,/data/all_images/image_3009.jpeg,/DATA5/prabhakar/telecom/extracted_images/images/image_3009.jpeg,True,28134,
3010,/data/all_images/image_3010.jpeg,/DATA5/prabhakar/telecom/extracted_images/images/image_3010.jpeg,True,27935,
3011,/data/all_images/image_3011.jpeg,/DATA5/prabhakar/telecom/extracted_images/images/image_3011.jpeg,True,26234,
3012,/data/all_images/image_3012.jpeg,/DATA5/prabhakar/telecom/extracted_images/images/image_3012.jpeg,True,26644,
3013,/data/all_images/image_3013.jpeg,/DATA5/prabhakar/telecom/extracted_images/images/image_3013.jpeg,True,25651,
3014,/data/all_images/image_3014.jpeg,/DATA5/prabhakar/telecom/extracted_images/images/image_3014.jpeg,True,34170,
3015,/data/all_images/image_3015.jpeg,/DATA5/prabhakar/telecom/extracted_images/images/image_3015.jpeg,True,33452,
3016,/data/all_images/image_3016.jpeg,/DATA5/prabhakar/telecom/extracted_images/images/image_3016.jpeg,True,29907,
3017,/data/all_images/image_3017.jpeg,/DATA5/prabhakar/telecom/extracted_images/images/image_3017.jpeg,True,33326,
3018,/data/all_images/image_3018.jpeg,/DATA5/prabhakar/telecom/extracted_images/images/image_3018.jpeg,True,32375,
3019,/data/all_images/image_3019.jpeg,/DATA5/prabhakar/telecom/extracted_images/images/image_3019.jpeg,True,32160,
3020,/data/all_images/image_3020.jpeg,/DATA5/prabhakar/telecom/extracted_images/images/image_3020.jpeg,True,28891,
3021,/data/all_images/image_3021.jpeg,/DATA5/prabhakar/telecom/extracted_images/images/image_3021.jpeg,True,31489,
3022,/data/all_images/image_3022.jpeg,/DATA5/prabhakar/telecom/extracted_images/images/image_3022.jpeg,True,32175,
3023,/data/all_images/image_3023.jpeg,/DATA5/prabhakar/telecom/extracted_images/images/image_3023.jpeg,True,26925,
3024,/data/all_images/image_3024.jpeg,/DATA5/prabhakar/telecom/extracted_images/images/image_3024.jpeg,True,28539,
3025,/data/all_images/image_3025.jpeg,/DATA5/prabhakar/telecom/extracted_images/images/image_3025.jpeg,True,28206,
3026,/data/all_images/image_3026.jpeg,/DATA5/prabhakar/telecom/extracted_images/images/image_3026.jpeg,True,36692,
3027,/data/all_images/image_3027.jpeg,/DATA5/prabhakar/telecom/extracted_images/images/image_3027.jpeg,True,43071,
3028,/data/all_images/image_3028.jpeg,/DATA5/prabhakar/telecom/extracted_images/images/image_3028.jpeg,True,22022,
3029,/data/all_images/image_3029.jpeg,/DATA5/prabhakar/telecom/extracted_images/images/image_3029.jpeg,True,25434,
3030,/data/all_images/image_3030.png,/DATA5/prabhakar/telecom/extracted_images/images/image_3030.png,True,22239,
3031,/data/all_images/image_3031.png,/DATA5/prabhakar/telecom/extracted_images/images/image_3031.png,True,26743,
3032,/data/all_images/image_3032.jpeg,/DATA5/prabhakar/telecom/extracted_images/images/image_3032.jpeg,True,47684,
3033,/data/all_images/image_3033.jpeg,/DATA5/prabhakar/telecom/extracted_images/images/image_3033.jpeg,True,36201,
3034,/data/all_images/image_3034.jpeg,/DATA5/prabhakar/telecom/extracted_images/images/image_3034.jpeg,True,23076,
3035,/data/all_images/image_3035.jpeg,/DATA5/prabhakar/telecom/extracted_images/images/image_3035.jpeg,True,23138,
3036,/data/all_images/image_3036.jpeg,/DATA5/prabhakar/telecom/extracted_images/images/image_3036.jpeg,True,31845,
3037,/data/all_images/image_3037.png,/DATA5/prabhakar/telecom/extracted_images/images/image_3037.png,True,27268,
3038,/data/all_images/image_3038.jpeg,/DATA5/prabhakar/telecom/extracted_images/images/image_3038.jpeg,True,25583,
3039,/data/all_images/image_3039.png,/DATA5/prabhakar/telecom/extracted_images/images/image_3039.png,True,30467,
3040,/data/all_images/image_3040.png,/DATA5/prabhakar/telecom/extracted_images/images/image_3040.png,True,26576,
3041,/data/all_images/image_3041.png,/DATA5/prabhakar/telecom/extracted_images/images/image_3041.png,True,21273,
3042,/data/all_images/image_3042.jpeg,/DATA5/prabhakar/telecom/extracted_images/images/image_3042.jpeg,True,25066,
3043,/data/all_images/image_3043.jpeg,/DATA5/prabhakar/telecom/extracted_images/images/image_3043.jpeg,True,40654,
3044,/data/all_images/image_3044.jpeg,/DATA5/prabhakar/telecom/extracted_images/images/image_3044.jpeg,True,27136,
3045,/data/all_images/image_3045.jpeg,/DATA5/prabhakar/telecom/extracted_images/images/image_3045.jpeg,True,30389,
3046,/data/all_images/image_3046.jpeg,/DATA5/prabhakar/telecom/extracted_images/images/image_3046.jpeg,True,21279,
3047,/data/all_images/image_3047.jpeg,/DATA5/prabhakar/telecom/extracted_images/images/image_3047.jpeg,True,39210,
3048,/data/all_images/image_3048.jpeg,/DATA5/prabhakar/telecom/extracted_images/images/image_3048.jpeg,True,25976,
3049,/data/all_images/image_3049.png,/DATA5/prabhakar/telecom/extracted_images/images/image_3049.png,True,21829,
3050,/data/all_images/image_3050.png,/DATA5/prabhakar/telecom/extracted_images/images/image_3050.png,True,25321,
3051,/data/all_images/image_3051.jpeg,/DATA5/prabhakar/telecom/extracted_images/images/image_3051.jpeg,True,41574,
3052,/data/all_images/image_3052.jpeg,/DATA5/prabhakar/telecom/extracted_images/images/image_3052.jpeg,True,49494,
3053,/data/all_images/image_3053.jpeg,/DATA5/prabhakar/telecom/extracted_images/images/image_3053.jpeg,True,34677,
3054,/data/all_images/image_3054.jpeg,/DATA5/prabhakar/telecom/extracted_images/images/image_3054.jpeg,True,30069,
3055,/data/all_images/image_3055.png,/DATA5/prabhakar/telecom/extracted_images/images/image_3055.png,True,40276,
3056,/data/all_images/image_3056.png,/DATA5/prabhakar/telecom/extracted_images/images/image_3056.png,True,31986,
3057,/data/all_images/image_3057.jpeg,/DATA5/prabhakar/telecom/extracted_images/images/image_3057.jpeg,True,28418,
3058,/data/all_images/image_3058.jpeg,/DATA5/prabhakar/telecom/extracted_images/images/image_3058.jpeg,True,27836,
3059,/data/all_images/image_3059.jpeg,/DATA5/prabhakar/telecom/extracted_images/images/image_3059.jpeg,True,28134,
3060,/data/all_images/image_3060.jpeg,/DATA5/prabhakar/telecom/extracted_images/images/image_3060.jpeg,True,27935,
3061,/data/all_images/image_3061.jpeg,/DATA5/prabhakar/telecom/extracted_images/images/image_3061.jpeg,True,26234,
3062,/data/all_images/image_3062.jpeg,/DATA5/prabhakar/telecom/extracted_images/images/image_3062.jpeg,True,26644,
3063,/data/all_images/image_3063.jpeg,/DATA5/prabhakar/telecom/extracted_images/images/image_3063.jpeg,True,34170,
3064,/data/all_images/image_3064.jpeg,/DATA5/prabhakar/telecom/extracted_images/images/image_3064.jpeg,True,33452,
3065,/data/all_images/image_3065.jpeg,/DATA5/prabhakar/telecom/extracted_images/images/image_3065.jpeg,True,29907,
3066,/data/all_images/image_3066.jpeg,/DATA5/prabhakar/telecom/extracted_images/images/image_3066.jpeg,True,33326,
3067,/data/all_images/image_3067.jpeg,/DATA5/prabhakar/telecom/extracted_images/images/image_3067.jpeg,True,32375,
3068,/data/all_images/image_3068.jpeg,/DATA5/prabhakar/telecom/extracted_images/images/image_3068.jpeg,True,32160,
3069,/data/all_images/image_3069.jpeg,/DATA5/prabhakar/telecom/extracted_images/images/image_3069.jpeg,True,28891,
3070,/data/all_images/image_3070.jpeg,/DATA5/prabhakar/telecom/extracted_images/images/image_3070.jpeg,True,31489,
3071,/data/all_images/image_3071.jpeg,/DATA5/prabhakar/telecom/extracted_images/images/image_3071.jpeg,True,44732,
3072,/data/all_images/image_3072.jpeg,/DATA5/prabhakar/telecom/extracted_images/images/image_3072.jpeg,True,28812,
3073,/data/all_images/image_3073.jpeg,/DATA5/prabhakar/telecom/extracted_images/images/image_3073.jpeg,True,27469,
3074,/data/all_images/image_3074.jpeg,/DATA5/prabhakar/telecom/extracted_images/images/image_3074.jpeg,True,60176,
3075,/data/all_images/image_3075.jpeg,/DATA5/prabhakar/telecom/extracted_images/images/image_3075.jpeg,True,33017,
3076,/data/all_images/image_3076.png,/DATA5/prabhakar/telecom/extracted_images/images/image_3076.png,True,40240,
3077,/data/all_images/image_3077.jpeg,/DATA5/prabhakar/telecom/extracted_images/images/image_3077.jpeg,True,29187,
3078,/data/all_images/image_3078.jpeg,/DATA5/prabhakar/telecom/extracted_images/images/image_3078.jpeg,True,34519,
3079,/data/all_images/image_3079.jpeg,/DATA5/prabhakar/telecom/extracted_images/images/image_3079.jpeg,True,34989,
3080,/data/all_images/image_3080.jpeg,/DATA5/prabhakar/telecom/extracted_images/images/image_3080.jpeg,True,28324,
3081,/data/all_images/image_3081.jpeg,/DATA5/prabhakar/telecom/extracted_images/images/image_3081.jpeg,True,27336,
3082,/data/all_images/image_3082.jpeg,/DATA5/prabhakar/telecom/extracted_images/images/image_3082.jpeg,True,27658,
3083,/data/all_images/image_3083.jpeg,/DATA5/prabhakar/telecom/extracted_images/images/image_3083.jpeg,True,27395,
3084,/data/all_images/image_3084.jpeg,/DATA5/prabhakar/telecom/extracted_images/images/image_3084.jpeg,True,28732,
3085,/data/all_images/image_3085.jpeg,/DATA5/prabhakar/telecom/extracted_images/images/image_3085.jpeg,True,31149,
3086,/data/all_images/image_3086.jpeg,/DATA5/prabhakar/telecom/extracted_images/images/image_3086.jpeg,True,28598,
3087,/data/all_images/image_3087.jpeg,/DATA5/prabhakar/telecom/extracted_images/images/image_3087.jpeg,True,30943,
3088,/data/all_images/image_3088.jpeg,/DATA5/prabhakar/telecom/extracted_images/images/image_3088.jpeg,True,23763,
3089,/data/all_images/image_3089.jpeg,/DATA5/prabhakar/telecom/extracted_images/images/image_3089.jpeg,True,52018,
3090,/data/all_images/image_3090.jpeg,/DATA5/prabhakar/telecom/extracted_images/images/image_3090.jpeg,True,46720,
3091,/data/all_images/image_3091.jpeg,/DATA5/prabhakar/telecom/extracted_images/images/image_3091.jpeg,True,43280,
3092,/data/all_images/image_3092.jpeg,/DATA5/prabhakar/telecom/extracted_images/images/image_3092.jpeg,True,41763,
3093,/data/all_images/image_3093.jpeg,/DATA5/prabhakar/telecom/extracted_images/images/image_3093.jpeg,True,38078,
3094,/data/all_images/image_3094.jpeg,/DATA5/prabhakar/telecom/extracted_images/images/image_3094.jpeg,True,44685,
3095,/data/all_images/image_3095.jpeg,/DATA5/prabhakar/telecom/extracted_images/images/image_3095.jpeg,True,70073,
3096,/data/all_images/image_3096.png,/DATA5/prabhakar/telecom/extracted_images/images/image_3096.png,True,22364,
3097,/data/all_images/image_3097.jpeg,/DATA5/prabhakar/telecom/extracted_images/images/image_3097.jpeg,True,61178,
3098,/data/all_images/image_3098.jpeg,/DATA5/prabhakar/telecom/extracted_images/images/image_3098.jpeg,True,60447,
3099,/data/all_images/image_3099.png,/DATA5/prabhakar/telecom/extracted_images/images/image_3099.png,True,37527,
3100,/data/all_images/image_3100.png,/DATA5/prabhakar/telecom/extracted_images/images/image_3100.png,True,49749,
3101,/data/all_images/image_3101.jpeg,/DATA5/prabhakar/telecom/extracted_images/images/image_3101.jpeg,True,61919,
3102,/data/all_images/image_3102.png,/DATA5/prabhakar/telecom/extracted_images/images/image_3102.png,True,41742,
3103,/data/all_images/image_3103.png,/DATA5/prabhakar/telecom/extracted_images/images/image_3103.png,True,32057,
3104,/data/all_images/image_3104.jpeg,/DATA5/prabhakar/telecom/extracted_images/images/image_3104.jpeg,True,43785,
3105,/data/all_images/image_3105.jpeg,/DATA5/prabhakar/telecom/extracted_images/images/image_3105.jpeg,True,43367,
3106,/data/all_images/image_3106.png,/DATA5/prabhakar/telecom/extracted_images/images/image_3106.png,True,42244,
3107,/data/all_images/image_3107.png,/DATA5/prabhakar/telecom/extracted_images/images/image_3107.png,True,39091,
3108,/data/all_images/image_3108.jpeg,/DATA5/prabhakar/telecom/extracted_images/images/image_3108.jpeg,True,20716,
3109,/data/all_images/image_3109.jpeg,/DATA5/prabhakar/telecom/extracted_images/images/image_3109.jpeg,True,40839,
3110,/data/all_images/image_3110.jpeg,/DATA5/prabhakar/telecom/extracted_images/images/image_3110.jpeg,True,44053,
3111,/data/all_images/image_3111.png,/DATA5/prabhakar/telecom/extracted_images/images/image_3111.png,True,31324,
3112,/data/all_images/image_3112.jpeg,/DATA5/prabhakar/telecom/extracted_images/images/image_3112.jpeg,True,31533,
3113,/data/all_images/image_3113.jpeg,/DATA5/prabhakar/telecom/extracted_images/images/image_3113.jpeg,True,21092,
3114,/data/all_images/image_3114.jpeg,/DATA5/prabhakar/telecom/extracted_images/images/image_3114.jpeg,True,46640,
3115,/data/all_images/image_3115.png,/DATA5/prabhakar/telecom/extracted_images/images/image_3115.png,True,32387,
3116,/data/all_images/image_3116.png,/DATA5/prabhakar/telecom/extracted_images/images/image_3116.png,True,33398,
3117,/data/all_images/image_3117.jpeg,/DATA5/prabhakar/telecom/extracted_images/images/image_3117.jpeg,True,27960,
3118,/data/all_images/image_3118.jpeg,/DATA5/prabhakar/telecom/extracted_images/images/image_3118.jpeg,True,60526,
3119,/data/all_images/image_3119.jpeg,/DATA5/prabhakar/telecom/extracted_images/images/image_3119.jpeg,True,45049,
3120,/data/all_images/image_3120.png,/DATA5/prabhakar/telecom/extracted_images/images/image_3120.png,True,54551,
3121,/data/all_images/image_3121.png,/DATA5/prabhakar/telecom/extracted_images/images/image_3121.png,True,29463,
3122,/data/all_images/image_3122.jpeg,/DATA5/prabhakar/telecom/extracted_images/images/image_3122.jpeg,True,32555,
3123,/data/all_images/image_3123.png,/DATA5/prabhakar/telecom/extracted_images/images/image_3123.png,True,36038,
3124,/data/all_images/image_3124.jpeg,/DATA5/prabhakar/telecom/extracted_images/images/image_3124.jpeg,True,47236,
3125,/data/all_images/image_3125.jpeg,/DATA5/prabhakar/telecom/extracted_images/images/image_3125.jpeg,True,47360,
3126,/data/all_images/image_3126.png,/DATA5/prabhakar/telecom/extracted_images/images/image_3126.png,True,33089,
3127,/data/all_images/image_3127.png,/DATA5/prabhakar/telecom/extracted_images/images/image_3127.png,True,33206,
3128,/data/all_images/image_3128.png,/DATA5/prabhakar/telecom/extracted_images/images/image_3128.png,True,33620,
3129,/data/all_images/image_3129.jpeg,/DATA5/prabhakar/telecom/extracted_images/images/image_3129.jpeg,True,44153,
3130,/data/all_images/image_3130.jpeg,/DATA5/prabhakar/telecom/extracted_images/images/image_3130.jpeg,True,41444,
3131,/data/all_images/image_3131.jpeg,/DATA5/prabhakar/telecom/extracted_images/images/image_3131.jpeg,True,47804,
3132,/data/all_images/image_3132.jpeg,/DATA5/prabhakar/telecom/extracted_images/images/image_3132.jpeg,True,43486,
3133,/data/all_images/image_3133.jpeg,/DATA5/prabhakar/telecom/extracted_images/images/image_3133.jpeg,True,34484,
3134,/data/all_images/image_3134.jpeg,/DATA5/prabhakar/telecom/extracted_images/images/image_3134.jpeg,True,30789,
3135,/data/all_images/image_3135.jpeg,/DATA5/prabhakar/telecom/extracted_images/images/image_3135.jpeg,True,32479,
3136,/data/all_images/image_3136.png,/DATA5/prabhakar/telecom/extracted_images/images/image_3136.png,True,24926,
3137,/data/all_images/image_3137.jpeg,/DATA5/prabhakar/telecom/extracted_images/images/image_3137.jpeg,True,37521,
3138,/data/all_images/image_3138.jpeg,/DATA5/prabhakar/telecom/extracted_images/images/image_3138.jpeg,True,38297,
3139,/data/all_images/image_3139.jpeg,/DATA5/prabhakar/telecom/extracted_images/images/image_3139.jpeg,True,32560,
3140,/data/all_images/image_3140.png,/DATA5/prabhakar/telecom/extracted_images/images/image_3140.png,True,29058,
3141,/data/all_images/image_3141.png,/DATA5/prabhakar/telecom/extracted_images/images/image_3141.png,True,23079,
3142,/data/all_images/image_3142.png,/DATA5/prabhakar/telecom/extracted_images/images/image_3142.png,True,20600,
3143,/data/all_images/image_3143.png,/DATA5/prabhakar/telecom/extracted_images/images/image_3143.png,True,29096,
3144,/data/all_images/image_3144.png,/DATA5/prabhakar/telecom/extracted_images/images/image_3144.png,True,30679,
3145,/data/all_images/image_3145.jpeg,/DATA5/prabhakar/telecom/extracted_images/images/image_3145.jpeg,True,30999,
3146,/data/all_images/image_3146.jpeg,/DATA5/prabhakar/telecom/extracted_images/images/image_3146.jpeg,True,22088,
3147,/data/all_images/image_3147.jpeg,/DATA5/prabhakar/telecom/extracted_images/images/image_3147.jpeg,True,26905,
3148,/data/all_images/image_3148.jpeg,/DATA5/prabhakar/telecom/extracted_images/images/image_3148.jpeg,True,21911,
3149,/data/all_images/image_3149.jpeg,/DATA5/prabhakar/telecom/extracted_images/images/image_3149.jpeg,True,30828,
3150,/data/all_images/image_3150.jpeg,/DATA5/prabhakar/telecom/extracted_images/images/image_3150.jpeg,True,33114,
3151,/data/all_images/image_3151.png,/DATA5/prabhakar/telecom/extracted_images/images/image_3151.png,True,42499,
3152,/data/all_images/image_3152.jpeg,/DATA5/prabhakar/telecom/extracted_images/images/image_3152.jpeg,True,57674,
3153,/data/all_images/image_3153.png,/DATA5/prabhakar/telecom/extracted_images/images/image_3153.png,True,32538,
3154,/data/all_images/image_3154.png,/DATA5/prabhakar/telecom/extracted_images/images/image_3154.png,True,37956,
3155,/data/all_images/image_3155.png,/DATA5/prabhakar/telecom/extracted_images/images/image_3155.png,True,24093,
3156,/data/all_images/image_3156.png,/DATA5/prabhakar/telecom/extracted_images/images/image_3156.png,True,39237,
3157,/data/all_images/image_3157.png,/DATA5/prabhakar/telecom/extracted_images/images/image_3157.png,True,26551,
3158,/data/all_images/image_3158.png,/DATA5/prabhakar/telecom/extracted_images/images/image_3158.png,True,25140,
3159,/data/all_images/image_3159.jpeg,/DATA5/prabhakar/telecom/extracted_images/images/image_3159.jpeg,True,49221,
3160,/data/all_images/image_3160.png,/DATA5/prabhakar/telecom/extracted_images/images/image_3160.png,True,26706,
3161,/data/all_images/image_3161.png,/DATA5/prabhakar/telecom/extracted_images/images/image_3161.png,True,29849,
3162,/data/all_images/image_3162.png,/DATA5/prabhakar/telecom/extracted_images/images/image_3162.png,True,44776,
3163,/data/all_images/image_3163.png,/DATA5/prabhakar/telecom/extracted_images/images/image_3163.png,True,46519,
3164,/data/all_images/image_3164.png,/DATA5/prabhakar/telecom/extracted_images/images/image_3164.png,True,39768,
3165,/data/all_images/image_3165.jpeg,/DATA5/prabhakar/telecom/extracted_images/images/image_3165.jpeg,True,26255,
3166,/data/all_images/image_3166.png,/DATA5/prabhakar/telecom/extracted_images/images/image_3166.png,True,21596,
3167,/data/all_images/image_3167.jpeg,/DATA5/prabhakar/telecom/extracted_images/images/image_3167.jpeg,True,27705,
3168,/data/all_images/image_3168.jpeg,/DATA5/prabhakar/telecom/extracted_images/images/image_3168.jpeg,True,21995,
3169,/data/all_images/image_3169.jpeg,/DATA5/prabhakar/telecom/extracted_images/images/image_3169.jpeg,True,61779,
3170,/data/all_images/image_3170.jpeg,/DATA5/prabhakar/telecom/extracted_images/images/image_3170.jpeg,True,30637,
3171,/data/all_images/image_3171.png,/DATA5/prabhakar/telecom/extracted_images/images/image_3171.png,True,22154,
3172,/data/all_images/image_3172.jpeg,/DATA5/prabhakar/telecom/extracted_images/images/image_3172.jpeg,True,23600,
3173,/data/all_images/image_3173.jpeg,/DATA5/prabhakar/telecom/extracted_images/images/image_3173.jpeg,True,44362,
3174,/data/all_images/image_3174.jpeg,/DATA5/prabhakar/telecom/extracted_images/images/image_3174.jpeg,True,34759,
3175,/data/all_images/image_3175.jpeg,/DATA5/prabhakar/telecom/extracted_images/images/image_3175.jpeg,True,27977,
3176,/data/all_images/image_3176.png,/DATA5/prabhakar/telecom/extracted_images/images/image_3176.png,True,41820,
3177,/data/all_images/image_3177.png,/DATA5/prabhakar/telecom/extracted_images/images/image_3177.png,True,41671,
3178,/data/all_images/image_3178.png,/DATA5/prabhakar/telecom/extracted_images/images/image_3178.png,True,38073,
3179,/data/all_images/image_3179.png,/DATA5/prabhakar/telecom/extracted_images/images/image_3179.png,True,36370,
3180,/data/all_images/image_3180.png,/DATA5/prabhakar/telecom/extracted_images/images/image_3180.png,True,31094,
3181,/data/all_images/image_3181.png,/DATA5/prabhakar/telecom/extracted_images/images/image_3181.png,True,46433,
3182,/data/all_images/image_3182.png,/DATA5/prabhakar/telecom/extracted_images/images/image_3182.png,True,39768,
3183,/data/all_images/image_3183.png,/DATA5/prabhakar/telecom/extracted_images/images/image_3183.png,True,64242,
3184,/data/all_images/image_3184.png,/DATA5/prabhakar/telecom/extracted_images/images/image_3184.png,True,34249,
3185,/data/all_images/image_3185.png,/DATA5/prabhakar/telecom/extracted_images/images/image_3185.png,True,32086,
3186,/data/all_images/image_3186.png,/DATA5/prabhakar/telecom/extracted_images/images/image_3186.png,True,34496,
3187,/data/all_images/image_3187.png,/DATA5/prabhakar/telecom/extracted_images/images/image_3187.png,True,34827,
3188,/data/all_images/image_3188.png,/DATA5/prabhakar/telecom/extracted_images/images/image_3188.png,True,41832,
3189,/data/all_images/image_3189.png,/DATA5/prabhakar/telecom/extracted_images/images/image_3189.png,True,24369,
3190,/data/all_images/image_3190.png,/DATA5/prabhakar/telecom/extracted_images/images/image_3190.png,True,23671,
3191,/data/all_images/image_3191.png,/DATA5/prabhakar/telecom/extracted_images/images/image_3191.png,True,77909,
3192,/data/all_images/image_3192.jpeg,/DATA5/prabhakar/telecom/extracted_images/images/image_3192.jpeg,True,65438,
3193,/data/all_images/image_3193.png,/DATA5/prabhakar/telecom/extracted_images/images/image_3193.png,True,58849,
3194,/data/all_images/image_3194.jpeg,/DATA5/prabhakar/telecom/extracted_images/images/image_3194.jpeg,True,45416,
3195,/data/all_images/image_3195.png,/DATA5/prabhakar/telecom/extracted_images/images/image_3195.png,True,60068,
3196,/data/all_images/image_3196.png,/DATA5/prabhakar/telecom/extracted_images/images/image_3196.png,True,52535,
3197,/data/all_images/image_3197.png,/DATA5/prabhakar/telecom/extracted_images/images/image_3197.png,True,46700,
3198,/data/all_images/image_3198.png,/DATA5/prabhakar/telecom/extracted_images/images/image_3198.png,True,44684,
3199,/data/all_images/image_3199.png,/DATA5/prabhakar/telecom/extracted_images/images/image_3199.png,True,35740,
3200,/data/all_images/image_3200.png,/DATA5/prabhakar/telecom/extracted_images/images/image_3200.png,True,29599,
3201,/data/all_images/image_3201.png,/DATA5/prabhakar/telecom/extracted_images/images/image_3201.png,True,60448,
3202,/data/all_images/image_3202.jpeg,/DATA5/prabhakar/telecom/extracted_images/images/image_3202.jpeg,True,51421,
3203,/data/all_images/image_3203.jpeg,/DATA5/prabhakar/telecom/extracted_images/images/image_3203.jpeg,True,53430,
3204,/data/all_images/image_3204.jpeg,/DATA5/prabhakar/telecom/extracted_images/images/image_3204.jpeg,True,50119,
3205,/data/all_images/image_3205.jpeg,/DATA5/prabhakar/telecom/extracted_images/images/image_3205.jpeg,True,40187,
3206,/data/all_images/image_3206.jpeg,/DATA5/prabhakar/telecom/extracted_images/images/image_3206.jpeg,True,43961,
3207,/data/all_images/image_3207.jpeg,/DATA5/prabhakar/telecom/extracted_images/images/image_3207.jpeg,True,30710,
3208,/data/all_images/image_3208.jpeg,/DATA5/prabhakar/telecom/extracted_images/images/image_3208.jpeg,True,33432,
3209,/data/all_images/image_3209.jpeg,/DATA5/prabhakar/telecom/extracted_images/images/image_3209.jpeg,True,32833,
3210,/data/all_images/image_3210.jpeg,/DATA5/prabhakar/telecom/extracted_images/images/image_3210.jpeg,True,25741,
3211,/data/all_images/image_3211.jpeg,/DATA5/prabhakar/telecom/extracted_images/images/image_3211.jpeg,True,46878,
3212,/data/all_images/image_3212.png,/DATA5/prabhakar/telecom/extracted_images/images/image_3212.png,True,28877,
3213,/data/all_images/image_3213.jpeg,/DATA5/prabhakar/telecom/extracted_images/images/image_3213.jpeg,True,37005,
3214,/data/all_images/image_3214.jpeg,/DATA5/prabhakar/telecom/extracted_images/images/image_3214.jpeg,True,55349,
3215,/data/all_images/image_3215.jpeg,/DATA5/prabhakar/telecom/extracted_images/images/image_3215.jpeg,True,60652,
3216,/data/all_images/image_3216.jpeg,/DATA5/prabhakar/telecom/extracted_images/images/image_3216.jpeg,True,34323,
3217,/data/all_images/image_3217.jpeg,/DATA5/prabhakar/telecom/extracted_images/images/image_3217.jpeg,True,44178,
3218,/data/all_images/image_3218.jpeg,/DATA5/prabhakar/telecom/extracted_images/images/image_3218.jpeg,True,41341,
3219,/data/all_images/image_3219.jpeg,/DATA5/prabhakar/telecom/extracted_images/images/image_3219.jpeg,True,30358,
3220,/data/all_images/image_3220.png,/DATA5/prabhakar/telecom/extracted_images/images/image_3220.png,True,39284,
3221,/data/all_images/image_3221.jpeg,/DATA5/prabhakar/telecom/extracted_images/images/image_3221.jpeg,True,39133,
3222,/data/all_images/image_3222.jpeg,/DATA5/prabhakar/telecom/extracted_images/images/image_3222.jpeg,True,29217,
3223,/data/all_images/image_3223.jpeg,/DATA5/prabhakar/telecom/extracted_images/images/image_3223.jpeg,True,26321,
3224,/data/all_images/image_3224.jpeg,/DATA5/prabhakar/telecom/extracted_images/images/image_3224.jpeg,True,33756,
3225,/data/all_images/image_3225.jpeg,/DATA5/prabhakar/telecom/extracted_images/images/image_3225.jpeg,True,58218,
3226,/data/all_images/image_3226.png,/DATA5/prabhakar/telecom/extracted_images/images/image_3226.png,True,22489,
3227,/data/all_images/image_3227.png,/DATA5/prabhakar/telecom/extracted_images/images/image_3227.png,True,27678,
3228,/data/all_images/image_3228.png,/DATA5/prabhakar/telecom/extracted_images/images/image_3228.png,True,30833,
3229,/data/all_images/image_3229.jpeg,/DATA5/prabhakar/telecom/extracted_images/images/image_3229.jpeg,True,58347,
3230,/data/all_images/image_3230.jpeg,/DATA5/prabhakar/telecom/extracted_images/images/image_3230.jpeg,True,34404,
3231,/data/all_images/image_3231.jpeg,/DATA5/prabhakar/telecom/extracted_images/images/image_3231.jpeg,True,86138,
3232,/data/all_images/image_3232.jpeg,/DATA5/prabhakar/telecom/extracted_images/images/image_3232.jpeg,True,53846,
3233,/data/all_images/image_3233.jpeg,/DATA5/prabhakar/telecom/extracted_images/images/image_3233.jpeg,True,20504,
3234,/data/all_images/image_3234.png,/DATA5/prabhakar/telecom/extracted_images/images/image_3234.png,True,39284,
3235,/data/all_images/image_3235.jpeg,/DATA5/prabhakar/telecom/extracted_images/images/image_3235.jpeg,True,27302,
3236,/data/all_images/image_3236.png,/DATA5/prabhakar/telecom/extracted_images/images/image_3236.png,True,33752,
3237,/data/all_images/image_3237.jpeg,/DATA5/prabhakar/telecom/extracted_images/images/image_3237.jpeg,True,33229,
3238,/data/all_images/image_3238.jpeg,/DATA5/prabhakar/telecom/extracted_images/images/image_3238.jpeg,True,31053,
3239,/data/all_images/image_3239.jpeg,/DATA5/prabhakar/telecom/extracted_images/images/image_3239.jpeg,True,33871,
3240,/data/all_images/image_3240.jpeg,/DATA5/prabhakar/telecom/extracted_images/images/image_3240.jpeg,True,31500,
3241,/data/all_images/image_3241.jpeg,/DATA5/prabhakar/telecom/extracted_images/images/image_3241.jpeg,True,29107,
3242,/data/all_images/image_3242.jpeg,/DATA5/prabhakar/telecom/extracted_images/images/image_3242.jpeg,True,56970,
3243,/data/all_images/image_3243.jpeg,/DATA5/prabhakar/telecom/extracted_images/images/image_3243.jpeg,True,25888,
3244,/data/all_images/image_3244.png,/DATA5/prabhakar/telecom/extracted_images/images/image_3244.png,True,26052,
3245,/data/all_images/image_3245.jpeg,/DATA5/prabhakar/telecom/extracted_images/images/image_3245.jpeg,True,43016,
3246,/data/all_images/image_3246.png,/DATA5/prabhakar/telecom/extracted_images/images/image_3246.png,True,35919,
3247,/data/all_images/image_3247.png,/DATA5/prabhakar/telecom/extracted_images/images/image_3247.png,True,39180,
3248,/data/all_images/image_3248.jpeg,/DATA5/prabhakar/telecom/extracted_images/images/image_3248.jpeg,True,28470,
3249,/data/all_images/image_3249.jpeg,/DATA5/prabhakar/telecom/extracted_images/images/image_3249.jpeg,True,28245,
3250,/data/all_images/image_3250.jpeg,/DATA5/prabhakar/telecom/extracted_images/images/image_3250.jpeg,True,27831,
3251,/data/all_images/image_3251.jpeg,/DATA5/prabhakar/telecom/extracted_images/images/image_3251.jpeg,True,35497,
3252,/data/all_images/image_3252.png,/DATA5/prabhakar/telecom/extracted_images/images/image_3252.png,True,28520,
3253,/data/all_images/image_3253.png,/DATA5/prabhakar/telecom/extracted_images/images/image_3253.png,True,30854,
3254,/data/all_images/image_3254.png,/DATA5/prabhakar/telecom/extracted_images/images/image_3254.png,True,24461,
3255,/data/all_images/image_3255.jpeg,/DATA5/prabhakar/telecom/extracted_images/images/image_3255.jpeg,True,28008,
3256,/data/all_images/image_3256.jpeg,/DATA5/prabhakar/telecom/extracted_images/images/image_3256.jpeg,True,34754,
3257,/data/all_images/image_3257.jpeg,/DATA5/prabhakar/telecom/extracted_images/images/image_3257.jpeg,True,44374,
3258,/data/all_images/image_3258.jpeg,/DATA5/prabhakar/telecom/extracted_images/images/image_3258.jpeg,True,46168,
3259,/data/all_images/image_3259.jpeg,/DATA5/prabhakar/telecom/extracted_images/images/image_3259.jpeg,True,38871,
3260,/data/all_images/image_3260.jpeg,/DATA5/prabhakar/telecom/extracted_images/images/image_3260.jpeg,True,41935,
3261,/data/all_images/image_3261.jpeg,/DATA5/prabhakar/telecom/extracted_images/images/image_3261.jpeg,True,32431,
3262,/data/all_images/image_3262.jpeg,/DATA5/prabhakar/telecom/extracted_images/images/image_3262.jpeg,True,42567,
3263,/data/all_images/image_3263.jpeg,/DATA5/prabhakar/telecom/extracted_images/images/image_3263.jpeg,True,46686,
3264,/data/all_images/image_3264.png,/DATA5/prabhakar/telecom/extracted_images/images/image_3264.png,True,35043,
3265,/data/all_images/image_3265.jpeg,/DATA5/prabhakar/telecom/extracted_images/images/image_3265.jpeg,True,21428,
3266,/data/all_images/image_3266.jpeg,/DATA5/prabhakar/telecom/extracted_images/images/image_3266.jpeg,True,23486,
3267,/data/all_images/image_3267.jpeg,/DATA5/prabhakar/telecom/extracted_images/images/image_3267.jpeg,True,24357,
3268,/data/all_images/image_3268.jpeg,/DATA5/prabhakar/telecom/extracted_images/images/image_3268.jpeg,True,38761,
3269,/data/all_images/image_3269.png,/DATA5/prabhakar/telecom/extracted_images/images/image_3269.png,True,38232,
3270,/data/all_images/image_3270.png,/DATA5/prabhakar/telecom/extracted_images/images/image_3270.png,True,33198,
3271,/data/all_images/image_3271.png,/DATA5/prabhakar/telecom/extracted_images/images/image_3271.png,True,21698,
3272,/data/all_images/image_3272.jpeg,/DATA5/prabhakar/telecom/extracted_images/images/image_3272.jpeg,True,37058,
3273,/data/all_images/image_3273.jpeg,/DATA5/prabhakar/telecom/extracted_images/images/image_3273.jpeg,True,26245,
3274,/data/all_images/image_3274.jpeg,/DATA5/prabhakar/telecom/extracted_images/images/image_3274.jpeg,True,21780,
3275,/data/all_images/image_3275.jpeg,/DATA5/prabhakar/telecom/extracted_images/images/image_3275.jpeg,True,36618,
3276,/data/all_images/image_3276.jpeg,/DATA5/prabhakar/telecom/extracted_images/images/image_3276.jpeg,True,24338,
3277,/data/all_images/image_3277.jpeg,/DATA5/prabhakar/telecom/extracted_images/images/image_3277.jpeg,True,21233,
3278,/data/all_images/image_3278.jpeg,/DATA5/prabhakar/telecom/extracted_images/images/image_3278.jpeg,True,36245,
3279,/data/all_images/image_3279.jpeg,/DATA5/prabhakar/telecom/extracted_images/images/image_3279.jpeg,True,33395,
3280,/data/all_images/image_3280.jpeg,/DATA5/prabhakar/telecom/extracted_images/images/image_3280.jpeg,True,28100,
3281,/data/all_images/image_3281.png,/DATA5/prabhakar/telecom/extracted_images/images/image_3281.png,True,28788,
3282,/data/all_images/image_3282.jpeg,/DATA5/prabhakar/telecom/extracted_images/images/image_3282.jpeg,True,35443,
3283,/data/all_images/image_3283.jpeg,/DATA5/prabhakar/telecom/extracted_images/images/image_3283.jpeg,True,37877,
3284,/data/all_images/image_3284.jpeg,/DATA5/prabhakar/telecom/extracted_images/images/image_3284.jpeg,True,38893,
3285,/data/all_images/image_3285.jpeg,/DATA5/prabhakar/telecom/extracted_images/images/image_3285.jpeg,True,42115,
3286,/data/all_images/image_3286.jpeg,/DATA5/prabhakar/telecom/extracted_images/images/image_3286.jpeg,True,41255,
3287,/data/all_images/image_3287.jpeg,/DATA5/prabhakar/telecom/extracted_images/images/image_3287.jpeg,True,37956,
3288,/data/all_images/image_3288.jpeg,/DATA5/prabhakar/telecom/extracted_images/images/image_3288.jpeg,True,48931,
3289,/data/all_images/image_3289.jpeg,/DATA5/prabhakar/telecom/extracted_images/images/image_3289.jpeg,True,31495,
3290,/data/all_images/image_3290.jpeg,/DATA5/prabhakar/telecom/extracted_images/images/image_3290.jpeg,True,33985,
3291,/data/all_images/image_3291.jpeg,/DATA5/prabhakar/telecom/extracted_images/images/image_3291.jpeg,True,33533,
3292,/data/all_images/image_3292.jpeg,/DATA5/prabhakar/telecom/extracted_images/images/image_3292.jpeg,True,49946,
3293,/data/all_images/image_3293.jpeg,/DATA5/prabhakar/telecom/extracted_images/images/image_3293.jpeg,True,46598,
3294,/data/all_images/image_3294.png,/DATA5/prabhakar/telecom/extracted_images/images/image_3294.png,True,39284,
3295,/data/all_images/image_3295.jpeg,/DATA5/prabhakar/telecom/extracted_images/images/image_3295.jpeg,True,36368,
3296,/data/all_images/image_3296.jpeg,/DATA5/prabhakar/telecom/extracted_images/images/image_3296.jpeg,True,41690,
3297,/data/all_images/image_3297.jpeg,/DATA5/prabhakar/telecom/extracted_images/images/image_3297.jpeg,True,40643,
3298,/data/all_images/image_3298.png,/DATA5/prabhakar/telecom/extracted_images/images/image_3298.png,True,22239,
3299,/data/all_images/image_3299.png,/DATA5/prabhakar/telecom/extracted_images/images/image_3299.png,True,25002,
3300,/data/all_images/image_3300.jpeg,/DATA5/prabhakar/telecom/extracted_images/images/image_3300.jpeg,True,47684,
3301,/data/all_images/image_3301.jpeg,/DATA5/prabhakar/telecom/extracted_images/images/image_3301.jpeg,True,36201,
3302,/data/all_images/image_3302.jpeg,/DATA5/prabhakar/telecom/extracted_images/images/image_3302.jpeg,True,40839,
3303,/data/all_images/image_3303.jpeg,/DATA5/prabhakar/telecom/extracted_images/images/image_3303.jpeg,True,44053,
3304,/data/all_images/image_3304.jpeg,/DATA5/prabhakar/telecom/extracted_images/images/image_3304.jpeg,True,32439,
3305,/data/all_images/image_3305.jpeg,/DATA5/prabhakar/telecom/extracted_images/images/image_3305.jpeg,True,37074,
3306,/data/all_images/image_3306.jpeg,/DATA5/prabhakar/telecom/extracted_images/images/image_3306.jpeg,True,26085,
3307,/data/all_images/image_3307.jpeg,/DATA5/prabhakar/telecom/extracted_images/images/image_3307.jpeg,True,35109,
3308,/data/all_images/image_3308.jpeg,/DATA5/prabhakar/telecom/extracted_images/images/image_3308.jpeg,True,34268,
3309,/data/all_images/image_3309.jpeg,/DATA5/prabhakar/telecom/extracted_images/images/image_3309.jpeg,True,47903,
3310,/data/all_images/image_3310.jpeg,/DATA5/prabhakar/telecom/extracted_images/images/image_3310.jpeg,True,39850,
3311,/data/all_images/image_3311.png,/DATA5/prabhakar/telecom/extracted_images/images/image_3311.png,True,28361,
3312,/data/all_images/image_3312.png,/DATA5/prabhakar/telecom/extracted_images/images/image_3312.png,True,24674,
3313,/data/all_images/image_3313.jpeg,/DATA5/prabhakar/telecom/extracted_images/images/image_3313.jpeg,True,38241,
3314,/data/all_images/image_3314.jpeg,/DATA5/prabhakar/telecom/extracted_images/images/image_3314.jpeg,True,40072,
3315,/data/all_images/image_3315.jpeg,/DATA5/prabhakar/telecom/extracted_images/images/image_3315.jpeg,True,46267,
3316,/data/all_images/image_3316.jpeg,/DATA5/prabhakar/telecom/extracted_images/images/image_3316.jpeg,True,34665,
3317,/data/all_images/image_3317.jpeg,/DATA5/prabhakar/telecom/extracted_images/images/image_3317.jpeg,True,44981,
3318,/data/all_images/image_3318.jpeg,/DATA5/prabhakar/telecom/extracted_images/images/image_3318.jpeg,True,37947,
3319,/data/all_images/image_3319.jpeg,/DATA5/prabhakar/telecom/extracted_images/images/image_3319.jpeg,True,42385,
3320,/data/all_images/image_3320.jpeg,/DATA5/prabhakar/telecom/extracted_images/images/image_3320.jpeg,True,37446,
3321,/data/all_images/image_3321.jpeg,/DATA5/prabhakar/telecom/extracted_images/images/image_3321.jpeg,True,30423,
3322,/data/all_images/image_3322.jpeg,/DATA5/prabhakar/telecom/extracted_images/images/image_3322.jpeg,True,42643,
3323,/data/all_images/image_3323.jpeg,/DATA5/prabhakar/telecom/extracted_images/images/image_3323.jpeg,True,21652,
3324,/data/all_images/image_3324.jpeg,/DATA5/prabhakar/telecom/extracted_images/images/image_3324.jpeg,True,43620,
3325,/data/all_images/image_3325.png,/DATA5/prabhakar/telecom/extracted_images/images/image_3325.png,True,25993,
3326,/data/all_images/image_3326.jpeg,/DATA5/prabhakar/telecom/extracted_images/images/image_3326.jpeg,True,27496,
3327,/data/all_images/image_3327.jpeg,/DATA5/prabhakar/telecom/extracted_images/images/image_3327.jpeg,True,26384,
3328,/data/all_images/image_3328.jpeg,/DATA5/prabhakar/telecom/extracted_images/images/image_3328.jpeg,True,38584,
3329,/data/all_images/image_3329.jpeg,/DATA5/prabhakar/telecom/extracted_images/images/image_3329.jpeg,True,38601,
3330,/data/all_images/image_3330.jpeg,/DATA5/prabhakar/telecom/extracted_images/images/image_3330.jpeg,True,28127,
3331,/data/all_images/image_3331.jpeg,/DATA5/prabhakar/telecom/extracted_images/images/image_3331.jpeg,True,31801,
3332,/data/all_images/image_3332.jpeg,/DATA5/prabhakar/telecom/extracted_images/images/image_3332.jpeg,True,31551,
3333,/data/all_images/image_3333.jpeg,/DATA5/prabhakar/telecom/extracted_images/images/image_3333.jpeg,True,37385,
3334,/data/all_images/image_3334.jpeg,/DATA5/prabhakar/telecom/extracted_images/images/image_3334.jpeg,True,36957,
3335,/data/all_images/image_3335.jpeg,/DATA5/prabhakar/telecom/extracted_images/images/image_3335.jpeg,True,32863,
3336,/data/all_images/image_3336.jpeg,/DATA5/prabhakar/telecom/extracted_images/images/image_3336.jpeg,True,38424,
3337,/data/all_images/image_3337.jpeg,/DATA5/prabhakar/telecom/extracted_images/images/image_3337.jpeg,True,37910,
3338,/data/all_images/image_3338.jpeg,/DATA5/prabhakar/telecom/extracted_images/images/image_3338.jpeg,True,53376,
3339,/data/all_images/image_3339.jpeg,/DATA5/prabhakar/telecom/extracted_images/images/image_3339.jpeg,True,46894,
3340,/data/all_images/image_3340.png,/DATA5/prabhakar/telecom/extracted_images/images/image_3340.png,True,29628,
3341,/data/all_images/image_3341.jpeg,/DATA5/prabhakar/telecom/extracted_images/images/image_3341.jpeg,True,46812,
3342,/data/all_images/image_3342.jpeg,/DATA5/prabhakar/telecom/extracted_images/images/image_3342.jpeg,True,33680,
3343,/data/all_images/image_3343.jpeg,/DATA5/prabhakar/telecom/extracted_images/images/image_3343.jpeg,True,51020,
3344,/data/all_images/image_3344.jpeg,/DATA5/prabhakar/telecom/extracted_images/images/image_3344.jpeg,True,24944,
3345,/data/all_images/image_3345.jpeg,/DATA5/prabhakar/telecom/extracted_images/images/image_3345.jpeg,True,47539,
3346,/data/all_images/image_3346.jpeg,/DATA5/prabhakar/telecom/extracted_images/images/image_3346.jpeg,True,43883,
3347,/data/all_images/image_3347.png,/DATA5/prabhakar/telecom/extracted_images/images/image_3347.png,True,32302,
3348,/data/all_images/image_3348.jpeg,/DATA5/prabhakar/telecom/extracted_images/images/image_3348.jpeg,True,50815,
3349,/data/all_images/image_3349.jpeg,/DATA5/prabhakar/telecom/extracted_images/images/image_3349.jpeg,True,33477,
3350,/data/all_images/image_3350.png,/DATA5/prabhakar/telecom/extracted_images/images/image_3350.png,True,20752,
3351,/data/all_images/image_3351.jpeg,/DATA5/prabhakar/telecom/extracted_images/images/image_3351.jpeg,True,34615,
3352,/data/all_images/image_3352.jpeg,/DATA5/prabhakar/telecom/extracted_images/images/image_3352.jpeg,True,21500,
3353,/data/all_images/image_3353.jpeg,/DATA5/prabhakar/telecom/extracted_images/images/image_3353.jpeg,True,25792,
3354,/data/all_images/image_3354.jpeg,/DATA5/prabhakar/telecom/extracted_images/images/image_3354.jpeg,True,22571,
3355,/data/all_images/image_3355.jpeg,/DATA5/prabhakar/telecom/extracted_images/images/image_3355.jpeg,True,22567,
3356,/data/all_images/image_3356.jpeg,/DATA5/prabhakar/telecom/extracted_images/images/image_3356.jpeg,True,27371,
3357,/data/all_images/image_3357.jpeg,/DATA5/prabhakar/telecom/extracted_images/images/image_3357.jpeg,True,39223,
3358,/data/all_images/image_3358.jpeg,/DATA5/prabhakar/telecom/extracted_images/images/image_3358.jpeg,True,36477,
3359,/data/all_images/image_3359.png,/DATA5/prabhakar/telecom/extracted_images/images/image_3359.png,True,21661,
3360,/data/all_images/image_3360.jpeg,/DATA5/prabhakar/telecom/extracted_images/images/image_3360.jpeg,True,45422,
3361,/data/all_images/image_3361.jpeg,/DATA5/prabhakar/telecom/extracted_images/images/image_3361.jpeg,True,28554,
3362,/data/all_images/image_3362.jpeg,/DATA5/prabhakar/telecom/extracted_images/images/image_3362.jpeg,True,36967,
3363,/data/all_images/image_3363.jpeg,/DATA5/prabhakar/telecom/extracted_images/images/image_3363.jpeg,True,27000,
3364,/data/all_images/image_3364.jpeg,/DATA5/prabhakar/telecom/extracted_images/images/image_3364.jpeg,True,31056,
3365,/data/all_images/image_3365.jpeg,/DATA5/prabhakar/telecom/extracted_images/images/image_3365.jpeg,True,24260,
3366,/data/all_images/image_3366.jpeg,/DATA5/prabhakar/telecom/extracted_images/images/image_3366.jpeg,True,109238,
3367,/data/all_images/image_3367.jpeg,/DATA5/prabhakar/telecom/extracted_images/images/image_3367.jpeg,True,57086,
3368,/data/all_images/image_3368.jpeg,/DATA5/prabhakar/telecom/extracted_images/images/image_3368.jpeg,True,71202,
3369,/data/all_images/image_3369.jpeg,/DATA5/prabhakar/telecom/extracted_images/images/image_3369.jpeg,True,75279,
3370,/data/all_images/image_3370.jpeg,/DATA5/prabhakar/telecom/extracted_images/images/image_3370.jpeg,True,35845,
3371,/data/all_images/image_3371.jpeg,/DATA5/prabhakar/telecom/extracted_images/images/image_3371.jpeg,True,41678,
3372,/data/all_images/image_3372.jpeg,/DATA5/prabhakar/telecom/extracted_images/images/image_3372.jpeg,True,31528,
3373,/data/all_images/image_3373.jpeg,/DATA5/prabhakar/telecom/extracted_images/images/image_3373.jpeg,True,29443,
3374,/data/all_images/image_3374.jpeg,/DATA5/prabhakar/telecom/extracted_images/images/image_3374.jpeg,True,29460,
3375,/data/all_images/image_3375.jpeg,/DATA5/prabhakar/telecom/extracted_images/images/image_3375.jpeg,True,33425,
3376,/data/all_images/image_3376.jpeg,/DATA5/prabhakar/telecom/extracted_images/images/image_3376.jpeg,True,50565,
3377,/data/all_images/image_3377.jpeg,/DATA5/prabhakar/telecom/extracted_images/images/image_3377.jpeg,True,35290,
3378,/data/all_images/image_3378.jpeg,/DATA5/prabhakar/telecom/extracted_images/images/image_3378.jpeg,True,34288,
3379,/data/all_images/image_3379.jpeg,/DATA5/prabhakar/telecom/extracted_images/images/image_3379.jpeg,True,26226,
3380,/data/all_images/image_3380.jpeg,/DATA5/prabhakar/telecom/extracted_images/images/image_3380.jpeg,True,53266,
3381,/data/all_images/image_3381.jpeg,/DATA5/prabhakar/telecom/extracted_images/images/image_3381.jpeg,True,31523,
3382,/data/all_images/image_3382.png,/DATA5/prabhakar/telecom/extracted_images/images/image_3382.png,True,23544,
3383,/data/all_images/image_3383.jpeg,/DATA5/prabhakar/telecom/extracted_images/images/image_3383.jpeg,True,47820,
3384,/data/all_images/image_3384.jpeg,/DATA5/prabhakar/telecom/extracted_images/images/image_3384.jpeg,True,28333,
3385,/data/all_images/image_3385.png,/DATA5/prabhakar/telecom/extracted_images/images/image_3385.png,True,39494,
3386,/data/all_images/image_3386.jpeg,/DATA5/prabhakar/telecom/extracted_images/images/image_3386.jpeg,True,64322,
3387,/data/all_images/image_3387.jpeg,/DATA5/prabhakar/telecom/extracted_images/images/image_3387.jpeg,True,116405,
3388,/data/all_images/image_3388.jpeg,/DATA5/prabhakar/telecom/extracted_images/images/image_3388.jpeg,True,43020,
3389,/data/all_images/image_3389.jpeg,/DATA5/prabhakar/telecom/extracted_images/images/image_3389.jpeg,True,47321,
3390,/data/all_images/image_3390.jpeg,/DATA5/prabhakar/telecom/extracted_images/images/image_3390.jpeg,True,100430,
3391,/data/all_images/image_3391.jpeg,/DATA5/prabhakar/telecom/extracted_images/images/image_3391.jpeg,True,38739,
3392,/data/all_images/image_3392.jpeg,/DATA5/prabhakar/telecom/extracted_images/images/image_3392.jpeg,True,46155,
3393,/data/all_images/image_3393.jpeg,/DATA5/prabhakar/telecom/extracted_images/images/image_3393.jpeg,True,101791,
3394,/data/all_images/image_3394.jpeg,/DATA5/prabhakar/telecom/extracted_images/images/image_3394.jpeg,True,38686,
3395,/data/all_images/image_3395.jpeg,/DATA5/prabhakar/telecom/extracted_images/images/image_3395.jpeg,True,44269,
3396,/data/all_images/image_3396.jpeg,/DATA5/prabhakar/telecom/extracted_images/images/image_3396.jpeg,True,104272,
3397,/data/all_images/image_3397.jpeg,/DATA5/prabhakar/telecom/extracted_images/images/image_3397.jpeg,True,37986,
3398,/data/all_images/image_3398.jpeg,/DATA5/prabhakar/telecom/extracted_images/images/image_3398.jpeg,True,50458,
3399,/data/all_images/image_3399.jpeg,/DATA5/prabhakar/telecom/extracted_images/images/image_3399.jpeg,True,92572,
3400,/data/all_images/image_3400.jpeg,/DATA5/prabhakar/telecom/extracted_images/images/image_3400.jpeg,True,43319,
3401,/data/all_images/image_3401.jpeg,/DATA5/prabhakar/telecom/extracted_images/images/image_3401.jpeg,True,63490,
3402,/data/all_images/image_3402.jpeg,/DATA5/prabhakar/telecom/extracted_images/images/image_3402.jpeg,True,25170,
3403,/data/all_images/image_3403.jpeg,/DATA5/prabhakar/telecom/extracted_images/images/image_3403.jpeg,True,60554,
3404,/data/all_images/image_3404.jpeg,/DATA5/prabhakar/telecom/extracted_images/images/image_3404.jpeg,True,36775,
3405,/data/all_images/image_3405.jpeg,/DATA5/prabhakar/telecom/extracted_images/images/image_3405.jpeg,True,38690,
3406,/data/all_images/image_3406.png,/DATA5/prabhakar/telecom/extracted_images/images/image_3406.png,True,47719,
3407,/data/all_images/image_3407.png,/DATA5/prabhakar/telecom/extracted_images/images/image_3407.png,True,25817,
3408,/data/all_images/image_3408.jpeg,/DATA5/prabhakar/telecom/extracted_images/images/image_3408.jpeg,True,20496,
3409,/data/all_images/image_3409.jpeg,/DATA5/prabhakar/telecom/extracted_images/images/image_3409.jpeg,True,24285,
3410,/data/all_images/image_3410.jpeg,/DATA5/prabhakar/telecom/extracted_images/images/image_3410.jpeg,True,29911,
3411,/data/all_images/image_3411.png,/DATA5/prabhakar/telecom/extracted_images/images/image_3411.png,True,62236,
3412,/data/all_images/image_3412.jpeg,/DATA5/prabhakar/telecom/extracted_images/images/image_3412.jpeg,True,28606,
3413,/data/all_images/image_3413.png,/DATA5/prabhakar/telecom/extracted_images/images/image_3413.png,True,33784,
3414,/data/all_images/image_3414.jpeg,/DATA5/prabhakar/telecom/extracted_images/images/image_3414.jpeg,True,56187,
3415,/data/all_images/image_3415.jpeg,/DATA5/prabhakar/telecom/extracted_images/images/image_3415.jpeg,True,31638,
3416,/data/all_images/image_3416.jpeg,/DATA5/prabhakar/telecom/extracted_images/images/image_3416.jpeg,True,31891,
3417,/data/all_images/image_3417.jpeg,/DATA5/prabhakar/telecom/extracted_images/images/image_3417.jpeg,True,22761,
3418,/data/all_images/image_3418.jpeg,/DATA5/prabhakar/telecom/extracted_images/images/image_3418.jpeg,True,47416,
3419,/data/all_images/image_3419.jpeg,/DATA5/prabhakar/telecom/extracted_images/images/image_3419.jpeg,True,29658,
3420,/data/all_images/image_3420.jpeg,/DATA5/prabhakar/telecom/extracted_images/images/image_3420.jpeg,True,32252,
3421,/data/all_images/image_3421.png,/DATA5/prabhakar/telecom/extracted_images/images/image_3421.png,True,28008,
3422,/data/all_images/image_3422.jpeg,/DATA5/prabhakar/telecom/extracted_images/images/image_3422.jpeg,True,20925,
3423,/data/all_images/image_3423.png,/DATA5/prabhakar/telecom/extracted_images/images/image_3423.png,True,33561,
3424,/data/all_images/image_3424.jpeg,/DATA5/prabhakar/telecom/extracted_images/images/image_3424.jpeg,True,29046,
3425,/data/all_images/image_3425.jpeg,/DATA5/prabhakar/telecom/extracted_images/images/image_3425.jpeg,True,36109,
3426,/data/all_images/image_3426.jpeg,/DATA5/prabhakar/telecom/extracted_images/images/image_3426.jpeg,True,29175,
3427,/data/all_images/image_3427.jpeg,/DATA5/prabhakar/telecom/extracted_images/images/image_3427.jpeg,True,52901,
3428,/data/all_images/image_3428.png,/DATA5/prabhakar/telecom/extracted_images/images/image_3428.png,True,26695,
3429,/data/all_images/image_3429.png,/DATA5/prabhakar/telecom/extracted_images/images/image_3429.png,True,35731,
3430,/data/all_images/image_3430.jpeg,/DATA5/prabhakar/telecom/extracted_images/images/image_3430.jpeg,True,31259,
3431,/data/all_images/image_3431.jpeg,/DATA5/prabhakar/telecom/extracted_images/images/image_3431.jpeg,True,26636,
3432,/data/all_images/image_3432.jpeg,/DATA5/prabhakar/telecom/extracted_images/images/image_3432.jpeg,True,49175,
3433,/data/all_images/image_3433.jpeg,/DATA5/prabhakar/telecom/extracted_images/images/image_3433.jpeg,True,36564,
3434,/data/all_images/image_3434.jpeg,/DATA5/prabhakar/telecom/extracted_images/images/image_3434.jpeg,True,25097,
3435,/data/all_images/image_3435.jpeg,/DATA5/prabhakar/telecom/extracted_images/images/image_3435.jpeg,True,35669,
3436,/data/all_images/image_3436.jpeg,/DATA5/prabhakar/telecom/extracted_images/images/image_3436.jpeg,True,21446,
3437,/data/all_images/image_3437.jpeg,/DATA5/prabhakar/telecom/extracted_images/images/image_3437.jpeg,True,23639,
3438,/data/all_images/image_3438.jpeg,/DATA5/prabhakar/telecom/extracted_images/images/image_3438.jpeg,True,34911,
3439,/data/all_images/image_3439.jpeg,/DATA5/prabhakar/telecom/extracted_images/images/image_3439.jpeg,True,57274,
3440,/data/all_images/image_3440.jpeg,/DATA5/prabhakar/telecom/extracted_images/images/image_3440.jpeg,True,43046,
3441,/data/all_images/image_3441.jpeg,/DATA5/prabhakar/telecom/extracted_images/images/image_3441.jpeg,True,61965,
3442,/data/all_images/image_3442.jpeg,/DATA5/prabhakar/telecom/extracted_images/images/image_3442.jpeg,True,57435,
3443,/data/all_images/image_3443.png,/DATA5/prabhakar/telecom/extracted_images/images/image_3443.png,True,27701,
3444,/data/all_images/image_3444.jpeg,/DATA5/prabhakar/telecom/extracted_images/images/image_3444.jpeg,True,21446,
3445,/data/all_images/image_3445.jpeg,/DATA5/prabhakar/telecom/extracted_images/images/image_3445.jpeg,True,40498,
3446,/data/all_images/image_3446.jpeg,/DATA5/prabhakar/telecom/extracted_images/images/image_3446.jpeg,True,24742,
3447,/data/all_images/image_3447.jpeg,/DATA5/prabhakar/telecom/extracted_images/images/image_3447.jpeg,True,44737,
3448,/data/all_images/image_3448.jpeg,/DATA5/prabhakar/telecom/extracted_images/images/image_3448.jpeg,True,58999,
3449,/data/all_images/image_3449.jpeg,/DATA5/prabhakar/telecom/extracted_images/images/image_3449.jpeg,True,42794,
3450,/data/all_images/image_3450.jpeg,/DATA5/prabhakar/telecom/extracted_images/images/image_3450.jpeg,True,28156,
3451,/data/all_images/image_3451.png,/DATA5/prabhakar/telecom/extracted_images/images/image_3451.png,True,30343,
3452,/data/all_images/image_3452.png,/DATA5/prabhakar/telecom/extracted_images/images/image_3452.png,True,30065,
3453,/data/all_images/image_3453.jpeg,/DATA5/prabhakar/telecom/extracted_images/images/image_3453.jpeg,True,30121,
3454,/data/all_images/image_3454.jpeg,/DATA5/prabhakar/telecom/extracted_images/images/image_3454.jpeg,True,30079,
3455,/data/all_images/image_3455.jpeg,/DATA5/prabhakar/telecom/extracted_images/images/image_3455.jpeg,True,21560,
3456,/data/all_images/image_3456.jpeg,/DATA5/prabhakar/telecom/extracted_images/images/image_3456.jpeg,True,21560,
3457,/data/all_images/image_3457.jpeg,/DATA5/prabhakar/telecom/extracted_images/images/image_3457.jpeg,True,47829,
3458,/data/all_images/image_3458.jpeg,/DATA5/prabhakar/telecom/extracted_images/images/image_3458.jpeg,True,34288,
3459,/data/all_images/image_3459.png,/DATA5/prabhakar/telecom/extracted_images/images/image_3459.png,True,47994,
3460,/data/all_images/image_3460.jpeg,/DATA5/prabhakar/telecom/extracted_images/images/image_3460.jpeg,True,21237,
3461,/data/all_images/image_3461.jpeg,/DATA5/prabhakar/telecom/extracted_images/images/image_3461.jpeg,True,29301,
3462,/data/all_images/image_3462.jpeg,/DATA5/prabhakar/telecom/extracted_images/images/image_3462.jpeg,True,21443,
3463,/data/all_images/image_3463.png,/DATA5/prabhakar/telecom/extracted_images/images/image_3463.png,True,32462,
3464,/data/all_images/image_3464.png,/DATA5/prabhakar/telecom/extracted_images/images/image_3464.png,True,32152,
3465,/data/all_images/image_3465.png,/DATA5/prabhakar/telecom/extracted_images/images/image_3465.png,True,31427,
3466,/data/all_images/image_3466.png,/DATA5/prabhakar/telecom/extracted_images/images/image_3466.png,True,33015,
3467,/data/all_images/image_3467.png,/DATA5/prabhakar/telecom/extracted_images/images/image_3467.png,True,36660,
3468,/data/all_images/image_3468.png,/DATA5/prabhakar/telecom/extracted_images/images/image_3468.png,True,33592,
3469,/data/all_images/image_3469.png,/DATA5/prabhakar/telecom/extracted_images/images/image_3469.png,True,37849,
3470,/data/all_images/image_3470.png,/DATA5/prabhakar/telecom/extracted_images/images/image_3470.png,True,36887,
3471,/data/all_images/image_3471.png,/DATA5/prabhakar/telecom/extracted_images/images/image_3471.png,True,37679,
3472,/data/all_images/image_3472.png,/DATA5/prabhakar/telecom/extracted_images/images/image_3472.png,True,34458,
3473,/data/all_images/image_3473.png,/DATA5/prabhakar/telecom/extracted_images/images/image_3473.png,True,32139,
3474,/data/all_images/image_3474.png,/DATA5/prabhakar/telecom/extracted_images/images/image_3474.png,True,31878,
3475,/data/all_images/image_3475.png,/DATA5/prabhakar/telecom/extracted_images/images/image_3475.png,True,34995,
3476,/data/all_images/image_3476.png,/DATA5/prabhakar/telecom/extracted_images/images/image_3476.png,True,35177,
3477,/data/all_images/image_3477.png,/DATA5/prabhakar/telecom/extracted_images/images/image_3477.png,True,31215,
3478,/data/all_images/image_3478.png,/DATA5/prabhakar/telecom/extracted_images/images/image_3478.png,True,34542,
3479,/data/all_images/image_3479.png,/DATA5/prabhakar/telecom/extracted_images/images/image_3479.png,True,34125,
3480,/data/all_images/image_3480.png,/DATA5/prabhakar/telecom/extracted_images/images/image_3480.png,True,33535,
3481,/data/all_images/image_3481.png,/DATA5/prabhakar/telecom/extracted_images/images/image_3481.png,True,33116,
3482,/data/all_images/image_3482.png,/DATA5/prabhakar/telecom/extracted_images/images/image_3482.png,True,32131,
3483,/data/all_images/image_3483.png,/DATA5/prabhakar/telecom/extracted_images/images/image_3483.png,True,35700,
3484,/data/all_images/image_3484.png,/DATA5/prabhakar/telecom/extracted_images/images/image_3484.png,True,33809,
3485,/data/all_images/image_3485.jpeg,/DATA5/prabhakar/telecom/extracted_images/images/image_3485.jpeg,True,43467,
3486,/data/all_images/image_3486.jpeg,/DATA5/prabhakar/telecom/extracted_images/images/image_3486.jpeg,True,57717,
3487,/data/all_images/image_3487.jpeg,/DATA5/prabhakar/telecom/extracted_images/images/image_3487.jpeg,True,57020,
3488,/data/all_images/image_3488.png,/DATA5/prabhakar/telecom/extracted_images/images/image_3488.png,True,43930,
3489,/data/all_images/image_3489.png,/DATA5/prabhakar/telecom/extracted_images/images/image_3489.png,True,42240,
3490,/data/all_images/image_3490.png,/DATA5/prabhakar/telecom/extracted_images/images/image_3490.png,True,32135,
3491,/data/all_images/image_3491.png,/DATA5/prabhakar/telecom/extracted_images/images/image_3491.png,True,44250,
3492,/data/all_images/image_3492.png,/DATA5/prabhakar/telecom/extracted_images/images/image_3492.png,True,42754,
3493,/data/all_images/image_3493.jpeg,/DATA5/prabhakar/telecom/extracted_images/images/image_3493.jpeg,True,69299,
3494,/data/all_images/image_3494.jpeg,/DATA5/prabhakar/telecom/extracted_images/images/image_3494.jpeg,True,75228,
3495,/data/all_images/image_3495.jpeg,/DATA5/prabhakar/telecom/extracted_images/images/image_3495.jpeg,True,62809,
3496,/data/all_images/image_3496.jpeg,/DATA5/prabhakar/telecom/extracted_images/images/image_3496.jpeg,True,76252,
3497,/data/all_images/image_3497.jpeg,/DATA5/prabhakar/telecom/extracted_images/images/image_3497.jpeg,True,77916,
3498,/data/all_images/image_3498.png,/DATA5/prabhakar/telecom/extracted_images/images/image_3498.png,True,68816,
3499,/data/all_images/image_3499.png,/DATA5/prabhakar/telecom/extracted_images/images/image_3499.png,True,63053,
3500,/data/all_images/image_3500.png,/DATA5/prabhakar/telecom/extracted_images/images/image_3500.png,True,61418,
3501,/data/all_images/image_3501.png,/DATA5/prabhakar/telecom/extracted_images/images/image_3501.png,True,56181,
3502,/data/all_images/image_3502.jpeg,/DATA5/prabhakar/telecom/extracted_images/images/image_3502.jpeg,True,35970,
3503,/data/all_images/image_3503.jpeg,/DATA5/prabhakar/telecom/extracted_images/images/image_3503.jpeg,True,39722,
3504,/data/all_images/image_3504.jpeg,/DATA5/prabhakar/telecom/extracted_images/images/image_3504.jpeg,True,38720,
3505,/data/all_images/image_3505.jpeg,/DATA5/prabhakar/telecom/extracted_images/images/image_3505.jpeg,True,68591,
3506,/data/all_images/image_3506.jpeg,/DATA5/prabhakar/telecom/extracted_images/images/image_3506.jpeg,True,53536,
3507,/data/all_images/image_3507.jpeg,/DATA5/prabhakar/telecom/extracted_images/images/image_3507.jpeg,True,42841,
3508,/data/all_images/image_3508.jpeg,/DATA5/prabhakar/telecom/extracted_images/images/image_3508.jpeg,True,54637,
3509,/data/all_images/image_3509.jpeg,/DATA5/prabhakar/telecom/extracted_images/images/image_3509.jpeg,True,24071,
3510,/data/all_images/image_3510.jpeg,/DATA5/prabhakar/telecom/extracted_images/images/image_3510.jpeg,True,38292,
3511,/data/all_images/image_3511.jpeg,/DATA5/prabhakar/telecom/extracted_images/images/image_3511.jpeg,True,39989,
3512,/data/all_images/image_3512.png,/DATA5/prabhakar/telecom/extracted_images/images/image_3512.png,True,26772,
3513,/data/all_images/image_3513.png,/DATA5/prabhakar/telecom/extracted_images/images/image_3513.png,True,22300,
3514,/data/all_images/image_3514.jpeg,/DATA5/prabhakar/telecom/extracted_images/images/image_3514.jpeg,True,35912,
3515,/data/all_images/image_3515.png,/DATA5/prabhakar/telecom/extracted_images/images/image_3515.png,True,57950,
3516,/data/all_images/image_3516.png,/DATA5/prabhakar/telecom/extracted_images/images/image_3516.png,True,34713,
3517,/data/all_images/image_3517.png,/DATA5/prabhakar/telecom/extracted_images/images/image_3517.png,True,34438,
3518,/data/all_images/image_3518.png,/DATA5/prabhakar/telecom/extracted_images/images/image_3518.png,True,30182,
3519,/data/all_images/image_3519.png,/DATA5/prabhakar/telecom/extracted_images/images/image_3519.png,True,21372,
3520,/data/all_images/image_3520.png,/DATA5/prabhakar/telecom/extracted_images/images/image_3520.png,True,27524,
3521,/data/all_images/image_3521.png,/DATA5/prabhakar/telecom/extracted_images/images/image_3521.png,True,24636,
3522,/data/all_images/image_3522.png,/DATA5/prabhakar/telecom/extracted_images/images/image_3522.png,True,22196,
3523,/data/all_images/image_3523.png,/DATA5/prabhakar/telecom/extracted_images/images/image_3523.png,True,20740,
3524,/data/all_images/image_3524.png,/DATA5/prabhakar/telecom/extracted_images/images/image_3524.png,True,21104,
3525,/data/all_images/image_3525.png,/DATA5/prabhakar/telecom/extracted_images/images/image_3525.png,True,37836,
3526,/data/all_images/image_3526.png,/DATA5/prabhakar/telecom/extracted_images/images/image_3526.png,True,44310,
3527,/data/all_images/image_3527.png,/DATA5/prabhakar/telecom/extracted_images/images/image_3527.png,True,25613,
3528,/data/all_images/image_3528.png,/DATA5/prabhakar/telecom/extracted_images/images/image_3528.png,True,20905,
3529,/data/all_images/image_3529.png,/DATA5/prabhakar/telecom/extracted_images/images/image_3529.png,True,23323,
3530,/data/all_images/image_3530.png,/DATA5/prabhakar/telecom/extracted_images/images/image_3530.png,True,20780,
3531,/data/all_images/image_3531.png,/DATA5/prabhakar/telecom/extracted_images/images/image_3531.png,True,24200,
3532,/data/all_images/image_3532.png,/DATA5/prabhakar/telecom/extracted_images/images/image_3532.png,True,27086,
3533,/data/all_images/image_3533.jpeg,/DATA5/prabhakar/telecom/extracted_images/images/image_3533.jpeg,True,43994,
3534,/data/all_images/image_3534.png,/DATA5/prabhakar/telecom/extracted_images/images/image_3534.png,True,51179,
3535,/data/all_images/image_3535.png,/DATA5/prabhakar/telecom/extracted_images/images/image_3535.png,True,50060,
3536,/data/all_images/image_3536.jpeg,/DATA5/prabhakar/telecom/extracted_images/images/image_3536.jpeg,True,50618,
3537,/data/all_images/image_3537.jpeg,/DATA5/prabhakar/telecom/extracted_images/images/image_3537.jpeg,True,28404,
3538,/data/all_images/image_3538.jpeg,/DATA5/prabhakar/telecom/extracted_images/images/image_3538.jpeg,True,32811,
3539,/data/all_images/image_3539.jpeg,/DATA5/prabhakar/telecom/extracted_images/images/image_3539.jpeg,True,75431,
3540,/data/all_images/image_3540.jpeg,/DATA5/prabhakar/telecom/extracted_images/images/image_3540.jpeg,True,62269,
3541,/data/all_images/image_3541.png,/DATA5/prabhakar/telecom/extracted_images/images/image_3541.png,True,59790,
3542,/data/all_images/image_3542.png,/DATA5/prabhakar/telecom/extracted_images/images/image_3542.png,True,58402,
3543,/data/all_images/image_3543.png,/DATA5/prabhakar/telecom/extracted_images/images/image_3543.png,True,58543,
3544,/data/all_images/image_3544.png,/DATA5/prabhakar/telecom/extracted_images/images/image_3544.png,True,28244,
3545,/data/all_images/image_3545.png,/DATA5/prabhakar/telecom/extracted_images/images/image_3545.png,True,40551,
3546,/data/all_images/image_3546.jpeg,/DATA5/prabhakar/telecom/extracted_images/images/image_3546.jpeg,True,55309,
3547,/data/all_images/image_3547.jpeg,/DATA5/prabhakar/telecom/extracted_images/images/image_3547.jpeg,True,54983,
3548,/data/all_images/image_3548.png,/DATA5/prabhakar/telecom/extracted_images/images/image_3548.png,True,28140,
3549,/data/all_images/image_3549.jpeg,/DATA5/prabhakar/telecom/extracted_images/images/image_3549.jpeg,True,47507,
3550,/data/all_images/image_3550.jpeg,/DATA5/prabhakar/telecom/extracted_images/images/image_3550.jpeg,True,46556,
3551,/data/all_images/image_3551.jpeg,/DATA5/prabhakar/telecom/extracted_images/images/image_3551.jpeg,True,45942,
3552,/data/all_images/image_3552.jpeg,/DATA5/prabhakar/telecom/extracted_images/images/image_3552.jpeg,True,47218,
3553,/data/all_images/image_3553.png,/DATA5/prabhakar/telecom/extracted_images/images/image_3553.png,True,36146,
3554,/data/all_images/image_3554.png,/DATA5/prabhakar/telecom/extracted_images/images/image_3554.png,True,38659,
3555,/data/all_images/image_3555.jpeg,/DATA5/prabhakar/telecom/extracted_images/images/image_3555.jpeg,True,65100,
3556,/data/all_images/image_3556.png,/DATA5/prabhakar/telecom/extracted_images/images/image_3556.png,True,31873,
3557,/data/all_images/image_3557.jpeg,/DATA5/prabhakar/telecom/extracted_images/images/image_3557.jpeg,True,47219,
3558,/data/all_images/image_3558.jpeg,/DATA5/prabhakar/telecom/extracted_images/images/image_3558.jpeg,True,41068,
3559,/data/all_images/image_3559.jpeg,/DATA5/prabhakar/telecom/extracted_images/images/image_3559.jpeg,True,67439,
3560,/data/all_images/image_3560.jpeg,/DATA5/prabhakar/telecom/extracted_images/images/image_3560.jpeg,True,79450,
3561,/data/all_images/image_3561.jpeg,/DATA5/prabhakar/telecom/extracted_images/images/image_3561.jpeg,True,39782,
3562,/data/all_images/image_3562.jpeg,/DATA5/prabhakar/telecom/extracted_images/images/image_3562.jpeg,True,78238,
3563,/data/all_images/image_3563.jpeg,/DATA5/prabhakar/telecom/extracted_images/images/image_3563.jpeg,True,43705,
3564,/data/all_images/image_3564.jpeg,/DATA5/prabhakar/telecom/extracted_images/images/image_3564.jpeg,True,85949,
3565,/data/all_images/image_3565.jpeg,/DATA5/prabhakar/telecom/extracted_images/images/image_3565.jpeg,True,86697,
3566,/data/all_images/image_3566.jpeg,/DATA5/prabhakar/telecom/extracted_images/images/image_3566.jpeg,True,86332,
3567,/data/all_images/image_3567.jpeg,/DATA5/prabhakar/telecom/extracted_images/images/image_3567.jpeg,True,73811,
3568,/data/all_images/image_3568.png,/DATA5/prabhakar/telecom/extracted_images/images/image_3568.png,True,51082,
3569,/data/all_images/image_3569.jpeg,/DATA5/prabhakar/telecom/extracted_images/images/image_3569.jpeg,True,48020,
3570,/data/all_images/image_3570.jpeg,/DATA5/prabhakar/telecom/extracted_images/images/image_3570.jpeg,True,67803,
3571,/data/all_images/image_3571.jpeg,/DATA5/prabhakar/telecom/extracted_images/images/image_3571.jpeg,True,59071,
3572,/data/all_images/image_3572.jpeg,/DATA5/prabhakar/telecom/extracted_images/images/image_3572.jpeg,True,50690,
3573,/data/all_images/image_3573.jpeg,/DATA5/prabhakar/telecom/extracted_images/images/image_3573.jpeg,True,30737,
3574,/data/all_images/image_3574.jpeg,/DATA5/prabhakar/telecom/extracted_images/images/image_3574.jpeg,True,122639,
3575,/data/all_images/image_3575.jpeg,/DATA5/prabhakar/telecom/extracted_images/images/image_3575.jpeg,True,112521,
3576,/data/all_images/image_3576.jpeg,/DATA5/prabhakar/telecom/extracted_images/images/image_3576.jpeg,True,45708,
3577,/data/all_images/image_3577.png,/DATA5/prabhakar/telecom/extracted_images/images/image_3577.png,True,25622,
3578,/data/all_images/image_3578.jpeg,/DATA5/prabhakar/telecom/extracted_images/images/image_3578.jpeg,True,38107,
3579,/data/all_images/image_3579.jpeg,/DATA5/prabhakar/telecom/extracted_images/images/image_3579.jpeg,True,49642,
3580,/data/all_images/image_3580.png,/DATA5/prabhakar/telecom/extracted_images/images/image_3580.png,True,38968,
3581,/data/all_images/image_3581.jpeg,/DATA5/prabhakar/telecom/extracted_images/images/image_3581.jpeg,True,79962,
3582,/data/all_images/image_3582.jpeg,/DATA5/prabhakar/telecom/extracted_images/images/image_3582.jpeg,True,20656,
3583,/data/all_images/image_3583.png,/DATA5/prabhakar/telecom/extracted_images/images/image_3583.png,True,23577,
3584,/data/all_images/image_3584.png,/DATA5/prabhakar/telecom/extracted_images/images/image_3584.png,True,34277,
3585,/data/all_images/image_3585.jpeg,/DATA5/prabhakar/telecom/extracted_images/images/image_3585.jpeg,True,31593,
3586,/data/all_images/image_3586.jpeg,/DATA5/prabhakar/telecom/extracted_images/images/image_3586.jpeg,True,44642,
3587,/data/all_images/image_3587.jpeg,/DATA5/prabhakar/telecom/extracted_images/images/image_3587.jpeg,True,45717,
3588,/data/all_images/image_3588.jpeg,/DATA5/prabhakar/telecom/extracted_images/images/image_3588.jpeg,True,59792,
3589,/data/all_images/image_3589.jpeg,/DATA5/prabhakar/telecom/extracted_images/images/image_3589.jpeg,True,60709,
3590,/data/all_images/image_3590.jpeg,/DATA5/prabhakar/telecom/extracted_images/images/image_3590.jpeg,True,56343,
3591,/data/all_images/image_3591.jpeg,/DATA5/prabhakar/telecom/extracted_images/images/image_3591.jpeg,True,60896,
3592,/data/all_images/image_3592.jpeg,/DATA5/prabhakar/telecom/extracted_images/images/image_3592.jpeg,True,71908,
3593,/data/all_images/image_3593.jpeg,/DATA5/prabhakar/telecom/extracted_images/images/image_3593.jpeg,True,69413,
3594,/data/all_images/image_3594.jpeg,/DATA5/prabhakar/telecom/extracted_images/images/image_3594.jpeg,True,54669,
3595,/data/all_images/image_3595.jpeg,/DATA5/prabhakar/telecom/extracted_images/images/image_3595.jpeg,True,55726,
3596,/data/all_images/image_3596.jpeg,/DATA5/prabhakar/telecom/extracted_images/images/image_3596.jpeg,True,55183,
3597,/data/all_images/image_3597.jpeg,/DATA5/prabhakar/telecom/extracted_images/images/image_3597.jpeg,True,71730,
3598,/data/all_images/image_3598.jpeg,/DATA5/prabhakar/telecom/extracted_images/images/image_3598.jpeg,True,71308,
3599,/data/all_images/image_3599.jpeg,/DATA5/prabhakar/telecom/extracted_images/images/image_3599.jpeg,True,29600,
3600,/data/all_images/image_3600.png,/DATA5/prabhakar/telecom/extracted_images/images/image_3600.png,True,30023,
3601,/data/all_images/image_3601.png,/DATA5/prabhakar/telecom/extracted_images/images/image_3601.png,True,36361,
3602,/data/all_images/image_3602.png,/DATA5/prabhakar/telecom/extracted_images/images/image_3602.png,True,33765,
3603,/data/all_images/image_3603.jpeg,/DATA5/prabhakar/telecom/extracted_images/images/image_3603.jpeg,True,43044,
3604,/data/all_images/image_3604.jpeg,/DATA5/prabhakar/telecom/extracted_images/images/image_3604.jpeg,True,28188,
3605,/data/all_images/image_3605.png,/DATA5/prabhakar/telecom/extracted_images/images/image_3605.png,True,54651,
3606,/data/all_images/image_3606.png,/DATA5/prabhakar/telecom/extracted_images/images/image_3606.png,True,27020,
3607,/data/all_images/image_3607.png,/DATA5/prabhakar/telecom/extracted_images/images/image_3607.png,True,21186,
3608,/data/all_images/image_3608.png,/DATA5/prabhakar/telecom/extracted_images/images/image_3608.png,True,24164,
3609,/data/all_images/image_3609.png,/DATA5/prabhakar/telecom/extracted_images/images/image_3609.png,True,27572,
3610,/data/all_images/image_3610.png,/DATA5/prabhakar/telecom/extracted_images/images/image_3610.png,True,29409,
3611,/data/all_images/image_3611.png,/DATA5/prabhakar/telecom/extracted_images/images/image_3611.png,True,30121,
3612,/data/all_images/image_3612.png,/DATA5/prabhakar/telecom/extracted_images/images/image_3612.png,True,33748,
3613,/data/all_images/image_3613.png,/DATA5/prabhakar/telecom/extracted_images/images/image_3613.png,True,21770,
3614,/data/all_images/image_3614.jpeg,/DATA5/prabhakar/telecom/extracted_images/images/image_3614.jpeg,True,99723,
3615,/data/all_images/image_3615.png,/DATA5/prabhakar/telecom/extracted_images/images/image_3615.png,True,120540,
3616,/data/all_images/image_3616.png,/DATA5/prabhakar/telecom/extracted_images/images/image_3616.png,True,32259,
3617,/data/all_images/image_3617.png,/DATA5/prabhakar/telecom/extracted_images/images/image_3617.png,True,55011,
3618,/data/all_images/image_3618.png,/DATA5/prabhakar/telecom/extracted_images/images/image_3618.png,True,55607,
3619,/data/all_images/image_3619.jpeg,/DATA5/prabhakar/telecom/extracted_images/images/image_3619.jpeg,True,106249,
3620,/data/all_images/image_3620.jpeg,/DATA5/prabhakar/telecom/extracted_images/images/image_3620.jpeg,True,80652,
3621,/data/all_images/image_3621.jpeg,/DATA5/prabhakar/telecom/extracted_images/images/image_3621.jpeg,True,31316,
3622,/data/all_images/image_3622.jpeg,/DATA5/prabhakar/telecom/extracted_images/images/image_3622.jpeg,True,35325,
3623,/data/all_images/image_3623.png,/DATA5/prabhakar/telecom/extracted_images/images/image_3623.png,True,50324,
3624,/data/all_images/image_3624.jpeg,/DATA5/prabhakar/telecom/extracted_images/images/image_3624.jpeg,True,43336,
3625,/data/all_images/image_3625.jpeg,/DATA5/prabhakar/telecom/extracted_images/images/image_3625.jpeg,True,43152,
3626,/data/all_images/image_3626.png,/DATA5/prabhakar/telecom/extracted_images/images/image_3626.png,True,29442,
3627,/data/all_images/image_3627.jpeg,/DATA5/prabhakar/telecom/extracted_images/images/image_3627.jpeg,True,23157,
3628,/data/all_images/image_3628.jpeg,/DATA5/prabhakar/telecom/extracted_images/images/image_3628.jpeg,True,32602,
3629,/data/all_images/image_3629.jpeg,/DATA5/prabhakar/telecom/extracted_images/images/image_3629.jpeg,True,27589,
3630,/data/all_images/image_3630.jpeg,/DATA5/prabhakar/telecom/extracted_images/images/image_3630.jpeg,True,49362,
3631,/data/all_images/image_3631.png,/DATA5/prabhakar/telecom/extracted_images/images/image_3631.png,True,32974,
3632,/data/all_images/image_3632.jpeg,/DATA5/prabhakar/telecom/extracted_images/images/image_3632.jpeg,True,150063,
3633,/data/all_images/image_3633.png,/DATA5/prabhakar/telecom/extracted_images/images/image_3633.png,True,38286,
3634,/data/all_images/image_3634.jpeg,/DATA5/prabhakar/telecom/extracted_images/images/image_3634.jpeg,True,37928,
3635,/data/all_images/image_3635.jpeg,/DATA5/prabhakar/telecom/extracted_images/images/image_3635.jpeg,True,33786,
3636,/data/all_images/image_3636.jpeg,/DATA5/prabhakar/telecom/extracted_images/images/image_3636.jpeg,True,32955,
3637,/data/all_images/image_3637.png,/DATA5/prabhakar/telecom/extracted_images/images/image_3637.png,True,37570,
3638,/data/all_images/image_3638.png,/DATA5/prabhakar/telecom/extracted_images/images/image_3638.png,True,37297,
3639,/data/all_images/image_3639.png,/DATA5/prabhakar/telecom/extracted_images/images/image_3639.png,True,27588,
3640,/data/all_images/image_3640.png,/DATA5/prabhakar/telecom/extracted_images/images/image_3640.png,True,23939,
3641,/data/all_images/image_3641.jpeg,/DATA5/prabhakar/telecom/extracted_images/images/image_3641.jpeg,True,34178,
3642,/data/all_images/image_3642.png,/DATA5/prabhakar/telecom/extracted_images/images/image_3642.png,True,26134,
3643,/data/all_images/image_3643.jpeg,/DATA5/prabhakar/telecom/extracted_images/images/image_3643.jpeg,True,32031,
3644,/data/all_images/image_3644.png,/DATA5/prabhakar/telecom/extracted_images/images/image_3644.png,True,43940,
3645,/data/all_images/image_3645.png,/DATA5/prabhakar/telecom/extracted_images/images/image_3645.png,True,42427,
3646,/data/all_images/image_3646.png,/DATA5/prabhakar/telecom/extracted_images/images/image_3646.png,True,42110,
3647,/data/all_images/image_3647.png,/DATA5/prabhakar/telecom/extracted_images/images/image_3647.png,True,41130,
3648,/data/all_images/image_3648.png,/DATA5/prabhakar/telecom/extracted_images/images/image_3648.png,True,42003,
3649,/data/all_images/image_3649.png,/DATA5/prabhakar/telecom/extracted_images/images/image_3649.png,True,41915,
3650,/data/all_images/image_3650.png,/DATA5/prabhakar/telecom/extracted_images/images/image_3650.png,True,44969,
3651,/data/all_images/image_3651.png,/DATA5/prabhakar/telecom/extracted_images/images/image_3651.png,True,43179,
3652,/data/all_images/image_3652.jpeg,/DATA5/prabhakar/telecom/extracted_images/images/image_3652.jpeg,True,74223,
3653,/data/all_images/image_3653.jpeg,/DATA5/prabhakar/telecom/extracted_images/images/image_3653.jpeg,True,108532,
3654,/data/all_images/image_3654.jpeg,/DATA5/prabhakar/telecom/extracted_images/images/image_3654.jpeg,True,73562,
3655,/data/all_images/image_3655.jpeg,/DATA5/prabhakar/telecom/extracted_images/images/image_3655.jpeg,True,83563,
3656,/data/all_images/image_3656.jpeg,/DATA5/prabhakar/telecom/extracted_images/images/image_3656.jpeg,True,36669,
3657,/data/all_images/image_3657.jpeg,/DATA5/prabhakar/telecom/extracted_images/images/image_3657.jpeg,True,43390,
3658,/data/all_images/image_3658.jpeg,/DATA5/prabhakar/telecom/extracted_images/images/image_3658.jpeg,True,51462,
3659,/data/all_images/image_3659.jpeg,/DATA5/prabhakar/telecom/extracted_images/images/image_3659.jpeg,True,31175,
3660,/data/all_images/image_3660.jpeg,/DATA5/prabhakar/telecom/extracted_images/images/image_3660.jpeg,True,39633,
3661,/data/all_images/image_3661.jpeg,/DATA5/prabhakar/telecom/extracted_images/images/image_3661.jpeg,True,43994,
3662,/data/all_images/image_3662.png,/DATA5/prabhakar/telecom/extracted_images/images/image_3662.png,True,54762,
3663,/data/all_images/image_3663.jpeg,/DATA5/prabhakar/telecom/extracted_images/images/image_3663.jpeg,True,22578,
3664,/data/all_images/image_3664.jpeg,/DATA5/prabhakar/telecom/extracted_images/images/image_3664.jpeg,True,23509,
3665,/data/all_images/image_3665.jpeg,/DATA5/prabhakar/telecom/extracted_images/images/image_3665.jpeg,True,26116,
3666,/data/all_images/image_3666.jpeg,/DATA5/prabhakar/telecom/extracted_images/images/image_3666.jpeg,True,27157,
3667,/data/all_images/image_3667.jpeg,/DATA5/prabhakar/telecom/extracted_images/images/image_3667.jpeg,True,38601,
3668,/data/all_images/image_3668.jpeg,/DATA5/prabhakar/telecom/extracted_images/images/image_3668.jpeg,True,49362,
3669,/data/all_images/image_3669.jpeg,/DATA5/prabhakar/telecom/extracted_images/images/image_3669.jpeg,True,35228,
3670,/data/all_images/image_3670.jpeg,/DATA5/prabhakar/telecom/extracted_images/images/image_3670.jpeg,True,37373,
3671,/data/all_images/image_3671.jpeg,/DATA5/prabhakar/telecom/extracted_images/images/image_3671.jpeg,True,86432,
3672,/data/all_images/image_3672.jpeg,/DATA5/prabhakar/telecom/extracted_images/images/image_3672.jpeg,True,25882,
3673,/data/all_images/image_3673.jpeg,/DATA5/prabhakar/telecom/extracted_images/images/image_3673.jpeg,True,65914,
3674,/data/all_images/image_3674.jpeg,/DATA5/prabhakar/telecom/extracted_images/images/image_3674.jpeg,True,28106,
3675,/data/all_images/image_3675.jpeg,/DATA5/prabhakar/telecom/extracted_images/images/image_3675.jpeg,True,40866,
3676,/data/all_images/image_3676.jpeg,/DATA5/prabhakar/telecom/extracted_images/images/image_3676.jpeg,True,21601,
3677,/data/all_images/image_3677.jpeg,/DATA5/prabhakar/telecom/extracted_images/images/image_3677.jpeg,True,25233,
3678,/data/all_images/image_3678.png,/DATA5/prabhakar/telecom/extracted_images/images/image_3678.png,True,25479,
3679,/data/all_images/image_3679.jpeg,/DATA5/prabhakar/telecom/extracted_images/images/image_3679.jpeg,True,28748,
3680,/data/all_images/image_3680.jpeg,/DATA5/prabhakar/telecom/extracted_images/images/image_3680.jpeg,True,27155,
3681,/data/all_images/image_3681.png,/DATA5/prabhakar/telecom/extracted_images/images/image_3681.png,True,52516,
3682,/data/all_images/image_3682.jpeg,/DATA5/prabhakar/telecom/extracted_images/images/image_3682.jpeg,True,73725,
3683,/data/all_images/image_3683.jpeg,/DATA5/prabhakar/telecom/extracted_images/images/image_3683.jpeg,True,25165,
3684,/data/all_images/image_3684.jpeg,/DATA5/prabhakar/telecom/extracted_images/images/image_3684.jpeg,True,21056,
3685,/data/all_images/image_3685.jpeg,/DATA5/prabhakar/telecom/extracted_images/images/image_3685.jpeg,True,23197,
3686,/data/all_images/image_3686.png,/DATA5/prabhakar/telecom/extracted_images/images/image_3686.png,True,55349,
3687,/data/all_images/image_3687.jpeg,/DATA5/prabhakar/telecom/extracted_images/images/image_3687.jpeg,True,23197,
3688,/data/all_images/image_3688.png,/DATA5/prabhakar/telecom/extracted_images/images/image_3688.png,True,46728,
3689,/data/all_images/image_3689.jpeg,/DATA5/prabhakar/telecom/extracted_images/images/image_3689.jpeg,True,23197,
3690,/data/all_images/image_3690.png,/DATA5/prabhakar/telecom/extracted_images/images/image_3690.png,True,46709,
3691,/data/all_images/image_3691.png,/DATA5/prabhakar/telecom/extracted_images/images/image_3691.png,True,20963,
3692,/data/all_images/image_3692.jpeg,/DATA5/prabhakar/telecom/extracted_images/images/image_3692.jpeg,True,82845,
3693,/data/all_images/image_3693.jpeg,/DATA5/prabhakar/telecom/extracted_images/images/image_3693.jpeg,True,84735,
3694,/data/all_images/image_3694.png,/DATA5/prabhakar/telecom/extracted_images/images/image_3694.png,True,69389,
3695,/data/all_images/image_3695.png,/DATA5/prabhakar/telecom/extracted_images/images/image_3695.png,True,29878,
3696,/data/all_images/image_3696.jpeg,/DATA5/prabhakar/telecom/extracted_images/images/image_3696.jpeg,True,46524,
3697,/data/all_images/image_3697.jpeg,/DATA5/prabhakar/telecom/extracted_images/images/image_3697.jpeg,True,25898,
3698,/data/all_images/image_3698.png,/DATA5/prabhakar/telecom/extracted_images/images/image_3698.png,True,52512,
3699,/data/all_images/image_3699.jpeg,/DATA5/prabhakar/telecom/extracted_images/images/image_3699.jpeg,True,74118,
3700,/data/all_images/image_3700.png,/DATA5/prabhakar/telecom/extracted_images/images/image_3700.png,True,67532,
3701,/data/all_images/image_3701.jpeg,/DATA5/prabhakar/telecom/extracted_images/images/image_3701.jpeg,True,65595,
3702,/data/all_images/image_3702.jpeg,/DATA5/prabhakar/telecom/extracted_images/images/image_3702.jpeg,True,34842,
3703,/data/all_images/image_3703.jpeg,/DATA5/prabhakar/telecom/extracted_images/images/image_3703.jpeg,True,46800,
3704,/data/all_images/image_3704.jpeg,/DATA5/prabhakar/telecom/extracted_images/images/image_3704.jpeg,True,41149,
3705,/data/all_images/image_3705.jpeg,/DATA5/prabhakar/telecom/extracted_images/images/image_3705.jpeg,True,51005,
3706,/data/all_images/image_3706.png,/DATA5/prabhakar/telecom/extracted_images/images/image_3706.png,True,54372,
3707,/data/all_images/image_3707.png,/DATA5/prabhakar/telecom/extracted_images/images/image_3707.png,True,46611,
3708,/data/all_images/image_3708.png,/DATA5/prabhakar/telecom/extracted_images/images/image_3708.png,True,33975,
3709,/data/all_images/image_3709.png,/DATA5/prabhakar/telecom/extracted_images/images/image_3709.png,True,31592,
3710,/data/all_images/image_3710.png,/DATA5/prabhakar/telecom/extracted_images/images/image_3710.png,True,24719,
3711,/data/all_images/image_3711.jpeg,/DATA5/prabhakar/telecom/extracted_images/images/image_3711.jpeg,True,65777,
3712,/data/all_images/image_3712.png,/DATA5/prabhakar/telecom/extracted_images/images/image_3712.png,True,30050,
3713,/data/all_images/image_3713.png,/DATA5/prabhakar/telecom/extracted_images/images/image_3713.png,True,24922,
3714,/data/all_images/image_3714.png,/DATA5/prabhakar/telecom/extracted_images/images/image_3714.png,True,31658,
3715,/data/all_images/image_3715.png,/DATA5/prabhakar/telecom/extracted_images/images/image_3715.png,True,25494,
3716,/data/all_images/image_3716.jpeg,/DATA5/prabhakar/telecom/extracted_images/images/image_3716.jpeg,True,40975,
3717,/data/all_images/image_3717.png,/DATA5/prabhakar/telecom/extracted_images/images/image_3717.png,True,35071,
3718,/data/all_images/image_3718.jpeg,/DATA5/prabhakar/telecom/extracted_images/images/image_3718.jpeg,True,35455,
3719,/data/all_images/image_3719.png,/DATA5/prabhakar/telecom/extracted_images/images/image_3719.png,True,41683,
3720,/data/all_images/image_3720.jpeg,/DATA5/prabhakar/telecom/extracted_images/images/image_3720.jpeg,True,23157,
3721,/data/all_images/image_3721.jpeg,/DATA5/prabhakar/telecom/extracted_images/images/image_3721.jpeg,True,74317,
3722,/data/all_images/image_3722.jpeg,/DATA5/prabhakar/telecom/extracted_images/images/image_3722.jpeg,True,42133,
3723,/data/all_images/image_3723.jpeg,/DATA5/prabhakar/telecom/extracted_images/images/image_3723.jpeg,True,55061,
3724,/data/all_images/image_3724.jpeg,/DATA5/prabhakar/telecom/extracted_images/images/image_3724.jpeg,True,27431,
3725,/data/all_images/image_3725.jpeg,/DATA5/prabhakar/telecom/extracted_images/images/image_3725.jpeg,True,36644,
3726,/data/all_images/image_3726.jpeg,/DATA5/prabhakar/telecom/extracted_images/images/image_3726.jpeg,True,35947,
3727,/data/all_images/image_3727.jpeg,/DATA5/prabhakar/telecom/extracted_images/images/image_3727.jpeg,True,58056,
3728,/data/all_images/image_3728.jpeg,/DATA5/prabhakar/telecom/extracted_images/images/image_3728.jpeg,True,51360,
3729,/data/all_images/image_3729.jpeg,/DATA5/prabhakar/telecom/extracted_images/images/image_3729.jpeg,True,60964,
3730,/data/all_images/image_3730.jpeg,/DATA5/prabhakar/telecom/extracted_images/images/image_3730.jpeg,True,66982,
3731,/data/all_images/image_3731.jpeg,/DATA5/prabhakar/telecom/extracted_images/images/image_3731.jpeg,True,23749,
3732,/data/all_images/image_3732.png,/DATA5/prabhakar/telecom/extracted_images/images/image_3732.png,True,50001,
3733,/data/all_images/image_3733.jpeg,/DATA5/prabhakar/telecom/extracted_images/images/image_3733.jpeg,True,21707,
3734,/data/all_images/image_3734.jpeg,/DATA5/prabhakar/telecom/extracted_images/images/image_3734.jpeg,True,50565,
3735,/data/all_images/image_3735.jpeg,/DATA5/prabhakar/telecom/extracted_images/images/image_3735.jpeg,True,59608,
3736,/data/all_images/image_3736.png,/DATA5/prabhakar/telecom/extracted_images/images/image_3736.png,True,50381,
3737,/data/all_images/image_3737.png,/DATA5/prabhakar/telecom/extracted_images/images/image_3737.png,True,65957,
3738,/data/all_images/image_3738.jpeg,/DATA5/prabhakar/telecom/extracted_images/images/image_3738.jpeg,True,51665,
3739,/data/all_images/image_3739.png,/DATA5/prabhakar/telecom/extracted_images/images/image_3739.png,True,68369,
3740,/data/all_images/image_3740.png,/DATA5/prabhakar/telecom/extracted_images/images/image_3740.png,True,87753,
3741,/data/all_images/image_3741.png,/DATA5/prabhakar/telecom/extracted_images/images/image_3741.png,True,59232,
3742,/data/all_images/image_3742.jpeg,/DATA5/prabhakar/telecom/extracted_images/images/image_3742.jpeg,True,38584,
3743,/data/all_images/image_3743.jpeg,/DATA5/prabhakar/telecom/extracted_images/images/image_3743.jpeg,True,25895,
3744,/data/all_images/image_3744.jpeg,/DATA5/prabhakar/telecom/extracted_images/images/image_3744.jpeg,True,36274,
3745,/data/all_images/image_3745.jpeg,/DATA5/prabhakar/telecom/extracted_images/images/image_3745.jpeg,True,53817,
3746,/data/all_images/image_3746.jpeg,/DATA5/prabhakar/telecom/extracted_images/images/image_3746.jpeg,True,59914,
3747,/data/all_images/image_3747.png,/DATA5/prabhakar/telecom/extracted_images/images/image_3747.png,True,43734,
3748,/data/all_images/image_3748.png,/DATA5/prabhakar/telecom/extracted_images/images/image_3748.png,True,49162,
3749,/data/all_images/image_3749.jpeg,/DATA5/prabhakar/telecom/extracted_images/images/image_3749.jpeg,True,66634,
3750,/data/all_images/image_3750.png,/DATA5/prabhakar/telecom/extracted_images/images/image_3750.png,True,36288,
3751,/data/all_images/image_3751.jpeg,/DATA5/prabhakar/telecom/extracted_images/images/image_3751.jpeg,True,20496,
3752,/data/all_images/image_3752.jpeg,/DATA5/prabhakar/telecom/extracted_images/images/image_3752.jpeg,True,28043,
3753,/data/all_images/image_3753.jpeg,/DATA5/prabhakar/telecom/extracted_images/images/image_3753.jpeg,True,23500,
3754,/data/all_images/image_3754.jpeg,/DATA5/prabhakar/telecom/extracted_images/images/image_3754.jpeg,True,42051,
3755,/data/all_images/image_3755.jpeg,/DATA5/prabhakar/telecom/extracted_images/images/image_3755.jpeg,True,26868,
3756,/data/all_images/image_3756.jpeg,/DATA5/prabhakar/telecom/extracted_images/images/image_3756.jpeg,True,46391,
3757,/data/all_images/image_3757.jpeg,/DATA5/prabhakar/telecom/extracted_images/images/image_3757.jpeg,True,46826,
3758,/data/all_images/image_3758.jpeg,/DATA5/prabhakar/telecom/extracted_images/images/image_3758.jpeg,True,23955,
3759,/data/all_images/image_3759.jpeg,/DATA5/prabhakar/telecom/extracted_images/images/image_3759.jpeg,True,23930,
3760,/data/all_images/image_3760.jpeg,/DATA5/prabhakar/telecom/extracted_images/images/image_3760.jpeg,True,62552,
3761,/data/all_images/image_3761.png,/DATA5/prabhakar/telecom/extracted_images/images/image_3761.png,True,43734,
3762,/data/all_images/image_3762.png,/DATA5/prabhakar/telecom/extracted_images/images/image_3762.png,True,48390,
3763,/data/all_images/image_3763.jpeg,/DATA5/prabhakar/telecom/extracted_images/images/image_3763.jpeg,True,66634,
3764,/data/all_images/image_3764.png,/DATA5/prabhakar/telecom/extracted_images/images/image_3764.png,True,36288,
3765,/data/all_images/image_3765.jpeg,/DATA5/prabhakar/telecom/extracted_images/images/image_3765.jpeg,True,36527,
