duplicate_group_id,row_ids,group_size,assigned_split,leakage_detected,image_paths_exist,notes
singleton_806,[806],1,Val,False,True,All paths resolved
dup_group_228,"[2907, 3243]",2,Train,False,True,All paths resolved
singleton_2142,[2142],1,Train,False,True,All paths resolved
singleton_1542,[1542],1,Train,False,True,All paths resolved
dup_group_224,"[2898, 3235]",2,Train,False,True,All paths resolved
singleton_111,[111],1,Train,False,True,All paths resolved
singleton_66,[66],1,Train,False,True,All paths resolved
dup_group_126,"[1803, 3142]",2,Train,False,True,All paths resolved
singleton_1445,[1445],1,Train,False,True,All paths resolved
singleton_876,[876],1,Train,False,True,All paths resolved
singleton_2349,[2349],1,Train,False,True,All paths resolved
singleton_3719,[3719],1,Train,False,True,All paths resolved
singleton_629,[629],1,Test,False,True,All paths resolved
singleton_2535,[2535],1,Train,False,True,All paths resolved
singleton_3581,[3581],1,Test,False,True,All paths resolved
singleton_3713,[3713],1,Train,False,True,All paths resolved
singleton_1845,[1845],1,Test,False,True,All paths resolved
singleton_435,[435],1,Val,False,True,All paths resolved
singleton_700,[700],1,Train,False,True,All paths resolved
singleton_2273,[2273],1,Train,False,True,All paths resolved
singleton_3484,[3484],1,Test,False,True,All paths resolved
singleton_346,[346],1,Train,False,True,All paths resolved
singleton_258,[258],1,Test,False,True,All paths resolved
singleton_932,[932],1,Train,False,True,All paths resolved
singleton_2800,[2800],1,Train,False,True,All paths resolved
singleton_1048,[1048],1,Test,False,True,All paths resolved
singleton_3706,[3706],1,Train,False,True,All paths resolved
singleton_814,[814],1,Val,False,True,All paths resolved
singleton_63,[63],1,Train,False,True,All paths resolved
singleton_828,[828],1,Train,False,True,All paths resolved
singleton_713,[713],1,Train,False,True,All paths resolved
singleton_744,[744],1,Train,False,True,All paths resolved
singleton_634,[634],1,Val,False,True,All paths resolved
singleton_869,[869],1,Train,False,True,All paths resolved
singleton_2467,[2467],1,Train,False,True,All paths resolved
singleton_2957,[2957],1,Train,False,True,All paths resolved
singleton_2365,[2365],1,Train,False,True,All paths resolved
singleton_3029,[3029],1,Test,False,True,All paths resolved
singleton_576,[576],1,Train,False,True,All paths resolved
singleton_2562,[2562],1,Val,False,True,All paths resolved
singleton_359,[359],1,Train,False,True,All paths resolved
singleton_455,[455],1,Test,False,True,All paths resolved
singleton_2176,[2176],1,Train,False,True,All paths resolved
dup_group_57,"[1719, 2619]",2,Test,False,True,All paths resolved
singleton_2090,[2090],1,Test,False,True,All paths resolved
singleton_2233,[2233],1,Train,False,True,All paths resolved
singleton_2726,[2726],1,Train,False,True,All paths resolved
singleton_3506,[3506],1,Train,False,True,All paths resolved
singleton_2279,[2279],1,Test,False,True,All paths resolved
singleton_1589,[1589],1,Test,False,True,All paths resolved
singleton_10,[10],1,Test,False,True,All paths resolved
singleton_2902,[2902],1,Train,False,True,All paths resolved
singleton_3169,[3169],1,Train,False,True,All paths resolved
singleton_218,[218],1,Train,False,True,All paths resolved
singleton_558,[558],1,Test,False,True,All paths resolved
singleton_2065,[2065],1,Train,False,True,All paths resolved
singleton_516,[516],1,Val,False,True,All paths resolved
singleton_3177,[3177],1,Test,False,True,All paths resolved
singleton_2939,[2939],1,Train,False,True,All paths resolved
dup_group_133,"[1810, 3149]",2,Test,False,True,All paths resolved
singleton_265,[265],1,Train,False,True,All paths resolved
singleton_3619,[3619],1,Train,False,True,All paths resolved
singleton_3569,[3569],1,Test,False,True,All paths resolved
singleton_1333,[1333],1,Train,False,True,All paths resolved
singleton_2058,[2058],1,Train,False,True,All paths resolved
singleton_3237,[3237],1,Train,False,True,All paths resolved
singleton_1203,[1203],1,Train,False,True,All paths resolved
singleton_291,[291],1,Train,False,True,All paths resolved
singleton_2080,[2080],1,Train,False,True,All paths resolved
singleton_503,[503],1,Train,False,True,All paths resolved
singleton_545,[545],1,Train,False,True,All paths resolved
singleton_3720,[3720],1,Train,False,True,All paths resolved
singleton_3670,[3670],1,Test,False,True,All paths resolved
singleton_391,[391],1,Train,False,True,All paths resolved
singleton_1642,[1642],1,Train,False,True,All paths resolved
singleton_2175,[2175],1,Test,False,True,All paths resolved
singleton_1058,[1058],1,Train,False,True,All paths resolved
dup_group_53,"[1715, 2615]",2,Train,False,True,All paths resolved
singleton_1360,[1360],1,Test,False,True,All paths resolved
dup_group_29,"[962, 968]",2,Train,False,True,All paths resolved
singleton_2110,[2110],1,Train,False,True,All paths resolved
singleton_57,[57],1,Train,False,True,All paths resolved
singleton_297,[297],1,Train,False,True,All paths resolved
singleton_207,[207],1,Train,False,True,All paths resolved
singleton_2459,[2459],1,Test,False,True,All paths resolved
singleton_3595,[3595],1,Val,False,True,All paths resolved
singleton_3725,[3725],1,Train,False,True,All paths resolved
singleton_3629,[3629],1,Val,False,True,All paths resolved
singleton_1985,[1985],1,Train,False,True,All paths resolved
singleton_979,[979],1,Train,False,True,All paths resolved
singleton_3229,[3229],1,Train,False,True,All paths resolved
singleton_1309,[1309],1,Test,False,True,All paths resolved
singleton_1702,[1702],1,Train,False,True,All paths resolved
singleton_722,[722],1,Train,False,True,All paths resolved
singleton_1537,[1537],1,Train,False,True,All paths resolved
singleton_3152,[3152],1,Train,False,True,All paths resolved
singleton_2097,[2097],1,Train,False,True,All paths resolved
singleton_1393,[1393],1,Train,False,True,All paths resolved
singleton_1841,[1841],1,Test,False,True,All paths resolved
singleton_873,[873],1,Val,False,True,All paths resolved
singleton_1875,[1875],1,Train,False,True,All paths resolved
singleton_2752,[2752],1,Val,False,True,All paths resolved
singleton_1109,[1109],1,Test,False,True,All paths resolved
singleton_1544,[1544],1,Train,False,True,All paths resolved
singleton_1231,[1231],1,Train,False,True,All paths resolved
dup_group_195,"[2428, 3343]",2,Train,False,True,All paths resolved
singleton_865,[865],1,Train,False,True,All paths resolved
singleton_152,[152],1,Train,False,True,All paths resolved
singleton_3438,[3438],1,Train,False,True,All paths resolved
singleton_2118,[2118],1,Test,False,True,All paths resolved
singleton_627,[627],1,Test,False,True,All paths resolved
singleton_2194,[2194],1,Train,False,True,All paths resolved
singleton_3263,[3263],1,Train,False,True,All paths resolved
dup_group_33,"[1070, 2664]",2,Test,False,True,All paths resolved
singleton_2274,[2274],1,Train,False,True,All paths resolved
singleton_1304,[1304],1,Train,False,True,All paths resolved
singleton_3197,[3197],1,Train,False,True,All paths resolved
singleton_593,[593],1,Train,False,True,All paths resolved
singleton_2022,[2022],1,Train,False,True,All paths resolved
singleton_3208,[3208],1,Train,False,True,All paths resolved
dup_group_222,"[2893, 3232]",2,Train,False,True,All paths resolved
singleton_823,[823],1,Train,False,True,All paths resolved
singleton_1966,[1966],1,Train,False,True,All paths resolved
singleton_3682,[3682],1,Train,False,True,All paths resolved
dup_group_279,"[3749, 3763]",2,Train,False,True,All paths resolved
singleton_698,[698],1,Train,False,True,All paths resolved
singleton_1174,[1174],1,Val,False,True,All paths resolved
dup_group_90,"[1756, 2656]",2,Test,False,True,All paths resolved
singleton_2784,[2784],1,Train,False,True,All paths resolved
singleton_2963,[2963],1,Train,False,True,All paths resolved
singleton_78,[78],1,Val,False,True,All paths resolved
dup_group_199,"[2432, 3347]",2,Val,False,True,All paths resolved
singleton_250,[250],1,Train,False,True,All paths resolved
singleton_767,[767],1,Train,False,True,All paths resolved
singleton_1812,[1812],1,Train,False,True,All paths resolved
singleton_1275,[1275],1,Train,False,True,All paths resolved
dup_group_259,"[3005, 3055]",2,Train,False,True,All paths resolved
singleton_322,[322],1,Train,False,True,All paths resolved
singleton_251,[251],1,Test,False,True,All paths resolved
singleton_2303,[2303],1,Train,False,True,All paths resolved
singleton_569,[569],1,Train,False,True,All paths resolved
singleton_1466,[1466],1,Test,False,True,All paths resolved
singleton_2822,[2822],1,Train,False,True,All paths resolved
singleton_973,[973],1,Test,False,True,All paths resolved
singleton_2602,[2602],1,Test,False,True,All paths resolved
dup_group_170,"[2403, 3318]",2,Val,False,True,All paths resolved
singleton_2200,[2200],1,Train,False,True,All paths resolved
singleton_1973,[1973],1,Train,False,True,All paths resolved
singleton_3657,[3657],1,Test,False,True,All paths resolved
singleton_2762,[2762],1,Train,False,True,All paths resolved
singleton_1563,[1563],1,Test,False,True,All paths resolved
singleton_2121,[2121],1,Train,False,True,All paths resolved
singleton_2974,[2974],1,Test,False,True,All paths resolved
singleton_97,[97],1,Train,False,True,All paths resolved
singleton_1042,[1042],1,Val,False,True,All paths resolved
singleton_1280,[1280],1,Train,False,True,All paths resolved
singleton_454,[454],1,Train,False,True,All paths resolved
singleton_1200,[1200],1,Test,False,True,All paths resolved
singleton_2086,[2086],1,Train,False,True,All paths resolved
dup_group_183,"[2416, 3331]",2,Train,False,True,All paths resolved
singleton_121,[121],1,Train,False,True,All paths resolved
singleton_2155,[2155],1,Train,False,True,All paths resolved
singleton_2484,[2484],1,Train,False,True,All paths resolved
singleton_1480,[1480],1,Val,False,True,All paths resolved
singleton_3028,[3028],1,Train,False,True,All paths resolved
singleton_1090,[1090],1,Train,False,True,All paths resolved
singleton_1291,[1291],1,Train,False,True,All paths resolved
singleton_2337,[2337],1,Train,False,True,All paths resolved
dup_group_164,"[2397, 3312]",2,Train,False,True,All paths resolved
singleton_2709,[2709],1,Test,False,True,All paths resolved
singleton_2956,[2956],1,Train,False,True,All paths resolved
singleton_1883,[1883],1,Test,False,True,All paths resolved
singleton_3125,[3125],1,Train,False,True,All paths resolved
singleton_3566,[3566],1,Test,False,True,All paths resolved
singleton_2206,[2206],1,Train,False,True,All paths resolved
singleton_701,[701],1,Test,False,True,All paths resolved
singleton_392,[392],1,Train,False,True,All paths resolved
singleton_863,[863],1,Train,False,True,All paths resolved
singleton_3536,[3536],1,Test,False,True,All paths resolved
singleton_2462,[2462],1,Train,False,True,All paths resolved
singleton_1188,[1188],1,Train,False,True,All paths resolved
singleton_3381,[3381],1,Train,False,True,All paths resolved
singleton_1243,[1243],1,Test,False,True,All paths resolved
dup_group_174,"[2407, 3322]",2,Val,False,True,All paths resolved
singleton_1884,[1884],1,Train,False,True,All paths resolved
singleton_1365,[1365],1,Val,False,True,All paths resolved
singleton_761,[761],1,Test,False,True,All paths resolved
singleton_3257,[3257],1,Test,False,True,All paths resolved
dup_group_155,"[2386, 2976]",2,Train,False,True,All paths resolved
singleton_866,[866],1,Train,False,True,All paths resolved
singleton_2167,[2167],1,Test,False,True,All paths resolved
singleton_1917,[1917],1,Train,False,True,All paths resolved
dup_group_165,"[2398, 3313]",2,Train,False,True,All paths resolved
singleton_1362,[1362],1,Train,False,True,All paths resolved
singleton_1092,[1092],1,Test,False,True,All paths resolved
singleton_2777,[2777],1,Train,False,True,All paths resolved
singleton_2338,[2338],1,Train,False,True,All paths resolved
singleton_603,[603],1,Test,False,True,All paths resolved
singleton_2481,[2481],1,Test,False,True,All paths resolved
singleton_2826,[2826],1,Train,False,True,All paths resolved
singleton_1123,[1123],1,Train,False,True,All paths resolved
dup_group_176,"[2409, 3324]",2,Test,False,True,All paths resolved
singleton_167,[167],1,Train,False,True,All paths resolved
singleton_615,[615],1,Train,False,True,All paths resolved
dup_group_212,"[2549, 3299]",2,Val,False,True,All paths resolved
singleton_1574,[1574],1,Train,False,True,All paths resolved
singleton_1659,[1659],1,Test,False,True,All paths resolved
singleton_1904,[1904],1,Test,False,True,All paths resolved
dup_group_85,"[1751, 2651]",2,Train,False,True,All paths resolved
singleton_106,[106],1,Val,False,True,All paths resolved
singleton_1663,[1663],1,Val,False,True,All paths resolved
singleton_370,[370],1,Train,False,True,All paths resolved
singleton_2129,[2129],1,Train,False,True,All paths resolved
singleton_2473,[2473],1,Train,False,True,All paths resolved
singleton_174,[174],1,Train,False,True,All paths resolved
singleton_405,[405],1,Train,False,True,All paths resolved
singleton_1163,[1163],1,Test,False,True,All paths resolved
singleton_3185,[3185],1,Test,False,True,All paths resolved
singleton_233,[233],1,Train,False,True,All paths resolved
singleton_3617,[3617],1,Train,False,True,All paths resolved
singleton_2202,[2202],1,Train,False,True,All paths resolved
singleton_2591,[2591],1,Train,False,True,All paths resolved
singleton_1246,[1246],1,Train,False,True,All paths resolved
singleton_1617,[1617],1,Test,False,True,All paths resolved
singleton_1879,[1879],1,Test,False,True,All paths resolved
singleton_762,[762],1,Train,False,True,All paths resolved
singleton_378,[378],1,Train,False,True,All paths resolved
singleton_1472,[1472],1,Train,False,True,All paths resolved
singleton_2250,[2250],1,Train,False,True,All paths resolved
singleton_3094,[3094],1,Train,False,True,All paths resolved
singleton_3389,[3389],1,Train,False,True,All paths resolved
singleton_491,[491],1,Train,False,True,All paths resolved
singleton_1323,[1323],1,Test,False,True,All paths resolved
singleton_1468,[1468],1,Train,False,True,All paths resolved
singleton_1479,[1479],1,Train,False,True,All paths resolved
singleton_3072,[3072],1,Train,False,True,All paths resolved
singleton_2014,[2014],1,Train,False,True,All paths resolved
singleton_109,[109],1,Test,False,True,All paths resolved
singleton_1634,[1634],1,Test,False,True,All paths resolved
singleton_1955,[1955],1,Train,False,True,All paths resolved
singleton_2237,[2237],1,Train,False,True,All paths resolved
singleton_3276,[3276],1,Train,False,True,All paths resolved
singleton_1643,[1643],1,Test,False,True,All paths resolved
singleton_3042,[3042],1,Train,False,True,All paths resolved
singleton_794,[794],1,Test,False,True,All paths resolved
singleton_602,[602],1,Train,False,True,All paths resolved
singleton_2873,[2873],1,Train,False,True,All paths resolved
singleton_2196,[2196],1,Train,False,True,All paths resolved
singleton_311,[311],1,Train,False,True,All paths resolved
singleton_2701,[2701],1,Train,False,True,All paths resolved
singleton_801,[801],1,Train,False,True,All paths resolved
dup_group_178,"[2411, 3326]",2,Train,False,True,All paths resolved
singleton_1782,[1782],1,Train,False,True,All paths resolved
singleton_169,[169],1,Train,False,True,All paths resolved
singleton_1348,[1348],1,Test,False,True,All paths resolved
singleton_1068,[1068],1,Train,False,True,All paths resolved
singleton_1067,[1067],1,Test,False,True,All paths resolved
singleton_1307,[1307],1,Train,False,True,All paths resolved
singleton_1184,[1184],1,Train,False,True,All paths resolved
singleton_1450,[1450],1,Train,False,True,All paths resolved
singleton_2532,[2532],1,Train,False,True,All paths resolved
singleton_2241,[2241],1,Train,False,True,All paths resolved
dup_group_18,"[508, 591]",2,Train,False,True,All paths resolved
singleton_831,[831],1,Train,False,True,All paths resolved
singleton_3704,[3704],1,Test,False,True,All paths resolved
singleton_23,[23],1,Train,False,True,All paths resolved
singleton_2025,[2025],1,Train,False,True,All paths resolved
singleton_1142,[1142],1,Test,False,True,All paths resolved
singleton_2469,[2469],1,Train,False,True,All paths resolved
singleton_3675,[3675],1,Train,False,True,All paths resolved
singleton_2294,[2294],1,Train,False,True,All paths resolved
singleton_1721,[1721],1,Train,False,True,All paths resolved
singleton_3546,[3546],1,Train,False,True,All paths resolved
singleton_1129,[1129],1,Val,False,True,All paths resolved
singleton_1197,[1197],1,Test,False,True,All paths resolved
singleton_2581,[2581],1,Train,False,True,All paths resolved
singleton_1284,[1284],1,Val,False,True,All paths resolved
singleton_289,[289],1,Train,False,True,All paths resolved
singleton_1583,[1583],1,Test,False,True,All paths resolved
singleton_2490,[2490],1,Test,False,True,All paths resolved
singleton_2083,[2083],1,Test,False,True,All paths resolved
singleton_947,[947],1,Train,False,True,All paths resolved
singleton_1678,[1678],1,Val,False,True,All paths resolved
singleton_3736,[3736],1,Train,False,True,All paths resolved
dup_group_213,"[2550, 3032, 3300]",3,Test,False,True,All paths resolved
singleton_900,[900],1,Train,False,True,All paths resolved
singleton_887,[887],1,Train,False,True,All paths resolved
singleton_2793,[2793],1,Train,False,True,All paths resolved
singleton_440,[440],1,Test,False,True,All paths resolved
singleton_326,[326],1,Val,False,True,All paths resolved
singleton_1519,[1519],1,Test,False,True,All paths resolved
singleton_2255,[2255],1,Train,False,True,All paths resolved
singleton_2283,[2283],1,Train,False,True,All paths resolved
singleton_2361,[2361],1,Train,False,True,All paths resolved
singleton_2718,[2718],1,Val,False,True,All paths resolved
singleton_82,[82],1,Train,False,True,All paths resolved
dup_group_14,"[451, 453]",2,Train,False,True,All paths resolved
singleton_759,[759],1,Test,False,True,All paths resolved
singleton_1116,[1116],1,Test,False,True,All paths resolved
singleton_2223,[2223],1,Train,False,True,All paths resolved
singleton_1497,[1497],1,Train,False,True,All paths resolved
singleton_2329,[2329],1,Train,False,True,All paths resolved
singleton_2669,[2669],1,Train,False,True,All paths resolved
singleton_1321,[1321],1,Val,False,True,All paths resolved
singleton_758,[758],1,Train,False,True,All paths resolved
singleton_1677,[1677],1,Train,False,True,All paths resolved
dup_group_73,"[1739, 2639]",2,Train,False,True,All paths resolved
singleton_1120,[1120],1,Train,False,True,All paths resolved
singleton_2496,[2496],1,Train,False,True,All paths resolved
singleton_3175,[3175],1,Test,False,True,All paths resolved
singleton_3586,[3586],1,Train,False,True,All paths resolved
singleton_683,[683],1,Val,False,True,All paths resolved
singleton_2132,[2132],1,Train,False,True,All paths resolved
singleton_2251,[2251],1,Train,False,True,All paths resolved
singleton_2911,[2911],1,Test,False,True,All paths resolved
singleton_2468,[2468],1,Train,False,True,All paths resolved
singleton_2756,[2756],1,Train,False,True,All paths resolved
singleton_2595,[2595],1,Train,False,True,All paths resolved
singleton_2229,[2229],1,Train,False,True,All paths resolved
singleton_3035,[3035],1,Train,False,True,All paths resolved
singleton_3098,[3098],1,Train,False,True,All paths resolved
singleton_3479,[3479],1,Test,False,True,All paths resolved
singleton_1064,[1064],1,Train,False,True,All paths resolved
singleton_3491,[3491],1,Train,False,True,All paths resolved
singleton_7,[7],1,Train,False,True,All paths resolved
singleton_1892,[1892],1,Test,False,True,All paths resolved
singleton_1089,[1089],1,Test,False,True,All paths resolved
singleton_777,[777],1,Train,False,True,All paths resolved
singleton_314,[314],1,Train,False,True,All paths resolved
singleton_2222,[2222],1,Train,False,True,All paths resolved
singleton_3105,[3105],1,Train,False,True,All paths resolved
singleton_3561,[3561],1,Train,False,True,All paths resolved
singleton_3681,[3681],1,Test,False,True,All paths resolved
dup_group_241,"[2941, 3267]",2,Train,False,True,All paths resolved
singleton_858,[858],1,Train,False,True,All paths resolved
singleton_1170,[1170],1,Train,False,True,All paths resolved
singleton_3186,[3186],1,Test,False,True,All paths resolved
singleton_790,[790],1,Val,False,True,All paths resolved
singleton_1194,[1194],1,Train,False,True,All paths resolved
singleton_2091,[2091],1,Train,False,True,All paths resolved
singleton_2554,[2554],1,Train,False,True,All paths resolved
singleton_2684,[2684],1,Test,False,True,All paths resolved
singleton_2841,[2841],1,Train,False,True,All paths resolved
singleton_1,[1],1,Val,False,True,All paths resolved
singleton_461,[461],1,Val,False,True,All paths resolved
singleton_2741,[2741],1,Test,False,True,All paths resolved
singleton_3556,[3556],1,Train,False,True,All paths resolved
singleton_768,[768],1,Val,False,True,All paths resolved
singleton_2366,[2366],1,Train,False,True,All paths resolved
singleton_2753,[2753],1,Train,False,True,All paths resolved
singleton_3426,[3426],1,Train,False,True,All paths resolved
singleton_889,[889],1,Train,False,True,All paths resolved
singleton_1299,[1299],1,Train,False,True,All paths resolved
singleton_3510,[3510],1,Train,False,True,All paths resolved
singleton_772,[772],1,Train,False,True,All paths resolved
singleton_1492,[1492],1,Train,False,True,All paths resolved
singleton_2806,[2806],1,Train,False,True,All paths resolved
singleton_1354,[1354],1,Train,False,True,All paths resolved
singleton_2252,[2252],1,Train,False,True,All paths resolved
singleton_1697,[1697],1,Train,False,True,All paths resolved
singleton_2034,[2034],1,Train,False,True,All paths resolved
singleton_2725,[2725],1,Train,False,True,All paths resolved
singleton_79,[79],1,Train,False,True,All paths resolved
singleton_2385,[2385],1,Train,False,True,All paths resolved
singleton_1965,[1965],1,Val,False,True,All paths resolved
singleton_3549,[3549],1,Train,False,True,All paths resolved
singleton_832,[832],1,Train,False,True,All paths resolved
singleton_1147,[1147],1,Train,False,True,All paths resolved
singleton_139,[139],1,Train,False,True,All paths resolved
singleton_2464,[2464],1,Val,False,True,All paths resolved
singleton_2099,[2099],1,Test,False,True,All paths resolved
singleton_1536,[1536],1,Train,False,True,All paths resolved
singleton_3715,[3715],1,Test,False,True,All paths resolved
dup_group_87,"[1753, 2653]",2,Val,False,True,All paths resolved
singleton_1252,[1252],1,Train,False,True,All paths resolved
singleton_2891,[2891],1,Train,False,True,All paths resolved
singleton_3578,[3578],1,Train,False,True,All paths resolved
singleton_2064,[2064],1,Train,False,True,All paths resolved
singleton_308,[308],1,Test,False,True,All paths resolved
singleton_2977,[2977],1,Train,False,True,All paths resolved
singleton_32,[32],1,Val,False,True,All paths resolved
singleton_1011,[1011],1,Test,False,True,All paths resolved
singleton_909,[909],1,Train,False,True,All paths resolved
singleton_509,[509],1,Test,False,True,All paths resolved
dup_group_39,"[1344, 1437]",2,Train,False,True,All paths resolved
singleton_2690,[2690],1,Val,False,True,All paths resolved
singleton_748,[748],1,Val,False,True,All paths resolved
singleton_15,[15],1,Val,False,True,All paths resolved
singleton_993,[993],1,Train,False,True,All paths resolved
singleton_1454,[1454],1,Train,False,True,All paths resolved
singleton_3368,[3368],1,Train,False,True,All paths resolved
singleton_3104,[3104],1,Val,False,True,All paths resolved
singleton_2192,[2192],1,Train,False,True,All paths resolved
singleton_2699,[2699],1,Train,False,True,All paths resolved
singleton_42,[42],1,Test,False,True,All paths resolved
singleton_397,[397],1,Train,False,True,All paths resolved
singleton_2847,[2847],1,Train,False,True,All paths resolved
singleton_3457,[3457],1,Train,False,True,All paths resolved
singleton_1028,[1028],1,Train,False,True,All paths resolved
dup_group_69,"[1734, 2634]",2,Train,False,True,All paths resolved
singleton_592,[592],1,Train,False,True,All paths resolved
singleton_1175,[1175],1,Test,False,True,All paths resolved
singleton_1585,[1585],1,Test,False,True,All paths resolved
singleton_1912,[1912],1,Train,False,True,All paths resolved
singleton_255,[255],1,Train,False,True,All paths resolved
singleton_1936,[1936],1,Train,False,True,All paths resolved
singleton_2063,[2063],1,Train,False,True,All paths resolved
singleton_2378,[2378],1,Train,False,True,All paths resolved
singleton_223,[223],1,Train,False,True,All paths resolved
singleton_1425,[1425],1,Train,False,True,All paths resolved
singleton_2814,[2814],1,Train,False,True,All paths resolved
singleton_1080,[1080],1,Train,False,True,All paths resolved
singleton_2309,[2309],1,Train,False,True,All paths resolved
singleton_1258,[1258],1,Train,False,True,All paths resolved
dup_group_204,"[2437, 3352]",2,Val,False,True,All paths resolved
singleton_1350,[1350],1,Train,False,True,All paths resolved
singleton_2367,[2367],1,Train,False,True,All paths resolved
singleton_3354,[3354],1,Train,False,True,All paths resolved
singleton_2823,[2823],1,Train,False,True,All paths resolved
singleton_312,[312],1,Train,False,True,All paths resolved
singleton_2714,[2714],1,Train,False,True,All paths resolved
singleton_2811,[2811],1,Train,False,True,All paths resolved
singleton_2323,[2323],1,Train,False,True,All paths resolved
dup_group_10,"[365, 366]",2,Test,False,True,All paths resolved
singleton_3218,[3218],1,Test,False,True,All paths resolved
singleton_1600,[1600],1,Train,False,True,All paths resolved
singleton_266,[266],1,Train,False,True,All paths resolved
singleton_793,[793],1,Val,False,True,All paths resolved
singleton_917,[917],1,Train,False,True,All paths resolved
singleton_954,[954],1,Test,False,True,All paths resolved
singleton_1317,[1317],1,Train,False,True,All paths resolved
singleton_1372,[1372],1,Train,False,True,All paths resolved
singleton_2754,[2754],1,Test,False,True,All paths resolved
singleton_3207,[3207],1,Train,False,True,All paths resolved
singleton_678,[678],1,Test,False,True,All paths resolved
dup_group_107,"[1777, 3121]",2,Val,False,True,All paths resolved
singleton_738,[738],1,Train,False,True,All paths resolved
dup_group_163,"[2396, 3311]",2,Train,False,True,All paths resolved
singleton_2376,[2376],1,Val,False,True,All paths resolved
singleton_891,[891],1,Train,False,True,All paths resolved
singleton_1141,[1141],1,Train,False,True,All paths resolved
singleton_1220,[1220],1,Val,False,True,All paths resolved
singleton_3705,[3705],1,Val,False,True,All paths resolved
singleton_1036,[1036],1,Test,False,True,All paths resolved
singleton_1867,[1867],1,Val,False,True,All paths resolved
singleton_1999,[1999],1,Train,False,True,All paths resolved
singleton_1893,[1893],1,Train,False,True,All paths resolved
singleton_1122,[1122],1,Train,False,True,All paths resolved
singleton_1558,[1558],1,Train,False,True,All paths resolved
singleton_2789,[2789],1,Test,False,True,All paths resolved
singleton_622,[622],1,Test,False,True,All paths resolved
singleton_687,[687],1,Train,False,True,All paths resolved
singleton_703,[703],1,Test,False,True,All paths resolved
singleton_547,[547],1,Train,False,True,All paths resolved
singleton_1225,[1225],1,Test,False,True,All paths resolved
singleton_2160,[2160],1,Val,False,True,All paths resolved
singleton_2679,[2679],1,Train,False,True,All paths resolved
singleton_3376,[3376],1,Train,False,True,All paths resolved
singleton_1388,[1388],1,Test,False,True,All paths resolved
singleton_2107,[2107],1,Train,False,True,All paths resolved
singleton_3651,[3651],1,Test,False,True,All paths resolved
singleton_3658,[3658],1,Test,False,True,All paths resolved
singleton_341,[341],1,Train,False,True,All paths resolved
singleton_21,[21],1,Val,False,True,All paths resolved
singleton_80,[80],1,Test,False,True,All paths resolved
dup_group_24,"[820, 904]",2,Train,False,True,All paths resolved
singleton_1046,[1046],1,Train,False,True,All paths resolved
singleton_910,[910],1,Train,False,True,All paths resolved
singleton_527,[527],1,Train,False,True,All paths resolved
dup_group_203,"[2436, 3351]",2,Val,False,True,All paths resolved
singleton_163,[163],1,Val,False,True,All paths resolved
singleton_2290,[2290],1,Test,False,True,All paths resolved
singleton_608,[608],1,Train,False,True,All paths resolved
singleton_776,[776],1,Test,False,True,All paths resolved
singleton_1125,[1125],1,Test,False,True,All paths resolved
dup_group_17,"[507, 513]",2,Test,False,True,All paths resolved
singleton_452,[452],1,Train,False,True,All paths resolved
singleton_556,[556],1,Test,False,True,All paths resolved
singleton_3691,[3691],1,Test,False,True,All paths resolved
singleton_138,[138],1,Train,False,True,All paths resolved
singleton_783,[783],1,Train,False,True,All paths resolved
dup_group_278,"[3747, 3761]",2,Train,False,True,All paths resolved
singleton_13,[13],1,Train,False,True,All paths resolved
singleton_714,[714],1,Train,False,True,All paths resolved
singleton_1980,[1980],1,Test,False,True,All paths resolved
singleton_1620,[1620],1,Test,False,True,All paths resolved
singleton_2219,[2219],1,Train,False,True,All paths resolved
singleton_2603,[2603],1,Train,False,True,All paths resolved
singleton_125,[125],1,Train,False,True,All paths resolved
singleton_2171,[2171],1,Train,False,True,All paths resolved
singleton_613,[613],1,Train,False,True,All paths resolved
dup_group_235,"[2915, 3251]",2,Train,False,True,All paths resolved
singleton_2506,[2506],1,Train,False,True,All paths resolved
singleton_1787,[1787],1,Train,False,True,All paths resolved
singleton_3535,[3535],1,Train,False,True,All paths resolved
singleton_3516,[3516],1,Train,False,True,All paths resolved
singleton_3181,[3181],1,Test,False,True,All paths resolved
dup_group_59,"[1723, 2623]",2,Train,False,True,All paths resolved
singleton_945,[945],1,Val,False,True,All paths resolved
dup_group_3,"[179, 1731, 2631]",3,Train,False,True,All paths resolved
singleton_880,[880],1,Train,False,True,All paths resolved
singleton_2,[2],1,Train,False,True,All paths resolved
singleton_220,[220],1,Train,False,True,All paths resolved
singleton_2198,[2198],1,Train,False,True,All paths resolved
singleton_2355,[2355],1,Train,False,True,All paths resolved
singleton_2384,[2384],1,Test,False,True,All paths resolved
singleton_2364,[2364],1,Test,False,True,All paths resolved
singleton_946,[946],1,Train,False,True,All paths resolved
singleton_2856,[2856],1,Train,False,True,All paths resolved
singleton_2813,[2813],1,Train,False,True,All paths resolved
singleton_3558,[3558],1,Train,False,True,All paths resolved
singleton_53,[53],1,Train,False,True,All paths resolved
singleton_1703,[1703],1,Train,False,True,All paths resolved
singleton_2258,[2258],1,Train,False,True,All paths resolved
dup_group_200,"[2433, 3348]",2,Train,False,True,All paths resolved
singleton_2269,[2269],1,Train,False,True,All paths resolved
singleton_730,[730],1,Train,False,True,All paths resolved
singleton_568,[568],1,Train,False,True,All paths resolved
singleton_2575,[2575],1,Test,False,True,All paths resolved
singleton_3140,[3140],1,Train,False,True,All paths resolved
singleton_3609,[3609],1,Train,False,True,All paths resolved
singleton_1187,[1187],1,Train,False,True,All paths resolved
singleton_475,[475],1,Train,False,True,All paths resolved
singleton_2816,[2816],1,Train,False,True,All paths resolved
singleton_2248,[2248],1,Test,False,True,All paths resolved
singleton_2733,[2733],1,Train,False,True,All paths resolved
singleton_1947,[1947],1,Test,False,True,All paths resolved
singleton_1043,[1043],1,Val,False,True,All paths resolved
singleton_6,[6],1,Train,False,True,All paths resolved
singleton_2371,[2371],1,Train,False,True,All paths resolved
singleton_44,[44],1,Train,False,True,All paths resolved
singleton_351,[351],1,Train,False,True,All paths resolved
singleton_1503,[1503],1,Train,False,True,All paths resolved
singleton_1169,[1169],1,Train,False,True,All paths resolved
dup_group_230,"[2909, 3245]",2,Test,False,True,All paths resolved
singleton_2932,[2932],1,Train,False,True,All paths resolved
singleton_2006,[2006],1,Train,False,True,All paths resolved
singleton_2869,[2869],1,Train,False,True,All paths resolved
singleton_1132,[1132],1,Test,False,True,All paths resolved
singleton_782,[782],1,Train,False,True,All paths resolved
dup_group_160,"[2393, 3308]",2,Train,False,True,All paths resolved
singleton_1093,[1093],1,Test,False,True,All paths resolved
singleton_2586,[2586],1,Train,False,True,All paths resolved
dup_group_253,"[2998, 3049]",2,Train,False,True,All paths resolved
dup_group_74,"[1740, 2640]",2,Train,False,True,All paths resolved
singleton_1081,[1081],1,Train,False,True,All paths resolved
singleton_459,[459],1,Train,False,True,All paths resolved
singleton_450,[450],1,Train,False,True,All paths resolved
singleton_465,[465],1,Train,False,True,All paths resolved
singleton_1670,[1670],1,Train,False,True,All paths resolved
singleton_3210,[3210],1,Test,False,True,All paths resolved
singleton_2809,[2809],1,Train,False,True,All paths resolved
singleton_88,[88],1,Train,False,True,All paths resolved
singleton_3542,[3542],1,Test,False,True,All paths resolved
singleton_1164,[1164],1,Train,False,True,All paths resolved
singleton_2857,[2857],1,Train,False,True,All paths resolved
singleton_3662,[3662],1,Test,False,True,All paths resolved
singleton_464,[464],1,Train,False,True,All paths resolved
singleton_2260,[2260],1,Train,False,True,All paths resolved
singleton_203,[203],1,Train,False,True,All paths resolved
singleton_1486,[1486],1,Train,False,True,All paths resolved
dup_group_141,"[1822, 3162]",2,Train,False,True,All paths resolved
singleton_3487,[3487],1,Train,False,True,All paths resolved
singleton_3728,[3728],1,Train,False,True,All paths resolved
dup_group_157,"[2390, 3305]",2,Train,False,True,All paths resolved
singleton_2246,[2246],1,Train,False,True,All paths resolved
singleton_2938,[2938],1,Train,False,True,All paths resolved
singleton_751,[751],1,Train,False,True,All paths resolved
singleton_2054,[2054],1,Train,False,True,All paths resolved
singleton_2776,[2776],1,Train,False,True,All paths resolved
singleton_1152,[1152],1,Train,False,True,All paths resolved
singleton_1103,[1103],1,Train,False,True,All paths resolved
singleton_1588,[1588],1,Train,False,True,All paths resolved
singleton_3557,[3557],1,Train,False,True,All paths resolved
singleton_2835,[2835],1,Train,False,True,All paths resolved
singleton_1063,[1063],1,Train,False,True,All paths resolved
singleton_2716,[2716],1,Test,False,True,All paths resolved
singleton_2769,[2769],1,Train,False,True,All paths resolved
singleton_3693,[3693],1,Train,False,True,All paths resolved
singleton_741,[741],1,Test,False,True,All paths resolved
singleton_3255,[3255],1,Val,False,True,All paths resolved
singleton_2075,[2075],1,Test,False,True,All paths resolved
singleton_168,[168],1,Test,False,True,All paths resolved
singleton_2182,[2182],1,Train,False,True,All paths resolved
singleton_2451,[2451],1,Train,False,True,All paths resolved
singleton_479,[479],1,Train,False,True,All paths resolved
singleton_519,[519],1,Train,False,True,All paths resolved
singleton_1987,[1987],1,Train,False,True,All paths resolved
singleton_1172,[1172],1,Train,False,True,All paths resolved
singleton_1302,[1302],1,Test,False,True,All paths resolved
singleton_926,[926],1,Test,False,True,All paths resolved
singleton_1196,[1196],1,Train,False,True,All paths resolved
dup_group_2,"[117, 118]",2,Train,False,True,All paths resolved
singleton_1963,[1963],1,Train,False,True,All paths resolved
singleton_1025,[1025],1,Train,False,True,All paths resolved
dup_group_219,"[2719, 2922]",2,Train,False,True,All paths resolved
singleton_3567,[3567],1,Train,False,True,All paths resolved
singleton_2347,[2347],1,Val,False,True,All paths resolved
singleton_1110,[1110],1,Test,False,True,All paths resolved
singleton_3740,[3740],1,Test,False,True,All paths resolved
singleton_2253,[2253],1,Train,False,True,All paths resolved
singleton_2183,[2183],1,Train,False,True,All paths resolved
singleton_638,[638],1,Test,False,True,All paths resolved
singleton_2307,[2307],1,Train,False,True,All paths resolved
singleton_901,[901],1,Val,False,True,All paths resolved
singleton_2374,[2374],1,Train,False,True,All paths resolved
singleton_1757,[1757],1,Train,False,True,All paths resolved
singleton_1498,[1498],1,Test,False,True,All paths resolved
singleton_1383,[1383],1,Train,False,True,All paths resolved
singleton_2700,[2700],1,Train,False,True,All paths resolved
singleton_3762,[3762],1,Test,False,True,All paths resolved
singleton_1896,[1896],1,Train,False,True,All paths resolved
singleton_2383,[2383],1,Test,False,True,All paths resolved
singleton_3278,[3278],1,Train,False,True,All paths resolved
singleton_1458,[1458],1,Train,False,True,All paths resolved
dup_group_36,"[1255, 3420]",2,Train,False,True,All paths resolved
singleton_1337,[1337],1,Val,False,True,All paths resolved
singleton_1668,[1668],1,Train,False,True,All paths resolved
singleton_187,[187],1,Train,False,True,All paths resolved
singleton_1177,[1177],1,Train,False,True,All paths resolved
singleton_2030,[2030],1,Train,False,True,All paths resolved
singleton_430,[430],1,Val,False,True,All paths resolved
singleton_961,[961],1,Train,False,True,All paths resolved
singleton_590,[590],1,Val,False,True,All paths resolved
singleton_997,[997],1,Train,False,True,All paths resolved
singleton_2153,[2153],1,Train,False,True,All paths resolved
singleton_2085,[2085],1,Val,False,True,All paths resolved
singleton_3647,[3647],1,Train,False,True,All paths resolved
singleton_98,[98],1,Train,False,True,All paths resolved
singleton_2105,[2105],1,Train,False,True,All paths resolved
singleton_3755,[3755],1,Train,False,True,All paths resolved
singleton_3399,[3399],1,Test,False,True,All paths resolved
singleton_2162,[2162],1,Train,False,True,All paths resolved
singleton_3358,[3358],1,Train,False,True,All paths resolved
singleton_854,[854],1,Val,False,True,All paths resolved
singleton_2742,[2742],1,Val,False,True,All paths resolved
singleton_3044,[3044],1,Val,False,True,All paths resolved
singleton_1052,[1052],1,Train,False,True,All paths resolved
singleton_65,[65],1,Train,False,True,All paths resolved
singleton_1516,[1516],1,Train,False,True,All paths resolved
dup_group_122,"[1796, 3137]",2,Train,False,True,All paths resolved
dup_group_145,"[1826, 3166]",2,Train,False,True,All paths resolved
singleton_1087,[1087],1,Train,False,True,All paths resolved
singleton_3739,[3739],1,Train,False,True,All paths resolved
singleton_835,[835],1,Train,False,True,All paths resolved
singleton_2066,[2066],1,Train,False,True,All paths resolved
singleton_3206,[3206],1,Test,False,True,All paths resolved
singleton_922,[922],1,Train,False,True,All paths resolved
singleton_893,[893],1,Train,False,True,All paths resolved
singleton_436,[436],1,Train,False,True,All paths resolved
singleton_3254,[3254],1,Train,False,True,All paths resolved
singleton_409,[409],1,Train,False,True,All paths resolved
singleton_1623,[1623],1,Train,False,True,All paths resolved
dup_group_77,"[1743, 2643]",2,Train,False,True,All paths resolved
singleton_2277,[2277],1,Train,False,True,All paths resolved
singleton_841,[841],1,Train,False,True,All paths resolved
singleton_334,[334],1,Train,False,True,All paths resolved
dup_group_86,"[1752, 2652]",2,Train,False,True,All paths resolved
singleton_3601,[3601],1,Train,False,True,All paths resolved
singleton_1027,[1027],1,Train,False,True,All paths resolved
singleton_114,[114],1,Val,False,True,All paths resolved
singleton_2257,[2257],1,Train,False,True,All paths resolved
singleton_2708,[2708],1,Test,False,True,All paths resolved
singleton_490,[490],1,Train,False,True,All paths resolved
singleton_3528,[3528],1,Train,False,True,All paths resolved
singleton_1488,[1488],1,Train,False,True,All paths resolved
singleton_951,[951],1,Train,False,True,All paths resolved
singleton_1478,[1478],1,Train,False,True,All paths resolved
singleton_3214,[3214],1,Train,False,True,All paths resolved
singleton_2829,[2829],1,Train,False,True,All paths resolved
dup_group_169,"[2402, 3317]",2,Train,False,True,All paths resolved
singleton_950,[950],1,Train,False,True,All paths resolved
singleton_971,[971],1,Train,False,True,All paths resolved
singleton_2834,[2834],1,Train,False,True,All paths resolved
singleton_3415,[3415],1,Train,False,True,All paths resolved
singleton_676,[676],1,Train,False,True,All paths resolved
singleton_1395,[1395],1,Train,False,True,All paths resolved
singleton_247,[247],1,Train,False,True,All paths resolved
singleton_3027,[3027],1,Train,False,True,All paths resolved
dup_group_148,"[1830, 3172]",2,Train,False,True,All paths resolved
singleton_2068,[2068],1,Test,False,True,All paths resolved
singleton_2108,[2108],1,Train,False,True,All paths resolved
dup_group_127,"[1804, 3143]",2,Test,False,True,All paths resolved
singleton_1572,[1572],1,Train,False,True,All paths resolved
singleton_136,[136],1,Train,False,True,All paths resolved
singleton_3431,[3431],1,Test,False,True,All paths resolved
singleton_1949,[1949],1,Train,False,True,All paths resolved
singleton_2096,[2096],1,Train,False,True,All paths resolved
singleton_1871,[1871],1,Train,False,True,All paths resolved
singleton_1111,[1111],1,Train,False,True,All paths resolved
singleton_2078,[2078],1,Train,False,True,All paths resolved
dup_group_146,"[1828, 3170]",2,Train,False,True,All paths resolved
singleton_2522,[2522],1,Train,False,True,All paths resolved
singleton_562,[562],1,Train,False,True,All paths resolved
singleton_2746,[2746],1,Train,False,True,All paths resolved
singleton_496,[496],1,Train,False,True,All paths resolved
singleton_3737,[3737],1,Train,False,True,All paths resolved
singleton_1261,[1261],1,Train,False,True,All paths resolved
singleton_1105,[1105],1,Test,False,True,All paths resolved
singleton_1592,[1592],1,Train,False,True,All paths resolved
singleton_3655,[3655],1,Train,False,True,All paths resolved
singleton_1901,[1901],1,Test,False,True,All paths resolved
singleton_2582,[2582],1,Train,False,True,All paths resolved
singleton_884,[884],1,Train,False,True,All paths resolved
dup_group_6,"[260, 471, 1071, 2666]",4,Test,False,True,All paths resolved
singleton_921,[921],1,Train,False,True,All paths resolved
dup_group_25,"[851, 919]",2,Val,False,True,All paths resolved
singleton_1156,[1156],1,Train,False,True,All paths resolved
singleton_3635,[3635],1,Train,False,True,All paths resolved
singleton_2498,[2498],1,Train,False,True,All paths resolved
singleton_1039,[1039],1,Train,False,True,All paths resolved
dup_group_173,"[2406, 3321]",2,Val,False,True,All paths resolved
singleton_671,[671],1,Train,False,True,All paths resolved
singleton_1435,[1435],1,Train,False,True,All paths resolved
singleton_336,[336],1,Test,False,True,All paths resolved
singleton_2148,[2148],1,Test,False,True,All paths resolved
dup_group_220,"[2721, 2924]",2,Train,False,True,All paths resolved
singleton_2301,[2301],1,Test,False,True,All paths resolved
singleton_1705,[1705],1,Test,False,True,All paths resolved
singleton_1861,[1861],1,Test,False,True,All paths resolved
singleton_2730,[2730],1,Val,False,True,All paths resolved
singleton_606,[606],1,Train,False,True,All paths resolved
singleton_600,[600],1,Train,False,True,All paths resolved
singleton_3082,[3082],1,Val,False,True,All paths resolved
singleton_844,[844],1,Train,False,True,All paths resolved
singleton_5,[5],1,Train,False,True,All paths resolved
singleton_3288,[3288],1,Test,False,True,All paths resolved
singleton_3474,[3474],1,Train,False,True,All paths resolved
singleton_2696,[2696],1,Train,False,True,All paths resolved
singleton_764,[764],1,Train,False,True,All paths resolved
singleton_862,[862],1,Train,False,True,All paths resolved
singleton_1661,[1661],1,Test,False,True,All paths resolved
singleton_3470,[3470],1,Test,False,True,All paths resolved
dup_group_109,"[1780, 3123]",2,Train,False,True,All paths resolved
dup_group_138,"[1818, 3159]",2,Train,False,True,All paths resolved
singleton_52,[52],1,Val,False,True,All paths resolved
dup_group_143,"[1824, 3164]",2,Val,False,True,All paths resolved
singleton_494,[494],1,Train,False,True,All paths resolved
singleton_935,[935],1,Test,False,True,All paths resolved
singleton_2887,[2887],1,Train,False,True,All paths resolved
singleton_2975,[2975],1,Train,False,True,All paths resolved
singleton_1567,[1567],1,Train,False,True,All paths resolved
singleton_3202,[3202],1,Test,False,True,All paths resolved
singleton_3418,[3418],1,Train,False,True,All paths resolved
singleton_2106,[2106],1,Train,False,True,All paths resolved
singleton_2261,[2261],1,Test,False,True,All paths resolved
singleton_2770,[2770],1,Train,False,True,All paths resolved
singleton_908,[908],1,Train,False,True,All paths resolved
singleton_2821,[2821],1,Train,False,True,All paths resolved
singleton_2842,[2842],1,Train,False,True,All paths resolved
singleton_994,[994],1,Train,False,True,All paths resolved
singleton_1555,[1555],1,Test,False,True,All paths resolved
singleton_3428,[3428],1,Train,False,True,All paths resolved
singleton_3079,[3079],1,Test,False,True,All paths resolved
singleton_2687,[2687],1,Train,False,True,All paths resolved
singleton_1669,[1669],1,Val,False,True,All paths resolved
dup_group_244,"[2950, 3270]",2,Test,False,True,All paths resolved
dup_group_202,"[2435, 3350]",2,Train,False,True,All paths resolved
singleton_1012,[1012],1,Test,False,True,All paths resolved
singleton_1113,[1113],1,Val,False,True,All paths resolved
singleton_83,[83],1,Val,False,True,All paths resolved
singleton_2510,[2510],1,Val,False,True,All paths resolved
singleton_531,[531],1,Train,False,True,All paths resolved
singleton_523,[523],1,Train,False,True,All paths resolved
dup_group_132,"[1809, 3148]",2,Test,False,True,All paths resolved
singleton_1474,[1474],1,Val,False,True,All paths resolved
dup_group_20,"[524, 525]",2,Test,False,True,All paths resolved
dup_group_167,"[2400, 3315]",2,Train,False,True,All paths resolved
singleton_2772,[2772],1,Train,False,True,All paths resolved
singleton_1680,[1680],1,Train,False,True,All paths resolved
singleton_1610,[1610],1,Train,False,True,All paths resolved
singleton_2487,[2487],1,Test,False,True,All paths resolved
singleton_3686,[3686],1,Train,False,True,All paths resolved
singleton_2262,[2262],1,Train,False,True,All paths resolved
singleton_2141,[2141],1,Train,False,True,All paths resolved
singleton_410,[410],1,Train,False,True,All paths resolved
singleton_1241,[1241],1,Train,False,True,All paths resolved
singleton_2507,[2507],1,Test,False,True,All paths resolved
singleton_278,[278],1,Val,False,True,All paths resolved
singleton_914,[914],1,Val,False,True,All paths resolved
singleton_1345,[1345],1,Train,False,True,All paths resolved
singleton_2499,[2499],1,Test,False,True,All paths resolved
singleton_2234,[2234],1,Train,False,True,All paths resolved
singleton_886,[886],1,Train,False,True,All paths resolved
dup_group_268,"[3015, 3064]",2,Train,False,True,All paths resolved
singleton_2953,[2953],1,Train,False,True,All paths resolved
singleton_949,[949],1,Train,False,True,All paths resolved
dup_group_240,"[2940, 3265]",2,Test,False,True,All paths resolved
singleton_3371,[3371],1,Train,False,True,All paths resolved
singleton_2298,[2298],1,Train,False,True,All paths resolved
singleton_1211,[1211],1,Train,False,True,All paths resolved
singleton_890,[890],1,Train,False,True,All paths resolved
singleton_1449,[1449],1,Train,False,True,All paths resolved
singleton_3193,[3193],1,Train,False,True,All paths resolved
singleton_942,[942],1,Train,False,True,All paths resolved
singleton_552,[552],1,Test,False,True,All paths resolved
singleton_2851,[2851],1,Train,False,True,All paths resolved
singleton_3212,[3212],1,Train,False,True,All paths resolved
singleton_0,[0],1,Test,False,True,All paths resolved
singleton_3396,[3396],1,Val,False,True,All paths resolved
singleton_419,[419],1,Train,False,True,All paths resolved
singleton_1118,[1118],1,Val,False,True,All paths resolved
singleton_2212,[2212],1,Train,False,True,All paths resolved
singleton_3483,[3483],1,Train,False,True,All paths resolved
singleton_555,[555],1,Train,False,True,All paths resolved
singleton_1692,[1692],1,Train,False,True,All paths resolved
singleton_1290,[1290],1,Train,False,True,All paths resolved
singleton_2112,[2112],1,Train,False,True,All paths resolved
singleton_224,[224],1,Train,False,True,All paths resolved
singleton_2120,[2120],1,Test,False,True,All paths resolved
singleton_2557,[2557],1,Train,False,True,All paths resolved
singleton_2358,[2358],1,Test,False,True,All paths resolved
singleton_3560,[3560],1,Train,False,True,All paths resolved
singleton_1073,[1073],1,Train,False,True,All paths resolved
singleton_3699,[3699],1,Train,False,True,All paths resolved
dup_group_63,"[1727, 2627]",2,Test,False,True,All paths resolved
singleton_952,[952],1,Train,False,True,All paths resolved
singleton_1084,[1084],1,Train,False,True,All paths resolved
singleton_2860,[2860],1,Test,False,True,All paths resolved
singleton_3090,[3090],1,Test,False,True,All paths resolved
singleton_407,[407],1,Train,False,True,All paths resolved
singleton_1538,[1538],1,Train,False,True,All paths resolved
singleton_3759,[3759],1,Val,False,True,All paths resolved
singleton_1019,[1019],1,Val,False,True,All paths resolved
singleton_228,[228],1,Train,False,True,All paths resolved
singleton_1180,[1180],1,Train,False,True,All paths resolved
singleton_2348,[2348],1,Train,False,True,All paths resolved
singleton_745,[745],1,Test,False,True,All paths resolved
singleton_2043,[2043],1,Train,False,True,All paths resolved
dup_group_247,"[2988, 3038]",2,Train,False,True,All paths resolved
singleton_3616,[3616],1,Train,False,True,All paths resolved
singleton_337,[337],1,Train,False,True,All paths resolved
singleton_3656,[3656],1,Train,False,True,All paths resolved
singleton_1967,[1967],1,Train,False,True,All paths resolved
singleton_1640,[1640],1,Train,False,True,All paths resolved
singleton_2995,[2995],1,Train,False,True,All paths resolved
singleton_529,[529],1,Val,False,True,All paths resolved
singleton_3612,[3612],1,Train,False,True,All paths resolved
dup_group_99,"[1768, 3113]",2,Test,False,True,All paths resolved
singleton_2691,[2691],1,Train,False,True,All paths resolved
singleton_2027,[2027],1,Train,False,True,All paths resolved
singleton_1374,[1374],1,Train,False,True,All paths resolved
singleton_1490,[1490],1,Train,False,True,All paths resolved
singleton_330,[330],1,Train,False,True,All paths resolved
singleton_2197,[2197],1,Train,False,True,All paths resolved
dup_group_50,"[1712, 2612]",2,Train,False,True,All paths resolved
singleton_2731,[2731],1,Test,False,True,All paths resolved
singleton_159,[159],1,Val,False,True,All paths resolved
singleton_2671,[2671],1,Test,False,True,All paths resolved
singleton_3660,[3660],1,Train,False,True,All paths resolved
dup_group_79,"[1745, 2645]",2,Train,False,True,All paths resolved
singleton_331,[331],1,Val,False,True,All paths resolved
singleton_2521,[2521],1,Train,False,True,All paths resolved
singleton_489,[489],1,Train,False,True,All paths resolved
singleton_190,[190],1,Test,False,True,All paths resolved
dup_group_37,"[1269, 1271]",2,Train,False,True,All paths resolved
singleton_859,[859],1,Test,False,True,All paths resolved
singleton_73,[73],1,Test,False,True,All paths resolved
singleton_177,[177],1,Train,False,True,All paths resolved
singleton_836,[836],1,Train,False,True,All paths resolved
singleton_731,[731],1,Test,False,True,All paths resolved
singleton_1629,[1629],1,Train,False,True,All paths resolved
singleton_2259,[2259],1,Train,False,True,All paths resolved
singleton_3384,[3384],1,Train,False,True,All paths resolved
singleton_2315,[2315],1,Train,False,True,All paths resolved
singleton_2103,[2103],1,Train,False,True,All paths resolved
singleton_1868,[1868],1,Train,False,True,All paths resolved
singleton_2152,[2152],1,Train,False,True,All paths resolved
dup_group_103,"[1772, 3117]",2,Test,False,True,All paths resolved
singleton_879,[879],1,Train,False,True,All paths resolved
singleton_2300,[2300],1,Train,False,True,All paths resolved
dup_group_207,"[2543, 2896, 3293]",3,Train,False,True,All paths resolved
dup_group_223,"[2894, 3233]",2,Train,False,True,All paths resolved
singleton_1398,[1398],1,Train,False,True,All paths resolved
singleton_977,[977],1,Train,False,True,All paths resolved
singleton_2900,[2900],1,Test,False,True,All paths resolved
singleton_1377,[1377],1,Train,False,True,All paths resolved
singleton_185,[185],1,Train,False,True,All paths resolved
singleton_285,[285],1,Train,False,True,All paths resolved
singleton_307,[307],1,Train,False,True,All paths resolved
singleton_995,[995],1,Train,False,True,All paths resolved
singleton_2504,[2504],1,Train,False,True,All paths resolved
singleton_3754,[3754],1,Train,False,True,All paths resolved
singleton_618,[618],1,Train,False,True,All paths resolved
singleton_1158,[1158],1,Train,False,True,All paths resolved
singleton_1358,[1358],1,Train,False,True,All paths resolved
singleton_2140,[2140],1,Train,False,True,All paths resolved
singleton_2125,[2125],1,Train,False,True,All paths resolved
singleton_641,[641],1,Train,False,True,All paths resolved
singleton_2004,[2004],1,Test,False,True,All paths resolved
singleton_3654,[3654],1,Train,False,True,All paths resolved
dup_group_48,"[1710, 2610]",2,Train,False,True,All paths resolved
singleton_1619,[1619],1,Train,False,True,All paths resolved
singleton_842,[842],1,Train,False,True,All paths resolved
singleton_2923,[2923],1,Train,False,True,All paths resolved
singleton_418,[418],1,Val,False,True,All paths resolved
singleton_834,[834],1,Val,False,True,All paths resolved
singleton_3672,[3672],1,Train,False,True,All paths resolved
singleton_3726,[3726],1,Train,False,True,All paths resolved
singleton_3485,[3485],1,Train,False,True,All paths resolved
singleton_2600,[2600],1,Test,False,True,All paths resolved
singleton_2210,[2210],1,Val,False,True,All paths resolved
singleton_2475,[2475],1,Train,False,True,All paths resolved
singleton_1212,[1212],1,Train,False,True,All paths resolved
singleton_1890,[1890],1,Train,False,True,All paths resolved
singleton_3733,[3733],1,Train,False,True,All paths resolved
singleton_14,[14],1,Train,False,True,All paths resolved
singleton_1637,[1637],1,Train,False,True,All paths resolved
singleton_985,[985],1,Test,False,True,All paths resolved
singleton_135,[135],1,Test,False,True,All paths resolved
singleton_2781,[2781],1,Train,False,True,All paths resolved
singleton_2488,[2488],1,Test,False,True,All paths resolved
singleton_2862,[2862],1,Test,False,True,All paths resolved
singleton_3731,[3731],1,Train,False,True,All paths resolved
singleton_2069,[2069],1,Val,False,True,All paths resolved
singleton_1644,[1644],1,Test,False,True,All paths resolved
singleton_3522,[3522],1,Test,False,True,All paths resolved
singleton_446,[446],1,Train,False,True,All paths resolved
singleton_54,[54],1,Train,False,True,All paths resolved
singleton_2117,[2117],1,Train,False,True,All paths resolved
singleton_202,[202],1,Train,False,True,All paths resolved
singleton_2749,[2749],1,Test,False,True,All paths resolved
dup_group_64,"[1728, 2628]",2,Train,False,True,All paths resolved
singleton_2326,[2326],1,Train,False,True,All paths resolved
singleton_2858,[2858],1,Train,False,True,All paths resolved
singleton_2128,[2128],1,Train,False,True,All paths resolved
singleton_2079,[2079],1,Val,False,True,All paths resolved
singleton_2984,[2984],1,Train,False,True,All paths resolved
singleton_1691,[1691],1,Train,False,True,All paths resolved
singleton_625,[625],1,Train,False,True,All paths resolved
singleton_2875,[2875],1,Train,False,True,All paths resolved
singleton_2952,[2952],1,Train,False,True,All paths resolved
singleton_718,[718],1,Test,False,True,All paths resolved
singleton_789,[789],1,Train,False,True,All paths resolved
singleton_2773,[2773],1,Train,False,True,All paths resolved
singleton_3357,[3357],1,Test,False,True,All paths resolved
singleton_2076,[2076],1,Test,False,True,All paths resolved
singleton_3760,[3760],1,Train,False,True,All paths resolved
singleton_3460,[3460],1,Test,False,True,All paths resolved
singleton_2489,[2489],1,Train,False,True,All paths resolved
singleton_2728,[2728],1,Train,False,True,All paths resolved
singleton_374,[374],1,Train,False,True,All paths resolved
dup_group_252,"[2997, 3047]",2,Test,False,True,All paths resolved
singleton_3663,[3663],1,Val,False,True,All paths resolved
singleton_833,[833],1,Test,False,True,All paths resolved
singleton_3496,[3496],1,Val,False,True,All paths resolved
singleton_276,[276],1,Train,False,True,All paths resolved
singleton_2450,[2450],1,Test,False,True,All paths resolved
singleton_2707,[2707],1,Test,False,True,All paths resolved
singleton_3534,[3534],1,Train,False,True,All paths resolved
singleton_1991,[1991],1,Train,False,True,All paths resolved
singleton_1117,[1117],1,Train,False,True,All paths resolved
singleton_3584,[3584],1,Train,False,True,All paths resolved
singleton_1864,[1864],1,Test,False,True,All paths resolved
dup_group_261,"[3007, 3057]",2,Test,False,True,All paths resolved
singleton_711,[711],1,Val,False,True,All paths resolved
singleton_2739,[2739],1,Train,False,True,All paths resolved
singleton_1336,[1336],1,Train,False,True,All paths resolved
singleton_3387,[3387],1,Train,False,True,All paths resolved
singleton_682,[682],1,Train,False,True,All paths resolved
singleton_763,[763],1,Train,False,True,All paths resolved
singleton_1331,[1331],1,Train,False,True,All paths resolved
singleton_3757,[3757],1,Test,False,True,All paths resolved
singleton_918,[918],1,Train,False,True,All paths resolved
singleton_1986,[1986],1,Test,False,True,All paths resolved
singleton_2755,[2755],1,Val,False,True,All paths resolved
singleton_2849,[2849],1,Train,False,True,All paths resolved
singleton_728,[728],1,Val,False,True,All paths resolved
singleton_3552,[3552],1,Train,False,True,All paths resolved
singleton_2560,[2560],1,Train,False,True,All paths resolved
singleton_3621,[3621],1,Val,False,True,All paths resolved
dup_group_32,"[1014, 1127]",2,Test,False,True,All paths resolved
singleton_201,[201],1,Train,False,True,All paths resolved
singleton_666,[666],1,Train,False,True,All paths resolved
singleton_227,[227],1,Train,False,True,All paths resolved
singleton_3603,[3603],1,Train,False,True,All paths resolved
dup_group_137,"[1817, 3158]",2,Train,False,True,All paths resolved
singleton_1939,[1939],1,Train,False,True,All paths resolved
singleton_408,[408],1,Val,False,True,All paths resolved
singleton_3544,[3544],1,Train,False,True,All paths resolved
singleton_2072,[2072],1,Train,False,True,All paths resolved
dup_group_187,"[2420, 3335]",2,Train,False,True,All paths resolved
dup_group_26,"[853, 2798]",2,Train,False,True,All paths resolved
singleton_3575,[3575],1,Train,False,True,All paths resolved
singleton_877,[877],1,Test,False,True,All paths resolved
singleton_1990,[1990],1,Train,False,True,All paths resolved
singleton_268,[268],1,Test,False,True,All paths resolved
singleton_1420,[1420],1,Test,False,True,All paths resolved
singleton_2930,[2930],1,Train,False,True,All paths resolved
singleton_1288,[1288],1,Train,False,True,All paths resolved
singleton_3422,[3422],1,Test,False,True,All paths resolved
singleton_3486,[3486],1,Train,False,True,All paths resolved
singleton_1029,[1029],1,Train,False,True,All paths resolved
singleton_1493,[1493],1,Train,False,True,All paths resolved
singleton_321,[321],1,Test,False,True,All paths resolved
singleton_2305,[2305],1,Train,False,True,All paths resolved
singleton_3570,[3570],1,Train,False,True,All paths resolved
dup_group_41,"[1501, 1502]",2,Train,False,True,All paths resolved
singleton_127,[127],1,Train,False,True,All paths resolved
singleton_658,[658],1,Train,False,True,All paths resolved
singleton_487,[487],1,Train,False,True,All paths resolved
singleton_1033,[1033],1,Train,False,True,All paths resolved
singleton_2785,[2785],1,Train,False,True,All paths resolved
singleton_3041,[3041],1,Train,False,True,All paths resolved
singleton_3187,[3187],1,Train,False,True,All paths resolved
singleton_1870,[1870],1,Val,False,True,All paths resolved
singleton_2888,[2888],1,Train,False,True,All paths resolved
singleton_1292,[1292],1,Train,False,True,All paths resolved
singleton_38,[38],1,Train,False,True,All paths resolved
singleton_3604,[3604],1,Test,False,True,All paths resolved
singleton_1543,[1543],1,Test,False,True,All paths resolved
singleton_3256,[3256],1,Train,False,True,All paths resolved
singleton_3531,[3531],1,Train,False,True,All paths resolved
singleton_3565,[3565],1,Train,False,True,All paths resolved
singleton_1160,[1160],1,Train,False,True,All paths resolved
dup_group_105,"[1774, 3119]",2,Test,False,True,All paths resolved
singleton_403,[403],1,Train,False,True,All paths resolved
singleton_2786,[2786],1,Train,False,True,All paths resolved
singleton_3730,[3730],1,Train,False,True,All paths resolved
singleton_673,[673],1,Train,False,True,All paths resolved
singleton_1526,[1526],1,Train,False,True,All paths resolved
singleton_2287,[2287],1,Train,False,True,All paths resolved
singleton_3045,[3045],1,Train,False,True,All paths resolved
singleton_11,[11],1,Train,False,True,All paths resolved
singleton_115,[115],1,Train,False,True,All paths resolved
singleton_294,[294],1,Train,False,True,All paths resolved
singleton_1860,[1860],1,Test,False,True,All paths resolved
singleton_2456,[2456],1,Train,False,True,All paths resolved
singleton_2534,[2534],1,Test,False,True,All paths resolved
singleton_45,[45],1,Test,False,True,All paths resolved
singleton_1018,[1018],1,Train,False,True,All paths resolved
singleton_3694,[3694],1,Test,False,True,All paths resolved
singleton_2098,[2098],1,Test,False,True,All paths resolved
dup_group_153,"[2341, 2345]",2,Train,False,True,All paths resolved
singleton_1444,[1444],1,Val,False,True,All paths resolved
singleton_1061,[1061],1,Test,False,True,All paths resolved
singleton_847,[847],1,Train,False,True,All paths resolved
singleton_586,[586],1,Train,False,True,All paths resolved
singleton_1477,[1477],1,Test,False,True,All paths resolved
dup_group_98,"[1767, 3112]",2,Train,False,True,All paths resolved
singleton_363,[363],1,Train,False,True,All paths resolved
singleton_3489,[3489],1,Train,False,True,All paths resolved
singleton_566,[566],1,Test,False,True,All paths resolved
singleton_1452,[1452],1,Train,False,True,All paths resolved
singleton_2320,[2320],1,Val,False,True,All paths resolved
singleton_31,[31],1,Val,False,True,All paths resolved
singleton_2850,[2850],1,Train,False,True,All paths resolved
singleton_1229,[1229],1,Train,False,True,All paths resolved
singleton_2357,[2357],1,Test,False,True,All paths resolved
singleton_2681,[2681],1,Train,False,True,All paths resolved
singleton_1624,[1624],1,Train,False,True,All paths resolved
singleton_1515,[1515],1,Train,False,True,All paths resolved
singleton_829,[829],1,Train,False,True,All paths resolved
singleton_1281,[1281],1,Train,False,True,All paths resolved
singleton_2955,[2955],1,Test,False,True,All paths resolved
singleton_1004,[1004],1,Train,False,True,All paths resolved
singleton_1467,[1467],1,Train,False,True,All paths resolved
singleton_74,[74],1,Train,False,True,All paths resolved
singleton_2295,[2295],1,Val,False,True,All paths resolved
singleton_3390,[3390],1,Test,False,True,All paths resolved
singleton_2362,[2362],1,Val,False,True,All paths resolved
dup_group_152,"[2216, 2217, 2220]",3,Test,False,True,All paths resolved
singleton_3097,[3097],1,Train,False,True,All paths resolved
singleton_3184,[3184],1,Train,False,True,All paths resolved
singleton_898,[898],1,Test,False,True,All paths resolved
singleton_2312,[2312],1,Train,False,True,All paths resolved
singleton_2751,[2751],1,Train,False,True,All paths resolved
singleton_2515,[2515],1,Test,False,True,All paths resolved
singleton_1456,[1456],1,Train,False,True,All paths resolved
singleton_1961,[1961],1,Train,False,True,All paths resolved
singleton_2360,[2360],1,Train,False,True,All paths resolved
singleton_2503,[2503],1,Test,False,True,All paths resolved
singleton_182,[182],1,Train,False,True,All paths resolved
singleton_1413,[1413],1,Train,False,True,All paths resolved
singleton_723,[723],1,Test,False,True,All paths resolved
singleton_124,[124],1,Train,False,True,All paths resolved
singleton_3230,[3230],1,Train,False,True,All paths resolved
singleton_1065,[1065],1,Val,False,True,All paths resolved
singleton_2601,[2601],1,Train,False,True,All paths resolved
singleton_3664,[3664],1,Train,False,True,All paths resolved
singleton_3684,[3684],1,Train,False,True,All paths resolved
singleton_295,[295],1,Val,False,True,All paths resolved
singleton_2959,[2959],1,Train,False,True,All paths resolved
singleton_62,[62],1,Train,False,True,All paths resolved
singleton_2676,[2676],1,Train,False,True,All paths resolved
singleton_81,[81],1,Test,False,True,All paths resolved
singleton_781,[781],1,Train,False,True,All paths resolved
singleton_3196,[3196],1,Test,False,True,All paths resolved
singleton_1580,[1580],1,Train,False,True,All paths resolved
singleton_2969,[2969],1,Train,False,True,All paths resolved
singleton_2059,[2059],1,Test,False,True,All paths resolved
singleton_229,[229],1,Train,False,True,All paths resolved
singleton_3382,[3382],1,Train,False,True,All paths resolved
dup_group_189,"[2422, 3337]",2,Test,False,True,All paths resolved
singleton_130,[130],1,Train,False,True,All paths resolved
singleton_2446,[2446],1,Test,False,True,All paths resolved
singleton_3467,[3467],1,Train,False,True,All paths resolved
singleton_2864,[2864],1,Train,False,True,All paths resolved
singleton_164,[164],1,Train,False,True,All paths resolved
singleton_2787,[2787],1,Test,False,True,All paths resolved
singleton_1294,[1294],1,Train,False,True,All paths resolved
singleton_372,[372],1,Train,False,True,All paths resolved
singleton_2890,[2890],1,Train,False,True,All paths resolved
singleton_3526,[3526],1,Train,False,True,All paths resolved
singleton_1674,[1674],1,Val,False,True,All paths resolved
singleton_2609,[2609],1,Val,False,True,All paths resolved
singleton_2172,[2172],1,Train,False,True,All paths resolved
singleton_1650,[1650],1,Train,False,True,All paths resolved
singleton_3702,[3702],1,Train,False,True,All paths resolved
singleton_3642,[3642],1,Train,False,True,All paths resolved
singleton_272,[272],1,Train,False,True,All paths resolved
singleton_2867,[2867],1,Train,False,True,All paths resolved
singleton_158,[158],1,Val,False,True,All paths resolved
singleton_1911,[1911],1,Train,False,True,All paths resolved
dup_group_19,"[510, 594]",2,Test,False,True,All paths resolved
singleton_3600,[3600],1,Train,False,True,All paths resolved
singleton_2779,[2779],1,Train,False,True,All paths resolved
singleton_3083,[3083],1,Val,False,True,All paths resolved
singleton_665,[665],1,Train,False,True,All paths resolved
singleton_3448,[3448],1,Train,False,True,All paths resolved
singleton_743,[743],1,Train,False,True,All paths resolved
singleton_596,[596],1,Train,False,True,All paths resolved
singleton_664,[664],1,Train,False,True,All paths resolved
singleton_607,[607],1,Val,False,True,All paths resolved
singleton_2871,[2871],1,Test,False,True,All paths resolved
singleton_3592,[3592],1,Train,False,True,All paths resolved
singleton_456,[456],1,Train,False,True,All paths resolved
singleton_1976,[1976],1,Val,False,True,All paths resolved
singleton_184,[184],1,Train,False,True,All paths resolved
singleton_2221,[2221],1,Train,False,True,All paths resolved
singleton_2265,[2265],1,Train,False,True,All paths resolved
singleton_2213,[2213],1,Test,False,True,All paths resolved
dup_group_89,"[1755, 2655]",2,Train,False,True,All paths resolved
dup_group_237,"[2917, 3253]",2,Train,False,True,All paths resolved
singleton_1786,[1786],1,Val,False,True,All paths resolved
singleton_567,[567],1,Train,False,True,All paths resolved
singleton_1037,[1037],1,Train,False,True,All paths resolved
singleton_2934,[2934],1,Train,False,True,All paths resolved
singleton_1253,[1253],1,Train,False,True,All paths resolved
singleton_822,[822],1,Train,False,True,All paths resolved
singleton_1051,[1051],1,Train,False,True,All paths resolved
singleton_1850,[1850],1,Test,False,True,All paths resolved
singleton_1992,[1992],1,Val,False,True,All paths resolved
singleton_553,[553],1,Train,False,True,All paths resolved
singleton_1119,[1119],1,Train,False,True,All paths resolved
dup_group_114,"[1788, 3129]",2,Train,False,True,All paths resolved
singleton_2180,[2180],1,Train,False,True,All paths resolved
singleton_1047,[1047],1,Train,False,True,All paths resolved
singleton_148,[148],1,Train,False,True,All paths resolved
singleton_2135,[2135],1,Val,False,True,All paths resolved
singleton_3451,[3451],1,Train,False,True,All paths resolved
singleton_557,[557],1,Train,False,True,All paths resolved
singleton_1219,[1219],1,Test,False,True,All paths resolved
dup_group_168,"[2401, 3316]",2,Train,False,True,All paths resolved
singleton_1651,[1651],1,Train,False,True,All paths resolved
singleton_20,[20],1,Test,False,True,All paths resolved
singleton_825,[825],1,Val,False,True,All paths resolved
singleton_1431,[1431],1,Train,False,True,All paths resolved
singleton_3419,[3419],1,Test,False,True,All paths resolved
singleton_1230,[1230],1,Train,False,True,All paths resolved
singleton_1441,[1441],1,Train,False,True,All paths resolved
singleton_3743,[3743],1,Train,False,True,All paths resolved
singleton_3464,[3464],1,Val,False,True,All paths resolved
singleton_2566,[2566],1,Train,False,True,All paths resolved
singleton_3507,[3507],1,Train,False,True,All paths resolved
singleton_2104,[2104],1,Test,False,True,All paths resolved
singleton_3735,[3735],1,Train,False,True,All paths resolved
singleton_1481,[1481],1,Test,False,True,All paths resolved
singleton_1496,[1496],1,Val,False,True,All paths resolved
singleton_3574,[3574],1,Test,False,True,All paths resolved
singleton_3281,[3281],1,Train,False,True,All paths resolved
singleton_1091,[1091],1,Val,False,True,All paths resolved
singleton_1006,[1006],1,Val,False,True,All paths resolved
singleton_1698,[1698],1,Test,False,True,All paths resolved
singleton_1982,[1982],1,Train,False,True,All paths resolved
singleton_2005,[2005],1,Train,False,True,All paths resolved
singleton_1921,[1921],1,Train,False,True,All paths resolved
singleton_1210,[1210],1,Train,False,True,All paths resolved
singleton_3459,[3459],1,Val,False,True,All paths resolved
singleton_1322,[1322],1,Val,False,True,All paths resolved
singleton_1295,[1295],1,Train,False,True,All paths resolved
singleton_2877,[2877],1,Train,False,True,All paths resolved
singleton_936,[936],1,Train,False,True,All paths resolved
dup_group_5,"[188, 319]",2,Train,False,True,All paths resolved
singleton_2021,[2021],1,Train,False,True,All paths resolved
singleton_1840,[1840],1,Train,False,True,All paths resolved
singleton_310,[310],1,Train,False,True,All paths resolved
singleton_3277,[3277],1,Train,False,True,All paths resolved
singleton_3523,[3523],1,Train,False,True,All paths resolved
singleton_690,[690],1,Val,False,True,All paths resolved
dup_group_250,"[2991, 3040]",2,Train,False,True,All paths resolved
singleton_476,[476],1,Train,False,True,All paths resolved
singleton_119,[119],1,Train,False,True,All paths resolved
singleton_142,[142],1,Train,False,True,All paths resolved
singleton_2127,[2127],1,Train,False,True,All paths resolved
singleton_3674,[3674],1,Train,False,True,All paths resolved
singleton_2688,[2688],1,Test,False,True,All paths resolved
dup_group_101,"[1770, 3115]",2,Train,False,True,All paths resolved
singleton_2810,[2810],1,Val,False,True,All paths resolved
singleton_1236,[1236],1,Train,False,True,All paths resolved
singleton_3089,[3089],1,Train,False,True,All paths resolved
singleton_1827,[1827],1,Test,False,True,All paths resolved
singleton_2667,[2667],1,Test,False,True,All paths resolved
singleton_2181,[2181],1,Train,False,True,All paths resolved
singleton_2266,[2266],1,Train,False,True,All paths resolved
singleton_640,[640],1,Train,False,True,All paths resolved
singleton_1603,[1603],1,Val,False,True,All paths resolved
singleton_2447,[2447],1,Train,False,True,All paths resolved
singleton_1527,[1527],1,Train,False,True,All paths resolved
singleton_1996,[1996],1,Test,False,True,All paths resolved
singleton_2863,[2863],1,Test,False,True,All paths resolved
singleton_616,[616],1,Test,False,True,All paths resolved
dup_group_16,"[478, 1579]",2,Train,False,True,All paths resolved
dup_group_158,"[2391, 3306]",2,Train,False,True,All paths resolved
singleton_2735,[2735],1,Train,False,True,All paths resolved
singleton_804,[804],1,Train,False,True,All paths resolved
singleton_1995,[1995],1,Val,False,True,All paths resolved
singleton_2332,[2332],1,Train,False,True,All paths resolved
singleton_1030,[1030],1,Train,False,True,All paths resolved
singleton_1560,[1560],1,Train,False,True,All paths resolved
singleton_3688,[3688],1,Train,False,True,All paths resolved
singleton_589,[589],1,Train,False,True,All paths resolved
singleton_1206,[1206],1,Train,False,True,All paths resolved
singleton_126,[126],1,Train,False,True,All paths resolved
singleton_1049,[1049],1,Train,False,True,All paths resolved
singleton_3427,[3427],1,Train,False,True,All paths resolved
singleton_3375,[3375],1,Test,False,True,All paths resolved
singleton_661,[661],1,Train,False,True,All paths resolved
singleton_3564,[3564],1,Test,False,True,All paths resolved
singleton_1381,[1381],1,Train,False,True,All paths resolved
singleton_332,[332],1,Test,False,True,All paths resolved
singleton_1627,[1627],1,Val,False,True,All paths resolved
singleton_3199,[3199],1,Train,False,True,All paths resolved
singleton_1151,[1151],1,Train,False,True,All paths resolved
singleton_2743,[2743],1,Train,False,True,All paths resolved
singleton_1550,[1550],1,Test,False,True,All paths resolved
singleton_1699,[1699],1,Train,False,True,All paths resolved
singleton_3074,[3074],1,Test,False,True,All paths resolved
singleton_2884,[2884],1,Test,False,True,All paths resolved
singleton_2794,[2794],1,Train,False,True,All paths resolved
singleton_349,[349],1,Train,False,True,All paths resolved
singleton_1130,[1130],1,Train,False,True,All paths resolved
singleton_3445,[3445],1,Train,False,True,All paths resolved
singleton_3363,[3363],1,Train,False,True,All paths resolved
singleton_2576,[2576],1,Val,False,True,All paths resolved
singleton_1950,[1950],1,Train,False,True,All paths resolved
dup_group_171,"[2404, 3319]",2,Train,False,True,All paths resolved
singleton_3547,[3547],1,Test,False,True,All paths resolved
singleton_2026,[2026],1,Val,False,True,All paths resolved
singleton_2859,[2859],1,Train,False,True,All paths resolved
singleton_2191,[2191],1,Train,False,True,All paths resolved
singleton_1409,[1409],1,Train,False,True,All paths resolved
singleton_281,[281],1,Train,False,True,All paths resolved
singleton_1843,[1843],1,Train,False,True,All paths resolved
singleton_1471,[1471],1,Test,False,True,All paths resolved
singleton_2124,[2124],1,Val,False,True,All paths resolved
singleton_3407,[3407],1,Train,False,True,All paths resolved
singleton_1276,[1276],1,Train,False,True,All paths resolved
singleton_2870,[2870],1,Train,False,True,All paths resolved
singleton_765,[765],1,Train,False,True,All paths resolved
singleton_1249,[1249],1,Train,False,True,All paths resolved
singleton_3585,[3585],1,Test,False,True,All paths resolved
singleton_2380,[2380],1,Train,False,True,All paths resolved
singleton_875,[875],1,Train,False,True,All paths resolved
singleton_3618,[3618],1,Train,False,True,All paths resolved
singleton_693,[693],1,Test,False,True,All paths resolved
singleton_2051,[2051],1,Train,False,True,All paths resolved
singleton_1424,[1424],1,Train,False,True,All paths resolved
singleton_27,[27],1,Test,False,True,All paths resolved
singleton_3215,[3215],1,Train,False,True,All paths resolved
singleton_813,[813],1,Train,False,True,All paths resolved
singleton_1956,[1956],1,Train,False,True,All paths resolved
singleton_460,[460],1,Test,False,True,All paths resolved
singleton_624,[624],1,Train,False,True,All paths resolved
singleton_1266,[1266],1,Train,False,True,All paths resolved
singleton_1872,[1872],1,Test,False,True,All paths resolved
singleton_1913,[1913],1,Train,False,True,All paths resolved
singleton_1499,[1499],1,Test,False,True,All paths resolved
singleton_1602,[1602],1,Train,False,True,All paths resolved
singleton_2111,[2111],1,Train,False,True,All paths resolved
dup_group_120,"[1794, 3135]",2,Train,False,True,All paths resolved
singleton_3290,[3290],1,Test,False,True,All paths resolved
singleton_3192,[3192],1,Train,False,True,All paths resolved
singleton_2819,[2819],1,Train,False,True,All paths resolved
singleton_2032,[2032],1,Train,False,True,All paths resolved
singleton_1564,[1564],1,Val,False,True,All paths resolved
singleton_2986,[2986],1,Test,False,True,All paths resolved
singleton_630,[630],1,Train,False,True,All paths resolved
singleton_3091,[3091],1,Train,False,True,All paths resolved
singleton_1686,[1686],1,Train,False,True,All paths resolved
singleton_3361,[3361],1,Train,False,True,All paths resolved
singleton_1101,[1101],1,Train,False,True,All paths resolved
singleton_2845,[2845],1,Test,False,True,All paths resolved
singleton_1993,[1993],1,Train,False,True,All paths resolved
singleton_803,[803],1,Train,False,True,All paths resolved
singleton_582,[582],1,Val,False,True,All paths resolved
singleton_1631,[1631],1,Train,False,True,All paths resolved
dup_group_238,"[2935, 3261]",2,Train,False,True,All paths resolved
singleton_1605,[1605],1,Test,False,True,All paths resolved
singleton_2771,[2771],1,Test,False,True,All paths resolved
singleton_1968,[1968],1,Train,False,True,All paths resolved
singleton_2122,[2122],1,Train,False,True,All paths resolved
singleton_1015,[1015],1,Train,False,True,All paths resolved
singleton_3213,[3213],1,Train,False,True,All paths resolved
singleton_1342,[1342],1,Test,False,True,All paths resolved
singleton_574,[574],1,Train,False,True,All paths resolved
singleton_26,[26],1,Train,False,True,All paths resolved
dup_group_119,"[1793, 3134]",2,Train,False,True,All paths resolved
singleton_2131,[2131],1,Train,False,True,All paths resolved
singleton_2214,[2214],1,Test,False,True,All paths resolved
singleton_2346,[2346],1,Train,False,True,All paths resolved
singleton_645,[645],1,Val,False,True,All paths resolved
singleton_2466,[2466],1,Train,False,True,All paths resolved
dup_group_47,"[1709, 2547, 3297]",3,Val,False,True,All paths resolved
singleton_2715,[2715],1,Train,False,True,All paths resolved
singleton_3013,[3013],1,Test,False,True,All paths resolved
singleton_2230,[2230],1,Train,False,True,All paths resolved
singleton_3753,[3753],1,Val,False,True,All paths resolved
singleton_2889,[2889],1,Train,False,True,All paths resolved
singleton_1094,[1094],1,Train,False,True,All paths resolved
singleton_1621,[1621],1,Test,False,True,All paths resolved
singleton_2048,[2048],1,Train,False,True,All paths resolved
singleton_2533,[2533],1,Test,False,True,All paths resolved
singleton_2240,[2240],1,Train,False,True,All paths resolved
dup_group_82,"[1748, 2648]",2,Test,False,True,All paths resolved
singleton_1349,[1349],1,Test,False,True,All paths resolved
singleton_1595,[1595],1,Train,False,True,All paths resolved
singleton_3724,[3724],1,Train,False,True,All paths resolved
singleton_1922,[1922],1,Val,False,True,All paths resolved
singleton_1032,[1032],1,Train,False,True,All paths resolved
singleton_535,[535],1,Test,False,True,All paths resolved
singleton_176,[176],1,Train,False,True,All paths resolved
singleton_3414,[3414],1,Test,False,True,All paths resolved
singleton_1221,[1221],1,Val,False,True,All paths resolved
singleton_2697,[2697],1,Train,False,True,All paths resolved
dup_group_249,"[2990, 3037]",2,Train,False,True,All paths resolved
singleton_1099,[1099],1,Train,False,True,All paths resolved
singleton_3499,[3499],1,Train,False,True,All paths resolved
singleton_192,[192],1,Train,False,True,All paths resolved
singleton_1587,[1587],1,Train,False,True,All paths resolved
singleton_2081,[2081],1,Train,False,True,All paths resolved
singleton_2980,[2980],1,Test,False,True,All paths resolved
singleton_816,[816],1,Train,False,True,All paths resolved
dup_group_110,"[1781, 3124]",2,Test,False,True,All paths resolved
dup_group_226,"[2905, 3241]",2,Train,False,True,All paths resolved
singleton_12,[12],1,Train,False,True,All paths resolved
singleton_3611,[3611],1,Train,False,True,All paths resolved
singleton_2130,[2130],1,Test,False,True,All paths resolved
singleton_181,[181],1,Train,False,True,All paths resolved
singleton_1378,[1378],1,Train,False,True,All paths resolved
singleton_1530,[1530],1,Train,False,True,All paths resolved
singleton_2670,[2670],1,Val,False,True,All paths resolved
singleton_401,[401],1,Train,False,True,All paths resolved
singleton_1440,[1440],1,Test,False,True,All paths resolved
singleton_1614,[1614],1,Train,False,True,All paths resolved
singleton_3591,[3591],1,Train,False,True,All paths resolved
singleton_413,[413],1,Train,False,True,All paths resolved
singleton_2945,[2945],1,Train,False,True,All paths resolved
singleton_811,[811],1,Train,False,True,All paths resolved
singleton_2003,[2003],1,Train,False,True,All paths resolved
singleton_2482,[2482],1,Train,False,True,All paths resolved
singleton_1144,[1144],1,Train,False,True,All paths resolved
singleton_1959,[1959],1,Train,False,True,All paths resolved
singleton_1505,[1505],1,Train,False,True,All paths resolved
singleton_1704,[1704],1,Test,False,True,All paths resolved
singleton_2571,[2571],1,Train,False,True,All paths resolved
singleton_3178,[3178],1,Train,False,True,All paths resolved
singleton_2561,[2561],1,Train,False,True,All paths resolved
singleton_787,[787],1,Train,False,True,All paths resolved
singleton_1399,[1399],1,Train,False,True,All paths resolved
singleton_2583,[2583],1,Train,False,True,All paths resolved
singleton_709,[709],1,Train,False,True,All paths resolved
singleton_3640,[3640],1,Test,False,True,All paths resolved
singleton_1566,[1566],1,Train,False,True,All paths resolved
singleton_1088,[1088],1,Train,False,True,All paths resolved
singleton_2524,[2524],1,Val,False,True,All paths resolved
singleton_1630,[1630],1,Val,False,True,All paths resolved
singleton_197,[197],1,Train,False,True,All paths resolved
singleton_2327,[2327],1,Train,False,True,All paths resolved
singleton_2563,[2563],1,Train,False,True,All paths resolved
singleton_1971,[1971],1,Train,False,True,All paths resolved
singleton_160,[160],1,Test,False,True,All paths resolved
singleton_871,[871],1,Train,False,True,All paths resolved
singleton_929,[929],1,Train,False,True,All paths resolved
singleton_1387,[1387],1,Train,False,True,All paths resolved
dup_group_256,"[3002, 3052]",2,Train,False,True,All paths resolved
singleton_2017,[2017],1,Train,False,True,All paths resolved
singleton_1522,[1522],1,Train,False,True,All paths resolved
dup_group_254,"[3000, 3050]",2,Train,False,True,All paths resolved
singleton_376,[376],1,Train,False,True,All paths resolved
singleton_2486,[2486],1,Train,False,True,All paths resolved
singleton_1053,[1053],1,Train,False,True,All paths resolved
singleton_1916,[1916],1,Train,False,True,All paths resolved
dup_group_166,"[2399, 3314]",2,Train,False,True,All paths resolved
singleton_1008,[1008],1,Train,False,True,All paths resolved
singleton_1521,[1521],1,Test,False,True,All paths resolved
singleton_2574,[2574],1,Test,False,True,All paths resolved
singleton_2702,[2702],1,Train,False,True,All paths resolved
singleton_3442,[3442],1,Test,False,True,All paths resolved
singleton_3380,[3380],1,Train,False,True,All paths resolved
singleton_355,[355],1,Train,False,True,All paths resolved
singleton_881,[881],1,Val,False,True,All paths resolved
singleton_2929,[2929],1,Train,False,True,All paths resolved
singleton_1214,[1214],1,Test,False,True,All paths resolved
dup_group_262,"[3008, 3058]",2,Train,False,True,All paths resolved
singleton_605,[605],1,Train,False,True,All paths resolved
singleton_1411,[1411],1,Train,False,True,All paths resolved
singleton_2949,[2949],1,Train,False,True,All paths resolved
singleton_2492,[2492],1,Test,False,True,All paths resolved
singleton_3279,[3279],1,Train,False,True,All paths resolved
singleton_3563,[3563],1,Test,False,True,All paths resolved
singleton_3701,[3701],1,Test,False,True,All paths resolved
singleton_3,[3],1,Train,False,True,All paths resolved
singleton_1086,[1086],1,Train,False,True,All paths resolved
singleton_506,[506],1,Test,False,True,All paths resolved
singleton_805,[805],1,Train,False,True,All paths resolved
singleton_1667,[1667],1,Test,False,True,All paths resolved
singleton_2297,[2297],1,Train,False,True,All paths resolved
singleton_264,[264],1,Train,False,True,All paths resolved
singleton_1319,[1319],1,Val,False,True,All paths resolved
singleton_3692,[3692],1,Train,False,True,All paths resolved
singleton_1097,[1097],1,Train,False,True,All paths resolved
singleton_3729,[3729],1,Train,False,True,All paths resolved
singleton_3413,[3413],1,Train,False,True,All paths resolved
singleton_2866,[2866],1,Train,False,True,All paths resolved
singleton_353,[353],1,Train,False,True,All paths resolved
singleton_377,[377],1,Val,False,True,All paths resolved
singleton_894,[894],1,Train,False,True,All paths resolved
dup_group_229,"[2908, 3244]",2,Train,False,True,All paths resolved
singleton_707,[707],1,Train,False,True,All paths resolved
dup_group_257,"[3003, 3053]",2,Train,False,True,All paths resolved
singleton_779,[779],1,Train,False,True,All paths resolved
singleton_2445,[2445],1,Train,False,True,All paths resolved
singleton_3194,[3194],1,Train,False,True,All paths resolved
singleton_2062,[2062],1,Train,False,True,All paths resolved
singleton_989,[989],1,Train,False,True,All paths resolved
singleton_2188,[2188],1,Train,False,True,All paths resolved
singleton_2344,[2344],1,Train,False,True,All paths resolved
singleton_958,[958],1,Train,False,True,All paths resolved
singleton_3514,[3514],1,Train,False,True,All paths resolved
dup_group_142,"[1823, 3163]",2,Train,False,True,All paths resolved
singleton_2565,[2565],1,Test,False,True,All paths resolved
dup_group_12,"[420, 424]",2,Val,False,True,All paths resolved
singleton_447,[447],1,Train,False,True,All paths resolved
singleton_315,[315],1,Train,False,True,All paths resolved
singleton_2747,[2747],1,Test,False,True,All paths resolved
singleton_3722,[3722],1,Train,False,True,All paths resolved
singleton_1942,[1942],1,Val,False,True,All paths resolved
singleton_1183,[1183],1,Train,False,True,All paths resolved
singleton_1597,[1597],1,Train,False,True,All paths resolved
singleton_2039,[2039],1,Test,False,True,All paths resolved
singleton_244,[244],1,Train,False,True,All paths resolved
singleton_3495,[3495],1,Test,False,True,All paths resolved
singleton_559,[559],1,Test,False,True,All paths resolved
singleton_1507,[1507],1,Test,False,True,All paths resolved
singleton_705,[705],1,Train,False,True,All paths resolved
singleton_864,[864],1,Train,False,True,All paths resolved
singleton_1899,[1899],1,Val,False,True,All paths resolved
singleton_395,[395],1,Test,False,True,All paths resolved
singleton_3275,[3275],1,Train,False,True,All paths resolved
singleton_1216,[1216],1,Train,False,True,All paths resolved
singleton_1594,[1594],1,Train,False,True,All paths resolved
singleton_1584,[1584],1,Train,False,True,All paths resolved
singleton_3180,[3180],1,Train,False,True,All paths resolved
singleton_238,[238],1,Train,False,True,All paths resolved
singleton_1909,[1909],1,Test,False,True,All paths resolved
singleton_2500,[2500],1,Train,False,True,All paths resolved
singleton_797,[797],1,Train,False,True,All paths resolved
singleton_1134,[1134],1,Train,False,True,All paths resolved
dup_group_179,"[2412, 3327]",2,Train,False,True,All paths resolved
singleton_2970,[2970],1,Train,False,True,All paths resolved
singleton_3625,[3625],1,Train,False,True,All paths resolved
singleton_427,[427],1,Train,False,True,All paths resolved
singleton_3745,[3745],1,Train,False,True,All paths resolved
singleton_992,[992],1,Test,False,True,All paths resolved
singleton_467,[467],1,Train,False,True,All paths resolved
singleton_2310,[2310],1,Train,False,True,All paths resolved
singleton_1613,[1613],1,Train,False,True,All paths resolved
singleton_3466,[3466],1,Train,False,True,All paths resolved
singleton_339,[339],1,Train,False,True,All paths resolved
singleton_1267,[1267],1,Train,False,True,All paths resolved
singleton_1463,[1463],1,Train,False,True,All paths resolved
singleton_868,[868],1,Train,False,True,All paths resolved
singleton_2791,[2791],1,Test,False,True,All paths resolved
singleton_3099,[3099],1,Train,False,True,All paths resolved
singleton_3423,[3423],1,Val,False,True,All paths resolved
singleton_810,[810],1,Test,False,True,All paths resolved
singleton_708,[708],1,Train,False,True,All paths resolved
singleton_2836,[2836],1,Train,False,True,All paths resolved
singleton_546,[546],1,Train,False,True,All paths resolved
dup_group_15,"[458, 1265, 2689, 3752]",4,Val,False,True,All paths resolved
singleton_171,[171],1,Val,False,True,All paths resolved
dup_group_194,"[2427, 3342]",2,Train,False,True,All paths resolved
singleton_561,[561],1,Test,False,True,All paths resolved
singleton_937,[937],1,Train,False,True,All paths resolved
singleton_3198,[3198],1,Test,False,True,All paths resolved
singleton_463,[463],1,Train,False,True,All paths resolved
singleton_193,[193],1,Train,False,True,All paths resolved
singleton_2282,[2282],1,Test,False,True,All paths resolved
singleton_448,[448],1,Train,False,True,All paths resolved
dup_group_46,"[1655, 1658]",2,Train,False,True,All paths resolved
singleton_2808,[2808],1,Train,False,True,All paths resolved
singleton_1254,[1254],1,Train,False,True,All paths resolved
singleton_1666,[1666],1,Train,False,True,All paths resolved
singleton_662,[662],1,Train,False,True,All paths resolved
singleton_1928,[1928],1,Val,False,True,All paths resolved
singleton_548,[548],1,Train,False,True,All paths resolved
singleton_2530,[2530],1,Train,False,True,All paths resolved
singleton_157,[157],1,Train,False,True,All paths resolved
singleton_1148,[1148],1,Train,False,True,All paths resolved
singleton_144,[144],1,Train,False,True,All paths resolved
singleton_2092,[2092],1,Train,False,True,All paths resolved
singleton_141,[141],1,Test,False,True,All paths resolved
singleton_584,[584],1,Test,False,True,All paths resolved
singleton_1270,[1270],1,Train,False,True,All paths resolved
singleton_2087,[2087],1,Val,False,True,All paths resolved
singleton_2865,[2865],1,Test,False,True,All paths resolved
singleton_316,[316],1,Train,False,True,All paths resolved
singleton_493,[493],1,Train,False,True,All paths resolved
singleton_1351,[1351],1,Test,False,True,All paths resolved
singleton_588,[588],1,Test,False,True,All paths resolved
singleton_293,[293],1,Train,False,True,All paths resolved
singleton_1325,[1325],1,Train,False,True,All paths resolved
singleton_2249,[2249],1,Val,False,True,All paths resolved
singleton_2232,[2232],1,Train,False,True,All paths resolved
singleton_1026,[1026],1,Val,False,True,All paths resolved
singleton_1460,[1460],1,Train,False,True,All paths resolved
singleton_17,[17],1,Test,False,True,All paths resolved
dup_group_91,"[1759, 2657]",2,Train,False,True,All paths resolved
singleton_726,[726],1,Train,False,True,All paths resolved
singleton_84,[84],1,Train,False,True,All paths resolved
singleton_1981,[1981],1,Val,False,True,All paths resolved
singleton_1410,[1410],1,Val,False,True,All paths resolved
singleton_1279,[1279],1,Train,False,True,All paths resolved
singleton_386,[386],1,Test,False,True,All paths resolved
singleton_1856,[1856],1,Test,False,True,All paths resolved
singleton_2876,[2876],1,Train,False,True,All paths resolved
singleton_3168,[3168],1,Train,False,True,All paths resolved
singleton_528,[528],1,Test,False,True,All paths resolved
singleton_2573,[2573],1,Train,False,True,All paths resolved
singleton_3435,[3435],1,Train,False,True,All paths resolved
singleton_3472,[3472],1,Train,False,True,All paths resolved
singleton_3652,[3652],1,Train,False,True,All paths resolved
singleton_2805,[2805],1,Train,False,True,All paths resolved
singleton_1297,[1297],1,Train,False,True,All paths resolved
singleton_3383,[3383],1,Train,False,True,All paths resolved
dup_group_95,"[1763, 2661]",2,Test,False,True,All paths resolved
singleton_186,[186],1,Train,False,True,All paths resolved
singleton_2056,[2056],1,Train,False,True,All paths resolved
singleton_1852,[1852],1,Test,False,True,All paths resolved
singleton_2001,[2001],1,Train,False,True,All paths resolved
singleton_208,[208],1,Train,False,True,All paths resolved
singleton_1397,[1397],1,Train,False,True,All paths resolved
singleton_2164,[2164],1,Train,False,True,All paths resolved
singleton_1647,[1647],1,Train,False,True,All paths resolved
singleton_2668,[2668],1,Val,False,True,All paths resolved
singleton_1272,[1272],1,Train,False,True,All paths resolved
singleton_1195,[1195],1,Val,False,True,All paths resolved
singleton_1278,[1278],1,Train,False,True,All paths resolved
singleton_2308,[2308],1,Train,False,True,All paths resolved
dup_group_214,"[2551, 3033, 3301]",3,Train,False,True,All paths resolved
singleton_3545,[3545],1,Train,False,True,All paths resolved
dup_group_149,"[1832, 3174]",2,Train,False,True,All paths resolved
singleton_870,[870],1,Train,False,True,All paths resolved
singleton_2139,[2139],1,Train,False,True,All paths resolved
singleton_3404,[3404],1,Val,False,True,All paths resolved
singleton_1905,[1905],1,Test,False,True,All paths resolved
singleton_500,[500],1,Test,False,True,All paths resolved
singleton_1646,[1646],1,Train,False,True,All paths resolved
singleton_652,[652],1,Train,False,True,All paths resolved
singleton_2316,[2316],1,Val,False,True,All paths resolved
singleton_1997,[1997],1,Train,False,True,All paths resolved
singleton_1439,[1439],1,Train,False,True,All paths resolved
singleton_2156,[2156],1,Train,False,True,All paths resolved
singleton_1334,[1334],1,Train,False,True,All paths resolved
singleton_931,[931],1,Train,False,True,All paths resolved
singleton_1582,[1582],1,Test,False,True,All paths resolved
singleton_3087,[3087],1,Train,False,True,All paths resolved
singleton_2150,[2150],1,Train,False,True,All paths resolved
singleton_1426,[1426],1,Train,False,True,All paths resolved
singleton_356,[356],1,Train,False,True,All paths resolved
singleton_675,[675],1,Test,False,True,All paths resolved
singleton_1858,[1858],1,Train,False,True,All paths resolved
singleton_2012,[2012],1,Test,False,True,All paths resolved
singleton_2095,[2095],1,Train,False,True,All paths resolved
singleton_2256,[2256],1,Train,False,True,All paths resolved
singleton_1347,[1347],1,Train,False,True,All paths resolved
singleton_1874,[1874],1,Train,False,True,All paths resolved
singleton_2737,[2737],1,Train,False,True,All paths resolved
singleton_1954,[1954],1,Train,False,True,All paths resolved
singleton_3673,[3673],1,Train,False,True,All paths resolved
singleton_691,[691],1,Train,False,True,All paths resolved
singleton_3734,[3734],1,Val,False,True,All paths resolved
singleton_1057,[1057],1,Train,False,True,All paths resolved
dup_group_198,"[2431, 3346]",2,Val,False,True,All paths resolved
singleton_1688,[1688],1,Train,False,True,All paths resolved
singleton_2745,[2745],1,Train,False,True,All paths resolved
singleton_2872,[2872],1,Test,False,True,All paths resolved
singleton_1263,[1263],1,Train,False,True,All paths resolved
singleton_2766,[2766],1,Train,False,True,All paths resolved
dup_group_75,"[1741, 2641]",2,Train,False,True,All paths resolved
singleton_2501,[2501],1,Train,False,True,All paths resolved
singleton_2126,[2126],1,Test,False,True,All paths resolved
singleton_317,[317],1,Train,False,True,All paths resolved
singleton_196,[196],1,Train,False,True,All paths resolved
singleton_318,[318],1,Train,False,True,All paths resolved
singleton_2224,[2224],1,Train,False,True,All paths resolved
singleton_2920,[2920],1,Train,False,True,All paths resolved
dup_group_40,"[1412, 3627]",2,Train,False,True,All paths resolved
singleton_398,[398],1,Val,False,True,All paths resolved
dup_group_239,"[2936, 3262]",2,Test,False,True,All paths resolved
singleton_599,[599],1,Train,False,True,All paths resolved
dup_group_35,"[1198, 1264, 3408, 3751]",4,Val,False,True,All paths resolved
singleton_2159,[2159],1,Train,False,True,All paths resolved
singleton_3571,[3571],1,Train,False,True,All paths resolved
singleton_204,[204],1,Train,False,True,All paths resolved
dup_group_270,"[3017, 3066]",2,Train,False,True,All paths resolved
singleton_3216,[3216],1,Train,False,True,All paths resolved
singleton_3201,[3201],1,Train,False,True,All paths resolved
singleton_826,[826],1,Test,False,True,All paths resolved
singleton_986,[986],1,Train,False,True,All paths resolved
singleton_812,[812],1,Train,False,True,All paths resolved
singleton_953,[953],1,Train,False,True,All paths resolved
singleton_2807,[2807],1,Val,False,True,All paths resolved
singleton_360,[360],1,Train,False,True,All paths resolved
singleton_1366,[1366],1,Train,False,True,All paths resolved
singleton_37,[37],1,Test,False,True,All paths resolved
singleton_1611,[1611],1,Train,False,True,All paths resolved
singleton_2497,[2497],1,Train,False,True,All paths resolved
singleton_194,[194],1,Train,False,True,All paths resolved
singleton_1124,[1124],1,Val,False,True,All paths resolved
singleton_3086,[3086],1,Train,False,True,All paths resolved
singleton_1357,[1357],1,Test,False,True,All paths resolved
dup_group_191,"[2424, 3339]",2,Train,False,True,All paths resolved
singleton_1224,[1224],1,Test,False,True,All paths resolved
singleton_2607,[2607],1,Train,False,True,All paths resolved
singleton_1050,[1050],1,Train,False,True,All paths resolved
singleton_737,[737],1,Train,False,True,All paths resolved
singleton_1575,[1575],1,Train,False,True,All paths resolved
singleton_2177,[2177],1,Val,False,True,All paths resolved
singleton_270,[270],1,Test,False,True,All paths resolved
singleton_839,[839],1,Train,False,True,All paths resolved
singleton_927,[927],1,Train,False,True,All paths resolved
dup_group_31,"[1013, 1126]",2,Train,False,True,All paths resolved
singleton_1320,[1320],1,Train,False,True,All paths resolved
singleton_896,[896],1,Train,False,True,All paths resolved
singleton_1296,[1296],1,Train,False,True,All paths resolved
singleton_1311,[1311],1,Train,False,True,All paths resolved
singleton_2018,[2018],1,Train,False,True,All paths resolved
singleton_3462,[3462],1,Train,False,True,All paths resolved
singleton_3282,[3282],1,Val,False,True,All paths resolved
singleton_3605,[3605],1,Train,False,True,All paths resolved
singleton_344,[344],1,Train,False,True,All paths resolved
singleton_626,[626],1,Test,False,True,All paths resolved
singleton_1547,[1547],1,Test,False,True,All paths resolved
singleton_36,[36],1,Train,False,True,All paths resolved
singleton_2036,[2036],1,Test,False,True,All paths resolved
singleton_1842,[1842],1,Train,False,True,All paths resolved
singleton_1446,[1446],1,Train,False,True,All paths resolved
singleton_2695,[2695],1,Train,False,True,All paths resolved
singleton_43,[43],1,Train,False,True,All paths resolved
singleton_221,[221],1,Train,False,True,All paths resolved
singleton_1601,[1601],1,Train,False,True,All paths resolved
singleton_1034,[1034],1,Train,False,True,All paths resolved
singleton_1181,[1181],1,Train,False,True,All paths resolved
singleton_786,[786],1,Train,False,True,All paths resolved
singleton_389,[389],1,Test,False,True,All paths resolved
singleton_1138,[1138],1,Train,False,True,All paths resolved
singleton_1193,[1193],1,Train,False,True,All paths resolved
singleton_1707,[1707],1,Train,False,True,All paths resolved
singleton_2449,[2449],1,Test,False,True,All paths resolved
singleton_3200,[3200],1,Train,False,True,All paths resolved
singleton_1338,[1338],1,Train,False,True,All paths resolved
dup_group_205,"[2541, 3291]",2,Train,False,True,All paths resolved
singleton_649,[649],1,Train,False,True,All paths resolved
singleton_2094,[2094],1,Train,False,True,All paths resolved
singleton_515,[515],1,Train,False,True,All paths resolved
singleton_565,[565],1,Train,False,True,All paths resolved
singleton_2023,[2023],1,Test,False,True,All paths resolved
singleton_2190,[2190],1,Test,False,True,All paths resolved
singleton_2373,[2373],1,Test,False,True,All paths resolved
singleton_3589,[3589],1,Test,False,True,All paths resolved
singleton_2727,[2727],1,Val,False,True,All paths resolved
singleton_1831,[1831],1,Train,False,True,All paths resolved
singleton_371,[371],1,Train,False,True,All paths resolved
singleton_2740,[2740],1,Test,False,True,All paths resolved
singleton_3043,[3043],1,Train,False,True,All paths resolved
singleton_3224,[3224],1,Train,False,True,All paths resolved
singleton_1839,[1839],1,Test,False,True,All paths resolved
singleton_2088,[2088],1,Train,False,True,All paths resolved
singleton_2471,[2471],1,Train,False,True,All paths resolved
singleton_2359,[2359],1,Test,False,True,All paths resolved
singleton_429,[429],1,Test,False,True,All paths resolved
singleton_2592,[2592],1,Train,False,True,All paths resolved
singleton_830,[830],1,Train,False,True,All paths resolved
singleton_970,[970],1,Test,False,True,All paths resolved
singleton_715,[715],1,Train,False,True,All paths resolved
singleton_2280,[2280],1,Test,False,True,All paths resolved
singleton_1106,[1106],1,Train,False,True,All paths resolved
dup_group_27,"[934, 2046]",2,Train,False,True,All paths resolved
singleton_210,[210],1,Val,False,True,All paths resolved
singleton_1256,[1256],1,Val,False,True,All paths resolved
singleton_1889,[1889],1,Train,False,True,All paths resolved
dup_group_260,"[3006, 3056]",2,Test,False,True,All paths resolved
singleton_2723,[2723],1,Train,False,True,All paths resolved
dup_group_54,"[1716, 2616]",2,Train,False,True,All paths resolved
singleton_173,[173],1,Train,False,True,All paths resolved
singleton_2328,[2328],1,Train,False,True,All paths resolved
singleton_1525,[1525],1,Train,False,True,All paths resolved
dup_group_104,"[1773, 3118]",2,Train,False,True,All paths resolved
singleton_702,[702],1,Test,False,True,All paths resolved
singleton_2168,[2168],1,Train,False,True,All paths resolved
singleton_1500,[1500],1,Train,False,True,All paths resolved
singleton_1286,[1286],1,Train,False,True,All paths resolved
singleton_1404,[1404],1,Train,False,True,All paths resolved
singleton_3527,[3527],1,Train,False,True,All paths resolved
singleton_3620,[3620],1,Test,False,True,All paths resolved
singleton_333,[333],1,Train,False,True,All paths resolved
singleton_2788,[2788],1,Test,False,True,All paths resolved
singleton_3167,[3167],1,Test,False,True,All paths resolved
singleton_3287,[3287],1,Val,False,True,All paths resolved
singleton_928,[928],1,Train,False,True,All paths resolved
singleton_71,[71],1,Train,False,True,All paths resolved
singleton_2442,[2442],1,Train,False,True,All paths resolved
singleton_55,[55],1,Val,False,True,All paths resolved
singleton_64,[64],1,Train,False,True,All paths resolved
singleton_850,[850],1,Train,False,True,All paths resolved
dup_group_181,"[2414, 3329]",2,Train,False,True,All paths resolved
singleton_2904,[2904],1,Train,False,True,All paths resolved
singleton_760,[760],1,Train,False,True,All paths resolved
singleton_3106,[3106],1,Train,False,True,All paths resolved
singleton_1268,[1268],1,Test,False,True,All paths resolved
singleton_1298,[1298],1,Train,False,True,All paths resolved
singleton_232,[232],1,Train,False,True,All paths resolved
singleton_2304,[2304],1,Train,False,True,All paths resolved
singleton_923,[923],1,Train,False,True,All paths resolved
singleton_69,[69],1,Train,False,True,All paths resolved
singleton_423,[423],1,Test,False,True,All paths resolved
singleton_1237,[1237],1,Test,False,True,All paths resolved
singleton_2537,[2537],1,Val,False,True,All paths resolved
singleton_3425,[3425],1,Train,False,True,All paths resolved
singleton_1072,[1072],1,Train,False,True,All paths resolved
singleton_1487,[1487],1,Train,False,True,All paths resolved
singleton_1696,[1696],1,Test,False,True,All paths resolved
singleton_2101,[2101],1,Train,False,True,All paths resolved
singleton_2994,[2994],1,Train,False,True,All paths resolved
singleton_2472,[2472],1,Train,False,True,All paths resolved
singleton_320,[320],1,Train,False,True,All paths resolved
singleton_1392,[1392],1,Test,False,True,All paths resolved
singleton_3411,[3411],1,Val,False,True,All paths resolved
singleton_1403,[1403],1,Train,False,True,All paths resolved
singleton_225,[225],1,Train,False,True,All paths resolved
singleton_668,[668],1,Test,False,True,All paths resolved
singleton_1851,[1851],1,Train,False,True,All paths resolved
singleton_2621,[2621],1,Test,False,True,All paths resolved
singleton_328,[328],1,Train,False,True,All paths resolved
singleton_1167,[1167],1,Train,False,True,All paths resolved
singleton_3515,[3515],1,Test,False,True,All paths resolved
singleton_2372,[2372],1,Train,False,True,All paths resolved
singleton_2538,[2538],1,Val,False,True,All paths resolved
singleton_3080,[3080],1,Test,False,True,All paths resolved
singleton_3690,[3690],1,Train,False,True,All paths resolved
singleton_2292,[2292],1,Train,False,True,All paths resolved
singleton_329,[329],1,Train,False,True,All paths resolved
singleton_51,[51],1,Train,False,True,All paths resolved
singleton_178,[178],1,Train,False,True,All paths resolved
singleton_2161,[2161],1,Train,False,True,All paths resolved
singleton_2662,[2662],1,Train,False,True,All paths resolved
singleton_2979,[2979],1,Train,False,True,All paths resolved
dup_group_159,"[2392, 3307]",2,Train,False,True,All paths resolved
singleton_3700,[3700],1,Val,False,True,All paths resolved
singleton_799,[799],1,Val,False,True,All paths resolved
singleton_2832,[2832],1,Train,False,True,All paths resolved
singleton_695,[695],1,Test,False,True,All paths resolved
singleton_352,[352],1,Train,False,True,All paths resolved
singleton_2073,[2073],1,Train,False,True,All paths resolved
singleton_2663,[2663],1,Train,False,True,All paths resolved
singleton_2764,[2764],1,Train,False,True,All paths resolved
singleton_2840,[2840],1,Train,False,True,All paths resolved
singleton_1287,[1287],1,Test,False,True,All paths resolved
singleton_1359,[1359],1,Train,False,True,All paths resolved
dup_group_234,"[2914, 3250]",2,Train,False,True,All paths resolved
singleton_2463,[2463],1,Train,False,True,All paths resolved
dup_group_76,"[1742, 2642]",2,Val,False,True,All paths resolved
singleton_1857,[1857],1,Val,False,True,All paths resolved
singleton_2239,[2239],1,Train,False,True,All paths resolved
singleton_2013,[2013],1,Train,False,True,All paths resolved
singleton_348,[348],1,Train,False,True,All paths resolved
singleton_28,[28],1,Test,False,True,All paths resolved
singleton_1506,[1506],1,Train,False,True,All paths resolved
singleton_3607,[3607],1,Test,False,True,All paths resolved
singleton_727,[727],1,Train,False,True,All paths resolved
singleton_1672,[1672],1,Train,False,True,All paths resolved
singleton_327,[327],1,Train,False,True,All paths resolved
singleton_621,[621],1,Train,False,True,All paths resolved
singleton_1549,[1549],1,Train,False,True,All paths resolved
singleton_2147,[2147],1,Train,False,True,All paths resolved
singleton_1848,[1848],1,Test,False,True,All paths resolved
singleton_1569,[1569],1,Test,False,True,All paths resolved
singleton_2441,[2441],1,Train,False,True,All paths resolved
singleton_2622,[2622],1,Train,False,True,All paths resolved
singleton_631,[631],1,Train,False,True,All paths resolved
singleton_2053,[2053],1,Train,False,True,All paths resolved
singleton_2238,[2238],1,Train,False,True,All paths resolved
singleton_3666,[3666],1,Val,False,True,All paths resolved
singleton_554,[554],1,Train,False,True,All paths resolved
singleton_1228,[1228],1,Test,False,True,All paths resolved
singleton_1906,[1906],1,Test,False,True,All paths resolved
singleton_1149,[1149],1,Test,False,True,All paths resolved
singleton_2173,[2173],1,Train,False,True,All paths resolved
singleton_2476,[2476],1,Val,False,True,All paths resolved
singleton_2790,[2790],1,Train,False,True,All paths resolved
dup_group_258,"[3004, 3054]",2,Test,False,True,All paths resolved
singleton_1066,[1066],1,Train,False,True,All paths resolved
singleton_48,[48],1,Train,False,True,All paths resolved
singleton_273,[273],1,Train,False,True,All paths resolved
singleton_1528,[1528],1,Train,False,True,All paths resolved
singleton_1459,[1459],1,Train,False,True,All paths resolved
singleton_2028,[2028],1,Test,False,True,All paths resolved
singleton_1173,[1173],1,Val,False,True,All paths resolved
singleton_1305,[1305],1,Test,False,True,All paths resolved
singleton_323,[323],1,Val,False,True,All paths resolved
singleton_362,[362],1,Val,False,True,All paths resolved
singleton_663,[663],1,Train,False,True,All paths resolved
singleton_3511,[3511],1,Train,False,True,All paths resolved
singleton_2179,[2179],1,Train,False,True,All paths resolved
singleton_1185,[1185],1,Train,False,True,All paths resolved
singleton_2049,[2049],1,Train,False,True,All paths resolved
singleton_2195,[2195],1,Train,False,True,All paths resolved
singleton_33,[33],1,Test,False,True,All paths resolved
singleton_660,[660],1,Val,False,True,All paths resolved
singleton_2388,[2388],1,Test,False,True,All paths resolved
singleton_1329,[1329],1,Train,False,True,All paths resolved
singleton_2704,[2704],1,Train,False,True,All paths resolved
dup_group_147,"[1829, 3171]",2,Train,False,True,All paths resolved
singleton_1994,[1994],1,Train,False,True,All paths resolved
singleton_1222,[1222],1,Train,False,True,All paths resolved
singleton_2838,[2838],1,Train,False,True,All paths resolved
singleton_245,[245],1,Train,False,True,All paths resolved
singleton_1421,[1421],1,Train,False,True,All paths resolved
singleton_2964,[2964],1,Train,False,True,All paths resolved
singleton_2444,[2444],1,Train,False,True,All paths resolved
singleton_288,[288],1,Train,False,True,All paths resolved
dup_group_233,"[2913, 3249]",2,Train,False,True,All paths resolved
singleton_3260,[3260],1,Train,False,True,All paths resolved
singleton_2350,[2350],1,Train,False,True,All paths resolved
singleton_635,[635],1,Test,False,True,All paths resolved
dup_group_135,"[1815, 3156]",2,Val,False,True,All paths resolved
singleton_1233,[1233],1,Train,False,True,All paths resolved
singleton_791,[791],1,Test,False,True,All paths resolved
singleton_1645,[1645],1,Train,False,True,All paths resolved
singleton_3406,[3406],1,Train,False,True,All paths resolved
singleton_807,[807],1,Train,False,True,All paths resolved
singleton_3746,[3746],1,Test,False,True,All paths resolved
singleton_3108,[3108],1,Train,False,True,All paths resolved
singleton_944,[944],1,Train,False,True,All paths resolved
singleton_2134,[2134],1,Test,False,True,All paths resolved
singleton_2186,[2186],1,Train,False,True,All paths resolved
singleton_3598,[3598],1,Train,False,True,All paths resolved
singleton_2169,[2169],1,Train,False,True,All paths resolved
singleton_485,[485],1,Train,False,True,All paths resolved
singleton_1415,[1415],1,Test,False,True,All paths resolved
singleton_3708,[3708],1,Train,False,True,All paths resolved
singleton_214,[214],1,Train,False,True,All paths resolved
singleton_775,[775],1,Train,False,True,All paths resolved
singleton_2448,[2448],1,Train,False,True,All paths resolved
singleton_3412,[3412],1,Train,False,True,All paths resolved
singleton_3533,[3533],1,Train,False,True,All paths resolved
singleton_1000,[1000],1,Train,False,True,All paths resolved
singleton_1888,[1888],1,Train,False,True,All paths resolved
singleton_770,[770],1,Train,False,True,All paths resolved
singleton_2558,[2558],1,Val,False,True,All paths resolved
singleton_677,[677],1,Train,False,True,All paths resolved
singleton_1641,[1641],1,Test,False,True,All paths resolved
dup_group_121,"[1795, 3136]",2,Test,False,True,All paths resolved
dup_group_52,"[1714, 2614]",2,Test,False,True,All paths resolved
singleton_3219,[3219],1,Train,False,True,All paths resolved
singleton_1380,[1380],1,Val,False,True,All paths resolved
singleton_3540,[3540],1,Train,False,True,All paths resolved
singleton_2748,[2748],1,Train,False,True,All paths resolved
singleton_522,[522],1,Train,False,True,All paths resolved
singleton_286,[286],1,Train,False,True,All paths resolved
singleton_4,[4],1,Test,False,True,All paths resolved
singleton_2314,[2314],1,Train,False,True,All paths resolved
singleton_3721,[3721],1,Test,False,True,All paths resolved
singleton_882,[882],1,Train,False,True,All paths resolved
singleton_3151,[3151],1,Train,False,True,All paths resolved
singleton_938,[938],1,Test,False,True,All paths resolved
singleton_1285,[1285],1,Train,False,True,All paths resolved
singleton_780,[780],1,Train,False,True,All paths resolved
singleton_230,[230],1,Train,False,True,All paths resolved
singleton_2321,[2321],1,Train,False,True,All paths resolved
singleton_3500,[3500],1,Train,False,True,All paths resolved
singleton_2011,[2011],1,Train,False,True,All paths resolved
singleton_85,[85],1,Train,False,True,All paths resolved
singleton_1244,[1244],1,Train,False,True,All paths resolved
dup_group_209,"[2545, 2943, 3295]",3,Train,False,True,All paths resolved
singleton_3391,[3391],1,Test,False,True,All paths resolved
singleton_3615,[3615],1,Train,False,True,All paths resolved
singleton_367,[367],1,Train,False,True,All paths resolved
singleton_2322,[2322],1,Test,False,True,All paths resolved
singleton_3637,[3637],1,Train,False,True,All paths resolved
singleton_3088,[3088],1,Train,False,True,All paths resolved
singleton_3697,[3697],1,Train,False,True,All paths resolved
singleton_1964,[1964],1,Train,False,True,All paths resolved
singleton_577,[577],1,Val,False,True,All paths resolved
singleton_1371,[1371],1,Train,False,True,All paths resolved
singleton_1199,[1199],1,Train,False,True,All paths resolved
singleton_892,[892],1,Train,False,True,All paths resolved
singleton_1326,[1326],1,Train,False,True,All paths resolved
dup_group_67,"[1732, 2632]",2,Train,False,True,All paths resolved
singleton_778,[778],1,Train,False,True,All paths resolved
singleton_113,[113],1,Test,False,True,All paths resolved
singleton_3537,[3537],1,Train,False,True,All paths resolved
singleton_219,[219],1,Train,False,True,All paths resolved
singleton_3610,[3610],1,Train,False,True,All paths resolved
singleton_617,[617],1,Train,False,True,All paths resolved
singleton_2336,[2336],1,Train,False,True,All paths resolved
singleton_140,[140],1,Train,False,True,All paths resolved
singleton_213,[213],1,Train,False,True,All paths resolved
singleton_1970,[1970],1,Test,False,True,All paths resolved
singleton_3100,[3100],1,Test,False,True,All paths resolved
singleton_3283,[3283],1,Train,False,True,All paths resolved
singleton_1983,[1983],1,Train,False,True,All paths resolved
singleton_1001,[1001],1,Test,False,True,All paths resolved
singleton_957,[957],1,Train,False,True,All paths resolved
singleton_390,[390],1,Train,False,True,All paths resolved
singleton_3631,[3631],1,Test,False,True,All paths resolved
singleton_206,[206],1,Train,False,True,All paths resolved
singleton_1541,[1541],1,Test,False,True,All paths resolved
singleton_1364,[1364],1,Test,False,True,All paths resolved
singleton_2885,[2885],1,Test,False,True,All paths resolved
dup_group_248,"[2989, 3039]",2,Train,False,True,All paths resolved
singleton_3512,[3512],1,Train,False,True,All paths resolved
singleton_1945,[1945],1,Train,False,True,All paths resolved
dup_group_42,"[1509, 1510, 1511]",3,Train,False,True,All paths resolved
singleton_670,[670],1,Train,False,True,All paths resolved
singleton_3447,[3447],1,Val,False,True,All paths resolved
singleton_3405,[3405],1,Val,False,True,All paths resolved
singleton_3669,[3669],1,Train,False,True,All paths resolved
singleton_2960,[2960],1,Train,False,True,All paths resolved
singleton_1681,[1681],1,Test,False,True,All paths resolved
singleton_2568,[2568],1,Val,False,True,All paths resolved
singleton_3678,[3678],1,Test,False,True,All paths resolved
singleton_1476,[1476],1,Train,False,True,All paths resolved
singleton_3182,[3182],1,Val,False,True,All paths resolved
singleton_3183,[3183],1,Test,False,True,All paths resolved
singleton_924,[924],1,Train,False,True,All paths resolved
singleton_532,[532],1,Test,False,True,All paths resolved
singleton_1361,[1361],1,Test,False,True,All paths resolved
singleton_3723,[3723],1,Test,False,True,All paths resolved
singleton_601,[601],1,Train,False,True,All paths resolved
singleton_2333,[2333],1,Train,False,True,All paths resolved
singleton_2879,[2879],1,Test,False,True,All paths resolved
singleton_3551,[3551],1,Test,False,True,All paths resolved
singleton_357,[357],1,Train,False,True,All paths resolved
singleton_3582,[3582],1,Train,False,True,All paths resolved
singleton_416,[416],1,Train,False,True,All paths resolved
singleton_1801,[1801],1,Train,False,True,All paths resolved
singleton_3222,[3222],1,Val,False,True,All paths resolved
singleton_3437,[3437],1,Val,False,True,All paths resolved
singleton_3081,[3081],1,Train,False,True,All paths resolved
singleton_2381,[2381],1,Train,False,True,All paths resolved
singleton_2479,[2479],1,Train,False,True,All paths resolved
singleton_2454,[2454],1,Train,False,True,All paths resolved
singleton_2732,[2732],1,Train,False,True,All paths resolved
singleton_774,[774],1,Val,False,True,All paths resolved
singleton_999,[999],1,Train,False,True,All paths resolved
singleton_1137,[1137],1,Train,False,True,All paths resolved
singleton_120,[120],1,Val,False,True,All paths resolved
singleton_2377,[2377],1,Train,False,True,All paths resolved
singleton_1722,[1722],1,Train,False,True,All paths resolved
singleton_368,[368],1,Train,False,True,All paths resolved
singleton_597,[597],1,Train,False,True,All paths resolved
singleton_1873,[1873],1,Val,False,True,All paths resolved
singleton_102,[102],1,Train,False,True,All paths resolved
singleton_1112,[1112],1,Train,False,True,All paths resolved
singleton_2878,[2878],1,Test,False,True,All paths resolved
singleton_2608,[2608],1,Val,False,True,All paths resolved
singleton_1161,[1161],1,Test,False,True,All paths resolved
dup_group_280,"[3750, 3764]",2,Train,False,True,All paths resolved
singleton_3481,[3481],1,Train,False,True,All paths resolved
singleton_3403,[3403],1,Val,False,True,All paths resolved
singleton_91,[91],1,Train,False,True,All paths resolved
singleton_2853,[2853],1,Test,False,True,All paths resolved
singleton_650,[650],1,Train,False,True,All paths resolved
singleton_2254,[2254],1,Train,False,True,All paths resolved
singleton_704,[704],1,Train,False,True,All paths resolved
singleton_733,[733],1,Train,False,True,All paths resolved
singleton_1960,[1960],1,Test,False,True,All paths resolved
singleton_920,[920],1,Train,False,True,All paths resolved
singleton_3593,[3593],1,Train,False,True,All paths resolved
singleton_387,[387],1,Train,False,True,All paths resolved
singleton_1098,[1098],1,Train,False,True,All paths resolved
singleton_3048,[3048],1,Test,False,True,All paths resolved
singleton_2264,[2264],1,Train,False,True,All paths resolved
singleton_3659,[3659],1,Train,False,True,All paths resolved
singleton_242,[242],1,Test,False,True,All paths resolved
singleton_241,[241],1,Train,False,True,All paths resolved
singleton_1040,[1040],1,Train,False,True,All paths resolved
singleton_1168,[1168],1,Train,False,True,All paths resolved
singleton_1665,[1665],1,Val,False,True,All paths resolved
singleton_1283,[1283],1,Train,False,True,All paths resolved
singleton_2299,[2299],1,Test,False,True,All paths resolved
singleton_3073,[3073],1,Train,False,True,All paths resolved
singleton_3075,[3075],1,Train,False,True,All paths resolved
singleton_3667,[3667],1,Test,False,True,All paths resolved
singleton_104,[104],1,Test,False,True,All paths resolved
singleton_3594,[3594],1,Train,False,True,All paths resolved
singleton_3508,[3508],1,Test,False,True,All paths resolved
singleton_3521,[3521],1,Train,False,True,All paths resolved
singleton_902,[902],1,Val,False,True,All paths resolved
singleton_3092,[3092],1,Val,False,True,All paths resolved
singleton_3504,[3504],1,Train,False,True,All paths resolved
singleton_468,[468],1,Train,False,True,All paths resolved
singleton_1618,[1618],1,Train,False,True,All paths resolved
singleton_2109,[2109],1,Train,False,True,All paths resolved
singleton_2759,[2759],1,Train,False,True,All paths resolved
singleton_2954,[2954],1,Val,False,True,All paths resolved
dup_group_271,"[3018, 3067]",2,Test,False,True,All paths resolved
dup_group_45,"[1554, 1561]",2,Test,False,True,All paths resolved
dup_group_72,"[1738, 2638]",2,Train,False,True,All paths resolved
singleton_191,[191],1,Train,False,True,All paths resolved
singleton_432,[432],1,Train,False,True,All paths resolved
singleton_474,[474],1,Train,False,True,All paths resolved
singleton_345,[345],1,Train,False,True,All paths resolved
dup_group_58,"[1720, 2620]",2,Train,False,True,All paths resolved
singleton_720,[720],1,Test,False,True,All paths resolved
singleton_253,[253],1,Val,False,True,All paths resolved
singleton_283,[283],1,Train,False,True,All paths resolved
singleton_1903,[1903],1,Train,False,True,All paths resolved
singleton_1179,[1179],1,Test,False,True,All paths resolved
singleton_502,[502],1,Train,False,True,All paths resolved
dup_group_8,"[300, 304]",2,Train,False,True,All paths resolved
singleton_2457,[2457],1,Train,False,True,All paths resolved
singleton_3264,[3264],1,Train,False,True,All paths resolved
dup_group_88,"[1754, 2654]",2,Train,False,True,All paths resolved
singleton_1461,[1461],1,Train,False,True,All paths resolved
singleton_1531,[1531],1,Val,False,True,All paths resolved
singleton_598,[598],1,Train,False,True,All paths resolved
singleton_156,[156],1,Test,False,True,All paths resolved
dup_group_56,"[1718, 2618]",2,Train,False,True,All paths resolved
singleton_3492,[3492],1,Train,False,True,All paths resolved
singleton_2293,[2293],1,Test,False,True,All paths resolved
singleton_824,[824],1,Train,False,True,All paths resolved
singleton_1078,[1078],1,Train,False,True,All paths resolved
singleton_3203,[3203],1,Train,False,True,All paths resolved
singleton_222,[222],1,Test,False,True,All paths resolved
singleton_1055,[1055],1,Val,False,True,All paths resolved
singleton_1855,[1855],1,Test,False,True,All paths resolved
singleton_415,[415],1,Val,False,True,All paths resolved
singleton_3590,[3590],1,Test,False,True,All paths resolved
singleton_462,[462],1,Train,False,True,All paths resolved
singleton_1303,[1303],1,Test,False,True,All paths resolved
singleton_2044,[2044],1,Train,False,True,All paths resolved
dup_group_264,"[3010, 3060]",2,Train,False,True,All paths resolved
singleton_3501,[3501],1,Train,False,True,All paths resolved
dup_group_30,"[966, 1121]",2,Test,False,True,All paths resolved
singleton_572,[572],1,Train,False,True,All paths resolved
singleton_2758,[2758],1,Val,False,True,All paths resolved
singleton_122,[122],1,Train,False,True,All paths resolved
singleton_1520,[1520],1,Train,False,True,All paths resolved
singleton_3023,[3023],1,Train,False,True,All paths resolved
singleton_1943,[1943],1,Train,False,True,All paths resolved
singleton_3550,[3550],1,Val,False,True,All paths resolved
singleton_2318,[2318],1,Train,False,True,All paths resolved
singleton_3646,[3646],1,Test,False,True,All paths resolved
singleton_3247,[3247],1,Train,False,True,All paths resolved
singleton_1925,[1925],1,Train,False,True,All paths resolved
singleton_1056,[1056],1,Train,False,True,All paths resolved
singleton_1581,[1581],1,Train,False,True,All paths resolved
dup_group_192,"[2425, 3340]",2,Train,False,True,All paths resolved
singleton_2520,[2520],1,Test,False,True,All paths resolved
singleton_1513,[1513],1,Train,False,True,All paths resolved
singleton_1416,[1416],1,Train,False,True,All paths resolved
dup_group_161,"[2394, 3309]",2,Val,False,True,All paths resolved
singleton_2154,[2154],1,Test,False,True,All paths resolved
singleton_3465,[3465],1,Train,False,True,All paths resolved
singleton_103,[103],1,Train,False,True,All paths resolved
singleton_216,[216],1,Train,False,True,All paths resolved
singleton_1591,[1591],1,Train,False,True,All paths resolved
dup_group_108,"[1778, 3122]",2,Train,False,True,All paths resolved
dup_group_162,"[2395, 3310]",2,Train,False,True,All paths resolved
singleton_1576,[1576],1,Train,False,True,All paths resolved
singleton_2047,[2047],1,Train,False,True,All paths resolved
singleton_2531,[2531],1,Train,False,True,All paths resolved
singleton_3400,[3400],1,Train,False,True,All paths resolved
singleton_3742,[3742],1,Train,False,True,All paths resolved
singleton_438,[438],1,Train,False,True,All paths resolved
singleton_2291,[2291],1,Train,False,True,All paths resolved
singleton_1041,[1041],1,Test,False,True,All paths resolved
singleton_639,[639],1,Train,False,True,All paths resolved
singleton_655,[655],1,Test,False,True,All paths resolved
singleton_846,[846],1,Test,False,True,All paths resolved
singleton_1918,[1918],1,Train,False,True,All paths resolved
singleton_2243,[2243],1,Val,False,True,All paths resolved
singleton_3266,[3266],1,Test,False,True,All paths resolved
singleton_3388,[3388],1,Train,False,True,All paths resolved
singleton_3756,[3756],1,Train,False,True,All paths resolved
singleton_1339,[1339],1,Val,False,True,All paths resolved
singleton_2019,[2019],1,Test,False,True,All paths resolved
singleton_1154,[1154],1,Train,False,True,All paths resolved
dup_group_123,"[1797, 3138]",2,Train,False,True,All paths resolved
singleton_3463,[3463],1,Train,False,True,All paths resolved
dup_group_9,"[301, 305]",2,Train,False,True,All paths resolved
singleton_1957,[1957],1,Val,False,True,All paths resolved
singleton_2470,[2470],1,Train,False,True,All paths resolved
singleton_2513,[2513],1,Train,False,True,All paths resolved
singleton_473,[473],1,Val,False,True,All paths resolved
singleton_2319,[2319],1,Val,False,True,All paths resolved
dup_group_182,"[2415, 3330]",2,Train,False,True,All paths resolved
singleton_916,[916],1,Train,False,True,All paths resolved
singleton_2244,[2244],1,Test,False,True,All paths resolved
singleton_3392,[3392],1,Train,False,True,All paths resolved
singleton_656,[656],1,Test,False,True,All paths resolved
singleton_1657,[1657],1,Train,False,True,All paths resolved
singleton_3525,[3525],1,Train,False,True,All paths resolved
dup_group_196,"[2429, 3344]",2,Test,False,True,All paths resolved
singleton_3555,[3555],1,Train,False,True,All paths resolved
singleton_3095,[3095],1,Test,False,True,All paths resolved
dup_group_208,"[2544, 2897, 3220, 3234, 3294]",5,Test,False,True,All paths resolved
singleton_735,[735],1,Test,False,True,All paths resolved
singleton_441,[441],1,Val,False,True,All paths resolved
singleton_696,[696],1,Train,False,True,All paths resolved
singleton_843,[843],1,Test,False,True,All paths resolved
singleton_1401,[1401],1,Val,False,True,All paths resolved
singleton_732,[732],1,Train,False,True,All paths resolved
singleton_2193,[2193],1,Train,False,True,All paths resolved
singleton_3204,[3204],1,Train,False,True,All paths resolved
singleton_3393,[3393],1,Train,False,True,All paths resolved
singleton_736,[736],1,Train,False,True,All paths resolved
singleton_1391,[1391],1,Train,False,True,All paths resolved
singleton_2937,[2937],1,Test,False,True,All paths resolved
singleton_1448,[1448],1,Train,False,True,All paths resolved
singleton_1077,[1077],1,Train,False,True,All paths resolved
singleton_3432,[3432],1,Train,False,True,All paths resolved
singleton_259,[259],1,Train,False,True,All paths resolved
singleton_86,[86],1,Test,False,True,All paths resolved
singleton_2002,[2002],1,Train,False,True,All paths resolved
singleton_2966,[2966],1,Train,False,True,All paths resolved
dup_group_97,"[1765, 3111]",2,Test,False,True,All paths resolved
singleton_3727,[3727],1,Test,False,True,All paths resolved
singleton_3101,[3101],1,Test,False,True,All paths resolved
singleton_878,[878],1,Val,False,True,All paths resolved
singleton_2767,[2767],1,Train,False,True,All paths resolved
singleton_1508,[1508],1,Train,False,True,All paths resolved
dup_group_231,"[2910, 3246]",2,Train,False,True,All paths resolved
singleton_2035,[2035],1,Test,False,True,All paths resolved
singleton_112,[112],1,Test,False,True,All paths resolved
singleton_2724,[2724],1,Val,False,True,All paths resolved
singleton_796,[796],1,Train,False,True,All paths resolved
dup_group_128,"[1805, 3144]",2,Train,False,True,All paths resolved
singleton_1045,[1045],1,Val,False,True,All paths resolved
singleton_987,[987],1,Train,False,True,All paths resolved
singleton_654,[654],1,Test,False,True,All paths resolved
singleton_364,[364],1,Train,False,True,All paths resolved
singleton_1863,[1863],1,Train,False,True,All paths resolved
singleton_587,[587],1,Train,False,True,All paths resolved
singleton_3440,[3440],1,Train,False,True,All paths resolved
singleton_1609,[1609],1,Val,False,True,All paths resolved
singleton_3205,[3205],1,Train,False,True,All paths resolved
singleton_990,[990],1,Train,False,True,All paths resolved
singleton_1104,[1104],1,Test,False,True,All paths resolved
singleton_2919,[2919],1,Train,False,True,All paths resolved
singleton_470,[470],1,Train,False,True,All paths resolved
singleton_771,[771],1,Test,False,True,All paths resolved
singleton_1382,[1382],1,Train,False,True,All paths resolved
singleton_1881,[1881],1,Train,False,True,All paths resolved
dup_group_80,"[1746, 2646]",2,Test,False,True,All paths resolved
singleton_837,[837],1,Train,False,True,All paths resolved
singleton_1031,[1031],1,Test,False,True,All paths resolved
singleton_2061,[2061],1,Train,False,True,All paths resolved
singleton_692,[692],1,Train,False,True,All paths resolved
singleton_1974,[1974],1,Test,False,True,All paths resolved
singleton_1682,[1682],1,Test,False,True,All paths resolved
singleton_521,[521],1,Test,False,True,All paths resolved
singleton_860,[860],1,Train,False,True,All paths resolved
singleton_948,[948],1,Test,False,True,All paths resolved
singleton_2680,[2680],1,Train,False,True,All paths resolved
singleton_1335,[1335],1,Train,False,True,All paths resolved
singleton_2761,[2761],1,Val,False,True,All paths resolved
singleton_469,[469],1,Test,False,True,All paths resolved
singleton_2272,[2272],1,Train,False,True,All paths resolved
singleton_3520,[3520],1,Train,False,True,All paths resolved
singleton_60,[60],1,Test,False,True,All paths resolved
singleton_3645,[3645],1,Train,False,True,All paths resolved
singleton_2465,[2465],1,Val,False,True,All paths resolved
singleton_46,[46],1,Train,False,True,All paths resolved
singleton_3373,[3373],1,Test,False,True,All paths resolved
singleton_1565,[1565],1,Test,False,True,All paths resolved
singleton_2363,[2363],1,Test,False,True,All paths resolved
singleton_2460,[2460],1,Val,False,True,All paths resolved
singleton_1523,[1523],1,Train,False,True,All paths resolved
singleton_809,[809],1,Train,False,True,All paths resolved
singleton_1590,[1590],1,Train,False,True,All paths resolved
singleton_2514,[2514],1,Train,False,True,All paths resolved
dup_group_112,"[1784, 3127]",2,Train,False,True,All paths resolved
singleton_1166,[1166],1,Train,False,True,All paths resolved
singleton_239,[239],1,Train,False,True,All paths resolved
singleton_1626,[1626],1,Train,False,True,All paths resolved
singleton_1683,[1683],1,Train,False,True,All paths resolved
dup_group_71,"[1737, 2637]",2,Train,False,True,All paths resolved
singleton_1938,[1938],1,Test,False,True,All paths resolved
singleton_2331,[2331],1,Train,False,True,All paths resolved
singleton_3356,[3356],1,Test,False,True,All paths resolved
singleton_2138,[2138],1,Val,False,True,All paths resolved
singleton_1407,[1407],1,Val,False,True,All paths resolved
singleton_981,[981],1,Train,False,True,All paths resolved
singleton_3394,[3394],1,Test,False,True,All paths resolved
singleton_725,[725],1,Train,False,True,All paths resolved
singleton_199,[199],1,Test,False,True,All paths resolved
singleton_2225,[2225],1,Test,False,True,All paths resolved
singleton_1083,[1083],1,Test,False,True,All paths resolved
singleton_1689,[1689],1,Test,False,True,All paths resolved
singleton_248,[248],1,Val,False,True,All paths resolved
singleton_975,[975],1,Train,False,True,All paths resolved
singleton_483,[483],1,Train,False,True,All paths resolved
singleton_1379,[1379],1,Train,False,True,All paths resolved
singleton_257,[257],1,Train,False,True,All paths resolved
singleton_2178,[2178],1,Val,False,True,All paths resolved
singleton_3711,[3711],1,Train,False,True,All paths resolved
singleton_347,[347],1,Train,False,True,All paths resolved
singleton_1248,[1248],1,Train,False,True,All paths resolved
dup_group_277,"[3685, 3687, 3689]",3,Train,False,True,All paths resolved
singleton_1306,[1306],1,Train,False,True,All paths resolved
singleton_2007,[2007],1,Train,False,True,All paths resolved
singleton_1375,[1375],1,Test,False,True,All paths resolved
singleton_1422,[1422],1,Train,False,True,All paths resolved
singleton_41,[41],1,Val,False,True,All paths resolved
singleton_1673,[1673],1,Train,False,True,All paths resolved
singleton_149,[149],1,Train,False,True,All paths resolved
singleton_1952,[1952],1,Train,False,True,All paths resolved
singleton_2795,[2795],1,Val,False,True,All paths resolved
singleton_815,[815],1,Train,False,True,All paths resolved
singleton_2455,[2455],1,Train,False,True,All paths resolved
dup_group_193,"[2426, 3341]",2,Val,False,True,All paths resolved
dup_group_251,"[2996, 3046]",2,Train,False,True,All paths resolved
singleton_1223,[1223],1,Train,False,True,All paths resolved
singleton_2215,[2215],1,Val,False,True,All paths resolved
singleton_411,[411],1,Train,False,True,All paths resolved
singleton_1941,[1941],1,Train,False,True,All paths resolved
singleton_2204,[2204],1,Train,False,True,All paths resolved
dup_group_242,"[2942, 3268]",2,Train,False,True,All paths resolved
singleton_249,[249],1,Test,False,True,All paths resolved
singleton_3188,[3188],1,Train,False,True,All paths resolved
singleton_2606,[2606],1,Test,False,True,All paths resolved
singleton_361,[361],1,Train,False,True,All paths resolved
singleton_991,[991],1,Train,False,True,All paths resolved
singleton_1598,[1598],1,Test,False,True,All paths resolved
singleton_1675,[1675],1,Test,False,True,All paths resolved
singleton_974,[974],1,Test,False,True,All paths resolved
singleton_1877,[1877],1,Train,False,True,All paths resolved
dup_group_272,"[3019, 3068]",2,Train,False,True,All paths resolved
dup_group_70,"[1735, 2635]",2,Test,False,True,All paths resolved
singleton_1866,[1866],1,Train,False,True,All paths resolved
singleton_2228,[2228],1,Test,False,True,All paths resolved
singleton_3624,[3624],1,Train,False,True,All paths resolved
singleton_434,[434],1,Val,False,True,All paths resolved
singleton_243,[243],1,Val,False,True,All paths resolved
singleton_61,[61],1,Train,False,True,All paths resolved
singleton_1153,[1153],1,Test,False,True,All paths resolved
singleton_1128,[1128],1,Test,False,True,All paths resolved
singleton_256,[256],1,Train,False,True,All paths resolved
singleton_1695,[1695],1,Train,False,True,All paths resolved
singleton_1953,[1953],1,Val,False,True,All paths resolved
dup_group_276,"[3630, 3668]",2,Train,False,True,All paths resolved
singleton_2356,[2356],1,Test,False,True,All paths resolved
singleton_857,[857],1,Train,False,True,All paths resolved
singleton_1930,[1930],1,Test,False,True,All paths resolved
singleton_1652,[1652],1,Train,False,True,All paths resolved
singleton_18,[18],1,Train,False,True,All paths resolved
singleton_659,[659],1,Train,False,True,All paths resolved
singleton_1324,[1324],1,Train,False,True,All paths resolved
singleton_2170,[2170],1,Val,False,True,All paths resolved
singleton_105,[105],1,Train,False,True,All paths resolved
singleton_679,[679],1,Test,False,True,All paths resolved
singleton_712,[712],1,Train,False,True,All paths resolved
singleton_358,[358],1,Train,False,True,All paths resolved
singleton_2978,[2978],1,Train,False,True,All paths resolved
singleton_2340,[2340],1,Train,False,True,All paths resolved
dup_group_275,"[3455, 3456]",2,Train,False,True,All paths resolved
singleton_1240,[1240],1,Train,False,True,All paths resolved
singleton_1923,[1923],1,Val,False,True,All paths resolved
singleton_1469,[1469],1,Val,False,True,All paths resolved
singleton_1926,[1926],1,Test,False,True,All paths resolved
singleton_3071,[3071],1,Test,False,True,All paths resolved
singleton_3541,[3541],1,Train,False,True,All paths resolved
singleton_3738,[3738],1,Test,False,True,All paths resolved
singleton_1708,[1708],1,Train,False,True,All paths resolved
singleton_240,[240],1,Train,False,True,All paths resolved
singleton_906,[906],1,Train,False,True,All paths resolved
singleton_963,[963],1,Val,False,True,All paths resolved
singleton_93,[93],1,Train,False,True,All paths resolved
singleton_129,[129],1,Train,False,True,All paths resolved
singleton_59,[59],1,Train,False,True,All paths resolved
singleton_394,[394],1,Train,False,True,All paths resolved
singleton_1143,[1143],1,Test,False,True,All paths resolved
singleton_504,[504],1,Train,False,True,All paths resolved
singleton_3710,[3710],1,Train,False,True,All paths resolved
singleton_2968,[2968],1,Train,False,True,All paths resolved
singleton_1606,[1606],1,Train,False,True,All paths resolved
singleton_872,[872],1,Train,False,True,All paths resolved
singleton_2143,[2143],1,Train,False,True,All paths resolved
singleton_1654,[1654],1,Test,False,True,All paths resolved
singleton_939,[939],1,Train,False,True,All paths resolved
singleton_1988,[1988],1,Test,False,True,All paths resolved
singleton_3518,[3518],1,Train,False,True,All paths resolved
singleton_2174,[2174],1,Train,False,True,All paths resolved
singleton_1389,[1389],1,Train,False,True,All paths resolved
singleton_2461,[2461],1,Train,False,True,All paths resolved
singleton_2589,[2589],1,Train,False,True,All paths resolved
singleton_3568,[3568],1,Train,False,True,All paths resolved
singleton_3643,[3643],1,Test,False,True,All paths resolved
singleton_845,[845],1,Train,False,True,All paths resolved
singleton_1453,[1453],1,Train,False,True,All paths resolved
singleton_636,[636],1,Train,False,True,All paths resolved
singleton_2016,[2016],1,Train,False,True,All paths resolved
singleton_3599,[3599],1,Train,False,True,All paths resolved
singleton_2189,[2189],1,Val,False,True,All paths resolved
singleton_2962,[2962],1,Train,False,True,All paths resolved
singleton_2981,[2981],1,Train,False,True,All paths resolved
singleton_1327,[1327],1,Train,False,True,All paths resolved
dup_group_21,"[538, 539]",2,Train,False,True,All paths resolved
singleton_648,[648],1,Test,False,True,All paths resolved
singleton_226,[226],1,Test,False,True,All paths resolved
singleton_1208,[1208],1,Train,False,True,All paths resolved
singleton_3034,[3034],1,Train,False,True,All paths resolved
singleton_2325,[2325],1,Train,False,True,All paths resolved
singleton_2933,[2933],1,Train,False,True,All paths resolved
singleton_1313,[1313],1,Train,False,True,All paths resolved
singleton_972,[972],1,Train,False,True,All paths resolved
singleton_1430,[1430],1,Train,False,True,All paths resolved
singleton_2815,[2815],1,Train,False,True,All paths resolved
dup_group_62,"[1726, 2626]",2,Test,False,True,All paths resolved
singleton_1799,[1799],1,Train,False,True,All paths resolved
singleton_756,[756],1,Val,False,True,All paths resolved
singleton_849,[849],1,Train,False,True,All paths resolved
singleton_2508,[2508],1,Train,False,True,All paths resolved
singleton_2540,[2540],1,Test,False,True,All paths resolved
singleton_3576,[3576],1,Test,False,True,All paths resolved
singleton_495,[495],1,Train,False,True,All paths resolved
singleton_3717,[3717],1,Train,False,True,All paths resolved
singleton_2052,[2052],1,Train,False,True,All paths resolved
singleton_619,[619],1,Train,False,True,All paths resolved
singleton_3628,[3628],1,Train,False,True,All paths resolved
singleton_2342,[2342],1,Test,False,True,All paths resolved
singleton_3473,[3473],1,Train,False,True,All paths resolved
singleton_885,[885],1,Train,False,True,All paths resolved
singleton_108,[108],1,Train,False,True,All paths resolved
singleton_1880,[1880],1,Train,False,True,All paths resolved
singleton_2166,[2166],1,Train,False,True,All paths resolved
singleton_2803,[2803],1,Train,False,True,All paths resolved
singleton_2074,[2074],1,Train,False,True,All paths resolved
dup_group_106,"[1775, 3120]",2,Train,False,True,All paths resolved
singleton_2694,[2694],1,Train,False,True,All paths resolved
singleton_2205,[2205],1,Train,False,True,All paths resolved
singleton_1150,[1150],1,Test,False,True,All paths resolved
singleton_132,[132],1,Train,False,True,All paths resolved
dup_group_113,"[1785, 3128]",2,Train,False,True,All paths resolved
singleton_2368,[2368],1,Train,False,True,All paths resolved
singleton_211,[211],1,Test,False,True,All paths resolved
singleton_1969,[1969],1,Train,False,True,All paths resolved
singleton_3195,[3195],1,Train,False,True,All paths resolved
singleton_2539,[2539],1,Val,False,True,All paths resolved
singleton_1700,[1700],1,Train,False,True,All paths resolved
singleton_209,[209],1,Train,False,True,All paths resolved
singleton_930,[930],1,Train,False,True,All paths resolved
singleton_3365,[3365],1,Train,False,True,All paths resolved
singleton_1834,[1834],1,Val,False,True,All paths resolved
singleton_9,[9],1,Val,False,True,All paths resolved
singleton_1821,[1821],1,Train,False,True,All paths resolved
singleton_517,[517],1,Test,False,True,All paths resolved
singleton_3478,[3478],1,Train,False,True,All paths resolved
singleton_133,[133],1,Test,False,True,All paths resolved
singleton_2070,[2070],1,Train,False,True,All paths resolved
singleton_3572,[3572],1,Train,False,True,All paths resolved
singleton_551,[551],1,Train,False,True,All paths resolved
singleton_2268,[2268],1,Train,False,True,All paths resolved
singleton_2453,[2453],1,Train,False,True,All paths resolved
singleton_39,[39],1,Train,False,True,All paths resolved
singleton_2961,[2961],1,Val,False,True,All paths resolved
singleton_1887,[1887],1,Train,False,True,All paths resolved
singleton_3490,[3490],1,Train,False,True,All paths resolved
singleton_2839,[2839],1,Train,False,True,All paths resolved
singleton_50,[50],1,Test,False,True,All paths resolved
singleton_2597,[2597],1,Train,False,True,All paths resolved
singleton_1931,[1931],1,Test,False,True,All paths resolved
singleton_1079,[1079],1,Train,False,True,All paths resolved
singleton_3653,[3653],1,Train,False,True,All paths resolved
singleton_2599,[2599],1,Val,False,True,All paths resolved
singleton_2351,[2351],1,Train,False,True,All paths resolved
singleton_1423,[1423],1,Test,False,True,All paths resolved
singleton_883,[883],1,Train,False,True,All paths resolved
singleton_1483,[1483],1,Train,False,True,All paths resolved
singleton_1638,[1638],1,Val,False,True,All paths resolved
singleton_40,[40],1,Train,False,True,All paths resolved
singleton_3452,[3452],1,Train,False,True,All paths resolved
singleton_1356,[1356],1,Train,False,True,All paths resolved
singleton_3707,[3707],1,Train,False,True,All paths resolved
singleton_610,[610],1,Train,False,True,All paths resolved
singleton_3076,[3076],1,Val,False,True,All paths resolved
singleton_3632,[3632],1,Train,False,True,All paths resolved
singleton_729,[729],1,Train,False,True,All paths resolved
singleton_262,[262],1,Train,False,True,All paths resolved
singleton_1573,[1573],1,Val,False,True,All paths resolved
singleton_2528,[2528],1,Train,False,True,All paths resolved
singleton_2511,[2511],1,Val,False,True,All paths resolved
singleton_1363,[1363],1,Train,False,True,All paths resolved
singleton_943,[943],1,Test,False,True,All paths resolved
singleton_2846,[2846],1,Train,False,True,All paths resolved
dup_group_65,"[1729, 2629]",2,Train,False,True,All paths resolved
singleton_2024,[2024],1,Train,False,True,All paths resolved
singleton_3562,[3562],1,Val,False,True,All paths resolved
singleton_1405,[1405],1,Train,False,True,All paths resolved
singleton_3402,[3402],1,Train,False,True,All paths resolved
singleton_633,[633],1,Train,False,True,All paths resolved
singleton_306,[306],1,Train,False,True,All paths resolved
singleton_1535,[1535],1,Val,False,True,All paths resolved
singleton_25,[25],1,Val,False,True,All paths resolved
singleton_680,[680],1,Train,False,True,All paths resolved
singleton_1021,[1021],1,Train,False,True,All paths resolved
singleton_2765,[2765],1,Train,False,True,All paths resolved
singleton_1038,[1038],1,Train,False,True,All paths resolved
singleton_3077,[3077],1,Test,False,True,All paths resolved
singleton_131,[131],1,Val,False,True,All paths resolved
singleton_1301,[1301],1,Train,False,True,All paths resolved
singleton_1367,[1367],1,Train,False,True,All paths resolved
singleton_277,[277],1,Train,False,True,All paths resolved
singleton_1316,[1316],1,Train,False,True,All paths resolved
dup_group_139,"[1819, 3160]",2,Train,False,True,All paths resolved
singleton_2944,[2944],1,Train,False,True,All paths resolved
singleton_3286,[3286],1,Train,False,True,All paths resolved
singleton_913,[913],1,Train,False,True,All paths resolved
dup_group_151,"[1882, 1886]",2,Train,False,True,All paths resolved
singleton_2199,[2199],1,Train,False,True,All paths resolved
dup_group_22,"[716, 855]",2,Train,False,True,All paths resolved
singleton_579,[579],1,Train,False,True,All paths resolved
singleton_1406,[1406],1,Train,False,True,All paths resolved
singleton_217,[217],1,Test,False,True,All paths resolved
dup_group_93,"[1761, 2659]",2,Train,False,True,All paths resolved
singleton_267,[267],1,Train,False,True,All paths resolved
singleton_1259,[1259],1,Train,False,True,All paths resolved
singleton_1414,[1414],1,Train,False,True,All paths resolved
dup_group_117,"[1791, 3132]",2,Train,False,True,All paths resolved
singleton_1346,[1346],1,Train,False,True,All paths resolved
singleton_1891,[1891],1,Val,False,True,All paths resolved
singleton_1653,[1653],1,Train,False,True,All paths resolved
singleton_1935,[1935],1,Train,False,True,All paths resolved
singleton_2060,[2060],1,Train,False,True,All paths resolved
singleton_2987,[2987],1,Train,False,True,All paths resolved
singleton_3359,[3359],1,Train,False,True,All paths resolved
singleton_3608,[3608],1,Train,False,True,All paths resolved
singleton_373,[373],1,Test,False,True,All paths resolved
singleton_3179,[3179],1,Test,False,True,All paths resolved
singleton_1417,[1417],1,Train,False,True,All paths resolved
singleton_2921,[2921],1,Val,False,True,All paths resolved
singleton_697,[697],1,Train,False,True,All paths resolved
singleton_3385,[3385],1,Train,False,True,All paths resolved
singleton_480,[480],1,Train,False,True,All paths resolved
singleton_3580,[3580],1,Train,False,True,All paths resolved
singleton_644,[644],1,Train,False,True,All paths resolved
singleton_2693,[2693],1,Train,False,True,All paths resolved
singleton_1475,[1475],1,Train,False,True,All paths resolved
singleton_1570,[1570],1,Train,False,True,All paths resolved
singleton_1920,[1920],1,Train,False,True,All paths resolved
dup_group_180,"[2413, 3328]",2,Train,False,True,All paths resolved
singleton_3446,[3446],1,Train,False,True,All paths resolved
singleton_1779,[1779],1,Train,False,True,All paths resolved
singleton_2518,[2518],1,Train,False,True,All paths resolved
singleton_1234,[1234],1,Train,False,True,All paths resolved
singleton_501,[501],1,Val,False,True,All paths resolved
singleton_234,[234],1,Train,False,True,All paths resolved
singleton_2009,[2009],1,Val,False,True,All paths resolved
singleton_1136,[1136],1,Train,False,True,All paths resolved
singleton_3258,[3258],1,Train,False,True,All paths resolved
singleton_3732,[3732],1,Train,False,True,All paths resolved
singleton_1191,[1191],1,Val,False,True,All paths resolved
singleton_1044,[1044],1,Train,False,True,All paths resolved
singleton_3461,[3461],1,Test,False,True,All paths resolved
singleton_87,[87],1,Train,False,True,All paths resolved
singleton_2040,[2040],1,Train,False,True,All paths resolved
singleton_3477,[3477],1,Train,False,True,All paths resolved
singleton_3517,[3517],1,Train,False,True,All paths resolved
singleton_717,[717],1,Train,False,True,All paths resolved
singleton_488,[488],1,Train,False,True,All paths resolved
singleton_2861,[2861],1,Train,False,True,All paths resolved
singleton_2927,[2927],1,Train,False,True,All paths resolved
singleton_1648,[1648],1,Train,False,True,All paths resolved
singleton_1451,[1451],1,Train,False,True,All paths resolved
singleton_3096,[3096],1,Train,False,True,All paths resolved
singleton_3614,[3614],1,Test,False,True,All paths resolved
singleton_903,[903],1,Train,False,True,All paths resolved
singleton_2837,[2837],1,Train,False,True,All paths resolved
singleton_3597,[3597],1,Train,False,True,All paths resolved
dup_group_131,"[1808, 3147]",2,Train,False,True,All paths resolved
singleton_1919,[1919],1,Test,False,True,All paths resolved
singleton_3191,[3191],1,Test,False,True,All paths resolved
singleton_2516,[2516],1,Train,False,True,All paths resolved
singleton_3503,[3503],1,Train,False,True,All paths resolved
singleton_3154,[3154],1,Test,False,True,All paths resolved
singleton_472,[472],1,Train,False,True,All paths resolved
singleton_1010,[1010],1,Train,False,True,All paths resolved
singleton_915,[915],1,Train,False,True,All paths resolved
singleton_2692,[2692],1,Test,False,True,All paths resolved
singleton_874,[874],1,Train,False,True,All paths resolved
singleton_2710,[2710],1,Train,False,True,All paths resolved
singleton_1227,[1227],1,Train,False,True,All paths resolved
singleton_1157,[1157],1,Train,False,True,All paths resolved
singleton_1257,[1257],1,Train,False,True,All paths resolved
singleton_581,[581],1,Train,False,True,All paths resolved
dup_group_92,"[1760, 2658]",2,Train,False,True,All paths resolved
singleton_2231,[2231],1,Train,False,True,All paths resolved
singleton_746,[746],1,Train,False,True,All paths resolved
singleton_2375,[2375],1,Train,False,True,All paths resolved
singleton_808,[808],1,Train,False,True,All paths resolved
singleton_2559,[2559],1,Test,False,True,All paths resolved
singleton_1239,[1239],1,Train,False,True,All paths resolved
singleton_1376,[1376],1,Train,False,True,All paths resolved
singleton_1534,[1534],1,Train,False,True,All paths resolved
singleton_388,[388],1,Train,False,True,All paths resolved
singleton_2572,[2572],1,Test,False,True,All paths resolved
singleton_2330,[2330],1,Train,False,True,All paths resolved
singleton_3741,[3741],1,Test,False,True,All paths resolved
dup_group_1,"[95, 96]",2,Test,False,True,All paths resolved
singleton_2270,[2270],1,Train,False,True,All paths resolved
singleton_3613,[3613],1,Train,False,True,All paths resolved
singleton_710,[710],1,Train,False,True,All paths resolved
singleton_3409,[3409],1,Train,False,True,All paths resolved
singleton_1568,[1568],1,Train,False,True,All paths resolved
singleton_383,[383],1,Train,False,True,All paths resolved
singleton_2306,[2306],1,Train,False,True,All paths resolved
singleton_1854,[1854],1,Test,False,True,All paths resolved
singleton_426,[426],1,Val,False,True,All paths resolved
singleton_3680,[3680],1,Train,False,True,All paths resolved
singleton_1664,[1664],1,Train,False,True,All paths resolved
singleton_1162,[1162],1,Train,False,True,All paths resolved
singleton_3259,[3259],1,Test,False,True,All paths resolved
singleton_955,[955],1,Test,False,True,All paths resolved
singleton_611,[611],1,Train,False,True,All paths resolved
singleton_686,[686],1,Train,False,True,All paths resolved
singleton_1846,[1846],1,Train,False,True,All paths resolved
singleton_2119,[2119],1,Val,False,True,All paths resolved
singleton_2093,[2093],1,Train,False,True,All paths resolved
singleton_1139,[1139],1,Train,False,True,All paths resolved
singleton_867,[867],1,Train,False,True,All paths resolved
singleton_1853,[1853],1,Test,False,True,All paths resolved
singleton_1593,[1593],1,Val,False,True,All paths resolved
singleton_2703,[2703],1,Train,False,True,All paths resolved
singleton_2738,[2738],1,Train,False,True,All paths resolved
singleton_2843,[2843],1,Train,False,True,All paths resolved
singleton_375,[375],1,Train,False,True,All paths resolved
dup_group_190,"[2423, 3338]",2,Test,False,True,All paths resolved
singleton_3716,[3716],1,Train,False,True,All paths resolved
singleton_58,[58],1,Train,False,True,All paths resolved
singleton_3386,[3386],1,Val,False,True,All paths resolved
singleton_2585,[2585],1,Train,False,True,All paths resolved
singleton_2286,[2286],1,Val,False,True,All paths resolved
singleton_287,[287],1,Test,False,True,All paths resolved
singleton_2458,[2458],1,Train,False,True,All paths resolved
singleton_2999,[2999],1,Train,False,True,All paths resolved
singleton_3497,[3497],1,Train,False,True,All paths resolved
singleton_2245,[2245],1,Test,False,True,All paths resolved
singleton_2289,[2289],1,Train,False,True,All paths resolved
singleton_1984,[1984],1,Test,False,True,All paths resolved
singleton_2529,[2529],1,Train,False,True,All paths resolved
singleton_3623,[3623],1,Train,False,True,All paths resolved
singleton_2918,[2918],1,Train,False,True,All paths resolved
singleton_2247,[2247],1,Train,False,True,All paths resolved
singleton_672,[672],1,Train,False,True,All paths resolved
singleton_2165,[2165],1,Train,False,True,All paths resolved
singleton_2706,[2706],1,Train,False,True,All paths resolved
singleton_1274,[1274],1,Test,False,True,All paths resolved
singleton_3221,[3221],1,Train,False,True,All paths resolved
singleton_2146,[2146],1,Train,False,True,All paths resolved
singleton_1277,[1277],1,Test,False,True,All paths resolved
singleton_343,[343],1,Train,False,True,All paths resolved
singleton_2831,[2831],1,Train,False,True,All paths resolved
singleton_3173,[3173],1,Train,False,True,All paths resolved
singleton_2055,[2055],1,Train,False,True,All paths resolved
singleton_3648,[3648],1,Train,False,True,All paths resolved
singleton_1007,[1007],1,Test,False,True,All paths resolved
singleton_1457,[1457],1,Train,False,True,All paths resolved
singleton_3476,[3476],1,Train,False,True,All paths resolved
singleton_3543,[3543],1,Train,False,True,All paths resolved
singleton_1017,[1017],1,Train,False,True,All paths resolved
singleton_1633,[1633],1,Train,False,True,All paths resolved
singleton_2324,[2324],1,Train,False,True,All paths resolved
singleton_77,[77],1,Train,False,True,All paths resolved
singleton_1649,[1649],1,Test,False,True,All paths resolved
singleton_68,[68],1,Train,False,True,All paths resolved
singleton_2317,[2317],1,Train,False,True,All paths resolved
singleton_2555,[2555],1,Train,False,True,All paths resolved
singleton_2115,[2115],1,Test,False,True,All paths resolved
singleton_856,[856],1,Val,False,True,All paths resolved
singleton_1551,[1551],1,Val,False,True,All paths resolved
singleton_1676,[1676],1,Val,False,True,All paths resolved
singleton_280,[280],1,Train,False,True,All paths resolved
singleton_2519,[2519],1,Train,False,True,All paths resolved
singleton_1218,[1218],1,Train,False,True,All paths resolved
singleton_1433,[1433],1,Train,False,True,All paths resolved
singleton_785,[785],1,Val,False,True,All paths resolved
singleton_3644,[3644],1,Train,False,True,All paths resolved
singleton_3367,[3367],1,Train,False,True,All paths resolved
singleton_3417,[3417],1,Test,False,True,All paths resolved
singleton_739,[739],1,Train,False,True,All paths resolved
singleton_3364,[3364],1,Train,False,True,All paths resolved
singleton_296,[296],1,Train,False,True,All paths resolved
singleton_1418,[1418],1,Train,False,True,All paths resolved
singleton_3228,[3228],1,Train,False,True,All paths resolved
singleton_134,[134],1,Test,False,True,All paths resolved
singleton_2512,[2512],1,Train,False,True,All paths resolved
singleton_3524,[3524],1,Train,False,True,All paths resolved
singleton_34,[34],1,Train,False,True,All paths resolved
dup_group_84,"[1750, 2650]",2,Train,False,True,All paths resolved
singleton_2089,[2089],1,Train,False,True,All paths resolved
singleton_1625,[1625],1,Test,False,True,All paths resolved
dup_group_265,"[3011, 3061]",2,Train,False,True,All paths resolved
singleton_2883,[2883],1,Train,False,True,All paths resolved
singleton_585,[585],1,Val,False,True,All paths resolved
singleton_3366,[3366],1,Val,False,True,All paths resolved
singleton_1518,[1518],1,Train,False,True,All paths resolved
singleton_941,[941],1,Train,False,True,All paths resolved
singleton_724,[724],1,Train,False,True,All paths resolved
dup_group_23,"[819, 905]",2,Train,False,True,All paths resolved
dup_group_83,"[1749, 2649]",2,Val,False,True,All paths resolved
singleton_511,[511],1,Test,False,True,All paths resolved
dup_group_134,"[1811, 3150]",2,Train,False,True,All paths resolved
singleton_550,[550],1,Train,False,True,All paths resolved
singleton_1628,[1628],1,Train,False,True,All paths resolved
singleton_3458,[3458],1,Train,False,True,All paths resolved
singleton_1082,[1082],1,Train,False,True,All paths resolved
singleton_852,[852],1,Train,False,True,All paths resolved
singleton_1135,[1135],1,Train,False,True,All paths resolved
singleton_1310,[1310],1,Train,False,True,All paths resolved
singleton_3153,[3153],1,Train,False,True,All paths resolved
singleton_2474,[2474],1,Train,False,True,All paths resolved
singleton_1462,[1462],1,Train,False,True,All paths resolved
singleton_2596,[2596],1,Train,False,True,All paths resolved
singleton_2763,[2763],1,Train,False,True,All paths resolved
singleton_2339,[2339],1,Train,False,True,All paths resolved
singleton_2992,[2992],1,Val,False,True,All paths resolved
dup_group_216,"[2578, 3024]",2,Test,False,True,All paths resolved
dup_group_78,"[1744, 2644]",2,Train,False,True,All paths resolved
singleton_3529,[3529],1,Train,False,True,All paths resolved
singleton_907,[907],1,Train,False,True,All paths resolved
singleton_2379,[2379],1,Train,False,True,All paths resolved
singleton_2926,[2926],1,Test,False,True,All paths resolved
singleton_976,[976],1,Test,False,True,All paths resolved
singleton_840,[840],1,Test,False,True,All paths resolved
dup_group_115,"[1789, 3130]",2,Train,False,True,All paths resolved
singleton_514,[514],1,Train,False,True,All paths resolved
singleton_1998,[1998],1,Train,False,True,All paths resolved
dup_group_210,"[2546, 2946, 3296]",3,Train,False,True,All paths resolved
singleton_3450,[3450],1,Train,False,True,All paths resolved
singleton_200,[200],1,Val,False,True,All paths resolved
singleton_3695,[3695],1,Test,False,True,All paths resolved
singleton_431,[431],1,Train,False,True,All paths resolved
singleton_2855,[2855],1,Train,False,True,All paths resolved
singleton_2577,[2577],1,Train,False,True,All paths resolved
singleton_3189,[3189],1,Val,False,True,All paths resolved
singleton_2768,[2768],1,Train,False,True,All paths resolved
singleton_1114,[1114],1,Train,False,True,All paths resolved
singleton_2443,[2443],1,Train,False,True,All paths resolved
singleton_437,[437],1,Train,False,True,All paths resolved
singleton_2267,[2267],1,Val,False,True,All paths resolved
singleton_3238,[3238],1,Train,False,True,All paths resolved
singleton_2136,[2136],1,Val,False,True,All paths resolved
singleton_335,[335],1,Train,False,True,All paths resolved
singleton_338,[338],1,Train,False,True,All paths resolved
singleton_2116,[2116],1,Train,False,True,All paths resolved
singleton_1059,[1059],1,Test,False,True,All paths resolved
singleton_1494,[1494],1,Val,False,True,All paths resolved
singleton_2151,[2151],1,Train,False,True,All paths resolved
singleton_752,[752],1,Train,False,True,All paths resolved
singleton_2494,[2494],1,Train,False,True,All paths resolved
singleton_3395,[3395],1,Val,False,True,All paths resolved
singleton_742,[742],1,Train,False,True,All paths resolved
singleton_2584,[2584],1,Train,False,True,All paths resolved
singleton_526,[526],1,Train,False,True,All paths resolved
singleton_3360,[3360],1,Train,False,True,All paths resolved
singleton_747,[747],1,Train,False,True,All paths resolved
dup_group_61,"[1725, 2625]",2,Test,False,True,All paths resolved
singleton_2801,[2801],1,Train,False,True,All paths resolved
dup_group_136,"[1816, 3157]",2,Train,False,True,All paths resolved
singleton_1159,[1159],1,Train,False,True,All paths resolved
singleton_2802,[2802],1,Train,False,True,All paths resolved
dup_group_273,"[3020, 3069]",2,Train,False,True,All paths resolved
singleton_3416,[3416],1,Test,False,True,All paths resolved
singleton_1979,[1979],1,Train,False,True,All paths resolved
singleton_298,[298],1,Test,False,True,All paths resolved
singleton_2029,[2029],1,Val,False,True,All paths resolved
singleton_1419,[1419],1,Train,False,True,All paths resolved
singleton_3606,[3606],1,Train,False,True,All paths resolved
singleton_544,[544],1,Train,False,True,All paths resolved
singleton_802,[802],1,Val,False,True,All paths resolved
dup_group_154,"[2382, 2972]",2,Train,False,True,All paths resolved
singleton_2750,[2750],1,Train,False,True,All paths resolved
singleton_172,[172],1,Val,False,True,All paths resolved
singleton_1353,[1353],1,Train,False,True,All paths resolved
dup_group_243,"[2947, 3269]",2,Train,False,True,All paths resolved
singleton_3480,[3480],1,Test,False,True,All paths resolved
singleton_1289,[1289],1,Train,False,True,All paths resolved
singleton_1910,[1910],1,Val,False,True,All paths resolved
singleton_1447,[1447],1,Val,False,True,All paths resolved
singleton_520,[520],1,Train,False,True,All paths resolved
singleton_1684,[1684],1,Val,False,True,All paths resolved
singleton_2236,[2236],1,Train,False,True,All paths resolved
singleton_2717,[2717],1,Train,False,True,All paths resolved
singleton_3758,[3758],1,Train,False,True,All paths resolved
singleton_1944,[1944],1,Val,False,True,All paths resolved
dup_group_111,"[1783, 3126]",2,Train,False,True,All paths resolved
singleton_1434,[1434],1,Train,False,True,All paths resolved
singleton_1962,[1962],1,Test,False,True,All paths resolved
singleton_1095,[1095],1,Train,False,True,All paths resolved
singleton_3696,[3696],1,Train,False,True,All paths resolved
singleton_261,[261],1,Train,False,True,All paths resolved
singleton_1102,[1102],1,Train,False,True,All paths resolved
singleton_309,[309],1,Train,False,True,All paths resolved
singleton_956,[956],1,Test,False,True,All paths resolved
singleton_1894,[1894],1,Test,False,True,All paths resolved
singleton_2604,[2604],1,Train,False,True,All paths resolved
singleton_681,[681],1,Test,False,True,All paths resolved
dup_group_60,"[1724, 2624]",2,Train,False,True,All paths resolved
singleton_123,[123],1,Train,False,True,All paths resolved
singleton_275,[275],1,Train,False,True,All paths resolved
singleton_170,[170],1,Test,False,True,All paths resolved
singleton_570,[570],1,Val,False,True,All paths resolved
singleton_647,[647],1,Train,False,True,All paths resolved
singleton_1607,[1607],1,Train,False,True,All paths resolved
singleton_2038,[2038],1,Train,False,True,All paths resolved
singleton_3532,[3532],1,Train,False,True,All paths resolved
singleton_3471,[3471],1,Test,False,True,All paths resolved
singleton_433,[433],1,Train,False,True,All paths resolved
singleton_198,[198],1,Train,False,True,All paths resolved
singleton_2485,[2485],1,Val,False,True,All paths resolved
singleton_2567,[2567],1,Train,False,True,All paths resolved
singleton_706,[706],1,Train,False,True,All paths resolved
singleton_2438,[2438],1,Train,False,True,All paths resolved
singleton_1245,[1245],1,Train,False,True,All paths resolved
singleton_3362,[3362],1,Test,False,True,All paths resolved
singleton_1390,[1390],1,Train,False,True,All paths resolved
singleton_3289,[3289],1,Val,False,True,All paths resolved
singleton_2288,[2288],1,Train,False,True,All paths resolved
singleton_1895,[1895],1,Train,False,True,All paths resolved
singleton_2605,[2605],1,Train,False,True,All paths resolved
singleton_3444,[3444],1,Train,False,True,All paths resolved
dup_group_11,"[381, 2523]",2,Test,False,True,All paths resolved
singleton_1368,[1368],1,Train,False,True,All paths resolved
singleton_2588,[2588],1,Train,False,True,All paths resolved
singleton_1250,[1250],1,Test,False,True,All paths resolved
singleton_1024,[1024],1,Train,False,True,All paths resolved
singleton_2760,[2760],1,Train,False,True,All paths resolved
singleton_3650,[3650],1,Train,False,True,All paths resolved
singleton_2698,[2698],1,Val,False,True,All paths resolved
singleton_2881,[2881],1,Train,False,True,All paths resolved
singleton_3626,[3626],1,Train,False,True,All paths resolved
singleton_2343,[2343],1,Test,False,True,All paths resolved
singleton_980,[980],1,Train,False,True,All paths resolved
singleton_1035,[1035],1,Train,False,True,All paths resolved
dup_group_102,"[1771, 3116]",2,Train,False,True,All paths resolved
singleton_3453,[3453],1,Test,False,True,All paths resolved
singleton_2744,[2744],1,Train,False,True,All paths resolved
singleton_2796,[2796],1,Train,False,True,All paths resolved
singleton_3475,[3475],1,Val,False,True,All paths resolved
singleton_2564,[2564],1,Train,False,True,All paths resolved
singleton_614,[614],1,Train,False,True,All paths resolved
singleton_643,[643],1,Train,False,True,All paths resolved
singleton_1178,[1178],1,Test,False,True,All paths resolved
singleton_1107,[1107],1,Train,False,True,All paths resolved
singleton_146,[146],1,Train,False,True,All paths resolved
singleton_1685,[1685],1,Train,False,True,All paths resolved
singleton_3280,[3280],1,Train,False,True,All paths resolved
singleton_2203,[2203],1,Test,False,True,All paths resolved
singleton_2928,[2928],1,Test,False,True,All paths resolved
singleton_533,[533],1,Train,False,True,All paths resolved
singleton_236,[236],1,Train,False,True,All paths resolved
singleton_1616,[1616],1,Test,False,True,All paths resolved
dup_group_129,"[1806, 3145]",2,Train,False,True,All paths resolved
singleton_3285,[3285],1,Train,False,True,All paths resolved
singleton_175,[175],1,Train,False,True,All paths resolved
singleton_3443,[3443],1,Train,False,True,All paths resolved
singleton_2594,[2594],1,Train,False,True,All paths resolved
singleton_1204,[1204],1,Train,False,True,All paths resolved
singleton_2965,[2965],1,Train,False,True,All paths resolved
singleton_325,[325],1,Train,False,True,All paths resolved
singleton_1837,[1837],1,Train,False,True,All paths resolved
singleton_1937,[1937],1,Train,False,True,All paths resolved
singleton_1948,[1948],1,Train,False,True,All paths resolved
singleton_1238,[1238],1,Test,False,True,All paths resolved
singleton_1776,[1776],1,Train,False,True,All paths resolved
singleton_2477,[2477],1,Test,False,True,All paths resolved
singleton_925,[925],1,Train,False,True,All paths resolved
singleton_1016,[1016],1,Test,False,True,All paths resolved
singleton_1009,[1009],1,Train,False,True,All paths resolved
singleton_2227,[2227],1,Test,False,True,All paths resolved
singleton_1442,[1442],1,Train,False,True,All paths resolved
singleton_543,[543],1,Test,False,True,All paths resolved
singleton_965,[965],1,Val,False,True,All paths resolved
singleton_998,[998],1,Test,False,True,All paths resolved
singleton_1482,[1482],1,Train,False,True,All paths resolved
singleton_1369,[1369],1,Test,False,True,All paths resolved
singleton_2042,[2042],1,Test,False,True,All paths resolved
singleton_2067,[2067],1,Train,False,True,All paths resolved
singleton_3209,[3209],1,Train,False,True,All paths resolved
singleton_3372,[3372],1,Train,False,True,All paths resolved
singleton_3765,[3765],1,Train,False,True,All paths resolved
singleton_2144,[2144],1,Test,False,True,All paths resolved
singleton_145,[145],1,Test,False,True,All paths resolved
singleton_183,[183],1,Train,False,True,All paths resolved
singleton_1758,[1758],1,Train,False,True,All paths resolved
singleton_1660,[1660],1,Test,False,True,All paths resolved
singleton_399,[399],1,Train,False,True,All paths resolved
singleton_899,[899],1,Test,False,True,All paths resolved
singleton_3494,[3494],1,Train,False,True,All paths resolved
singleton_2527,[2527],1,Train,False,True,All paths resolved
singleton_512,[512],1,Train,False,True,All paths resolved
singleton_1766,[1766],1,Test,False,True,All paths resolved
singleton_1932,[1932],1,Train,False,True,All paths resolved
dup_group_263,"[3009, 3059]",2,Train,False,True,All paths resolved
singleton_3712,[3712],1,Test,False,True,All paths resolved
singleton_2817,[2817],1,Test,False,True,All paths resolved
singleton_443,[443],1,Train,False,True,All paths resolved
singleton_1484,[1484],1,Train,False,True,All paths resolved
singleton_3665,[3665],1,Train,False,True,All paths resolved
singleton_445,[445],1,Train,False,True,All paths resolved
singleton_1370,[1370],1,Test,False,True,All paths resolved
singleton_3022,[3022],1,Train,False,True,All paths resolved
singleton_76,[76],1,Train,False,True,All paths resolved
singleton_3107,[3107],1,Train,False,True,All paths resolved
singleton_385,[385],1,Train,False,True,All paths resolved
singleton_1545,[1545],1,Test,False,True,All paths resolved
singleton_571,[571],1,Train,False,True,All paths resolved
singleton_3078,[3078],1,Train,False,True,All paths resolved
singleton_1546,[1546],1,Train,False,True,All paths resolved
dup_group_68,"[1733, 2633]",2,Val,False,True,All paths resolved
singleton_2302,[2302],1,Test,False,True,All paths resolved
singleton_2296,[2296],1,Train,False,True,All paths resolved
singleton_1352,[1352],1,Train,False,True,All paths resolved
singleton_2844,[2844],1,Val,False,True,All paths resolved
singleton_3641,[3641],1,Train,False,True,All paths resolved
singleton_1869,[1869],1,Train,False,True,All paths resolved
singleton_1429,[1429],1,Train,False,True,All paths resolved
singleton_2037,[2037],1,Test,False,True,All paths resolved
singleton_56,[56],1,Train,False,True,All paths resolved
singleton_2218,[2218],1,Train,False,True,All paths resolved
singleton_2207,[2207],1,Train,False,True,All paths resolved
singleton_1146,[1146],1,Train,False,True,All paths resolved
singleton_2370,[2370],1,Train,False,True,All paths resolved
singleton_422,[422],1,Train,False,True,All paths resolved
singleton_1155,[1155],1,Test,False,True,All paths resolved
singleton_3661,[3661],1,Test,False,True,All paths resolved
dup_group_269,"[3016, 3065]",2,Test,False,True,All paths resolved
singleton_2874,[2874],1,Train,False,True,All paths resolved
singleton_1529,[1529],1,Train,False,True,All paths resolved
singleton_1897,[1897],1,Train,False,True,All paths resolved
dup_group_44,"[1552, 1559]",2,Train,False,True,All paths resolved
singleton_384,[384],1,Test,False,True,All paths resolved
singleton_2678,[2678],1,Train,False,True,All paths resolved
singleton_72,[72],1,Train,False,True,All paths resolved
singleton_754,[754],1,Test,False,True,All paths resolved
singleton_669,[669],1,Train,False,True,All paths resolved
singleton_3587,[3587],1,Train,False,True,All paths resolved
singleton_1495,[1495],1,Train,False,True,All paths resolved
dup_group_188,"[2421, 3336]",2,Train,False,True,All paths resolved
singleton_1813,[1813],1,Train,False,True,All paths resolved
singleton_1706,[1706],1,Train,False,True,All paths resolved
singleton_151,[151],1,Train,False,True,All paths resolved
singleton_3530,[3530],1,Test,False,True,All paths resolved
singleton_964,[964],1,Train,False,True,All paths resolved
singleton_2775,[2775],1,Train,False,True,All paths resolved
singleton_1438,[1438],1,Train,False,True,All paths resolved
singleton_982,[982],1,Train,False,True,All paths resolved
dup_group_94,"[1762, 2660]",2,Train,False,True,All paths resolved
singleton_1533,[1533],1,Train,False,True,All paths resolved
singleton_2882,[2882],1,Train,False,True,All paths resolved
singleton_2720,[2720],1,Train,False,True,All paths resolved
singleton_393,[393],1,Train,False,True,All paths resolved
singleton_750,[750],1,Train,False,True,All paths resolved
singleton_3703,[3703],1,Test,False,True,All paths resolved
singleton_1504,[1504],1,Train,False,True,All paths resolved
singleton_477,[477],1,Train,False,True,All paths resolved
singleton_749,[749],1,Train,False,True,All paths resolved
singleton_3596,[3596],1,Test,False,True,All paths resolved
singleton_773,[773],1,Train,False,True,All paths resolved
singleton_2495,[2495],1,Train,False,True,All paths resolved
singleton_578,[578],1,Train,False,True,All paths resolved
singleton_1571,[1571],1,Train,False,True,All paths resolved
singleton_2209,[2209],1,Train,False,True,All paths resolved
singleton_1373,[1373],1,Val,False,True,All paths resolved
dup_group_81,"[1747, 2647]",2,Train,False,True,All paths resolved
singleton_1005,[1005],1,Test,False,True,All paths resolved
singleton_2797,[2797],1,Val,False,True,All paths resolved
singleton_3429,[3429],1,Train,False,True,All paths resolved
singleton_753,[753],1,Train,False,True,All paths resolved
singleton_2783,[2783],1,Test,False,True,All paths resolved
dup_group_13,"[421, 425, 444]",3,Train,False,True,All paths resolved
singleton_1209,[1209],1,Train,False,True,All paths resolved
singleton_2833,[2833],1,Train,False,True,All paths resolved
singleton_560,[560],1,Train,False,True,All paths resolved
singleton_3433,[3433],1,Train,False,True,All paths resolved
singleton_282,[282],1,Test,False,True,All paths resolved
dup_group_215,"[2552, 3109, 3302]",3,Test,False,True,All paths resolved
singleton_1900,[1900],1,Train,False,True,All paths resolved
singleton_3744,[3744],1,Train,False,True,All paths resolved
singleton_2008,[2008],1,Val,False,True,All paths resolved
singleton_912,[912],1,Train,False,True,All paths resolved
singleton_75,[75],1,Train,False,True,All paths resolved
singleton_2665,[2665],1,Test,False,True,All paths resolved
singleton_3421,[3421],1,Test,False,True,All paths resolved
singleton_1898,[1898],1,Train,False,True,All paths resolved
singleton_537,[537],1,Val,False,True,All paths resolved
singleton_1844,[1844],1,Train,False,True,All paths resolved
singleton_1402,[1402],1,Test,False,True,All paths resolved
singleton_70,[70],1,Train,False,True,All paths resolved
singleton_382,[382],1,Train,False,True,All paths resolved
singleton_800,[800],1,Test,False,True,All paths resolved
singleton_1020,[1020],1,Train,False,True,All paths resolved
singleton_279,[279],1,Train,False,True,All paths resolved
singleton_254,[254],1,Test,False,True,All paths resolved
singleton_2149,[2149],1,Train,False,True,All paths resolved
singleton_3274,[3274],1,Train,False,True,All paths resolved
singleton_505,[505],1,Train,False,True,All paths resolved
singleton_604,[604],1,Train,False,True,All paths resolved
singleton_414,[414],1,Train,False,True,All paths resolved
singleton_1400,[1400],1,Train,False,True,All paths resolved
singleton_1315,[1315],1,Val,False,True,All paths resolved
dup_group_140,"[1820, 3161]",2,Test,False,True,All paths resolved
singleton_1003,[1003],1,Train,False,True,All paths resolved
singleton_1145,[1145],1,Test,False,True,All paths resolved
singleton_2275,[2275],1,Train,False,True,All paths resolved
singleton_1189,[1189],1,Train,False,True,All paths resolved
singleton_3583,[3583],1,Test,False,True,All paths resolved
singleton_263,[263],1,Train,False,True,All paths resolved
singleton_1251,[1251],1,Train,False,True,All paths resolved
singleton_818,[818],1,Train,False,True,All paths resolved
singleton_911,[911],1,Train,False,True,All paths resolved
dup_group_245,"[2951, 3271]",2,Test,False,True,All paths resolved
singleton_817,[817],1,Val,False,True,All paths resolved
singleton_740,[740],1,Train,False,True,All paths resolved
singleton_3509,[3509],1,Train,False,True,All paths resolved
dup_group_175,"[2408, 3323]",2,Train,False,True,All paths resolved
singleton_3718,[3718],1,Train,False,True,All paths resolved
dup_group_116,"[1790, 3131]",2,Train,False,True,All paths resolved
singleton_1428,[1428],1,Train,False,True,All paths resolved
singleton_2480,[2480],1,Train,False,True,All paths resolved
singleton_153,[153],1,Train,False,True,All paths resolved
singleton_1553,[1553],1,Train,False,True,All paths resolved
singleton_2682,[2682],1,Train,False,True,All paths resolved
singleton_2985,[2985],1,Train,False,True,All paths resolved
dup_group_227,"[2906, 3242]",2,Train,False,True,All paths resolved
singleton_721,[721],1,Train,False,True,All paths resolved
singleton_2369,[2369],1,Test,False,True,All paths resolved
singleton_3519,[3519],1,Val,False,True,All paths resolved
singleton_3671,[3671],1,Train,False,True,All paths resolved
singleton_1213,[1213],1,Val,False,True,All paths resolved
singleton_237,[237],1,Test,False,True,All paths resolved
singleton_2674,[2674],1,Train,False,True,All paths resolved
singleton_3622,[3622],1,Train,False,True,All paths resolved
dup_group_124,"[1798, 3139]",2,Test,False,True,All paths resolved
dup_group_185,"[2418, 3333]",2,Test,False,True,All paths resolved
singleton_2587,[2587],1,Train,False,True,All paths resolved
singleton_609,[609],1,Train,False,True,All paths resolved
singleton_1485,[1485],1,Train,False,True,All paths resolved
singleton_2525,[2525],1,Train,False,True,All paths resolved
singleton_1023,[1023],1,Test,False,True,All paths resolved
singleton_2903,[2903],1,Train,False,True,All paths resolved
dup_group_144,"[1825, 3165]",2,Val,False,True,All paths resolved
singleton_2263,[2263],1,Train,False,True,All paths resolved
singleton_1341,[1341],1,Test,False,True,All paths resolved
singleton_1814,[1814],1,Val,False,True,All paths resolved
singleton_1385,[1385],1,Train,False,True,All paths resolved
singleton_402,[402],1,Train,False,True,All paths resolved
singleton_2285,[2285],1,Train,False,True,All paths resolved
singleton_3538,[3538],1,Val,False,True,All paths resolved
singleton_3676,[3676],1,Test,False,True,All paths resolved
singleton_396,[396],1,Train,False,True,All paths resolved
singleton_195,[195],1,Train,False,True,All paths resolved
singleton_1800,[1800],1,Train,False,True,All paths resolved
singleton_379,[379],1,Train,False,True,All paths resolved
singleton_1201,[1201],1,Train,False,True,All paths resolved
singleton_3636,[3636],1,Test,False,True,All paths resolved
singleton_1577,[1577],1,Train,False,True,All paths resolved
singleton_2502,[2502],1,Train,False,True,All paths resolved
singleton_1455,[1455],1,Train,False,True,All paths resolved
singleton_3176,[3176],1,Val,False,True,All paths resolved
singleton_3579,[3579],1,Train,False,True,All paths resolved
singleton_3284,[3284],1,Train,False,True,All paths resolved
singleton_3588,[3588],1,Train,False,True,All paths resolved
singleton_3714,[3714],1,Train,False,True,All paths resolved
dup_group_34,"[1165, 1182]",2,Train,False,True,All paths resolved
singleton_1217,[1217],1,Train,False,True,All paths resolved
dup_group_267,"[3014, 3063]",2,Test,False,True,All paths resolved
singleton_734,[734],1,Train,False,True,All paths resolved
singleton_1318,[1318],1,Train,False,True,All paths resolved
dup_group_218,"[2580, 3026]",2,Val,False,True,All paths resolved
singleton_1131,[1131],1,Train,False,True,All paths resolved
singleton_1662,[1662],1,Train,False,True,All paths resolved
singleton_2440,[2440],1,Train,False,True,All paths resolved
singleton_116,[116],1,Train,False,True,All paths resolved
singleton_628,[628],1,Train,False,True,All paths resolved
singleton_161,[161],1,Train,False,True,All paths resolved
singleton_2100,[2100],1,Test,False,True,All paths resolved
singleton_895,[895],1,Train,False,True,All paths resolved
singleton_769,[769],1,Test,False,True,All paths resolved
singleton_549,[549],1,Train,False,True,All paths resolved
singleton_827,[827],1,Train,False,True,All paths resolved
singleton_1517,[1517],1,Train,False,True,All paths resolved
singleton_2137,[2137],1,Train,False,True,All paths resolved
singleton_3401,[3401],1,Train,False,True,All paths resolved
singleton_3424,[3424],1,Train,False,True,All paths resolved
singleton_1235,[1235],1,Train,False,True,All paths resolved
singleton_536,[536],1,Train,False,True,All paths resolved
singleton_3602,[3602],1,Train,False,True,All paths resolved
singleton_284,[284],1,Test,False,True,All paths resolved
singleton_637,[637],1,Train,False,True,All paths resolved
singleton_642,[642],1,Train,False,True,All paths resolved
singleton_2184,[2184],1,Test,False,True,All paths resolved
singleton_154,[154],1,Train,False,True,All paths resolved
singleton_3353,[3353],1,Train,False,True,All paths resolved
singleton_1340,[1340],1,Train,False,True,All paths resolved
singleton_3441,[3441],1,Train,False,True,All paths resolved
singleton_1133,[1133],1,Train,False,True,All paths resolved
singleton_2211,[2211],1,Train,False,True,All paths resolved
singleton_67,[67],1,Val,False,True,All paths resolved
singleton_719,[719],1,Train,False,True,All paths resolved
singleton_1978,[1978],1,Train,False,True,All paths resolved
singleton_2208,[2208],1,Train,False,True,All paths resolved
singleton_1989,[1989],1,Train,False,True,All paths resolved
singleton_2509,[2509],1,Train,False,True,All paths resolved
singleton_340,[340],1,Train,False,True,All paths resolved
singleton_165,[165],1,Test,False,True,All paths resolved
dup_group_130,"[1807, 3146]",2,Train,False,True,All paths resolved
dup_group_7,"[299, 303]",2,Test,False,True,All paths resolved
singleton_2729,[2729],1,Val,False,True,All paths resolved
singleton_290,[290],1,Train,False,True,All paths resolved
singleton_2757,[2757],1,Train,False,True,All paths resolved
singleton_3231,[3231],1,Train,False,True,All paths resolved
singleton_2505,[2505],1,Train,False,True,All paths resolved
singleton_978,[978],1,Train,False,True,All paths resolved
singleton_1308,[1308],1,Train,False,True,All paths resolved
singleton_2015,[2015],1,Test,False,True,All paths resolved
singleton_2799,[2799],1,Train,False,True,All paths resolved
singleton_1940,[1940],1,Train,False,True,All paths resolved
singleton_2569,[2569],1,Train,False,True,All paths resolved
singleton_274,[274],1,Test,False,True,All paths resolved
singleton_3226,[3226],1,Train,False,True,All paths resolved
singleton_2478,[2478],1,Test,False,True,All paths resolved
singleton_1192,[1192],1,Train,False,True,All paths resolved
dup_group_156,"[2389, 3304]",2,Train,False,True,All paths resolved
singleton_1599,[1599],1,Train,False,True,All paths resolved
singleton_1859,[1859],1,Train,False,True,All paths resolved
singleton_2439,[2439],1,Train,False,True,All paths resolved
singleton_1074,[1074],1,Train,False,True,All paths resolved
singleton_231,[231],1,Train,False,True,All paths resolved
singleton_1465,[1465],1,Test,False,True,All paths resolved
singleton_2201,[2201],1,Train,False,True,All paths resolved
singleton_3036,[3036],1,Train,False,True,All paths resolved
singleton_959,[959],1,Train,False,True,All paths resolved
singleton_2711,[2711],1,Train,False,True,All paths resolved
singleton_1934,[1934],1,Train,False,True,All paths resolved
dup_group_118,"[1792, 3133]",2,Test,False,True,All paths resolved
singleton_2828,[2828],1,Train,False,True,All paths resolved
singleton_1002,[1002],1,Train,False,True,All paths resolved
singleton_3488,[3488],1,Train,False,True,All paths resolved
singleton_2792,[2792],1,Train,False,True,All paths resolved
singleton_530,[530],1,Train,False,True,All paths resolved
singleton_1054,[1054],1,Train,False,True,All paths resolved
singleton_137,[137],1,Train,False,True,All paths resolved
singleton_1975,[1975],1,Train,False,True,All paths resolved
singleton_3502,[3502],1,Train,False,True,All paths resolved
singleton_99,[99],1,Train,False,True,All paths resolved
singleton_1540,[1540],1,Train,False,True,All paths resolved
singleton_2778,[2778],1,Train,False,True,All paths resolved
singleton_1314,[1314],1,Train,False,True,All paths resolved
singleton_1396,[1396],1,Train,False,True,All paths resolved
singleton_1958,[1958],1,Train,False,True,All paths resolved
singleton_3211,[3211],1,Test,False,True,All paths resolved
singleton_755,[755],1,Train,False,True,All paths resolved
singleton_795,[795],1,Train,False,True,All paths resolved
singleton_3355,[3355],1,Val,False,True,All paths resolved
singleton_466,[466],1,Train,False,True,All paths resolved
singleton_1908,[1908],1,Val,False,True,All paths resolved
singleton_2967,[2967],1,Train,False,True,All paths resolved
singleton_623,[623],1,Test,False,True,All paths resolved
singleton_1190,[1190],1,Train,False,True,All paths resolved
singleton_1977,[1977],1,Train,False,True,All paths resolved
singleton_1022,[1022],1,Val,False,True,All paths resolved
singleton_1384,[1384],1,Train,False,True,All paths resolved
dup_group_38,"[1343, 1436]",2,Val,False,True,All paths resolved
singleton_3273,[3273],1,Train,False,True,All paths resolved
singleton_271,[271],1,Train,False,True,All paths resolved
singleton_674,[674],1,Test,False,True,All paths resolved
singleton_2010,[2010],1,Train,False,True,All paths resolved
singleton_400,[400],1,Train,False,True,All paths resolved
singleton_2705,[2705],1,Train,False,True,All paths resolved
singleton_653,[653],1,Train,False,True,All paths resolved
singleton_933,[933],1,Train,False,True,All paths resolved
singleton_1862,[1862],1,Train,False,True,All paths resolved
singleton_1427,[1427],1,Train,False,True,All paths resolved
singleton_3539,[3539],1,Test,False,True,All paths resolved
singleton_821,[821],1,Train,False,True,All paths resolved
singleton_3677,[3677],1,Val,False,True,All paths resolved
singleton_2102,[2102],1,Train,False,True,All paths resolved
singleton_2672,[2672],1,Train,False,True,All paths resolved
singleton_2187,[2187],1,Test,False,True,All paths resolved
singleton_2145,[2145],1,Train,False,True,All paths resolved
singleton_1557,[1557],1,Train,False,True,All paths resolved
singleton_246,[246],1,Train,False,True,All paths resolved
dup_group_211,"[2548, 3030, 3298]",3,Train,False,True,All paths resolved
singleton_3430,[3430],1,Train,False,True,All paths resolved
singleton_1604,[1604],1,Train,False,True,All paths resolved
dup_group_274,"[3021, 3070]",2,Train,False,True,All paths resolved
singleton_2774,[2774],1,Train,False,True,All paths resolved
singleton_1578,[1578],1,Test,False,True,All paths resolved
singleton_155,[155],1,Val,False,True,All paths resolved
singleton_2598,[2598],1,Train,False,True,All paths resolved
singleton_3439,[3439],1,Train,False,True,All paths resolved
singleton_457,[457],1,Train,False,True,All paths resolved
singleton_1060,[1060],1,Train,False,True,All paths resolved
singleton_1202,[1202],1,Test,False,True,All paths resolved
singleton_1330,[1330],1,Test,False,True,All paths resolved
singleton_1929,[1929],1,Train,False,True,All paths resolved
singleton_2082,[2082],1,Train,False,True,All paths resolved
dup_group_172,"[2405, 3320]",2,Train,False,True,All paths resolved
singleton_2685,[2685],1,Train,False,True,All paths resolved
dup_group_236,"[2916, 3252]",2,Train,False,True,All paths resolved
singleton_3239,[3239],1,Test,False,True,All paths resolved
singleton_92,[92],1,Train,False,True,All paths resolved
singleton_2163,[2163],1,Train,False,True,All paths resolved
singleton_563,[563],1,Train,False,True,All paths resolved
dup_group_201,"[2434, 3349]",2,Train,False,True,All paths resolved
singleton_2491,[2491],1,Test,False,True,All paths resolved
singleton_3223,[3223],1,Val,False,True,All paths resolved
singleton_1186,[1186],1,Train,False,True,All paths resolved
singleton_3559,[3559],1,Test,False,True,All paths resolved
singleton_2057,[2057],1,Train,False,True,All paths resolved
singleton_1694,[1694],1,Test,False,True,All paths resolved
singleton_3370,[3370],1,Train,False,True,All paths resolved
singleton_3709,[3709],1,Test,False,True,All paths resolved
singleton_269,[269],1,Train,False,True,All paths resolved
singleton_2235,[2235],1,Train,False,True,All paths resolved
dup_group_184,"[2417, 3332]",2,Train,False,True,All paths resolved
singleton_2157,[2157],1,Train,False,True,All paths resolved
singleton_2901,[2901],1,Train,False,True,All paths resolved
singleton_101,[101],1,Train,False,True,All paths resolved
singleton_2973,[2973],1,Train,False,True,All paths resolved
singleton_3217,[3217],1,Val,False,True,All paths resolved
singleton_3548,[3548],1,Train,False,True,All paths resolved
singleton_1470,[1470],1,Test,False,True,All paths resolved
singleton_235,[235],1,Train,False,True,All paths resolved
singleton_3374,[3374],1,Train,False,True,All paths resolved
singleton_848,[848],1,Test,False,True,All paths resolved
singleton_2517,[2517],1,Train,False,True,All paths resolved
singleton_2242,[2242],1,Val,False,True,All paths resolved
singleton_540,[540],1,Train,False,True,All paths resolved
singleton_2311,[2311],1,Train,False,True,All paths resolved
singleton_3103,[3103],1,Train,False,True,All paths resolved
singleton_1927,[1927],1,Train,False,True,All paths resolved
singleton_2677,[2677],1,Test,False,True,All paths resolved
singleton_2712,[2712],1,Val,False,True,All paths resolved
singleton_646,[646],1,Train,False,True,All paths resolved
singleton_354,[354],1,Train,False,True,All paths resolved
singleton_2185,[2185],1,Train,False,True,All paths resolved
singleton_1443,[1443],1,Train,False,True,All paths resolved
singleton_888,[888],1,Train,False,True,All paths resolved
singleton_1615,[1615],1,Val,False,True,All paths resolved
singleton_967,[967],1,Val,False,True,All paths resolved
singleton_983,[983],1,Train,False,True,All paths resolved
dup_group_100,"[1769, 3114]",2,Train,False,True,All paths resolved
singleton_940,[940],1,Test,False,True,All paths resolved
singleton_1473,[1473],1,Test,False,True,All paths resolved
singleton_2734,[2734],1,Train,False,True,All paths resolved
singleton_3155,[3155],1,Train,False,True,All paths resolved
dup_group_43,"[1548, 1556, 1562]",3,Val,False,True,All paths resolved
dup_group_4,"[180, 1736, 2636]",3,Train,False,True,All paths resolved
singleton_1247,[1247],1,Test,False,True,All paths resolved
singleton_1232,[1232],1,Train,False,True,All paths resolved
singleton_3084,[3084],1,Train,False,True,All paths resolved
dup_group_55,"[1717, 2617]",2,Test,False,True,All paths resolved
singleton_2593,[2593],1,Train,False,True,All paths resolved
singleton_2278,[2278],1,Train,False,True,All paths resolved
singleton_2868,[2868],1,Train,False,True,All paths resolved
singleton_2556,[2556],1,Train,False,True,All paths resolved
singleton_689,[689],1,Train,False,True,All paths resolved
singleton_2854,[2854],1,Train,False,True,All paths resolved
singleton_685,[685],1,Test,False,True,All paths resolved
singleton_439,[439],1,Train,False,True,All paths resolved
singleton_612,[612],1,Val,False,True,All paths resolved
singleton_3634,[3634],1,Train,False,True,All paths resolved
singleton_150,[150],1,Test,False,True,All paths resolved
singleton_324,[324],1,Train,False,True,All paths resolved
singleton_1693,[1693],1,Test,False,True,All paths resolved
singleton_1514,[1514],1,Train,False,True,All paths resolved
singleton_1207,[1207],1,Train,False,True,All paths resolved
singleton_2683,[2683],1,Train,False,True,All paths resolved
singleton_302,[302],1,Val,False,True,All paths resolved
singleton_1100,[1100],1,Train,False,True,All paths resolved
singleton_1282,[1282],1,Train,False,True,All paths resolved
singleton_1293,[1293],1,Train,False,True,All paths resolved
singleton_428,[428],1,Test,False,True,All paths resolved
singleton_3093,[3093],1,Train,False,True,All paths resolved
singleton_2825,[2825],1,Train,False,True,All paths resolved
singleton_481,[481],1,Train,False,True,All paths resolved
singleton_449,[449],1,Train,False,True,All paths resolved
singleton_1701,[1701],1,Val,False,True,All paths resolved
singleton_1687,[1687],1,Test,False,True,All paths resolved
dup_group_49,"[1711, 2611]",2,Train,False,True,All paths resolved
singleton_1176,[1176],1,Val,False,True,All paths resolved
singleton_252,[252],1,Test,False,True,All paths resolved
dup_group_217,"[2579, 3025]",2,Train,False,True,All paths resolved
singleton_350,[350],1,Train,False,True,All paths resolved
singleton_1512,[1512],1,Train,False,True,All paths resolved
singleton_212,[212],1,Val,False,True,All paths resolved
singleton_1951,[1951],1,Train,False,True,All paths resolved
singleton_2352,[2352],1,Train,False,True,All paths resolved
singleton_2675,[2675],1,Train,False,True,All paths resolved
singleton_2886,[2886],1,Train,False,True,All paths resolved
singleton_3633,[3633],1,Train,False,True,All paths resolved
singleton_1539,[1539],1,Train,False,True,All paths resolved
dup_group_206,"[2542, 2895, 3292]",3,Train,False,True,All paths resolved
singleton_3469,[3469],1,Train,False,True,All paths resolved
singleton_292,[292],1,Train,False,True,All paths resolved
singleton_2982,[2982],1,Train,False,True,All paths resolved
singleton_684,[684],1,Test,False,True,All paths resolved
singleton_3468,[3468],1,Train,False,True,All paths resolved
singleton_2570,[2570],1,Train,False,True,All paths resolved
singleton_788,[788],1,Train,False,True,All paths resolved
singleton_1205,[1205],1,Train,False,True,All paths resolved
singleton_2045,[2045],1,Test,False,True,All paths resolved
singleton_2971,[2971],1,Train,False,True,All paths resolved
singleton_2493,[2493],1,Train,False,True,All paths resolved
singleton_2354,[2354],1,Test,False,True,All paths resolved
singleton_580,[580],1,Test,False,True,All paths resolved
singleton_3498,[3498],1,Train,False,True,All paths resolved
singleton_3102,[3102],1,Test,False,True,All paths resolved
singleton_1328,[1328],1,Train,False,True,All paths resolved
singleton_1833,[1833],1,Train,False,True,All paths resolved
singleton_498,[498],1,Train,False,True,All paths resolved
singleton_573,[573],1,Train,False,True,All paths resolved
singleton_22,[22],1,Test,False,True,All paths resolved
singleton_3436,[3436],1,Train,False,True,All paths resolved
singleton_2780,[2780],1,Train,False,True,All paths resolved
singleton_417,[417],1,Train,False,True,All paths resolved
singleton_792,[792],1,Test,False,True,All paths resolved
singleton_2820,[2820],1,Train,False,True,All paths resolved
singleton_575,[575],1,Train,False,True,All paths resolved
singleton_3505,[3505],1,Test,False,True,All paths resolved
singleton_1671,[1671],1,Train,False,True,All paths resolved
singleton_1946,[1946],1,Train,False,True,All paths resolved
singleton_2852,[2852],1,Train,False,True,All paths resolved
singleton_3573,[3573],1,Train,False,True,All paths resolved
singleton_838,[838],1,Train,False,True,All paths resolved
dup_group_266,"[3012, 3062]",2,Val,False,True,All paths resolved
singleton_1914,[1914],1,Train,False,True,All paths resolved
singleton_404,[404],1,Train,False,True,All paths resolved
singleton_3553,[3553],1,Train,False,True,All paths resolved
singleton_2084,[2084],1,Train,False,True,All paths resolved
singleton_482,[482],1,Train,False,True,All paths resolved
singleton_2536,[2536],1,Train,False,True,All paths resolved
dup_group_221,"[2827, 2830]",2,Train,False,True,All paths resolved
singleton_2077,[2077],1,Train,False,True,All paths resolved
singleton_2284,[2284],1,Test,False,True,All paths resolved
singleton_1260,[1260],1,Train,False,True,All paths resolved
singleton_583,[583],1,Test,False,True,All paths resolved
singleton_3513,[3513],1,Test,False,True,All paths resolved
singleton_2271,[2271],1,Train,False,True,All paths resolved
singleton_1242,[1242],1,Test,False,True,All paths resolved
dup_group_255,"[3001, 3051]",2,Train,False,True,All paths resolved
singleton_128,[128],1,Train,False,True,All paths resolved
singleton_1076,[1076],1,Train,False,True,All paths resolved
dup_group_186,"[2419, 3334]",2,Train,False,True,All paths resolved
singleton_3748,[3748],1,Test,False,True,All paths resolved
dup_group_0,"[89, 94]",2,Train,False,True,All paths resolved
singleton_1838,[1838],1,Test,False,True,All paths resolved
singleton_205,[205],1,Test,False,True,All paths resolved
singleton_47,[47],1,Train,False,True,All paths resolved
singleton_2226,[2226],1,Train,False,True,All paths resolved
singleton_3449,[3449],1,Test,False,True,All paths resolved
singleton_1262,[1262],1,Train,False,True,All paths resolved
singleton_147,[147],1,Train,False,True,All paths resolved
dup_group_96,"[1764, 2553, 3110, 3303]",4,Train,False,True,All paths resolved
singleton_688,[688],1,Test,False,True,All paths resolved
singleton_2033,[2033],1,Train,False,True,All paths resolved
singleton_3649,[3649],1,Train,False,True,All paths resolved
dup_group_197,"[2430, 3345]",2,Train,False,True,All paths resolved
singleton_215,[215],1,Train,False,True,All paths resolved
singleton_1612,[1612],1,Train,False,True,All paths resolved
singleton_1865,[1865],1,Train,False,True,All paths resolved
singleton_2123,[2123],1,Train,False,True,All paths resolved
singleton_3379,[3379],1,Train,False,True,All paths resolved
singleton_8,[8],1,Val,False,True,All paths resolved
singleton_166,[166],1,Train,False,True,All paths resolved
singleton_757,[757],1,Train,False,True,All paths resolved
singleton_1636,[1636],1,Train,False,True,All paths resolved
singleton_49,[49],1,Test,False,True,All paths resolved
singleton_1312,[1312],1,Train,False,True,All paths resolved
singleton_657,[657],1,Test,False,True,All paths resolved
singleton_766,[766],1,Train,False,True,All paths resolved
singleton_3482,[3482],1,Train,False,True,All paths resolved
dup_group_232,"[2912, 3248]",2,Train,False,True,All paths resolved
singleton_1622,[1622],1,Train,False,True,All paths resolved
singleton_1836,[1836],1,Train,False,True,All paths resolved
singleton_2931,[2931],1,Val,False,True,All paths resolved
singleton_1524,[1524],1,Train,False,True,All paths resolved
singleton_1876,[1876],1,Val,False,True,All paths resolved
singleton_2276,[2276],1,Train,False,True,All paths resolved
singleton_2133,[2133],1,Train,False,True,All paths resolved
singleton_189,[189],1,Train,False,True,All paths resolved
singleton_1085,[1085],1,Val,False,True,All paths resolved
dup_group_66,"[1730, 2630]",2,Val,False,True,All paths resolved
singleton_2313,[2313],1,Train,False,True,All paths resolved
singleton_667,[667],1,Train,False,True,All paths resolved
singleton_2353,[2353],1,Train,False,True,All paths resolved
singleton_3554,[3554],1,Train,False,True,All paths resolved
singleton_2158,[2158],1,Train,False,True,All paths resolved
singleton_497,[497],1,Train,False,True,All paths resolved
singleton_442,[442],1,Test,False,True,All paths resolved
singleton_632,[632],1,Train,False,True,All paths resolved
singleton_3227,[3227],1,Test,False,True,All paths resolved
singleton_699,[699],1,Train,False,True,All paths resolved
singleton_3639,[3639],1,Train,False,True,All paths resolved
singleton_342,[342],1,Val,False,True,All paths resolved
singleton_313,[313],1,Test,False,True,All paths resolved
singleton_2804,[2804],1,Val,False,True,All paths resolved
singleton_1115,[1115],1,Train,False,True,All paths resolved
singleton_3085,[3085],1,Test,False,True,All paths resolved
singleton_2736,[2736],1,Train,False,True,All paths resolved
singleton_2948,[2948],1,Test,False,True,All paths resolved
singleton_3378,[3378],1,Train,False,True,All paths resolved
singleton_564,[564],1,Train,False,True,All paths resolved
singleton_499,[499],1,Train,False,True,All paths resolved
singleton_1062,[1062],1,Train,False,True,All paths resolved
singleton_1491,[1491],1,Test,False,True,All paths resolved
singleton_1690,[1690],1,Test,False,True,All paths resolved
singleton_2824,[2824],1,Train,False,True,All paths resolved
singleton_2483,[2483],1,Train,False,True,All paths resolved
singleton_1915,[1915],1,Train,False,True,All paths resolved
singleton_90,[90],1,Train,False,True,All paths resolved
singleton_2281,[2281],1,Train,False,True,All paths resolved
singleton_2722,[2722],1,Test,False,True,All paths resolved
singleton_3272,[3272],1,Train,False,True,All paths resolved
singleton_1608,[1608],1,Train,False,True,All paths resolved
dup_group_125,"[1802, 3141]",2,Train,False,True,All paths resolved
singleton_1332,[1332],1,Test,False,True,All paths resolved
singleton_969,[969],1,Train,False,True,All paths resolved
singleton_1933,[1933],1,Test,False,True,All paths resolved
singleton_1586,[1586],1,Test,False,True,All paths resolved
singleton_492,[492],1,Train,False,True,All paths resolved
singleton_1885,[1885],1,Val,False,True,All paths resolved
singleton_2590,[2590],1,Test,False,True,All paths resolved
singleton_2958,[2958],1,Train,False,True,All paths resolved
singleton_3240,[3240],1,Train,False,True,All paths resolved
singleton_1632,[1632],1,Train,False,True,All paths resolved
singleton_542,[542],1,Val,False,True,All paths resolved
singleton_1273,[1273],1,Train,False,True,All paths resolved
singleton_100,[100],1,Test,False,True,All paths resolved
singleton_1432,[1432],1,Val,False,True,All paths resolved
singleton_2526,[2526],1,Train,False,True,All paths resolved
singleton_107,[107],1,Train,False,True,All paths resolved
singleton_1226,[1226],1,Train,False,True,All paths resolved
singleton_162,[162],1,Train,False,True,All paths resolved
singleton_1108,[1108],1,Train,False,True,All paths resolved
singleton_3397,[3397],1,Train,False,True,All paths resolved
singleton_1532,[1532],1,Train,False,True,All paths resolved
singleton_1639,[1639],1,Train,False,True,All paths resolved
singleton_1069,[1069],1,Train,False,True,All paths resolved
singleton_2812,[2812],1,Train,False,True,All paths resolved
singleton_2782,[2782],1,Val,False,True,All paths resolved
dup_group_246,"[2983, 3031]",2,Val,False,True,All paths resolved
singleton_380,[380],1,Train,False,True,All paths resolved
singleton_988,[988],1,Train,False,True,All paths resolved
singleton_1215,[1215],1,Test,False,True,All paths resolved
singleton_1489,[1489],1,Train,False,True,All paths resolved
singleton_861,[861],1,Val,False,True,All paths resolved
dup_group_150,"[1835, 1847]",2,Train,False,True,All paths resolved
singleton_2000,[2000],1,Train,False,True,All paths resolved
singleton_1907,[1907],1,Test,False,True,All paths resolved
singleton_2020,[2020],1,Train,False,True,All paths resolved
singleton_1394,[1394],1,Train,False,True,All paths resolved
singleton_3638,[3638],1,Test,False,True,All paths resolved
singleton_24,[24],1,Val,False,True,All paths resolved
singleton_694,[694],1,Train,False,True,All paths resolved
singleton_484,[484],1,Train,False,True,All paths resolved
singleton_784,[784],1,Train,False,True,All paths resolved
singleton_1972,[1972],1,Val,False,True,All paths resolved
singleton_3410,[3410],1,Train,False,True,All paths resolved
singleton_1408,[1408],1,Train,False,True,All paths resolved
singleton_2848,[2848],1,Train,False,True,All paths resolved
singleton_1849,[1849],1,Train,False,True,All paths resolved
singleton_3225,[3225],1,Train,False,True,All paths resolved
singleton_2673,[2673],1,Test,False,True,All paths resolved
singleton_3698,[3698],1,Train,False,True,All paths resolved
singleton_595,[595],1,Train,False,True,All paths resolved
singleton_3190,[3190],1,Train,False,True,All paths resolved
singleton_3398,[3398],1,Train,False,True,All paths resolved
singleton_1902,[1902],1,Train,False,True,All paths resolved
singleton_897,[897],1,Train,False,True,All paths resolved
singleton_2925,[2925],1,Train,False,True,All paths resolved
singleton_3454,[3454],1,Train,False,True,All paths resolved
singleton_2113,[2113],1,Train,False,True,All paths resolved
singleton_19,[19],1,Val,False,True,All paths resolved
singleton_2818,[2818],1,Val,False,True,All paths resolved
singleton_2041,[2041],1,Train,False,True,All paths resolved
singleton_30,[30],1,Train,False,True,All paths resolved
singleton_3369,[3369],1,Test,False,True,All paths resolved
singleton_1924,[1924],1,Train,False,True,All paths resolved
singleton_541,[541],1,Train,False,True,All paths resolved
singleton_2452,[2452],1,Train,False,True,All paths resolved
dup_group_225,"[2899, 3236]",2,Train,False,True,All paths resolved
singleton_2334,[2334],1,Train,False,True,All paths resolved
singleton_2050,[2050],1,Train,False,True,All paths resolved
singleton_3577,[3577],1,Train,False,True,All paths resolved
singleton_35,[35],1,Train,False,True,All paths resolved
singleton_29,[29],1,Train,False,True,All paths resolved
dup_group_51,"[1713, 2613]",2,Train,False,True,All paths resolved
singleton_534,[534],1,Train,False,True,All paths resolved
singleton_2880,[2880],1,Train,False,True,All paths resolved
singleton_1355,[1355],1,Train,False,True,All paths resolved
singleton_3679,[3679],1,Test,False,True,All paths resolved
singleton_651,[651],1,Test,False,True,All paths resolved
singleton_1386,[1386],1,Train,False,True,All paths resolved
singleton_1679,[1679],1,Test,False,True,All paths resolved
singleton_369,[369],1,Train,False,True,All paths resolved
singleton_2335,[2335],1,Val,False,True,All paths resolved
singleton_2686,[2686],1,Test,False,True,All paths resolved
singleton_2892,[2892],1,Train,False,True,All paths resolved
singleton_1096,[1096],1,Test,False,True,All paths resolved
singleton_1300,[1300],1,Train,False,True,All paths resolved
singleton_1140,[1140],1,Train,False,True,All paths resolved
singleton_1075,[1075],1,Train,False,True,All paths resolved
singleton_406,[406],1,Train,False,True,All paths resolved
singleton_1635,[1635],1,Test,False,True,All paths resolved
singleton_16,[16],1,Test,False,True,All paths resolved
singleton_1878,[1878],1,Train,False,True,All paths resolved
singleton_2071,[2071],1,Train,False,True,All paths resolved
singleton_2114,[2114],1,Train,False,True,All paths resolved
singleton_518,[518],1,Train,False,True,All paths resolved
singleton_1656,[1656],1,Train,False,True,All paths resolved
singleton_110,[110],1,Train,False,True,All paths resolved
singleton_798,[798],1,Train,False,True,All paths resolved
singleton_1171,[1171],1,Train,False,True,All paths resolved
singleton_412,[412],1,Train,False,True,All paths resolved
singleton_3683,[3683],1,Train,False,True,All paths resolved
singleton_3434,[3434],1,Train,False,True,All paths resolved
dup_group_28,"[960, 1596]",2,Train,False,True,All paths resolved
singleton_2993,[2993],1,Test,False,True,All paths resolved
singleton_996,[996],1,Val,False,True,All paths resolved
singleton_2713,[2713],1,Train,False,True,All paths resolved
singleton_2031,[2031],1,Train,False,True,All paths resolved
singleton_3377,[3377],1,Test,False,True,All paths resolved
singleton_1464,[1464],1,Test,False,True,All paths resolved
singleton_620,[620],1,Train,False,True,All paths resolved
singleton_143,[143],1,Train,False,True,All paths resolved
singleton_486,[486],1,Train,False,True,All paths resolved
singleton_984,[984],1,Train,False,True,All paths resolved
singleton_2387,[2387],1,Train,False,True,All paths resolved
dup_group_177,"[2410, 3325]",2,Train,False,True,All paths resolved
singleton_3493,[3493],1,Train,False,True,All paths resolved
