row_id,caption_available,raw_image_path,resolved_image_path,image_exists,file_size_bytes,duplicate_group_id,usable_for_training,is_duplicate_member,duplicate_group_size,issue
0,True,/data/all_images/image_0.png,/DATA5/prabhakar/telecom/extracted_images/images/image_0.png,True,25440,singleton_0,True,False,1,
1,True,/data/all_images/image_1.jpeg,/DATA5/prabhakar/telecom/extracted_images/images/image_1.jpeg,True,30505,singleton_1,True,False,1,
2,True,/data/all_images/image_2.png,/DATA5/prabhakar/telecom/extracted_images/images/image_2.png,True,30477,singleton_2,True,False,1,
3,True,/data/all_images/image_3.jpeg,/DATA5/prabhakar/telecom/extracted_images/images/image_3.jpeg,True,45393,singleton_3,True,False,1,
4,True,/data/all_images/image_4.jpeg,/DATA5/prabhakar/telecom/extracted_images/images/image_4.jpeg,True,42179,singleton_4,True,False,1,
5,True,/data/all_images/image_5.jpeg,/DATA5/prabhakar/telecom/extracted_images/images/image_5.jpeg,True,37644,singleton_5,True,False,1,
6,True,/data/all_images/image_6.jpeg,/DATA5/prabhakar/telecom/extracted_images/images/image_6.jpeg,True,69859,singleton_6,True,False,1,
7,True,/data/all_images/image_7.jpeg,/DATA5/prabhakar/telecom/extracted_images/images/image_7.jpeg,True,22537,singleton_7,True,False,1,
8,True,/data/all_images/image_8.jpeg,/DATA5/prabhakar/telecom/extracted_images/images/image_8.jpeg,True,73564,singleton_8,True,False,1,
9,True,/data/all_images/image_9.png,/DATA5/prabhakar/telecom/extracted_images/images/image_9.png,True,34956,singleton_9,True,False,1,
10,True,/data/all_images/image_10.jpeg,/DATA5/prabhakar/telecom/extracted_images/images/image_10.jpeg,True,72130,singleton_10,True,False,1,
11,True,/data/all_images/image_11.jpeg,/DATA5/prabhakar/telecom/extracted_images/images/image_11.jpeg,True,71001,singleton_11,True,False,1,
12,True,/data/all_images/image_12.png,/DATA5/prabhakar/telecom/extracted_images/images/image_12.png,True,54799,singleton_12,True,False,1,
13,True,/data/all_images/image_13.jpeg,/DATA5/prabhakar/telecom/extracted_images/images/image_13.jpeg,True,45451,singleton_13,True,False,1,
14,True,/data/all_images/image_14.jpeg,/DATA5/prabhakar/telecom/extracted_images/images/image_14.jpeg,True,53818,singleton_14,True,False,1,
15,True,/data/all_images/image_15.jpeg,/DATA5/prabhakar/telecom/extracted_images/images/image_15.jpeg,True,49137,singleton_15,True,False,1,
16,True,/data/all_images/image_16.jpeg,/DATA5/prabhakar/telecom/extracted_images/images/image_16.jpeg,True,56288,singleton_16,True,False,1,
17,True,/data/all_images/image_17.png,/DATA5/prabhakar/telecom/extracted_images/images/image_17.png,True,31013,singleton_17,True,False,1,
18,True,/data/all_images/image_18.png,/DATA5/prabhakar/telecom/extracted_images/images/image_18.png,True,41761,singleton_18,True,False,1,
19,True,/data/all_images/image_19.png,/DATA5/prabhakar/telecom/extracted_images/images/image_19.png,True,46914,singleton_19,True,False,1,
20,True,/data/all_images/image_20.jpeg,/DATA5/prabhakar/telecom/extracted_images/images/image_20.jpeg,True,21210,singleton_20,True,False,1,
21,True,/data/all_images/image_21.jpeg,/DATA5/prabhakar/telecom/extracted_images/images/image_21.jpeg,True,22167,singleton_21,True,False,1,
22,True,/data/all_images/image_22.png,/DATA5/prabhakar/telecom/extracted_images/images/image_22.png,True,20529,singleton_22,True,False,1,
23,True,/data/all_images/image_23.jpeg,/DATA5/prabhakar/telecom/extracted_images/images/image_23.jpeg,True,24546,singleton_23,True,False,1,
24,True,/data/all_images/image_24.jpeg,/DATA5/prabhakar/telecom/extracted_images/images/image_24.jpeg,True,22570,singleton_24,True,False,1,
25,True,/data/all_images/image_25.png,/DATA5/prabhakar/telecom/extracted_images/images/image_25.png,True,27263,singleton_25,True,False,1,
26,True,/data/all_images/image_26.jpeg,/DATA5/prabhakar/telecom/extracted_images/images/image_26.jpeg,True,21045,singleton_26,True,False,1,
27,True,/data/all_images/image_27.png,/DATA5/prabhakar/telecom/extracted_images/images/image_27.png,True,53837,singleton_27,True,False,1,
28,True,/data/all_images/image_28.png,/DATA5/prabhakar/telecom/extracted_images/images/image_28.png,True,48779,singleton_28,True,False,1,
29,True,/data/all_images/image_29.jpeg,/DATA5/prabhakar/telecom/extracted_images/images/image_29.jpeg,True,62128,singleton_29,True,False,1,
30,True,/data/all_images/image_30.jpeg,/DATA5/prabhakar/telecom/extracted_images/images/image_30.jpeg,True,23741,singleton_30,True,False,1,
31,True,/data/all_images/image_31.jpeg,/DATA5/prabhakar/telecom/extracted_images/images/image_31.jpeg,True,24327,singleton_31,True,False,1,
32,True,/data/all_images/image_32.jpeg,/DATA5/prabhakar/telecom/extracted_images/images/image_32.jpeg,True,29353,singleton_32,True,False,1,
33,True,/data/all_images/image_33.jpeg,/DATA5/prabhakar/telecom/extracted_images/images/image_33.jpeg,True,31083,singleton_33,True,False,1,
34,True,/data/all_images/image_34.jpeg,/DATA5/prabhakar/telecom/extracted_images/images/image_34.jpeg,True,36125,singleton_34,True,False,1,
35,True,/data/all_images/image_35.jpeg,/DATA5/prabhakar/telecom/extracted_images/images/image_35.jpeg,True,33171,singleton_35,True,False,1,
36,True,/data/all_images/image_36.jpeg,/DATA5/prabhakar/telecom/extracted_images/images/image_36.jpeg,True,153778,singleton_36,True,False,1,
37,True,/data/all_images/image_37.jpeg,/DATA5/prabhakar/telecom/extracted_images/images/image_37.jpeg,True,145770,singleton_37,True,False,1,
38,True,/data/all_images/image_38.jpeg,/DATA5/prabhakar/telecom/extracted_images/images/image_38.jpeg,True,151207,singleton_38,True,False,1,
39,True,/data/all_images/image_39.jpeg,/DATA5/prabhakar/telecom/extracted_images/images/image_39.jpeg,True,146487,singleton_39,True,False,1,
40,True,/data/all_images/image_40.png,/DATA5/prabhakar/telecom/extracted_images/images/image_40.png,True,34333,singleton_40,True,False,1,
41,True,/data/all_images/image_41.jpeg,/DATA5/prabhakar/telecom/extracted_images/images/image_41.jpeg,True,34206,singleton_41,True,False,1,
42,True,/data/all_images/image_42.jpeg,/DATA5/prabhakar/telecom/extracted_images/images/image_42.jpeg,True,25308,singleton_42,True,False,1,
43,True,/data/all_images/image_43.jpeg,/DATA5/prabhakar/telecom/extracted_images/images/image_43.jpeg,True,33548,singleton_43,True,False,1,
44,True,/data/all_images/image_44.jpeg,/DATA5/prabhakar/telecom/extracted_images/images/image_44.jpeg,True,23252,singleton_44,True,False,1,
45,True,/data/all_images/image_45.png,/DATA5/prabhakar/telecom/extracted_images/images/image_45.png,True,21113,singleton_45,True,False,1,
46,True,/data/all_images/image_46.jpeg,/DATA5/prabhakar/telecom/extracted_images/images/image_46.jpeg,True,83701,singleton_46,True,False,1,
47,True,/data/all_images/image_47.png,/DATA5/prabhakar/telecom/extracted_images/images/image_47.png,True,55112,singleton_47,True,False,1,
48,True,/data/all_images/image_48.jpeg,/DATA5/prabhakar/telecom/extracted_images/images/image_48.jpeg,True,303594,singleton_48,True,False,1,
49,True,/data/all_images/image_49.jpeg,/DATA5/prabhakar/telecom/extracted_images/images/image_49.jpeg,True,55685,singleton_49,True,False,1,
50,True,/data/all_images/image_50.jpeg,/DATA5/prabhakar/telecom/extracted_images/images/image_50.jpeg,True,27418,singleton_50,True,False,1,
51,True,/data/all_images/image_51.jpeg,/DATA5/prabhakar/telecom/extracted_images/images/image_51.jpeg,True,75742,singleton_51,True,False,1,
52,True,/data/all_images/image_52.jpeg,/DATA5/prabhakar/telecom/extracted_images/images/image_52.jpeg,True,74887,singleton_52,True,False,1,
53,True,/data/all_images/image_53.jpeg,/DATA5/prabhakar/telecom/extracted_images/images/image_53.jpeg,True,94227,singleton_53,True,False,1,
54,True,/data/all_images/image_54.jpeg,/DATA5/prabhakar/telecom/extracted_images/images/image_54.jpeg,True,71838,singleton_54,True,False,1,
55,True,/data/all_images/image_55.png,/DATA5/prabhakar/telecom/extracted_images/images/image_55.png,True,39502,singleton_55,True,False,1,
56,True,/data/all_images/image_56.jpeg,/DATA5/prabhakar/telecom/extracted_images/images/image_56.jpeg,True,58389,singleton_56,True,False,1,
57,True,/data/all_images/image_57.jpeg,/DATA5/prabhakar/telecom/extracted_images/images/image_57.jpeg,True,29460,singleton_57,True,False,1,
58,True,/data/all_images/image_58.jpeg,/DATA5/prabhakar/telecom/extracted_images/images/image_58.jpeg,True,41300,singleton_58,True,False,1,
59,True,/data/all_images/image_59.png,/DATA5/prabhakar/telecom/extracted_images/images/image_59.png,True,46526,singleton_59,True,False,1,
60,True,/data/all_images/image_60.png,/DATA5/prabhakar/telecom/extracted_images/images/image_60.png,True,72993,singleton_60,True,False,1,
61,True,/data/all_images/image_61.png,/DATA5/prabhakar/telecom/extracted_images/images/image_61.png,True,57268,singleton_61,True,False,1,
62,True,/data/all_images/image_62.png,/DATA5/prabhakar/telecom/extracted_images/images/image_62.png,True,22590,singleton_62,True,False,1,
63,True,/data/all_images/image_63.png,/DATA5/prabhakar/telecom/extracted_images/images/image_63.png,True,24200,singleton_63,True,False,1,
64,True,/data/all_images/image_64.png,/DATA5/prabhakar/telecom/extracted_images/images/image_64.png,True,20501,singleton_64,True,False,1,
65,True,/data/all_images/image_65.jpeg,/DATA5/prabhakar/telecom/extracted_images/images/image_65.jpeg,True,107821,singleton_65,True,False,1,
66,True,/data/all_images/image_66.png,/DATA5/prabhakar/telecom/extracted_images/images/image_66.png,True,21220,singleton_66,True,False,1,
67,True,/data/all_images/image_67.png,/DATA5/prabhakar/telecom/extracted_images/images/image_67.png,True,24784,singleton_67,True,False,1,
68,True,/data/all_images/image_68.png,/DATA5/prabhakar/telecom/extracted_images/images/image_68.png,True,36612,singleton_68,True,False,1,
69,True,/data/all_images/image_69.jpeg,/DATA5/prabhakar/telecom/extracted_images/images/image_69.jpeg,True,24831,singleton_69,True,False,1,
70,True,/data/all_images/image_70.jpeg,/DATA5/prabhakar/telecom/extracted_images/images/image_70.jpeg,True,25516,singleton_70,True,False,1,
71,True,/data/all_images/image_71.jpeg,/DATA5/prabhakar/telecom/extracted_images/images/image_71.jpeg,True,75509,singleton_71,True,False,1,
72,True,/data/all_images/image_72.png,/DATA5/prabhakar/telecom/extracted_images/images/image_72.png,True,67377,singleton_72,True,False,1,
73,True,/data/all_images/image_73.png,/DATA5/prabhakar/telecom/extracted_images/images/image_73.png,True,94648,singleton_73,True,False,1,
74,True,/data/all_images/image_74.png,/DATA5/prabhakar/telecom/extracted_images/images/image_74.png,True,22691,singleton_74,True,False,1,
75,True,/data/all_images/image_75.jpeg,/DATA5/prabhakar/telecom/extracted_images/images/image_75.jpeg,True,50042,singleton_75,True,False,1,
76,True,/data/all_images/image_76.jpeg,/DATA5/prabhakar/telecom/extracted_images/images/image_76.jpeg,True,40211,singleton_76,True,False,1,
77,True,/data/all_images/image_77.jpeg,/DATA5/prabhakar/telecom/extracted_images/images/image_77.jpeg,True,45440,singleton_77,True,False,1,
78,True,/data/all_images/image_78.jpeg,/DATA5/prabhakar/telecom/extracted_images/images/image_78.jpeg,True,24630,singleton_78,True,False,1,
79,True,/data/all_images/image_79.png,/DATA5/prabhakar/telecom/extracted_images/images/image_79.png,True,45822,singleton_79,True,False,1,
80,True,/data/all_images/image_80.jpeg,/DATA5/prabhakar/telecom/extracted_images/images/image_80.jpeg,True,42367,singleton_80,True,False,1,
81,True,/data/all_images/image_81.jpeg,/DATA5/prabhakar/telecom/extracted_images/images/image_81.jpeg,True,100079,singleton_81,True,False,1,
82,True,/data/all_images/image_82.jpeg,/DATA5/prabhakar/telecom/extracted_images/images/image_82.jpeg,True,286286,singleton_82,True,False,1,
83,True,/data/all_images/image_83.jpeg,/DATA5/prabhakar/telecom/extracted_images/images/image_83.jpeg,True,73799,singleton_83,True,False,1,
84,True,/data/all_images/image_84.jpeg,/DATA5/prabhakar/telecom/extracted_images/images/image_84.jpeg,True,50227,singleton_84,True,False,1,
85,True,/data/all_images/image_85.jpeg,/DATA5/prabhakar/telecom/extracted_images/images/image_85.jpeg,True,25719,singleton_85,True,False,1,
86,True,/data/all_images/image_86.jpeg,/DATA5/prabhakar/telecom/extracted_images/images/image_86.jpeg,True,25137,singleton_86,True,False,1,
87,True,/data/all_images/image_87.jpeg,/DATA5/prabhakar/telecom/extracted_images/images/image_87.jpeg,True,35978,singleton_87,True,False,1,
88,True,/data/all_images/image_88.jpeg,/DATA5/prabhakar/telecom/extracted_images/images/image_88.jpeg,True,33245,singleton_88,True,False,1,
89,True,/data/all_images/image_89.jpeg,/DATA5/prabhakar/telecom/extracted_images/images/image_89.jpeg,True,24841,dup_group_0,True,True,2,
90,True,/data/all_images/image_90.jpeg,/DATA5/prabhakar/telecom/extracted_images/images/image_90.jpeg,True,208514,singleton_90,True,False,1,
91,True,/data/all_images/image_91.jpeg,/DATA5/prabhakar/telecom/extracted_images/images/image_91.jpeg,True,30567,singleton_91,True,False,1,
92,True,/data/all_images/image_92.jpeg,/DATA5/prabhakar/telecom/extracted_images/images/image_92.jpeg,True,23490,singleton_92,True,False,1,
93,True,/data/all_images/image_93.jpeg,/DATA5/prabhakar/telecom/extracted_images/images/image_93.jpeg,True,23612,singleton_93,True,False,1,
94,True,/data/all_images/image_94.jpeg,/DATA5/prabhakar/telecom/extracted_images/images/image_94.jpeg,True,24841,dup_group_0,True,True,2,
95,True,/data/all_images/image_95.jpeg,/DATA5/prabhakar/telecom/extracted_images/images/image_95.jpeg,True,28844,dup_group_1,True,True,2,
96,True,/data/all_images/image_96.jpeg,/DATA5/prabhakar/telecom/extracted_images/images/image_96.jpeg,True,28844,dup_group_1,True,True,2,
97,True,/data/all_images/image_97.jpeg,/DATA5/prabhakar/telecom/extracted_images/images/image_97.jpeg,True,27775,singleton_97,True,False,1,
98,True,/data/all_images/image_98.jpeg,/DATA5/prabhakar/telecom/extracted_images/images/image_98.jpeg,True,24656,singleton_98,True,False,1,
99,True,/data/all_images/image_99.jpeg,/DATA5/prabhakar/telecom/extracted_images/images/image_99.jpeg,True,23285,singleton_99,True,False,1,
100,True,/data/all_images/image_100.jpeg,/DATA5/prabhakar/telecom/extracted_images/images/image_100.jpeg,True,33364,singleton_100,True,False,1,
101,True,/data/all_images/image_101.jpeg,/DATA5/prabhakar/telecom/extracted_images/images/image_101.jpeg,True,66883,singleton_101,True,False,1,
102,True,/data/all_images/image_102.jpeg,/DATA5/prabhakar/telecom/extracted_images/images/image_102.jpeg,True,22634,singleton_102,True,False,1,
103,True,/data/all_images/image_103.jpeg,/DATA5/prabhakar/telecom/extracted_images/images/image_103.jpeg,True,56471,singleton_103,True,False,1,
104,True,/data/all_images/image_104.jpeg,/DATA5/prabhakar/telecom/extracted_images/images/image_104.jpeg,True,174206,singleton_104,True,False,1,
105,True,/data/all_images/image_105.jpeg,/DATA5/prabhakar/telecom/extracted_images/images/image_105.jpeg,True,103299,singleton_105,True,False,1,
106,True,/data/all_images/image_106.jpeg,/DATA5/prabhakar/telecom/extracted_images/images/image_106.jpeg,True,251936,singleton_106,True,False,1,
107,True,/data/all_images/image_107.jpeg,/DATA5/prabhakar/telecom/extracted_images/images/image_107.jpeg,True,44666,singleton_107,True,False,1,
108,True,/data/all_images/image_108.jpeg,/DATA5/prabhakar/telecom/extracted_images/images/image_108.jpeg,True,48017,singleton_108,True,False,1,
109,True,/data/all_images/image_109.png,/DATA5/prabhakar/telecom/extracted_images/images/image_109.png,True,34304,singleton_109,True,False,1,
110,True,/data/all_images/image_110.jpeg,/DATA5/prabhakar/telecom/extracted_images/images/image_110.jpeg,True,70403,singleton_110,True,False,1,
111,True,/data/all_images/image_111.jpeg,/DATA5/prabhakar/telecom/extracted_images/images/image_111.jpeg,True,26305,singleton_111,True,False,1,
112,True,/data/all_images/image_112.jpeg,/DATA5/prabhakar/telecom/extracted_images/images/image_112.jpeg,True,158993,singleton_112,True,False,1,
113,True,/data/all_images/image_113.jpeg,/DATA5/prabhakar/telecom/extracted_images/images/image_113.jpeg,True,56961,singleton_113,True,False,1,
114,True,/data/all_images/image_114.jpeg,/DATA5/prabhakar/telecom/extracted_images/images/image_114.jpeg,True,63158,singleton_114,True,False,1,
115,True,/data/all_images/image_115.png,/DATA5/prabhakar/telecom/extracted_images/images/image_115.png,True,43039,singleton_115,True,False,1,
116,True,/data/all_images/image_116.jpeg,/DATA5/prabhakar/telecom/extracted_images/images/image_116.jpeg,True,140057,singleton_116,True,False,1,
117,True,/data/all_images/image_117.jpeg,/DATA5/prabhakar/telecom/extracted_images/images/image_117.jpeg,True,52502,dup_group_2,True,True,2,
118,True,/data/all_images/image_118.jpeg,/DATA5/prabhakar/telecom/extracted_images/images/image_118.jpeg,True,52502,dup_group_2,True,True,2,
119,True,/data/all_images/image_119.jpeg,/DATA5/prabhakar/telecom/extracted_images/images/image_119.jpeg,True,23189,singleton_119,True,False,1,
120,True,/data/all_images/image_120.jpeg,/DATA5/prabhakar/telecom/extracted_images/images/image_120.jpeg,True,23978,singleton_120,True,False,1,
121,True,/data/all_images/image_121.jpeg,/DATA5/prabhakar/telecom/extracted_images/images/image_121.jpeg,True,76039,singleton_121,True,False,1,
122,True,/data/all_images/image_122.jpeg,/DATA5/prabhakar/telecom/extracted_images/images/image_122.jpeg,True,67874,singleton_122,True,False,1,
123,True,/data/all_images/image_123.jpeg,/DATA5/prabhakar/telecom/extracted_images/images/image_123.jpeg,True,44258,singleton_123,True,False,1,
124,True,/data/all_images/image_124.png,/DATA5/prabhakar/telecom/extracted_images/images/image_124.png,True,49152,singleton_124,True,False,1,
125,True,/data/all_images/image_125.jpeg,/DATA5/prabhakar/telecom/extracted_images/images/image_125.jpeg,True,46239,singleton_125,True,False,1,
126,True,/data/all_images/image_126.jpeg,/DATA5/prabhakar/telecom/extracted_images/images/image_126.jpeg,True,23771,singleton_126,True,False,1,
127,True,/data/all_images/image_127.jpeg,/DATA5/prabhakar/telecom/extracted_images/images/image_127.jpeg,True,55112,singleton_127,True,False,1,
128,True,/data/all_images/image_128.jpeg,/DATA5/prabhakar/telecom/extracted_images/images/image_128.jpeg,True,49964,singleton_128,True,False,1,
129,True,/data/all_images/image_129.jpeg,/DATA5/prabhakar/telecom/extracted_images/images/image_129.jpeg,True,36065,singleton_129,True,False,1,
130,True,/data/all_images/image_130.jpeg,/DATA5/prabhakar/telecom/extracted_images/images/image_130.jpeg,True,36388,singleton_130,True,False,1,
131,True,/data/all_images/image_131.png,/DATA5/prabhakar/telecom/extracted_images/images/image_131.png,True,39826,singleton_131,True,False,1,
132,True,/data/all_images/image_132.jpeg,/DATA5/prabhakar/telecom/extracted_images/images/image_132.jpeg,True,83481,singleton_132,True,False,1,
133,True,/data/all_images/image_133.jpeg,/DATA5/prabhakar/telecom/extracted_images/images/image_133.jpeg,True,27337,singleton_133,True,False,1,
134,True,/data/all_images/image_134.jpeg,/DATA5/prabhakar/telecom/extracted_images/images/image_134.jpeg,True,39824,singleton_134,True,False,1,
135,True,/data/all_images/image_135.png,/DATA5/prabhakar/telecom/extracted_images/images/image_135.png,True,52245,singleton_135,True,False,1,
136,True,/data/all_images/image_136.jpeg,/DATA5/prabhakar/telecom/extracted_images/images/image_136.jpeg,True,82116,singleton_136,True,False,1,
137,True,/data/all_images/image_137.png,/DATA5/prabhakar/telecom/extracted_images/images/image_137.png,True,58168,singleton_137,True,False,1,
138,True,/data/all_images/image_138.jpeg,/DATA5/prabhakar/telecom/extracted_images/images/image_138.jpeg,True,25409,singleton_138,True,False,1,
139,True,/data/all_images/image_139.png,/DATA5/prabhakar/telecom/extracted_images/images/image_139.png,True,31608,singleton_139,True,False,1,
140,True,/data/all_images/image_140.png,/DATA5/prabhakar/telecom/extracted_images/images/image_140.png,True,22054,singleton_140,True,False,1,
141,True,/data/all_images/image_141.jpeg,/DATA5/prabhakar/telecom/extracted_images/images/image_141.jpeg,True,83498,singleton_141,True,False,1,
142,True,/data/all_images/image_142.jpeg,/DATA5/prabhakar/telecom/extracted_images/images/image_142.jpeg,True,90470,singleton_142,True,False,1,
143,True,/data/all_images/image_143.jpeg,/DATA5/prabhakar/telecom/extracted_images/images/image_143.jpeg,True,44975,singleton_143,True,False,1,
144,True,/data/all_images/image_144.jpeg,/DATA5/prabhakar/telecom/extracted_images/images/image_144.jpeg,True,47347,singleton_144,True,False,1,
145,True,/data/all_images/image_145.jpeg,/DATA5/prabhakar/telecom/extracted_images/images/image_145.jpeg,True,38619,singleton_145,True,False,1,
146,True,/data/all_images/image_146.png,/DATA5/prabhakar/telecom/extracted_images/images/image_146.png,True,34786,singleton_146,True,False,1,
147,True,/data/all_images/image_147.jpeg,/DATA5/prabhakar/telecom/extracted_images/images/image_147.jpeg,True,43268,singleton_147,True,False,1,
148,True,/data/all_images/image_148.jpeg,/DATA5/prabhakar/telecom/extracted_images/images/image_148.jpeg,True,48328,singleton_148,True,False,1,
149,True,/data/all_images/image_149.jpeg,/DATA5/prabhakar/telecom/extracted_images/images/image_149.jpeg,True,68810,singleton_149,True,False,1,
150,True,/data/all_images/image_150.jpeg,/DATA5/prabhakar/telecom/extracted_images/images/image_150.jpeg,True,46618,singleton_150,True,False,1,
151,True,/data/all_images/image_151.jpeg,/DATA5/prabhakar/telecom/extracted_images/images/image_151.jpeg,True,32093,singleton_151,True,False,1,
152,True,/data/all_images/image_152.jpeg,/DATA5/prabhakar/telecom/extracted_images/images/image_152.jpeg,True,84648,singleton_152,True,False,1,
153,True,/data/all_images/image_153.jpeg,/DATA5/prabhakar/telecom/extracted_images/images/image_153.jpeg,True,24909,singleton_153,True,False,1,
154,True,/data/all_images/image_154.jpeg,/DATA5/prabhakar/telecom/extracted_images/images/image_154.jpeg,True,54197,singleton_154,True,False,1,
155,True,/data/all_images/image_155.jpeg,/DATA5/prabhakar/telecom/extracted_images/images/image_155.jpeg,True,70134,singleton_155,True,False,1,
156,True,/data/all_images/image_156.jpeg,/DATA5/prabhakar/telecom/extracted_images/images/image_156.jpeg,True,77347,singleton_156,True,False,1,
157,True,/data/all_images/image_157.png,/DATA5/prabhakar/telecom/extracted_images/images/image_157.png,True,28822,singleton_157,True,False,1,
158,True,/data/all_images/image_158.jpeg,/DATA5/prabhakar/telecom/extracted_images/images/image_158.jpeg,True,26318,singleton_158,True,False,1,
159,True,/data/all_images/image_159.jpeg,/DATA5/prabhakar/telecom/extracted_images/images/image_159.jpeg,True,25442,singleton_159,True,False,1,
160,True,/data/all_images/image_160.jpeg,/DATA5/prabhakar/telecom/extracted_images/images/image_160.jpeg,True,34198,singleton_160,True,False,1,
161,True,/data/all_images/image_161.jpeg,/DATA5/prabhakar/telecom/extracted_images/images/image_161.jpeg,True,48115,singleton_161,True,False,1,
162,True,/data/all_images/image_162.jpeg,/DATA5/prabhakar/telecom/extracted_images/images/image_162.jpeg,True,57409,singleton_162,True,False,1,
163,True,/data/all_images/image_163.jpeg,/DATA5/prabhakar/telecom/extracted_images/images/image_163.jpeg,True,40778,singleton_163,True,False,1,
164,True,/data/all_images/image_164.jpeg,/DATA5/prabhakar/telecom/extracted_images/images/image_164.jpeg,True,29984,singleton_164,True,False,1,
165,True,/data/all_images/image_165.png,/DATA5/prabhakar/telecom/extracted_images/images/image_165.png,True,27656,singleton_165,True,False,1,
166,True,/data/all_images/image_166.png,/DATA5/prabhakar/telecom/extracted_images/images/image_166.png,True,33605,singleton_166,True,False,1,
167,True,/data/all_images/image_167.png,/DATA5/prabhakar/telecom/extracted_images/images/image_167.png,True,28038,singleton_167,True,False,1,
168,True,/data/all_images/image_168.png,/DATA5/prabhakar/telecom/extracted_images/images/image_168.png,True,46297,singleton_168,True,False,1,
169,True,/data/all_images/image_169.png,/DATA5/prabhakar/telecom/extracted_images/images/image_169.png,True,33545,singleton_169,True,False,1,
170,True,/data/all_images/image_170.png,/DATA5/prabhakar/telecom/extracted_images/images/image_170.png,True,36890,singleton_170,True,False,1,
171,True,/data/all_images/image_171.png,/DATA5/prabhakar/telecom/extracted_images/images/image_171.png,True,28558,singleton_171,True,False,1,
172,True,/data/all_images/image_172.png,/DATA5/prabhakar/telecom/extracted_images/images/image_172.png,True,37420,singleton_172,True,False,1,
173,True,/data/all_images/image_173.png,/DATA5/prabhakar/telecom/extracted_images/images/image_173.png,True,35424,singleton_173,True,False,1,
174,True,/data/all_images/image_174.png,/DATA5/prabhakar/telecom/extracted_images/images/image_174.png,True,30330,singleton_174,True,False,1,
175,True,/data/all_images/image_175.png,/DATA5/prabhakar/telecom/extracted_images/images/image_175.png,True,23167,singleton_175,True,False,1,
176,True,/data/all_images/image_176.png,/DATA5/prabhakar/telecom/extracted_images/images/image_176.png,True,22643,singleton_176,True,False,1,
177,True,/data/all_images/image_177.png,/DATA5/prabhakar/telecom/extracted_images/images/image_177.png,True,23830,singleton_177,True,False,1,
178,True,/data/all_images/image_178.jpeg,/DATA5/prabhakar/telecom/extracted_images/images/image_178.jpeg,True,42567,singleton_178,True,False,1,
179,True,/data/all_images/image_179.png,/DATA5/prabhakar/telecom/extracted_images/images/image_179.png,True,27133,dup_group_3,True,True,3,
180,True,/data/all_images/image_180.jpeg,/DATA5/prabhakar/telecom/extracted_images/images/image_180.jpeg,True,49761,dup_group_4,True,True,3,
181,True,/data/all_images/image_181.jpeg,/DATA5/prabhakar/telecom/extracted_images/images/image_181.jpeg,True,61563,singleton_181,True,False,1,
182,True,/data/all_images/image_182.png,/DATA5/prabhakar/telecom/extracted_images/images/image_182.png,True,33059,singleton_182,True,False,1,
183,True,/data/all_images/image_183.png,/DATA5/prabhakar/telecom/extracted_images/images/image_183.png,True,21327,singleton_183,True,False,1,
184,True,/data/all_images/image_184.jpeg,/DATA5/prabhakar/telecom/extracted_images/images/image_184.jpeg,True,32774,singleton_184,True,False,1,
185,True,/data/all_images/image_185.jpeg,/DATA5/prabhakar/telecom/extracted_images/images/image_185.jpeg,True,53322,singleton_185,True,False,1,
186,True,/data/all_images/image_186.jpeg,/DATA5/prabhakar/telecom/extracted_images/images/image_186.jpeg,True,45546,singleton_186,True,False,1,
187,True,/data/all_images/image_187.jpeg,/DATA5/prabhakar/telecom/extracted_images/images/image_187.jpeg,True,20793,singleton_187,True,False,1,
188,True,/data/all_images/image_188.jpeg,/DATA5/prabhakar/telecom/extracted_images/images/image_188.jpeg,True,28545,dup_group_5,True,True,2,
189,True,/data/all_images/image_189.jpeg,/DATA5/prabhakar/telecom/extracted_images/images/image_189.jpeg,True,50697,singleton_189,True,False,1,
190,True,/data/all_images/image_190.jpeg,/DATA5/prabhakar/telecom/extracted_images/images/image_190.jpeg,True,33813,singleton_190,True,False,1,
191,True,/data/all_images/image_191.jpeg,/DATA5/prabhakar/telecom/extracted_images/images/image_191.jpeg,True,33474,singleton_191,True,False,1,
192,True,/data/all_images/image_192.png,/DATA5/prabhakar/telecom/extracted_images/images/image_192.png,True,27307,singleton_192,True,False,1,
193,True,/data/all_images/image_193.jpeg,/DATA5/prabhakar/telecom/extracted_images/images/image_193.jpeg,True,42621,singleton_193,True,False,1,
194,True,/data/all_images/image_194.png,/DATA5/prabhakar/telecom/extracted_images/images/image_194.png,True,20705,singleton_194,True,False,1,
195,True,/data/all_images/image_195.jpeg,/DATA5/prabhakar/telecom/extracted_images/images/image_195.jpeg,True,53946,singleton_195,True,False,1,
196,True,/data/all_images/image_196.jpeg,/DATA5/prabhakar/telecom/extracted_images/images/image_196.jpeg,True,59162,singleton_196,True,False,1,
197,True,/data/all_images/image_197.jpeg,/DATA5/prabhakar/telecom/extracted_images/images/image_197.jpeg,True,61297,singleton_197,True,False,1,
198,True,/data/all_images/image_198.jpeg,/DATA5/prabhakar/telecom/extracted_images/images/image_198.jpeg,True,37192,singleton_198,True,False,1,
199,True,/data/all_images/image_199.jpeg,/DATA5/prabhakar/telecom/extracted_images/images/image_199.jpeg,True,47488,singleton_199,True,False,1,
200,True,/data/all_images/image_200.jpeg,/DATA5/prabhakar/telecom/extracted_images/images/image_200.jpeg,True,84193,singleton_200,True,False,1,
201,True,/data/all_images/image_201.jpeg,/DATA5/prabhakar/telecom/extracted_images/images/image_201.jpeg,True,77147,singleton_201,True,False,1,
202,True,/data/all_images/image_202.jpeg,/DATA5/prabhakar/telecom/extracted_images/images/image_202.jpeg,True,39613,singleton_202,True,False,1,
203,True,/data/all_images/image_203.jpeg,/DATA5/prabhakar/telecom/extracted_images/images/image_203.jpeg,True,48714,singleton_203,True,False,1,
204,True,/data/all_images/image_204.jpeg,/DATA5/prabhakar/telecom/extracted_images/images/image_204.jpeg,True,51327,singleton_204,True,False,1,
205,True,/data/all_images/image_205.jpeg,/DATA5/prabhakar/telecom/extracted_images/images/image_205.jpeg,True,41357,singleton_205,True,False,1,
206,True,/data/all_images/image_206.jpeg,/DATA5/prabhakar/telecom/extracted_images/images/image_206.jpeg,True,39217,singleton_206,True,False,1,
207,True,/data/all_images/image_207.png,/DATA5/prabhakar/telecom/extracted_images/images/image_207.png,True,40816,singleton_207,True,False,1,
208,True,/data/all_images/image_208.jpeg,/DATA5/prabhakar/telecom/extracted_images/images/image_208.jpeg,True,22992,singleton_208,True,False,1,
209,True,/data/all_images/image_209.jpeg,/DATA5/prabhakar/telecom/extracted_images/images/image_209.jpeg,True,31382,singleton_209,True,False,1,
210,True,/data/all_images/image_210.jpeg,/DATA5/prabhakar/telecom/extracted_images/images/image_210.jpeg,True,75325,singleton_210,True,False,1,
211,True,/data/all_images/image_211.jpeg,/DATA5/prabhakar/telecom/extracted_images/images/image_211.jpeg,True,24443,singleton_211,True,False,1,
212,True,/data/all_images/image_212.png,/DATA5/prabhakar/telecom/extracted_images/images/image_212.png,True,33167,singleton_212,True,False,1,
213,True,/data/all_images/image_213.jpeg,/DATA5/prabhakar/telecom/extracted_images/images/image_213.jpeg,True,53587,singleton_213,True,False,1,
214,True,/data/all_images/image_214.png,/DATA5/prabhakar/telecom/extracted_images/images/image_214.png,True,45257,singleton_214,True,False,1,
215,True,/data/all_images/image_215.jpeg,/DATA5/prabhakar/telecom/extracted_images/images/image_215.jpeg,True,46727,singleton_215,True,False,1,
216,True,/data/all_images/image_216.jpeg,/DATA5/prabhakar/telecom/extracted_images/images/image_216.jpeg,True,55881,singleton_216,True,False,1,
217,True,/data/all_images/image_217.jpeg,/DATA5/prabhakar/telecom/extracted_images/images/image_217.jpeg,True,35764,singleton_217,True,False,1,
218,True,/data/all_images/image_218.jpeg,/DATA5/prabhakar/telecom/extracted_images/images/image_218.jpeg,True,22169,singleton_218,True,False,1,
219,True,/data/all_images/image_219.jpeg,/DATA5/prabhakar/telecom/extracted_images/images/image_219.jpeg,True,24519,singleton_219,True,False,1,
220,True,/data/all_images/image_220.png,/DATA5/prabhakar/telecom/extracted_images/images/image_220.png,True,27272,singleton_220,True,False,1,
221,True,/data/all_images/image_221.png,/DATA5/prabhakar/telecom/extracted_images/images/image_221.png,True,25966,singleton_221,True,False,1,
222,True,/data/all_images/image_222.png,/DATA5/prabhakar/telecom/extracted_images/images/image_222.png,True,29728,singleton_222,True,False,1,
223,True,/data/all_images/image_223.png,/DATA5/prabhakar/telecom/extracted_images/images/image_223.png,True,25427,singleton_223,True,False,1,
224,True,/data/all_images/image_224.png,/DATA5/prabhakar/telecom/extracted_images/images/image_224.png,True,126205,singleton_224,True,False,1,
225,True,/data/all_images/image_225.jpeg,/DATA5/prabhakar/telecom/extracted_images/images/image_225.jpeg,True,70467,singleton_225,True,False,1,
226,True,/data/all_images/image_226.jpeg,/DATA5/prabhakar/telecom/extracted_images/images/image_226.jpeg,True,103884,singleton_226,True,False,1,
227,True,/data/all_images/image_227.png,/DATA5/prabhakar/telecom/extracted_images/images/image_227.png,True,35528,singleton_227,True,False,1,
228,True,/data/all_images/image_228.png,/DATA5/prabhakar/telecom/extracted_images/images/image_228.png,True,20660,singleton_228,True,False,1,
229,True,/data/all_images/image_229.png,/DATA5/prabhakar/telecom/extracted_images/images/image_229.png,True,24423,singleton_229,True,False,1,
230,True,/data/all_images/image_230.jpeg,/DATA5/prabhakar/telecom/extracted_images/images/image_230.jpeg,True,46344,singleton_230,True,False,1,
231,True,/data/all_images/image_231.jpeg,/DATA5/prabhakar/telecom/extracted_images/images/image_231.jpeg,True,49098,singleton_231,True,False,1,
232,True,/data/all_images/image_232.png,/DATA5/prabhakar/telecom/extracted_images/images/image_232.png,True,30204,singleton_232,True,False,1,
233,True,/data/all_images/image_233.jpeg,/DATA5/prabhakar/telecom/extracted_images/images/image_233.jpeg,True,132009,singleton_233,True,False,1,
234,True,/data/all_images/image_234.png,/DATA5/prabhakar/telecom/extracted_images/images/image_234.png,True,21373,singleton_234,True,False,1,
235,True,/data/all_images/image_235.png,/DATA5/prabhakar/telecom/extracted_images/images/image_235.png,True,23588,singleton_235,True,False,1,
236,True,/data/all_images/image_236.png,/DATA5/prabhakar/telecom/extracted_images/images/image_236.png,True,25511,singleton_236,True,False,1,
237,True,/data/all_images/image_237.png,/DATA5/prabhakar/telecom/extracted_images/images/image_237.png,True,21407,singleton_237,True,False,1,
238,True,/data/all_images/image_238.jpeg,/DATA5/prabhakar/telecom/extracted_images/images/image_238.jpeg,True,47230,singleton_238,True,False,1,
239,True,/data/all_images/image_239.jpeg,/DATA5/prabhakar/telecom/extracted_images/images/image_239.jpeg,True,96586,singleton_239,True,False,1,
240,True,/data/all_images/image_240.png,/DATA5/prabhakar/telecom/extracted_images/images/image_240.png,True,31862,singleton_240,True,False,1,
241,True,/data/all_images/image_241.png,/DATA5/prabhakar/telecom/extracted_images/images/image_241.png,True,33078,singleton_241,True,False,1,
242,True,/data/all_images/image_242.jpeg,/DATA5/prabhakar/telecom/extracted_images/images/image_242.jpeg,True,49594,singleton_242,True,False,1,
243,True,/data/all_images/image_243.jpeg,/DATA5/prabhakar/telecom/extracted_images/images/image_243.jpeg,True,49422,singleton_243,True,False,1,
244,True,/data/all_images/image_244.jpeg,/DATA5/prabhakar/telecom/extracted_images/images/image_244.jpeg,True,20540,singleton_244,True,False,1,
245,True,/data/all_images/image_245.jpeg,/DATA5/prabhakar/telecom/extracted_images/images/image_245.jpeg,True,23843,singleton_245,True,False,1,
246,True,/data/all_images/image_246.jpeg,/DATA5/prabhakar/telecom/extracted_images/images/image_246.jpeg,True,49549,singleton_246,True,False,1,
247,True,/data/all_images/image_247.jpeg,/DATA5/prabhakar/telecom/extracted_images/images/image_247.jpeg,True,20914,singleton_247,True,False,1,
248,True,/data/all_images/image_248.jpeg,/DATA5/prabhakar/telecom/extracted_images/images/image_248.jpeg,True,23768,singleton_248,True,False,1,
249,True,/data/all_images/image_249.png,/DATA5/prabhakar/telecom/extracted_images/images/image_249.png,True,43270,singleton_249,True,False,1,
250,True,/data/all_images/image_250.png,/DATA5/prabhakar/telecom/extracted_images/images/image_250.png,True,36061,singleton_250,True,False,1,
251,True,/data/all_images/image_251.jpeg,/DATA5/prabhakar/telecom/extracted_images/images/image_251.jpeg,True,30961,singleton_251,True,False,1,
252,True,/data/all_images/image_252.png,/DATA5/prabhakar/telecom/extracted_images/images/image_252.png,True,50449,singleton_252,True,False,1,
253,True,/data/all_images/image_253.png,/DATA5/prabhakar/telecom/extracted_images/images/image_253.png,True,39798,singleton_253,True,False,1,
254,True,/data/all_images/image_254.png,/DATA5/prabhakar/telecom/extracted_images/images/image_254.png,True,29692,singleton_254,True,False,1,
255,True,/data/all_images/image_255.png,/DATA5/prabhakar/telecom/extracted_images/images/image_255.png,True,36550,singleton_255,True,False,1,
256,True,/data/all_images/image_256.png,/DATA5/prabhakar/telecom/extracted_images/images/image_256.png,True,61328,singleton_256,True,False,1,
257,True,/data/all_images/image_257.png,/DATA5/prabhakar/telecom/extracted_images/images/image_257.png,True,20805,singleton_257,True,False,1,
258,True,/data/all_images/image_258.jpeg,/DATA5/prabhakar/telecom/extracted_images/images/image_258.jpeg,True,24728,singleton_258,True,False,1,
259,True,/data/all_images/image_259.jpeg,/DATA5/prabhakar/telecom/extracted_images/images/image_259.jpeg,True,33282,singleton_259,True,False,1,
260,True,/data/all_images/image_260.jpeg,/DATA5/prabhakar/telecom/extracted_images/images/image_260.jpeg,True,88247,dup_group_6,True,True,4,
261,True,/data/all_images/image_261.jpeg,/DATA5/prabhakar/telecom/extracted_images/images/image_261.jpeg,True,37062,singleton_261,True,False,1,
262,True,/data/all_images/image_262.png,/DATA5/prabhakar/telecom/extracted_images/images/image_262.png,True,23067,singleton_262,True,False,1,
263,True,/data/all_images/image_263.jpeg,/DATA5/prabhakar/telecom/extracted_images/images/image_263.jpeg,True,25253,singleton_263,True,False,1,
264,True,/data/all_images/image_264.jpeg,/DATA5/prabhakar/telecom/extracted_images/images/image_264.jpeg,True,43818,singleton_264,True,False,1,
265,True,/data/all_images/image_265.jpeg,/DATA5/prabhakar/telecom/extracted_images/images/image_265.jpeg,True,46709,singleton_265,True,False,1,
266,True,/data/all_images/image_266.png,/DATA5/prabhakar/telecom/extracted_images/images/image_266.png,True,82823,singleton_266,True,False,1,
267,True,/data/all_images/image_267.png,/DATA5/prabhakar/telecom/extracted_images/images/image_267.png,True,25795,singleton_267,True,False,1,
268,True,/data/all_images/image_268.png,/DATA5/prabhakar/telecom/extracted_images/images/image_268.png,True,21002,singleton_268,True,False,1,
269,True,/data/all_images/image_269.jpeg,/DATA5/prabhakar/telecom/extracted_images/images/image_269.jpeg,True,25393,singleton_269,True,False,1,
270,True,/data/all_images/image_270.jpeg,/DATA5/prabhakar/telecom/extracted_images/images/image_270.jpeg,True,64596,singleton_270,True,False,1,
271,True,/data/all_images/image_271.jpeg,/DATA5/prabhakar/telecom/extracted_images/images/image_271.jpeg,True,67130,singleton_271,True,False,1,
272,True,/data/all_images/image_272.jpeg,/DATA5/prabhakar/telecom/extracted_images/images/image_272.jpeg,True,62878,singleton_272,True,False,1,
273,True,/data/all_images/image_273.jpeg,/DATA5/prabhakar/telecom/extracted_images/images/image_273.jpeg,True,67535,singleton_273,True,False,1,
274,True,/data/all_images/image_274.png,/DATA5/prabhakar/telecom/extracted_images/images/image_274.png,True,21857,singleton_274,True,False,1,
275,True,/data/all_images/image_275.jpeg,/DATA5/prabhakar/telecom/extracted_images/images/image_275.jpeg,True,71281,singleton_275,True,False,1,
276,True,/data/all_images/image_276.jpeg,/DATA5/prabhakar/telecom/extracted_images/images/image_276.jpeg,True,21147,singleton_276,True,False,1,
277,True,/data/all_images/image_277.jpeg,/DATA5/prabhakar/telecom/extracted_images/images/image_277.jpeg,True,21656,singleton_277,True,False,1,
278,True,/data/all_images/image_278.png,/DATA5/prabhakar/telecom/extracted_images/images/image_278.png,True,23585,singleton_278,True,False,1,
279,True,/data/all_images/image_279.jpeg,/DATA5/prabhakar/telecom/extracted_images/images/image_279.jpeg,True,20573,singleton_279,True,False,1,
280,True,/data/all_images/image_280.jpeg,/DATA5/prabhakar/telecom/extracted_images/images/image_280.jpeg,True,40381,singleton_280,True,False,1,
281,True,/data/all_images/image_281.jpeg,/DATA5/prabhakar/telecom/extracted_images/images/image_281.jpeg,True,38449,singleton_281,True,False,1,
282,True,/data/all_images/image_282.jpeg,/DATA5/prabhakar/telecom/extracted_images/images/image_282.jpeg,True,31876,singleton_282,True,False,1,
283,True,/data/all_images/image_283.jpeg,/DATA5/prabhakar/telecom/extracted_images/images/image_283.jpeg,True,26966,singleton_283,True,False,1,
284,True,/data/all_images/image_284.jpeg,/DATA5/prabhakar/telecom/extracted_images/images/image_284.jpeg,True,36537,singleton_284,True,False,1,
285,True,/data/all_images/image_285.jpeg,/DATA5/prabhakar/telecom/extracted_images/images/image_285.jpeg,True,30977,singleton_285,True,False,1,
286,True,/data/all_images/image_286.jpeg,/DATA5/prabhakar/telecom/extracted_images/images/image_286.jpeg,True,67164,singleton_286,True,False,1,
287,True,/data/all_images/image_287.jpeg,/DATA5/prabhakar/telecom/extracted_images/images/image_287.jpeg,True,40090,singleton_287,True,False,1,
288,True,/data/all_images/image_288.jpeg,/DATA5/prabhakar/telecom/extracted_images/images/image_288.jpeg,True,89307,singleton_288,True,False,1,
289,True,/data/all_images/image_289.jpeg,/DATA5/prabhakar/telecom/extracted_images/images/image_289.jpeg,True,62149,singleton_289,True,False,1,
290,True,/data/all_images/image_290.jpeg,/DATA5/prabhakar/telecom/extracted_images/images/image_290.jpeg,True,41613,singleton_290,True,False,1,
291,True,/data/all_images/image_291.jpeg,/DATA5/prabhakar/telecom/extracted_images/images/image_291.jpeg,True,65977,singleton_291,True,False,1,
292,True,/data/all_images/image_292.jpeg,/DATA5/prabhakar/telecom/extracted_images/images/image_292.jpeg,True,71200,singleton_292,True,False,1,
293,True,/data/all_images/image_293.jpeg,/DATA5/prabhakar/telecom/extracted_images/images/image_293.jpeg,True,131743,singleton_293,True,False,1,
294,True,/data/all_images/image_294.jpeg,/DATA5/prabhakar/telecom/extracted_images/images/image_294.jpeg,True,43638,singleton_294,True,False,1,
295,True,/data/all_images/image_295.png,/DATA5/prabhakar/telecom/extracted_images/images/image_295.png,True,58534,singleton_295,True,False,1,
296,True,/data/all_images/image_296.png,/DATA5/prabhakar/telecom/extracted_images/images/image_296.png,True,58777,singleton_296,True,False,1,
297,True,/data/all_images/image_297.jpeg,/DATA5/prabhakar/telecom/extracted_images/images/image_297.jpeg,True,63876,singleton_297,True,False,1,
298,True,/data/all_images/image_298.jpeg,/DATA5/prabhakar/telecom/extracted_images/images/image_298.jpeg,True,78324,singleton_298,True,False,1,
299,True,/data/all_images/image_299.jpeg,/DATA5/prabhakar/telecom/extracted_images/images/image_299.jpeg,True,26760,dup_group_7,True,True,2,
300,True,/data/all_images/image_300.jpeg,/DATA5/prabhakar/telecom/extracted_images/images/image_300.jpeg,True,21285,dup_group_8,True,True,2,
301,True,/data/all_images/image_301.jpeg,/DATA5/prabhakar/telecom/extracted_images/images/image_301.jpeg,True,28923,dup_group_9,True,True,2,
302,True,/data/all_images/image_302.jpeg,/DATA5/prabhakar/telecom/extracted_images/images/image_302.jpeg,True,29549,singleton_302,True,False,1,
303,True,/data/all_images/image_303.jpeg,/DATA5/prabhakar/telecom/extracted_images/images/image_303.jpeg,True,26760,dup_group_7,True,True,2,
304,True,/data/all_images/image_304.jpeg,/DATA5/prabhakar/telecom/extracted_images/images/image_304.jpeg,True,21285,dup_group_8,True,True,2,
305,True,/data/all_images/image_305.jpeg,/DATA5/prabhakar/telecom/extracted_images/images/image_305.jpeg,True,28923,dup_group_9,True,True,2,
306,True,/data/all_images/image_306.jpeg,/DATA5/prabhakar/telecom/extracted_images/images/image_306.jpeg,True,21509,singleton_306,True,False,1,
307,True,/data/all_images/image_307.jpeg,/DATA5/prabhakar/telecom/extracted_images/images/image_307.jpeg,True,51133,singleton_307,True,False,1,
308,True,/data/all_images/image_308.jpeg,/DATA5/prabhakar/telecom/extracted_images/images/image_308.jpeg,True,52690,singleton_308,True,False,1,
309,True,/data/all_images/image_309.jpeg,/DATA5/prabhakar/telecom/extracted_images/images/image_309.jpeg,True,56337,singleton_309,True,False,1,
310,True,/data/all_images/image_310.jpeg,/DATA5/prabhakar/telecom/extracted_images/images/image_310.jpeg,True,52324,singleton_310,True,False,1,
311,True,/data/all_images/image_311.jpeg,/DATA5/prabhakar/telecom/extracted_images/images/image_311.jpeg,True,29415,singleton_311,True,False,1,
312,True,/data/all_images/image_312.jpeg,/DATA5/prabhakar/telecom/extracted_images/images/image_312.jpeg,True,43071,singleton_312,True,False,1,
313,True,/data/all_images/image_313.png,/DATA5/prabhakar/telecom/extracted_images/images/image_313.png,True,50023,singleton_313,True,False,1,
314,True,/data/all_images/image_314.jpeg,/DATA5/prabhakar/telecom/extracted_images/images/image_314.jpeg,True,41884,singleton_314,True,False,1,
315,True,/data/all_images/image_315.jpeg,/DATA5/prabhakar/telecom/extracted_images/images/image_315.jpeg,True,27005,singleton_315,True,False,1,
316,True,/data/all_images/image_316.jpeg,/DATA5/prabhakar/telecom/extracted_images/images/image_316.jpeg,True,45133,singleton_316,True,False,1,
317,True,/data/all_images/image_317.jpeg,/DATA5/prabhakar/telecom/extracted_images/images/image_317.jpeg,True,26727,singleton_317,True,False,1,
318,True,/data/all_images/image_318.jpeg,/DATA5/prabhakar/telecom/extracted_images/images/image_318.jpeg,True,65747,singleton_318,True,False,1,
319,True,/data/all_images/image_319.jpeg,/DATA5/prabhakar/telecom/extracted_images/images/image_319.jpeg,True,28545,dup_group_5,True,True,2,
320,True,/data/all_images/image_320.jpeg,/DATA5/prabhakar/telecom/extracted_images/images/image_320.jpeg,True,24042,singleton_320,True,False,1,
321,True,/data/all_images/image_321.jpeg,/DATA5/prabhakar/telecom/extracted_images/images/image_321.jpeg,True,63885,singleton_321,True,False,1,
322,True,/data/all_images/image_322.jpeg,/DATA5/prabhakar/telecom/extracted_images/images/image_322.jpeg,True,22995,singleton_322,True,False,1,
323,True,/data/all_images/image_323.png,/DATA5/prabhakar/telecom/extracted_images/images/image_323.png,True,52457,singleton_323,True,False,1,
324,True,/data/all_images/image_324.jpeg,/DATA5/prabhakar/telecom/extracted_images/images/image_324.jpeg,True,53526,singleton_324,True,False,1,
325,True,/data/all_images/image_325.png,/DATA5/prabhakar/telecom/extracted_images/images/image_325.png,True,38682,singleton_325,True,False,1,
326,True,/data/all_images/image_326.png,/DATA5/prabhakar/telecom/extracted_images/images/image_326.png,True,47558,singleton_326,True,False,1,
327,True,/data/all_images/image_327.jpeg,/DATA5/prabhakar/telecom/extracted_images/images/image_327.jpeg,True,49882,singleton_327,True,False,1,
328,True,/data/all_images/image_328.png,/DATA5/prabhakar/telecom/extracted_images/images/image_328.png,True,75758,singleton_328,True,False,1,
329,True,/data/all_images/image_329.jpeg,/DATA5/prabhakar/telecom/extracted_images/images/image_329.jpeg,True,49817,singleton_329,True,False,1,
330,True,/data/all_images/image_330.png,/DATA5/prabhakar/telecom/extracted_images/images/image_330.png,True,37313,singleton_330,True,False,1,
331,True,/data/all_images/image_331.jpeg,/DATA5/prabhakar/telecom/extracted_images/images/image_331.jpeg,True,60894,singleton_331,True,False,1,
332,True,/data/all_images/image_332.jpeg,/DATA5/prabhakar/telecom/extracted_images/images/image_332.jpeg,True,28610,singleton_332,True,False,1,
333,True,/data/all_images/image_333.jpeg,/DATA5/prabhakar/telecom/extracted_images/images/image_333.jpeg,True,78344,singleton_333,True,False,1,
334,True,/data/all_images/image_334.jpeg,/DATA5/prabhakar/telecom/extracted_images/images/image_334.jpeg,True,28810,singleton_334,True,False,1,
335,True,/data/all_images/image_335.jpeg,/DATA5/prabhakar/telecom/extracted_images/images/image_335.jpeg,True,72711,singleton_335,True,False,1,
336,True,/data/all_images/image_336.jpeg,/DATA5/prabhakar/telecom/extracted_images/images/image_336.jpeg,True,28130,singleton_336,True,False,1,
337,True,/data/all_images/image_337.jpeg,/DATA5/prabhakar/telecom/extracted_images/images/image_337.jpeg,True,73156,singleton_337,True,False,1,
338,True,/data/all_images/image_338.jpeg,/DATA5/prabhakar/telecom/extracted_images/images/image_338.jpeg,True,55894,singleton_338,True,False,1,
339,True,/data/all_images/image_339.jpeg,/DATA5/prabhakar/telecom/extracted_images/images/image_339.jpeg,True,57421,singleton_339,True,False,1,
340,True,/data/all_images/image_340.jpeg,/DATA5/prabhakar/telecom/extracted_images/images/image_340.jpeg,True,35546,singleton_340,True,False,1,
341,True,/data/all_images/image_341.jpeg,/DATA5/prabhakar/telecom/extracted_images/images/image_341.jpeg,True,26304,singleton_341,True,False,1,
342,True,/data/all_images/image_342.jpeg,/DATA5/prabhakar/telecom/extracted_images/images/image_342.jpeg,True,23782,singleton_342,True,False,1,
343,True,/data/all_images/image_343.jpeg,/DATA5/prabhakar/telecom/extracted_images/images/image_343.jpeg,True,27012,singleton_343,True,False,1,
344,True,/data/all_images/image_344.jpeg,/DATA5/prabhakar/telecom/extracted_images/images/image_344.jpeg,True,26306,singleton_344,True,False,1,
345,True,/data/all_images/image_345.jpeg,/DATA5/prabhakar/telecom/extracted_images/images/image_345.jpeg,True,26105,singleton_345,True,False,1,
346,True,/data/all_images/image_346.jpeg,/DATA5/prabhakar/telecom/extracted_images/images/image_346.jpeg,True,78246,singleton_346,True,False,1,
347,True,/data/all_images/image_347.jpeg,/DATA5/prabhakar/telecom/extracted_images/images/image_347.jpeg,True,90686,singleton_347,True,False,1,
348,True,/data/all_images/image_348.jpeg,/DATA5/prabhakar/telecom/extracted_images/images/image_348.jpeg,True,82944,singleton_348,True,False,1,
349,True,/data/all_images/image_349.jpeg,/DATA5/prabhakar/telecom/extracted_images/images/image_349.jpeg,True,81978,singleton_349,True,False,1,
350,True,/data/all_images/image_350.jpeg,/DATA5/prabhakar/telecom/extracted_images/images/image_350.jpeg,True,27262,singleton_350,True,False,1,
351,True,/data/all_images/image_351.png,/DATA5/prabhakar/telecom/extracted_images/images/image_351.png,True,32011,singleton_351,True,False,1,
352,True,/data/all_images/image_352.png,/DATA5/prabhakar/telecom/extracted_images/images/image_352.png,True,26543,singleton_352,True,False,1,
353,True,/data/all_images/image_353.jpeg,/DATA5/prabhakar/telecom/extracted_images/images/image_353.jpeg,True,30924,singleton_353,True,False,1,
354,True,/data/all_images/image_354.jpeg,/DATA5/prabhakar/telecom/extracted_images/images/image_354.jpeg,True,114678,singleton_354,True,False,1,
355,True,/data/all_images/image_355.jpeg,/DATA5/prabhakar/telecom/extracted_images/images/image_355.jpeg,True,34088,singleton_355,True,False,1,
356,True,/data/all_images/image_356.png,/DATA5/prabhakar/telecom/extracted_images/images/image_356.png,True,44706,singleton_356,True,False,1,
357,True,/data/all_images/image_357.jpeg,/DATA5/prabhakar/telecom/extracted_images/images/image_357.jpeg,True,41003,singleton_357,True,False,1,
358,True,/data/all_images/image_358.jpeg,/DATA5/prabhakar/telecom/extracted_images/images/image_358.jpeg,True,29218,singleton_358,True,False,1,
359,True,/data/all_images/image_359.jpeg,/DATA5/prabhakar/telecom/extracted_images/images/image_359.jpeg,True,46264,singleton_359,True,False,1,
360,True,/data/all_images/image_360.png,/DATA5/prabhakar/telecom/extracted_images/images/image_360.png,True,58356,singleton_360,True,False,1,
361,True,/data/all_images/image_361.png,/DATA5/prabhakar/telecom/extracted_images/images/image_361.png,True,32501,singleton_361,True,False,1,
362,True,/data/all_images/image_362.png,/DATA5/prabhakar/telecom/extracted_images/images/image_362.png,True,53392,singleton_362,True,False,1,
363,True,/data/all_images/image_363.jpeg,/DATA5/prabhakar/telecom/extracted_images/images/image_363.jpeg,True,48452,singleton_363,True,False,1,
364,True,/data/all_images/image_364.jpeg,/DATA5/prabhakar/telecom/extracted_images/images/image_364.jpeg,True,44067,singleton_364,True,False,1,
365,True,/data/all_images/image_365.jpeg,/DATA5/prabhakar/telecom/extracted_images/images/image_365.jpeg,True,25267,dup_group_10,True,True,2,
366,True,/data/all_images/image_366.jpeg,/DATA5/prabhakar/telecom/extracted_images/images/image_366.jpeg,True,25267,dup_group_10,True,True,2,
367,True,/data/all_images/image_367.png,/DATA5/prabhakar/telecom/extracted_images/images/image_367.png,True,43779,singleton_367,True,False,1,
368,True,/data/all_images/image_368.jpeg,/DATA5/prabhakar/telecom/extracted_images/images/image_368.jpeg,True,68769,singleton_368,True,False,1,
369,True,/data/all_images/image_369.png,/DATA5/prabhakar/telecom/extracted_images/images/image_369.png,True,56380,singleton_369,True,False,1,
370,True,/data/all_images/image_370.png,/DATA5/prabhakar/telecom/extracted_images/images/image_370.png,True,58853,singleton_370,True,False,1,
371,True,/data/all_images/image_371.png,/DATA5/prabhakar/telecom/extracted_images/images/image_371.png,True,55336,singleton_371,True,False,1,
372,True,/data/all_images/image_372.jpeg,/DATA5/prabhakar/telecom/extracted_images/images/image_372.jpeg,True,107149,singleton_372,True,False,1,
373,True,/data/all_images/image_373.jpeg,/DATA5/prabhakar/telecom/extracted_images/images/image_373.jpeg,True,66721,singleton_373,True,False,1,
374,True,/data/all_images/image_374.jpeg,/DATA5/prabhakar/telecom/extracted_images/images/image_374.jpeg,True,64982,singleton_374,True,False,1,
375,True,/data/all_images/image_375.jpeg,/DATA5/prabhakar/telecom/extracted_images/images/image_375.jpeg,True,25071,singleton_375,True,False,1,
376,True,/data/all_images/image_376.png,/DATA5/prabhakar/telecom/extracted_images/images/image_376.png,True,46014,singleton_376,True,False,1,
377,True,/data/all_images/image_377.png,/DATA5/prabhakar/telecom/extracted_images/images/image_377.png,True,26059,singleton_377,True,False,1,
378,True,/data/all_images/image_378.jpeg,/DATA5/prabhakar/telecom/extracted_images/images/image_378.jpeg,True,38352,singleton_378,True,False,1,
379,True,/data/all_images/image_379.png,/DATA5/prabhakar/telecom/extracted_images/images/image_379.png,True,47764,singleton_379,True,False,1,
380,True,/data/all_images/image_380.jpeg,/DATA5/prabhakar/telecom/extracted_images/images/image_380.jpeg,True,70017,singleton_380,True,False,1,
381,True,/data/all_images/image_381.png,/DATA5/prabhakar/telecom/extracted_images/images/image_381.png,True,34000,dup_group_11,True,True,2,
382,True,/data/all_images/image_382.jpeg,/DATA5/prabhakar/telecom/extracted_images/images/image_382.jpeg,True,44392,singleton_382,True,False,1,
383,True,/data/all_images/image_383.png,/DATA5/prabhakar/telecom/extracted_images/images/image_383.png,True,56838,singleton_383,True,False,1,
384,True,/data/all_images/image_384.jpeg,/DATA5/prabhakar/telecom/extracted_images/images/image_384.jpeg,True,47487,singleton_384,True,False,1,
385,True,/data/all_images/image_385.jpeg,/DATA5/prabhakar/telecom/extracted_images/images/image_385.jpeg,True,39544,singleton_385,True,False,1,
386,True,/data/all_images/image_386.jpeg,/DATA5/prabhakar/telecom/extracted_images/images/image_386.jpeg,True,35981,singleton_386,True,False,1,
387,True,/data/all_images/image_387.jpeg,/DATA5/prabhakar/telecom/extracted_images/images/image_387.jpeg,True,46544,singleton_387,True,False,1,
388,True,/data/all_images/image_388.jpeg,/DATA5/prabhakar/telecom/extracted_images/images/image_388.jpeg,True,41861,singleton_388,True,False,1,
389,True,/data/all_images/image_389.jpeg,/DATA5/prabhakar/telecom/extracted_images/images/image_389.jpeg,True,31785,singleton_389,True,False,1,
390,True,/data/all_images/image_390.jpeg,/DATA5/prabhakar/telecom/extracted_images/images/image_390.jpeg,True,42432,singleton_390,True,False,1,
391,True,/data/all_images/image_391.png,/DATA5/prabhakar/telecom/extracted_images/images/image_391.png,True,22224,singleton_391,True,False,1,
392,True,/data/all_images/image_392.png,/DATA5/prabhakar/telecom/extracted_images/images/image_392.png,True,32477,singleton_392,True,False,1,
393,True,/data/all_images/image_393.jpeg,/DATA5/prabhakar/telecom/extracted_images/images/image_393.jpeg,True,78254,singleton_393,True,False,1,
394,True,/data/all_images/image_394.jpeg,/DATA5/prabhakar/telecom/extracted_images/images/image_394.jpeg,True,86031,singleton_394,True,False,1,
395,True,/data/all_images/image_395.png,/DATA5/prabhakar/telecom/extracted_images/images/image_395.png,True,46199,singleton_395,True,False,1,
396,True,/data/all_images/image_396.png,/DATA5/prabhakar/telecom/extracted_images/images/image_396.png,True,52796,singleton_396,True,False,1,
397,True,/data/all_images/image_397.png,/DATA5/prabhakar/telecom/extracted_images/images/image_397.png,True,38726,singleton_397,True,False,1,
398,True,/data/all_images/image_398.png,/DATA5/prabhakar/telecom/extracted_images/images/image_398.png,True,30635,singleton_398,True,False,1,
399,True,/data/all_images/image_399.png,/DATA5/prabhakar/telecom/extracted_images/images/image_399.png,True,27272,singleton_399,True,False,1,
400,True,/data/all_images/image_400.png,/DATA5/prabhakar/telecom/extracted_images/images/image_400.png,True,29966,singleton_400,True,False,1,
401,True,/data/all_images/image_401.jpeg,/DATA5/prabhakar/telecom/extracted_images/images/image_401.jpeg,True,52722,singleton_401,True,False,1,
402,True,/data/all_images/image_402.jpeg,/DATA5/prabhakar/telecom/extracted_images/images/image_402.jpeg,True,45426,singleton_402,True,False,1,
403,True,/data/all_images/image_403.jpeg,/DATA5/prabhakar/telecom/extracted_images/images/image_403.jpeg,True,28489,singleton_403,True,False,1,
404,True,/data/all_images/image_404.jpeg,/DATA5/prabhakar/telecom/extracted_images/images/image_404.jpeg,True,47149,singleton_404,True,False,1,
405,True,/data/all_images/image_405.jpeg,/DATA5/prabhakar/telecom/extracted_images/images/image_405.jpeg,True,54152,singleton_405,True,False,1,
406,True,/data/all_images/image_406.jpeg,/DATA5/prabhakar/telecom/extracted_images/images/image_406.jpeg,True,52279,singleton_406,True,False,1,
407,True,/data/all_images/image_407.jpeg,/DATA5/prabhakar/telecom/extracted_images/images/image_407.jpeg,True,55585,singleton_407,True,False,1,
408,True,/data/all_images/image_408.jpeg,/DATA5/prabhakar/telecom/extracted_images/images/image_408.jpeg,True,44105,singleton_408,True,False,1,
409,True,/data/all_images/image_409.png,/DATA5/prabhakar/telecom/extracted_images/images/image_409.png,True,43489,singleton_409,True,False,1,
410,True,/data/all_images/image_410.png,/DATA5/prabhakar/telecom/extracted_images/images/image_410.png,True,53858,singleton_410,True,False,1,
411,True,/data/all_images/image_411.png,/DATA5/prabhakar/telecom/extracted_images/images/image_411.png,True,47844,singleton_411,True,False,1,
412,True,/data/all_images/image_412.jpeg,/DATA5/prabhakar/telecom/extracted_images/images/image_412.jpeg,True,67215,singleton_412,True,False,1,
413,True,/data/all_images/image_413.png,/DATA5/prabhakar/telecom/extracted_images/images/image_413.png,True,54007,singleton_413,True,False,1,
414,True,/data/all_images/image_414.png,/DATA5/prabhakar/telecom/extracted_images/images/image_414.png,True,41718,singleton_414,True,False,1,
415,True,/data/all_images/image_415.png,/DATA5/prabhakar/telecom/extracted_images/images/image_415.png,True,55062,singleton_415,True,False,1,
416,True,/data/all_images/image_416.png,/DATA5/prabhakar/telecom/extracted_images/images/image_416.png,True,55381,singleton_416,True,False,1,
417,True,/data/all_images/image_417.png,/DATA5/prabhakar/telecom/extracted_images/images/image_417.png,True,54211,singleton_417,True,False,1,
418,True,/data/all_images/image_418.png,/DATA5/prabhakar/telecom/extracted_images/images/image_418.png,True,48480,singleton_418,True,False,1,
419,True,/data/all_images/image_419.png,/DATA5/prabhakar/telecom/extracted_images/images/image_419.png,True,57599,singleton_419,True,False,1,
420,True,/data/all_images/image_420.jpeg,/DATA5/prabhakar/telecom/extracted_images/images/image_420.jpeg,True,76438,dup_group_12,True,True,2,
421,True,/data/all_images/image_421.jpeg,/DATA5/prabhakar/telecom/extracted_images/images/image_421.jpeg,True,44292,dup_group_13,True,True,3,
422,True,/data/all_images/image_422.jpeg,/DATA5/prabhakar/telecom/extracted_images/images/image_422.jpeg,True,56723,singleton_422,True,False,1,
423,True,/data/all_images/image_423.jpeg,/DATA5/prabhakar/telecom/extracted_images/images/image_423.jpeg,True,46758,singleton_423,True,False,1,
424,True,/data/all_images/image_424.jpeg,/DATA5/prabhakar/telecom/extracted_images/images/image_424.jpeg,True,76438,dup_group_12,True,True,2,
425,True,/data/all_images/image_425.jpeg,/DATA5/prabhakar/telecom/extracted_images/images/image_425.jpeg,True,44292,dup_group_13,True,True,3,
426,True,/data/all_images/image_426.jpeg,/DATA5/prabhakar/telecom/extracted_images/images/image_426.jpeg,True,47124,singleton_426,True,False,1,
427,True,/data/all_images/image_427.jpeg,/DATA5/prabhakar/telecom/extracted_images/images/image_427.jpeg,True,88271,singleton_427,True,False,1,
428,True,/data/all_images/image_428.jpeg,/DATA5/prabhakar/telecom/extracted_images/images/image_428.jpeg,True,32683,singleton_428,True,False,1,
429,True,/data/all_images/image_429.png,/DATA5/prabhakar/telecom/extracted_images/images/image_429.png,True,26851,singleton_429,True,False,1,
430,True,/data/all_images/image_430.jpeg,/DATA5/prabhakar/telecom/extracted_images/images/image_430.jpeg,True,71924,singleton_430,True,False,1,
431,True,/data/all_images/image_431.jpeg,/DATA5/prabhakar/telecom/extracted_images/images/image_431.jpeg,True,72094,singleton_431,True,False,1,
432,True,/data/all_images/image_432.jpeg,/DATA5/prabhakar/telecom/extracted_images/images/image_432.jpeg,True,33618,singleton_432,True,False,1,
433,True,/data/all_images/image_433.jpeg,/DATA5/prabhakar/telecom/extracted_images/images/image_433.jpeg,True,67164,singleton_433,True,False,1,
434,True,/data/all_images/image_434.png,/DATA5/prabhakar/telecom/extracted_images/images/image_434.png,True,30493,singleton_434,True,False,1,
435,True,/data/all_images/image_435.jpeg,/DATA5/prabhakar/telecom/extracted_images/images/image_435.jpeg,True,70686,singleton_435,True,False,1,
436,True,/data/all_images/image_436.png,/DATA5/prabhakar/telecom/extracted_images/images/image_436.png,True,27088,singleton_436,True,False,1,
437,True,/data/all_images/image_437.jpeg,/DATA5/prabhakar/telecom/extracted_images/images/image_437.jpeg,True,44326,singleton_437,True,False,1,
438,True,/data/all_images/image_438.png,/DATA5/prabhakar/telecom/extracted_images/images/image_438.png,True,24634,singleton_438,True,False,1,
439,True,/data/all_images/image_439.png,/DATA5/prabhakar/telecom/extracted_images/images/image_439.png,True,24384,singleton_439,True,False,1,
440,True,/data/all_images/image_440.jpeg,/DATA5/prabhakar/telecom/extracted_images/images/image_440.jpeg,True,34129,singleton_440,True,False,1,
441,True,/data/all_images/image_441.jpeg,/DATA5/prabhakar/telecom/extracted_images/images/image_441.jpeg,True,40438,singleton_441,True,False,1,
442,True,/data/all_images/image_442.jpeg,/DATA5/prabhakar/telecom/extracted_images/images/image_442.jpeg,True,33292,singleton_442,True,False,1,
443,True,/data/all_images/image_443.png,/DATA5/prabhakar/telecom/extracted_images/images/image_443.png,True,40152,singleton_443,True,False,1,
444,True,/data/all_images/image_444.jpeg,/DATA5/prabhakar/telecom/extracted_images/images/image_444.jpeg,True,44292,dup_group_13,True,True,3,
445,True,/data/all_images/image_445.jpeg,/DATA5/prabhakar/telecom/extracted_images/images/image_445.jpeg,True,69466,singleton_445,True,False,1,
446,True,/data/all_images/image_446.png,/DATA5/prabhakar/telecom/extracted_images/images/image_446.png,True,59559,singleton_446,True,False,1,
447,True,/data/all_images/image_447.jpeg,/DATA5/prabhakar/telecom/extracted_images/images/image_447.jpeg,True,56285,singleton_447,True,False,1,
448,True,/data/all_images/image_448.jpeg,/DATA5/prabhakar/telecom/extracted_images/images/image_448.jpeg,True,63789,singleton_448,True,False,1,
449,True,/data/all_images/image_449.jpeg,/DATA5/prabhakar/telecom/extracted_images/images/image_449.jpeg,True,58050,singleton_449,True,False,1,
450,True,/data/all_images/image_450.jpeg,/DATA5/prabhakar/telecom/extracted_images/images/image_450.jpeg,True,66788,singleton_450,True,False,1,
451,True,/data/all_images/image_451.jpeg,/DATA5/prabhakar/telecom/extracted_images/images/image_451.jpeg,True,54133,dup_group_14,True,True,2,
452,True,/data/all_images/image_452.jpeg,/DATA5/prabhakar/telecom/extracted_images/images/image_452.jpeg,True,63612,singleton_452,True,False,1,
453,True,/data/all_images/image_453.jpeg,/DATA5/prabhakar/telecom/extracted_images/images/image_453.jpeg,True,54133,dup_group_14,True,True,2,
454,True,/data/all_images/image_454.jpeg,/DATA5/prabhakar/telecom/extracted_images/images/image_454.jpeg,True,60745,singleton_454,True,False,1,
455,True,/data/all_images/image_455.jpeg,/DATA5/prabhakar/telecom/extracted_images/images/image_455.jpeg,True,62233,singleton_455,True,False,1,
456,True,/data/all_images/image_456.jpeg,/DATA5/prabhakar/telecom/extracted_images/images/image_456.jpeg,True,70034,singleton_456,True,False,1,
457,True,/data/all_images/image_457.jpeg,/DATA5/prabhakar/telecom/extracted_images/images/image_457.jpeg,True,59508,singleton_457,True,False,1,
458,True,/data/all_images/image_458.jpeg,/DATA5/prabhakar/telecom/extracted_images/images/image_458.jpeg,True,28043,dup_group_15,True,True,4,
459,True,/data/all_images/image_459.jpeg,/DATA5/prabhakar/telecom/extracted_images/images/image_459.jpeg,True,26931,singleton_459,True,False,1,
460,True,/data/all_images/image_460.jpeg,/DATA5/prabhakar/telecom/extracted_images/images/image_460.jpeg,True,116742,singleton_460,True,False,1,
461,True,/data/all_images/image_461.png,/DATA5/prabhakar/telecom/extracted_images/images/image_461.png,True,42105,singleton_461,True,False,1,
462,True,/data/all_images/image_462.jpeg,/DATA5/prabhakar/telecom/extracted_images/images/image_462.jpeg,True,62519,singleton_462,True,False,1,
463,True,/data/all_images/image_463.jpeg,/DATA5/prabhakar/telecom/extracted_images/images/image_463.jpeg,True,35268,singleton_463,True,False,1,
464,True,/data/all_images/image_464.jpeg,/DATA5/prabhakar/telecom/extracted_images/images/image_464.jpeg,True,44521,singleton_464,True,False,1,
465,True,/data/all_images/image_465.png,/DATA5/prabhakar/telecom/extracted_images/images/image_465.png,True,34518,singleton_465,True,False,1,
466,True,/data/all_images/image_466.jpeg,/DATA5/prabhakar/telecom/extracted_images/images/image_466.jpeg,True,26126,singleton_466,True,False,1,
467,True,/data/all_images/image_467.jpeg,/DATA5/prabhakar/telecom/extracted_images/images/image_467.jpeg,True,26823,singleton_467,True,False,1,
468,True,/data/all_images/image_468.jpeg,/DATA5/prabhakar/telecom/extracted_images/images/image_468.jpeg,True,60946,singleton_468,True,False,1,
469,True,/data/all_images/image_469.jpeg,/DATA5/prabhakar/telecom/extracted_images/images/image_469.jpeg,True,57337,singleton_469,True,False,1,
470,True,/data/all_images/image_470.jpeg,/DATA5/prabhakar/telecom/extracted_images/images/image_470.jpeg,True,34917,singleton_470,True,False,1,
471,True,/data/all_images/image_471.jpeg,/DATA5/prabhakar/telecom/extracted_images/images/image_471.jpeg,True,88247,dup_group_6,True,True,4,
472,True,/data/all_images/image_472.jpeg,/DATA5/prabhakar/telecom/extracted_images/images/image_472.jpeg,True,58166,singleton_472,True,False,1,
473,True,/data/all_images/image_473.jpeg,/DATA5/prabhakar/telecom/extracted_images/images/image_473.jpeg,True,48219,singleton_473,True,False,1,
474,True,/data/all_images/image_474.png,/DATA5/prabhakar/telecom/extracted_images/images/image_474.png,True,50836,singleton_474,True,False,1,
475,True,/data/all_images/image_475.png,/DATA5/prabhakar/telecom/extracted_images/images/image_475.png,True,48046,singleton_475,True,False,1,
476,True,/data/all_images/image_476.png,/DATA5/prabhakar/telecom/extracted_images/images/image_476.png,True,47838,singleton_476,True,False,1,
477,True,/data/all_images/image_477.jpeg,/DATA5/prabhakar/telecom/extracted_images/images/image_477.jpeg,True,21687,singleton_477,True,False,1,
478,True,/data/all_images/image_478.jpeg,/DATA5/prabhakar/telecom/extracted_images/images/image_478.jpeg,True,26503,dup_group_16,True,True,2,
479,True,/data/all_images/image_479.jpeg,/DATA5/prabhakar/telecom/extracted_images/images/image_479.jpeg,True,53853,singleton_479,True,False,1,
480,True,/data/all_images/image_480.jpeg,/DATA5/prabhakar/telecom/extracted_images/images/image_480.jpeg,True,23470,singleton_480,True,False,1,
481,True,/data/all_images/image_481.jpeg,/DATA5/prabhakar/telecom/extracted_images/images/image_481.jpeg,True,73907,singleton_481,True,False,1,
482,True,/data/all_images/image_482.jpeg,/DATA5/prabhakar/telecom/extracted_images/images/image_482.jpeg,True,81047,singleton_482,True,False,1,
483,True,/data/all_images/image_483.jpeg,/DATA5/prabhakar/telecom/extracted_images/images/image_483.jpeg,True,20501,singleton_483,True,False,1,
484,True,/data/all_images/image_484.jpeg,/DATA5/prabhakar/telecom/extracted_images/images/image_484.jpeg,True,61457,singleton_484,True,False,1,
485,True,/data/all_images/image_485.jpeg,/DATA5/prabhakar/telecom/extracted_images/images/image_485.jpeg,True,34031,singleton_485,True,False,1,
486,True,/data/all_images/image_486.jpeg,/DATA5/prabhakar/telecom/extracted_images/images/image_486.jpeg,True,51732,singleton_486,True,False,1,
487,True,/data/all_images/image_487.jpeg,/DATA5/prabhakar/telecom/extracted_images/images/image_487.jpeg,True,34727,singleton_487,True,False,1,
488,True,/data/all_images/image_488.jpeg,/DATA5/prabhakar/telecom/extracted_images/images/image_488.jpeg,True,45713,singleton_488,True,False,1,
489,True,/data/all_images/image_489.jpeg,/DATA5/prabhakar/telecom/extracted_images/images/image_489.jpeg,True,27309,singleton_489,True,False,1,
490,True,/data/all_images/image_490.jpeg,/DATA5/prabhakar/telecom/extracted_images/images/image_490.jpeg,True,38905,singleton_490,True,False,1,
491,True,/data/all_images/image_491.jpeg,/DATA5/prabhakar/telecom/extracted_images/images/image_491.jpeg,True,49438,singleton_491,True,False,1,
492,True,/data/all_images/image_492.jpeg,/DATA5/prabhakar/telecom/extracted_images/images/image_492.jpeg,True,28504,singleton_492,True,False,1,
493,True,/data/all_images/image_493.jpeg,/DATA5/prabhakar/telecom/extracted_images/images/image_493.jpeg,True,26265,singleton_493,True,False,1,
494,True,/data/all_images/image_494.jpeg,/DATA5/prabhakar/telecom/extracted_images/images/image_494.jpeg,True,27617,singleton_494,True,False,1,
495,True,/data/all_images/image_495.jpeg,/DATA5/prabhakar/telecom/extracted_images/images/image_495.jpeg,True,20567,singleton_495,True,False,1,
496,True,/data/all_images/image_496.jpeg,/DATA5/prabhakar/telecom/extracted_images/images/image_496.jpeg,True,30490,singleton_496,True,False,1,
497,True,/data/all_images/image_497.jpeg,/DATA5/prabhakar/telecom/extracted_images/images/image_497.jpeg,True,29442,singleton_497,True,False,1,
498,True,/data/all_images/image_498.png,/DATA5/prabhakar/telecom/extracted_images/images/image_498.png,True,23910,singleton_498,True,False,1,
499,True,/data/all_images/image_499.jpeg,/DATA5/prabhakar/telecom/extracted_images/images/image_499.jpeg,True,44524,singleton_499,True,False,1,
500,True,/data/all_images/image_500.jpeg,/DATA5/prabhakar/telecom/extracted_images/images/image_500.jpeg,True,38312,singleton_500,True,False,1,
501,True,/data/all_images/image_501.jpeg,/DATA5/prabhakar/telecom/extracted_images/images/image_501.jpeg,True,27332,singleton_501,True,False,1,
502,True,/data/all_images/image_502.jpeg,/DATA5/prabhakar/telecom/extracted_images/images/image_502.jpeg,True,26431,singleton_502,True,False,1,
503,True,/data/all_images/image_503.jpeg,/DATA5/prabhakar/telecom/extracted_images/images/image_503.jpeg,True,61444,singleton_503,True,False,1,
504,True,/data/all_images/image_504.jpeg,/DATA5/prabhakar/telecom/extracted_images/images/image_504.jpeg,True,21097,singleton_504,True,False,1,
505,True,/data/all_images/image_505.jpeg,/DATA5/prabhakar/telecom/extracted_images/images/image_505.jpeg,True,34765,singleton_505,True,False,1,
506,True,/data/all_images/image_506.jpeg,/DATA5/prabhakar/telecom/extracted_images/images/image_506.jpeg,True,30390,singleton_506,True,False,1,
507,True,/data/all_images/image_507.jpeg,/DATA5/prabhakar/telecom/extracted_images/images/image_507.jpeg,True,25641,dup_group_17,True,True,2,
508,True,/data/all_images/image_508.jpeg,/DATA5/prabhakar/telecom/extracted_images/images/image_508.jpeg,True,55125,dup_group_18,True,True,2,
509,True,/data/all_images/image_509.png,/DATA5/prabhakar/telecom/extracted_images/images/image_509.png,True,30752,singleton_509,True,False,1,
510,True,/data/all_images/image_510.jpeg,/DATA5/prabhakar/telecom/extracted_images/images/image_510.jpeg,True,23242,dup_group_19,True,True,2,
511,True,/data/all_images/image_511.png,/DATA5/prabhakar/telecom/extracted_images/images/image_511.png,True,27336,singleton_511,True,False,1,
512,True,/data/all_images/image_512.jpeg,/DATA5/prabhakar/telecom/extracted_images/images/image_512.jpeg,True,28653,singleton_512,True,False,1,
513,True,/data/all_images/image_513.jpeg,/DATA5/prabhakar/telecom/extracted_images/images/image_513.jpeg,True,25641,dup_group_17,True,True,2,
514,True,/data/all_images/image_514.jpeg,/DATA5/prabhakar/telecom/extracted_images/images/image_514.jpeg,True,27827,singleton_514,True,False,1,
515,True,/data/all_images/image_515.png,/DATA5/prabhakar/telecom/extracted_images/images/image_515.png,True,29974,singleton_515,True,False,1,
516,True,/data/all_images/image_516.png,/DATA5/prabhakar/telecom/extracted_images/images/image_516.png,True,53729,singleton_516,True,False,1,
517,True,/data/all_images/image_517.jpeg,/DATA5/prabhakar/telecom/extracted_images/images/image_517.jpeg,True,27747,singleton_517,True,False,1,
518,True,/data/all_images/image_518.png,/DATA5/prabhakar/telecom/extracted_images/images/image_518.png,True,20877,singleton_518,True,False,1,
519,True,/data/all_images/image_519.jpeg,/DATA5/prabhakar/telecom/extracted_images/images/image_519.jpeg,True,28762,singleton_519,True,False,1,
520,True,/data/all_images/image_520.jpeg,/DATA5/prabhakar/telecom/extracted_images/images/image_520.jpeg,True,40383,singleton_520,True,False,1,
521,True,/data/all_images/image_521.jpeg,/DATA5/prabhakar/telecom/extracted_images/images/image_521.jpeg,True,54843,singleton_521,True,False,1,
522,True,/data/all_images/image_522.png,/DATA5/prabhakar/telecom/extracted_images/images/image_522.png,True,24234,singleton_522,True,False,1,
523,True,/data/all_images/image_523.jpeg,/DATA5/prabhakar/telecom/extracted_images/images/image_523.jpeg,True,23504,singleton_523,True,False,1,
524,True,/data/all_images/image_524.jpeg,/DATA5/prabhakar/telecom/extracted_images/images/image_524.jpeg,True,60506,dup_group_20,True,True,2,
525,True,/data/all_images/image_525.jpeg,/DATA5/prabhakar/telecom/extracted_images/images/image_525.jpeg,True,60506,dup_group_20,True,True,2,
526,True,/data/all_images/image_526.png,/DATA5/prabhakar/telecom/extracted_images/images/image_526.png,True,25110,singleton_526,True,False,1,
527,True,/data/all_images/image_527.jpeg,/DATA5/prabhakar/telecom/extracted_images/images/image_527.jpeg,True,65416,singleton_527,True,False,1,
528,True,/data/all_images/image_528.jpeg,/DATA5/prabhakar/telecom/extracted_images/images/image_528.jpeg,True,67533,singleton_528,True,False,1,
529,True,/data/all_images/image_529.png,/DATA5/prabhakar/telecom/extracted_images/images/image_529.png,True,32373,singleton_529,True,False,1,
530,True,/data/all_images/image_530.png,/DATA5/prabhakar/telecom/extracted_images/images/image_530.png,True,34357,singleton_530,True,False,1,
531,True,/data/all_images/image_531.jpeg,/DATA5/prabhakar/telecom/extracted_images/images/image_531.jpeg,True,57216,singleton_531,True,False,1,
532,True,/data/all_images/image_532.jpeg,/DATA5/prabhakar/telecom/extracted_images/images/image_532.jpeg,True,44797,singleton_532,True,False,1,
533,True,/data/all_images/image_533.png,/DATA5/prabhakar/telecom/extracted_images/images/image_533.png,True,27335,singleton_533,True,False,1,
534,True,/data/all_images/image_534.png,/DATA5/prabhakar/telecom/extracted_images/images/image_534.png,True,27370,singleton_534,True,False,1,
535,True,/data/all_images/image_535.jpeg,/DATA5/prabhakar/telecom/extracted_images/images/image_535.jpeg,True,26613,singleton_535,True,False,1,
536,True,/data/all_images/image_536.jpeg,/DATA5/prabhakar/telecom/extracted_images/images/image_536.jpeg,True,27237,singleton_536,True,False,1,
537,True,/data/all_images/image_537.png,/DATA5/prabhakar/telecom/extracted_images/images/image_537.png,True,41675,singleton_537,True,False,1,
538,True,/data/all_images/image_538.jpeg,/DATA5/prabhakar/telecom/extracted_images/images/image_538.jpeg,True,62044,dup_group_21,True,True,2,
539,True,/data/all_images/image_539.jpeg,/DATA5/prabhakar/telecom/extracted_images/images/image_539.jpeg,True,62044,dup_group_21,True,True,2,
540,True,/data/all_images/image_540.jpeg,/DATA5/prabhakar/telecom/extracted_images/images/image_540.jpeg,True,66754,singleton_540,True,False,1,
541,True,/data/all_images/image_541.jpeg,/DATA5/prabhakar/telecom/extracted_images/images/image_541.jpeg,True,65035,singleton_541,True,False,1,
542,True,/data/all_images/image_542.jpeg,/DATA5/prabhakar/telecom/extracted_images/images/image_542.jpeg,True,32373,singleton_542,True,False,1,
543,True,/data/all_images/image_543.jpeg,/DATA5/prabhakar/telecom/extracted_images/images/image_543.jpeg,True,29564,singleton_543,True,False,1,
544,True,/data/all_images/image_544.jpeg,/DATA5/prabhakar/telecom/extracted_images/images/image_544.jpeg,True,21119,singleton_544,True,False,1,
545,True,/data/all_images/image_545.png,/DATA5/prabhakar/telecom/extracted_images/images/image_545.png,True,25718,singleton_545,True,False,1,
546,True,/data/all_images/image_546.png,/DATA5/prabhakar/telecom/extracted_images/images/image_546.png,True,25735,singleton_546,True,False,1,
547,True,/data/all_images/image_547.jpeg,/DATA5/prabhakar/telecom/extracted_images/images/image_547.jpeg,True,23197,singleton_547,True,False,1,
548,True,/data/all_images/image_548.jpeg,/DATA5/prabhakar/telecom/extracted_images/images/image_548.jpeg,True,23857,singleton_548,True,False,1,
549,True,/data/all_images/image_549.jpeg,/DATA5/prabhakar/telecom/extracted_images/images/image_549.jpeg,True,28361,singleton_549,True,False,1,
550,True,/data/all_images/image_550.jpeg,/DATA5/prabhakar/telecom/extracted_images/images/image_550.jpeg,True,21097,singleton_550,True,False,1,
551,True,/data/all_images/image_551.jpeg,/DATA5/prabhakar/telecom/extracted_images/images/image_551.jpeg,True,20815,singleton_551,True,False,1,
552,True,/data/all_images/image_552.jpeg,/DATA5/prabhakar/telecom/extracted_images/images/image_552.jpeg,True,39949,singleton_552,True,False,1,
553,True,/data/all_images/image_553.jpeg,/DATA5/prabhakar/telecom/extracted_images/images/image_553.jpeg,True,50302,singleton_553,True,False,1,
554,True,/data/all_images/image_554.jpeg,/DATA5/prabhakar/telecom/extracted_images/images/image_554.jpeg,True,40016,singleton_554,True,False,1,
555,True,/data/all_images/image_555.jpeg,/DATA5/prabhakar/telecom/extracted_images/images/image_555.jpeg,True,24633,singleton_555,True,False,1,
556,True,/data/all_images/image_556.jpeg,/DATA5/prabhakar/telecom/extracted_images/images/image_556.jpeg,True,24444,singleton_556,True,False,1,
557,True,/data/all_images/image_557.jpeg,/DATA5/prabhakar/telecom/extracted_images/images/image_557.jpeg,True,27545,singleton_557,True,False,1,
558,True,/data/all_images/image_558.jpeg,/DATA5/prabhakar/telecom/extracted_images/images/image_558.jpeg,True,57531,singleton_558,True,False,1,
559,True,/data/all_images/image_559.jpeg,/DATA5/prabhakar/telecom/extracted_images/images/image_559.jpeg,True,27753,singleton_559,True,False,1,
560,True,/data/all_images/image_560.jpeg,/DATA5/prabhakar/telecom/extracted_images/images/image_560.jpeg,True,57674,singleton_560,True,False,1,
561,True,/data/all_images/image_561.jpeg,/DATA5/prabhakar/telecom/extracted_images/images/image_561.jpeg,True,35431,singleton_561,True,False,1,
562,True,/data/all_images/image_562.jpeg,/DATA5/prabhakar/telecom/extracted_images/images/image_562.jpeg,True,26214,singleton_562,True,False,1,
563,True,/data/all_images/image_563.jpeg,/DATA5/prabhakar/telecom/extracted_images/images/image_563.jpeg,True,25677,singleton_563,True,False,1,
564,True,/data/all_images/image_564.jpeg,/DATA5/prabhakar/telecom/extracted_images/images/image_564.jpeg,True,36045,singleton_564,True,False,1,
565,True,/data/all_images/image_565.jpeg,/DATA5/prabhakar/telecom/extracted_images/images/image_565.jpeg,True,25373,singleton_565,True,False,1,
566,True,/data/all_images/image_566.jpeg,/DATA5/prabhakar/telecom/extracted_images/images/image_566.jpeg,True,23146,singleton_566,True,False,1,
567,True,/data/all_images/image_567.jpeg,/DATA5/prabhakar/telecom/extracted_images/images/image_567.jpeg,True,23421,singleton_567,True,False,1,
568,True,/data/all_images/image_568.jpeg,/DATA5/prabhakar/telecom/extracted_images/images/image_568.jpeg,True,46890,singleton_568,True,False,1,
569,True,/data/all_images/image_569.jpeg,/DATA5/prabhakar/telecom/extracted_images/images/image_569.jpeg,True,47216,singleton_569,True,False,1,
570,True,/data/all_images/image_570.jpeg,/DATA5/prabhakar/telecom/extracted_images/images/image_570.jpeg,True,63172,singleton_570,True,False,1,
571,True,/data/all_images/image_571.jpeg,/DATA5/prabhakar/telecom/extracted_images/images/image_571.jpeg,True,65191,singleton_571,True,False,1,
572,True,/data/all_images/image_572.jpeg,/DATA5/prabhakar/telecom/extracted_images/images/image_572.jpeg,True,30522,singleton_572,True,False,1,
573,True,/data/all_images/image_573.jpeg,/DATA5/prabhakar/telecom/extracted_images/images/image_573.jpeg,True,30006,singleton_573,True,False,1,
574,True,/data/all_images/image_574.jpeg,/DATA5/prabhakar/telecom/extracted_images/images/image_574.jpeg,True,62193,singleton_574,True,False,1,
575,True,/data/all_images/image_575.jpeg,/DATA5/prabhakar/telecom/extracted_images/images/image_575.jpeg,True,60652,singleton_575,True,False,1,
576,True,/data/all_images/image_576.jpeg,/DATA5/prabhakar/telecom/extracted_images/images/image_576.jpeg,True,44061,singleton_576,True,False,1,
577,True,/data/all_images/image_577.jpeg,/DATA5/prabhakar/telecom/extracted_images/images/image_577.jpeg,True,63200,singleton_577,True,False,1,
578,True,/data/all_images/image_578.jpeg,/DATA5/prabhakar/telecom/extracted_images/images/image_578.jpeg,True,32923,singleton_578,True,False,1,
579,True,/data/all_images/image_579.jpeg,/DATA5/prabhakar/telecom/extracted_images/images/image_579.jpeg,True,35159,singleton_579,True,False,1,
580,True,/data/all_images/image_580.jpeg,/DATA5/prabhakar/telecom/extracted_images/images/image_580.jpeg,True,23523,singleton_580,True,False,1,
581,True,/data/all_images/image_581.jpeg,/DATA5/prabhakar/telecom/extracted_images/images/image_581.jpeg,True,24492,singleton_581,True,False,1,
582,True,/data/all_images/image_582.png,/DATA5/prabhakar/telecom/extracted_images/images/image_582.png,True,29002,singleton_582,True,False,1,
583,True,/data/all_images/image_583.jpeg,/DATA5/prabhakar/telecom/extracted_images/images/image_583.jpeg,True,38836,singleton_583,True,False,1,
584,True,/data/all_images/image_584.jpeg,/DATA5/prabhakar/telecom/extracted_images/images/image_584.jpeg,True,37460,singleton_584,True,False,1,
585,True,/data/all_images/image_585.jpeg,/DATA5/prabhakar/telecom/extracted_images/images/image_585.jpeg,True,44287,singleton_585,True,False,1,
586,True,/data/all_images/image_586.jpeg,/DATA5/prabhakar/telecom/extracted_images/images/image_586.jpeg,True,30664,singleton_586,True,False,1,
587,True,/data/all_images/image_587.jpeg,/DATA5/prabhakar/telecom/extracted_images/images/image_587.jpeg,True,27138,singleton_587,True,False,1,
588,True,/data/all_images/image_588.jpeg,/DATA5/prabhakar/telecom/extracted_images/images/image_588.jpeg,True,60500,singleton_588,True,False,1,
589,True,/data/all_images/image_589.jpeg,/DATA5/prabhakar/telecom/extracted_images/images/image_589.jpeg,True,72067,singleton_589,True,False,1,
590,True,/data/all_images/image_590.jpeg,/DATA5/prabhakar/telecom/extracted_images/images/image_590.jpeg,True,64950,singleton_590,True,False,1,
591,True,/data/all_images/image_591.jpeg,/DATA5/prabhakar/telecom/extracted_images/images/image_591.jpeg,True,55125,dup_group_18,True,True,2,
592,True,/data/all_images/image_592.jpeg,/DATA5/prabhakar/telecom/extracted_images/images/image_592.jpeg,True,27113,singleton_592,True,False,1,
593,True,/data/all_images/image_593.jpeg,/DATA5/prabhakar/telecom/extracted_images/images/image_593.jpeg,True,30124,singleton_593,True,False,1,
594,True,/data/all_images/image_594.jpeg,/DATA5/prabhakar/telecom/extracted_images/images/image_594.jpeg,True,23242,dup_group_19,True,True,2,
595,True,/data/all_images/image_595.jpeg,/DATA5/prabhakar/telecom/extracted_images/images/image_595.jpeg,True,57145,singleton_595,True,False,1,
596,True,/data/all_images/image_596.jpeg,/DATA5/prabhakar/telecom/extracted_images/images/image_596.jpeg,True,62212,singleton_596,True,False,1,
597,True,/data/all_images/image_597.jpeg,/DATA5/prabhakar/telecom/extracted_images/images/image_597.jpeg,True,118862,singleton_597,True,False,1,
598,True,/data/all_images/image_598.jpeg,/DATA5/prabhakar/telecom/extracted_images/images/image_598.jpeg,True,132821,singleton_598,True,False,1,
599,True,/data/all_images/image_599.jpeg,/DATA5/prabhakar/telecom/extracted_images/images/image_599.jpeg,True,126522,singleton_599,True,False,1,
600,True,/data/all_images/image_600.png,/DATA5/prabhakar/telecom/extracted_images/images/image_600.png,True,48438,singleton_600,True,False,1,
601,True,/data/all_images/image_601.png,/DATA5/prabhakar/telecom/extracted_images/images/image_601.png,True,54945,singleton_601,True,False,1,
602,True,/data/all_images/image_602.png,/DATA5/prabhakar/telecom/extracted_images/images/image_602.png,True,47962,singleton_602,True,False,1,
603,True,/data/all_images/image_603.png,/DATA5/prabhakar/telecom/extracted_images/images/image_603.png,True,54695,singleton_603,True,False,1,
604,True,/data/all_images/image_604.jpeg,/DATA5/prabhakar/telecom/extracted_images/images/image_604.jpeg,True,33662,singleton_604,True,False,1,
605,True,/data/all_images/image_605.jpeg,/DATA5/prabhakar/telecom/extracted_images/images/image_605.jpeg,True,43720,singleton_605,True,False,1,
606,True,/data/all_images/image_606.jpeg,/DATA5/prabhakar/telecom/extracted_images/images/image_606.jpeg,True,70931,singleton_606,True,False,1,
607,True,/data/all_images/image_607.png,/DATA5/prabhakar/telecom/extracted_images/images/image_607.png,True,52626,singleton_607,True,False,1,
608,True,/data/all_images/image_608.png,/DATA5/prabhakar/telecom/extracted_images/images/image_608.png,True,43419,singleton_608,True,False,1,
609,True,/data/all_images/image_609.png,/DATA5/prabhakar/telecom/extracted_images/images/image_609.png,True,52088,singleton_609,True,False,1,
610,True,/data/all_images/image_610.png,/DATA5/prabhakar/telecom/extracted_images/images/image_610.png,True,50506,singleton_610,True,False,1,
611,True,/data/all_images/image_611.png,/DATA5/prabhakar/telecom/extracted_images/images/image_611.png,True,55409,singleton_611,True,False,1,
612,True,/data/all_images/image_612.png,/DATA5/prabhakar/telecom/extracted_images/images/image_612.png,True,50534,singleton_612,True,False,1,
613,True,/data/all_images/image_613.png,/DATA5/prabhakar/telecom/extracted_images/images/image_613.png,True,55444,singleton_613,True,False,1,
614,True,/data/all_images/image_614.jpeg,/DATA5/prabhakar/telecom/extracted_images/images/image_614.jpeg,True,28799,singleton_614,True,False,1,
615,True,/data/all_images/image_615.jpeg,/DATA5/prabhakar/telecom/extracted_images/images/image_615.jpeg,True,29878,singleton_615,True,False,1,
616,True,/data/all_images/image_616.png,/DATA5/prabhakar/telecom/extracted_images/images/image_616.png,True,40450,singleton_616,True,False,1,
617,True,/data/all_images/image_617.png,/DATA5/prabhakar/telecom/extracted_images/images/image_617.png,True,48426,singleton_617,True,False,1,
618,True,/data/all_images/image_618.png,/DATA5/prabhakar/telecom/extracted_images/images/image_618.png,True,39908,singleton_618,True,False,1,
619,True,/data/all_images/image_619.png,/DATA5/prabhakar/telecom/extracted_images/images/image_619.png,True,48398,singleton_619,True,False,1,
620,True,/data/all_images/image_620.png,/DATA5/prabhakar/telecom/extracted_images/images/image_620.png,True,39669,singleton_620,True,False,1,
621,True,/data/all_images/image_621.png,/DATA5/prabhakar/telecom/extracted_images/images/image_621.png,True,40633,singleton_621,True,False,1,
622,True,/data/all_images/image_622.png,/DATA5/prabhakar/telecom/extracted_images/images/image_622.png,True,39862,singleton_622,True,False,1,
623,True,/data/all_images/image_623.png,/DATA5/prabhakar/telecom/extracted_images/images/image_623.png,True,40282,singleton_623,True,False,1,
624,True,/data/all_images/image_624.jpeg,/DATA5/prabhakar/telecom/extracted_images/images/image_624.jpeg,True,62582,singleton_624,True,False,1,
625,True,/data/all_images/image_625.jpeg,/DATA5/prabhakar/telecom/extracted_images/images/image_625.jpeg,True,138203,singleton_625,True,False,1,
626,True,/data/all_images/image_626.jpeg,/DATA5/prabhakar/telecom/extracted_images/images/image_626.jpeg,True,81206,singleton_626,True,False,1,
627,True,/data/all_images/image_627.png,/DATA5/prabhakar/telecom/extracted_images/images/image_627.png,True,75269,singleton_627,True,False,1,
628,True,/data/all_images/image_628.png,/DATA5/prabhakar/telecom/extracted_images/images/image_628.png,True,77217,singleton_628,True,False,1,
629,True,/data/all_images/image_629.png,/DATA5/prabhakar/telecom/extracted_images/images/image_629.png,True,39924,singleton_629,True,False,1,
630,True,/data/all_images/image_630.png,/DATA5/prabhakar/telecom/extracted_images/images/image_630.png,True,36234,singleton_630,True,False,1,
631,True,/data/all_images/image_631.png,/DATA5/prabhakar/telecom/extracted_images/images/image_631.png,True,31251,singleton_631,True,False,1,
632,True,/data/all_images/image_632.png,/DATA5/prabhakar/telecom/extracted_images/images/image_632.png,True,32403,singleton_632,True,False,1,
633,True,/data/all_images/image_633.png,/DATA5/prabhakar/telecom/extracted_images/images/image_633.png,True,78679,singleton_633,True,False,1,
634,True,/data/all_images/image_634.jpeg,/DATA5/prabhakar/telecom/extracted_images/images/image_634.jpeg,True,49773,singleton_634,True,False,1,
635,True,/data/all_images/image_635.jpeg,/DATA5/prabhakar/telecom/extracted_images/images/image_635.jpeg,True,32569,singleton_635,True,False,1,
636,True,/data/all_images/image_636.jpeg,/DATA5/prabhakar/telecom/extracted_images/images/image_636.jpeg,True,32904,singleton_636,True,False,1,
637,True,/data/all_images/image_637.jpeg,/DATA5/prabhakar/telecom/extracted_images/images/image_637.jpeg,True,35874,singleton_637,True,False,1,
638,True,/data/all_images/image_638.jpeg,/DATA5/prabhakar/telecom/extracted_images/images/image_638.jpeg,True,46737,singleton_638,True,False,1,
639,True,/data/all_images/image_639.jpeg,/DATA5/prabhakar/telecom/extracted_images/images/image_639.jpeg,True,25424,singleton_639,True,False,1,
640,True,/data/all_images/image_640.jpeg,/DATA5/prabhakar/telecom/extracted_images/images/image_640.jpeg,True,25477,singleton_640,True,False,1,
641,True,/data/all_images/image_641.jpeg,/DATA5/prabhakar/telecom/extracted_images/images/image_641.jpeg,True,23129,singleton_641,True,False,1,
642,True,/data/all_images/image_642.jpeg,/DATA5/prabhakar/telecom/extracted_images/images/image_642.jpeg,True,23632,singleton_642,True,False,1,
643,True,/data/all_images/image_643.png,/DATA5/prabhakar/telecom/extracted_images/images/image_643.png,True,25764,singleton_643,True,False,1,
644,True,/data/all_images/image_644.png,/DATA5/prabhakar/telecom/extracted_images/images/image_644.png,True,39207,singleton_644,True,False,1,
645,True,/data/all_images/image_645.jpeg,/DATA5/prabhakar/telecom/extracted_images/images/image_645.jpeg,True,76994,singleton_645,True,False,1,
646,True,/data/all_images/image_646.jpeg,/DATA5/prabhakar/telecom/extracted_images/images/image_646.jpeg,True,78383,singleton_646,True,False,1,
647,True,/data/all_images/image_647.png,/DATA5/prabhakar/telecom/extracted_images/images/image_647.png,True,58205,singleton_647,True,False,1,
648,True,/data/all_images/image_648.png,/DATA5/prabhakar/telecom/extracted_images/images/image_648.png,True,23446,singleton_648,True,False,1,
649,True,/data/all_images/image_649.jpeg,/DATA5/prabhakar/telecom/extracted_images/images/image_649.jpeg,True,33560,singleton_649,True,False,1,
650,True,/data/all_images/image_650.jpeg,/DATA5/prabhakar/telecom/extracted_images/images/image_650.jpeg,True,36014,singleton_650,True,False,1,
651,True,/data/all_images/image_651.jpeg,/DATA5/prabhakar/telecom/extracted_images/images/image_651.jpeg,True,53463,singleton_651,True,False,1,
652,True,/data/all_images/image_652.png,/DATA5/prabhakar/telecom/extracted_images/images/image_652.png,True,52678,singleton_652,True,False,1,
653,True,/data/all_images/image_653.png,/DATA5/prabhakar/telecom/extracted_images/images/image_653.png,True,45272,singleton_653,True,False,1,
654,True,/data/all_images/image_654.jpeg,/DATA5/prabhakar/telecom/extracted_images/images/image_654.jpeg,True,30606,singleton_654,True,False,1,
655,True,/data/all_images/image_655.jpeg,/DATA5/prabhakar/telecom/extracted_images/images/image_655.jpeg,True,30353,singleton_655,True,False,1,
656,True,/data/all_images/image_656.jpeg,/DATA5/prabhakar/telecom/extracted_images/images/image_656.jpeg,True,32445,singleton_656,True,False,1,
657,True,/data/all_images/image_657.jpeg,/DATA5/prabhakar/telecom/extracted_images/images/image_657.jpeg,True,57530,singleton_657,True,False,1,
658,True,/data/all_images/image_658.jpeg,/DATA5/prabhakar/telecom/extracted_images/images/image_658.jpeg,True,55466,singleton_658,True,False,1,
659,True,/data/all_images/image_659.jpeg,/DATA5/prabhakar/telecom/extracted_images/images/image_659.jpeg,True,54612,singleton_659,True,False,1,
660,True,/data/all_images/image_660.png,/DATA5/prabhakar/telecom/extracted_images/images/image_660.png,True,50845,singleton_660,True,False,1,
661,True,/data/all_images/image_661.png,/DATA5/prabhakar/telecom/extracted_images/images/image_661.png,True,56033,singleton_661,True,False,1,
662,True,/data/all_images/image_662.jpeg,/DATA5/prabhakar/telecom/extracted_images/images/image_662.jpeg,True,44303,singleton_662,True,False,1,
663,True,/data/all_images/image_663.jpeg,/DATA5/prabhakar/telecom/extracted_images/images/image_663.jpeg,True,57933,singleton_663,True,False,1,
664,True,/data/all_images/image_664.jpeg,/DATA5/prabhakar/telecom/extracted_images/images/image_664.jpeg,True,27873,singleton_664,True,False,1,
665,True,/data/all_images/image_665.jpeg,/DATA5/prabhakar/telecom/extracted_images/images/image_665.jpeg,True,117571,singleton_665,True,False,1,
666,True,/data/all_images/image_666.jpeg,/DATA5/prabhakar/telecom/extracted_images/images/image_666.jpeg,True,156657,singleton_666,True,False,1,
667,True,/data/all_images/image_667.png,/DATA5/prabhakar/telecom/extracted_images/images/image_667.png,True,24448,singleton_667,True,False,1,
668,True,/data/all_images/image_668.png,/DATA5/prabhakar/telecom/extracted_images/images/image_668.png,True,46679,singleton_668,True,False,1,
669,True,/data/all_images/image_669.jpeg,/DATA5/prabhakar/telecom/extracted_images/images/image_669.jpeg,True,64259,singleton_669,True,False,1,
670,True,/data/all_images/image_670.jpeg,/DATA5/prabhakar/telecom/extracted_images/images/image_670.jpeg,True,57933,singleton_670,True,False,1,
671,True,/data/all_images/image_671.jpeg,/DATA5/prabhakar/telecom/extracted_images/images/image_671.jpeg,True,118586,singleton_671,True,False,1,
672,True,/data/all_images/image_672.jpeg,/DATA5/prabhakar/telecom/extracted_images/images/image_672.jpeg,True,54021,singleton_672,True,False,1,
673,True,/data/all_images/image_673.jpeg,/DATA5/prabhakar/telecom/extracted_images/images/image_673.jpeg,True,50646,singleton_673,True,False,1,
674,True,/data/all_images/image_674.jpeg,/DATA5/prabhakar/telecom/extracted_images/images/image_674.jpeg,True,89896,singleton_674,True,False,1,
675,True,/data/all_images/image_675.jpeg,/DATA5/prabhakar/telecom/extracted_images/images/image_675.jpeg,True,75388,singleton_675,True,False,1,
676,True,/data/all_images/image_676.jpeg,/DATA5/prabhakar/telecom/extracted_images/images/image_676.jpeg,True,66258,singleton_676,True,False,1,
677,True,/data/all_images/image_677.png,/DATA5/prabhakar/telecom/extracted_images/images/image_677.png,True,23433,singleton_677,True,False,1,
678,True,/data/all_images/image_678.png,/DATA5/prabhakar/telecom/extracted_images/images/image_678.png,True,35552,singleton_678,True,False,1,
679,True,/data/all_images/image_679.jpeg,/DATA5/prabhakar/telecom/extracted_images/images/image_679.jpeg,True,145357,singleton_679,True,False,1,
680,True,/data/all_images/image_680.jpeg,/DATA5/prabhakar/telecom/extracted_images/images/image_680.jpeg,True,152639,singleton_680,True,False,1,
681,True,/data/all_images/image_681.png,/DATA5/prabhakar/telecom/extracted_images/images/image_681.png,True,85666,singleton_681,True,False,1,
682,True,/data/all_images/image_682.jpeg,/DATA5/prabhakar/telecom/extracted_images/images/image_682.jpeg,True,35063,singleton_682,True,False,1,
683,True,/data/all_images/image_683.jpeg,/DATA5/prabhakar/telecom/extracted_images/images/image_683.jpeg,True,31054,singleton_683,True,False,1,
684,True,/data/all_images/image_684.jpeg,/DATA5/prabhakar/telecom/extracted_images/images/image_684.jpeg,True,42045,singleton_684,True,False,1,
685,True,/data/all_images/image_685.jpeg,/DATA5/prabhakar/telecom/extracted_images/images/image_685.jpeg,True,41374,singleton_685,True,False,1,
686,True,/data/all_images/image_686.jpeg,/DATA5/prabhakar/telecom/extracted_images/images/image_686.jpeg,True,104204,singleton_686,True,False,1,
687,True,/data/all_images/image_687.jpeg,/DATA5/prabhakar/telecom/extracted_images/images/image_687.jpeg,True,33154,singleton_687,True,False,1,
688,True,/data/all_images/image_688.jpeg,/DATA5/prabhakar/telecom/extracted_images/images/image_688.jpeg,True,26664,singleton_688,True,False,1,
689,True,/data/all_images/image_689.jpeg,/DATA5/prabhakar/telecom/extracted_images/images/image_689.jpeg,True,55732,singleton_689,True,False,1,
690,True,/data/all_images/image_690.jpeg,/DATA5/prabhakar/telecom/extracted_images/images/image_690.jpeg,True,47656,singleton_690,True,False,1,
691,True,/data/all_images/image_691.png,/DATA5/prabhakar/telecom/extracted_images/images/image_691.png,True,66397,singleton_691,True,False,1,
692,True,/data/all_images/image_692.jpeg,/DATA5/prabhakar/telecom/extracted_images/images/image_692.jpeg,True,21468,singleton_692,True,False,1,
693,True,/data/all_images/image_693.jpeg,/DATA5/prabhakar/telecom/extracted_images/images/image_693.jpeg,True,20591,singleton_693,True,False,1,
694,True,/data/all_images/image_694.png,/DATA5/prabhakar/telecom/extracted_images/images/image_694.png,True,63500,singleton_694,True,False,1,
695,True,/data/all_images/image_695.png,/DATA5/prabhakar/telecom/extracted_images/images/image_695.png,True,64057,singleton_695,True,False,1,
696,True,/data/all_images/image_696.jpeg,/DATA5/prabhakar/telecom/extracted_images/images/image_696.jpeg,True,98640,singleton_696,True,False,1,
697,True,/data/all_images/image_697.jpeg,/DATA5/prabhakar/telecom/extracted_images/images/image_697.jpeg,True,52404,singleton_697,True,False,1,
698,True,/data/all_images/image_698.jpeg,/DATA5/prabhakar/telecom/extracted_images/images/image_698.jpeg,True,59642,singleton_698,True,False,1,
699,True,/data/all_images/image_699.jpeg,/DATA5/prabhakar/telecom/extracted_images/images/image_699.jpeg,True,53917,singleton_699,True,False,1,
700,True,/data/all_images/image_700.jpeg,/DATA5/prabhakar/telecom/extracted_images/images/image_700.jpeg,True,56006,singleton_700,True,False,1,
701,True,/data/all_images/image_701.jpeg,/DATA5/prabhakar/telecom/extracted_images/images/image_701.jpeg,True,47729,singleton_701,True,False,1,
702,True,/data/all_images/image_702.png,/DATA5/prabhakar/telecom/extracted_images/images/image_702.png,True,54141,singleton_702,True,False,1,
703,True,/data/all_images/image_703.jpeg,/DATA5/prabhakar/telecom/extracted_images/images/image_703.jpeg,True,43483,singleton_703,True,False,1,
704,True,/data/all_images/image_704.jpeg,/DATA5/prabhakar/telecom/extracted_images/images/image_704.jpeg,True,41749,singleton_704,True,False,1,
705,True,/data/all_images/image_705.jpeg,/DATA5/prabhakar/telecom/extracted_images/images/image_705.jpeg,True,31442,singleton_705,True,False,1,
706,True,/data/all_images/image_706.jpeg,/DATA5/prabhakar/telecom/extracted_images/images/image_706.jpeg,True,34831,singleton_706,True,False,1,
707,True,/data/all_images/image_707.png,/DATA5/prabhakar/telecom/extracted_images/images/image_707.png,True,32263,singleton_707,True,False,1,
708,True,/data/all_images/image_708.png,/DATA5/prabhakar/telecom/extracted_images/images/image_708.png,True,39107,singleton_708,True,False,1,
709,True,/data/all_images/image_709.png,/DATA5/prabhakar/telecom/extracted_images/images/image_709.png,True,33759,singleton_709,True,False,1,
710,True,/data/all_images/image_710.png,/DATA5/prabhakar/telecom/extracted_images/images/image_710.png,True,34108,singleton_710,True,False,1,
711,True,/data/all_images/image_711.jpeg,/DATA5/prabhakar/telecom/extracted_images/images/image_711.jpeg,True,37918,singleton_711,True,False,1,
712,True,/data/all_images/image_712.png,/DATA5/prabhakar/telecom/extracted_images/images/image_712.png,True,25443,singleton_712,True,False,1,
713,True,/data/all_images/image_713.png,/DATA5/prabhakar/telecom/extracted_images/images/image_713.png,True,25718,singleton_713,True,False,1,
714,True,/data/all_images/image_714.png,/DATA5/prabhakar/telecom/extracted_images/images/image_714.png,True,31195,singleton_714,True,False,1,
715,True,/data/all_images/image_715.png,/DATA5/prabhakar/telecom/extracted_images/images/image_715.png,True,36458,singleton_715,True,False,1,
716,True,/data/all_images/image_716.png,/DATA5/prabhakar/telecom/extracted_images/images/image_716.png,True,43270,dup_group_22,True,True,2,
717,True,/data/all_images/image_717.png,/DATA5/prabhakar/telecom/extracted_images/images/image_717.png,True,37218,singleton_717,True,False,1,
718,True,/data/all_images/image_718.png,/DATA5/prabhakar/telecom/extracted_images/images/image_718.png,True,44106,singleton_718,True,False,1,
719,True,/data/all_images/image_719.png,/DATA5/prabhakar/telecom/extracted_images/images/image_719.png,True,44519,singleton_719,True,False,1,
720,True,/data/all_images/image_720.png,/DATA5/prabhakar/telecom/extracted_images/images/image_720.png,True,48684,singleton_720,True,False,1,
721,True,/data/all_images/image_721.png,/DATA5/prabhakar/telecom/extracted_images/images/image_721.png,True,36628,singleton_721,True,False,1,
722,True,/data/all_images/image_722.png,/DATA5/prabhakar/telecom/extracted_images/images/image_722.png,True,43618,singleton_722,True,False,1,
723,True,/data/all_images/image_723.png,/DATA5/prabhakar/telecom/extracted_images/images/image_723.png,True,47627,singleton_723,True,False,1,
724,True,/data/all_images/image_724.png,/DATA5/prabhakar/telecom/extracted_images/images/image_724.png,True,45021,singleton_724,True,False,1,
725,True,/data/all_images/image_725.png,/DATA5/prabhakar/telecom/extracted_images/images/image_725.png,True,28330,singleton_725,True,False,1,
726,True,/data/all_images/image_726.jpeg,/DATA5/prabhakar/telecom/extracted_images/images/image_726.jpeg,True,56067,singleton_726,True,False,1,
727,True,/data/all_images/image_727.png,/DATA5/prabhakar/telecom/extracted_images/images/image_727.png,True,49367,singleton_727,True,False,1,
728,True,/data/all_images/image_728.png,/DATA5/prabhakar/telecom/extracted_images/images/image_728.png,True,49957,singleton_728,True,False,1,
729,True,/data/all_images/image_729.jpeg,/DATA5/prabhakar/telecom/extracted_images/images/image_729.jpeg,True,73606,singleton_729,True,False,1,
730,True,/data/all_images/image_730.png,/DATA5/prabhakar/telecom/extracted_images/images/image_730.png,True,55895,singleton_730,True,False,1,
731,True,/data/all_images/image_731.jpeg,/DATA5/prabhakar/telecom/extracted_images/images/image_731.jpeg,True,29746,singleton_731,True,False,1,
732,True,/data/all_images/image_732.png,/DATA5/prabhakar/telecom/extracted_images/images/image_732.png,True,77334,singleton_732,True,False,1,
733,True,/data/all_images/image_733.png,/DATA5/prabhakar/telecom/extracted_images/images/image_733.png,True,77655,singleton_733,True,False,1,
734,True,/data/all_images/image_734.jpeg,/DATA5/prabhakar/telecom/extracted_images/images/image_734.jpeg,True,69547,singleton_734,True,False,1,
735,True,/data/all_images/image_735.png,/DATA5/prabhakar/telecom/extracted_images/images/image_735.png,True,54291,singleton_735,True,False,1,
736,True,/data/all_images/image_736.jpeg,/DATA5/prabhakar/telecom/extracted_images/images/image_736.jpeg,True,74593,singleton_736,True,False,1,
737,True,/data/all_images/image_737.jpeg,/DATA5/prabhakar/telecom/extracted_images/images/image_737.jpeg,True,50230,singleton_737,True,False,1,
738,True,/data/all_images/image_738.png,/DATA5/prabhakar/telecom/extracted_images/images/image_738.png,True,30117,singleton_738,True,False,1,
739,True,/data/all_images/image_739.png,/DATA5/prabhakar/telecom/extracted_images/images/image_739.png,True,53881,singleton_739,True,False,1,
740,True,/data/all_images/image_740.png,/DATA5/prabhakar/telecom/extracted_images/images/image_740.png,True,71658,singleton_740,True,False,1,
741,True,/data/all_images/image_741.png,/DATA5/prabhakar/telecom/extracted_images/images/image_741.png,True,73903,singleton_741,True,False,1,
742,True,/data/all_images/image_742.jpeg,/DATA5/prabhakar/telecom/extracted_images/images/image_742.jpeg,True,85224,singleton_742,True,False,1,
743,True,/data/all_images/image_743.png,/DATA5/prabhakar/telecom/extracted_images/images/image_743.png,True,57612,singleton_743,True,False,1,
744,True,/data/all_images/image_744.png,/DATA5/prabhakar/telecom/extracted_images/images/image_744.png,True,51144,singleton_744,True,False,1,
745,True,/data/all_images/image_745.png,/DATA5/prabhakar/telecom/extracted_images/images/image_745.png,True,64989,singleton_745,True,False,1,
746,True,/data/all_images/image_746.png,/DATA5/prabhakar/telecom/extracted_images/images/image_746.png,True,65965,singleton_746,True,False,1,
747,True,/data/all_images/image_747.jpeg,/DATA5/prabhakar/telecom/extracted_images/images/image_747.jpeg,True,25864,singleton_747,True,False,1,
748,True,/data/all_images/image_748.jpeg,/DATA5/prabhakar/telecom/extracted_images/images/image_748.jpeg,True,40446,singleton_748,True,False,1,
749,True,/data/all_images/image_749.jpeg,/DATA5/prabhakar/telecom/extracted_images/images/image_749.jpeg,True,61627,singleton_749,True,False,1,
750,True,/data/all_images/image_750.png,/DATA5/prabhakar/telecom/extracted_images/images/image_750.png,True,57734,singleton_750,True,False,1,
751,True,/data/all_images/image_751.png,/DATA5/prabhakar/telecom/extracted_images/images/image_751.png,True,48059,singleton_751,True,False,1,
752,True,/data/all_images/image_752.png,/DATA5/prabhakar/telecom/extracted_images/images/image_752.png,True,20527,singleton_752,True,False,1,
753,True,/data/all_images/image_753.png,/DATA5/prabhakar/telecom/extracted_images/images/image_753.png,True,25930,singleton_753,True,False,1,
754,True,/data/all_images/image_754.png,/DATA5/prabhakar/telecom/extracted_images/images/image_754.png,True,31479,singleton_754,True,False,1,
755,True,/data/all_images/image_755.jpeg,/DATA5/prabhakar/telecom/extracted_images/images/image_755.jpeg,True,25852,singleton_755,True,False,1,
756,True,/data/all_images/image_756.jpeg,/DATA5/prabhakar/telecom/extracted_images/images/image_756.jpeg,True,40480,singleton_756,True,False,1,
757,True,/data/all_images/image_757.png,/DATA5/prabhakar/telecom/extracted_images/images/image_757.png,True,37869,singleton_757,True,False,1,
758,True,/data/all_images/image_758.png,/DATA5/prabhakar/telecom/extracted_images/images/image_758.png,True,28525,singleton_758,True,False,1,
759,True,/data/all_images/image_759.jpeg,/DATA5/prabhakar/telecom/extracted_images/images/image_759.jpeg,True,68839,singleton_759,True,False,1,
760,True,/data/all_images/image_760.png,/DATA5/prabhakar/telecom/extracted_images/images/image_760.png,True,31837,singleton_760,True,False,1,
761,True,/data/all_images/image_761.jpeg,/DATA5/prabhakar/telecom/extracted_images/images/image_761.jpeg,True,68475,singleton_761,True,False,1,
762,True,/data/all_images/image_762.png,/DATA5/prabhakar/telecom/extracted_images/images/image_762.png,True,31931,singleton_762,True,False,1,
763,True,/data/all_images/image_763.png,/DATA5/prabhakar/telecom/extracted_images/images/image_763.png,True,38570,singleton_763,True,False,1,
764,True,/data/all_images/image_764.png,/DATA5/prabhakar/telecom/extracted_images/images/image_764.png,True,34717,singleton_764,True,False,1,
765,True,/data/all_images/image_765.png,/DATA5/prabhakar/telecom/extracted_images/images/image_765.png,True,23726,singleton_765,True,False,1,
766,True,/data/all_images/image_766.png,/DATA5/prabhakar/telecom/extracted_images/images/image_766.png,True,34261,singleton_766,True,False,1,
767,True,/data/all_images/image_767.png,/DATA5/prabhakar/telecom/extracted_images/images/image_767.png,True,21218,singleton_767,True,False,1,
768,True,/data/all_images/image_768.jpeg,/DATA5/prabhakar/telecom/extracted_images/images/image_768.jpeg,True,113853,singleton_768,True,False,1,
769,True,/data/all_images/image_769.png,/DATA5/prabhakar/telecom/extracted_images/images/image_769.png,True,92047,singleton_769,True,False,1,
770,True,/data/all_images/image_770.png,/DATA5/prabhakar/telecom/extracted_images/images/image_770.png,True,27316,singleton_770,True,False,1,
771,True,/data/all_images/image_771.png,/DATA5/prabhakar/telecom/extracted_images/images/image_771.png,True,27532,singleton_771,True,False,1,
772,True,/data/all_images/image_772.jpeg,/DATA5/prabhakar/telecom/extracted_images/images/image_772.jpeg,True,30719,singleton_772,True,False,1,
773,True,/data/all_images/image_773.jpeg,/DATA5/prabhakar/telecom/extracted_images/images/image_773.jpeg,True,30558,singleton_773,True,False,1,
774,True,/data/all_images/image_774.jpeg,/DATA5/prabhakar/telecom/extracted_images/images/image_774.jpeg,True,46873,singleton_774,True,False,1,
775,True,/data/all_images/image_775.jpeg,/DATA5/prabhakar/telecom/extracted_images/images/image_775.jpeg,True,74740,singleton_775,True,False,1,
776,True,/data/all_images/image_776.jpeg,/DATA5/prabhakar/telecom/extracted_images/images/image_776.jpeg,True,82487,singleton_776,True,False,1,
777,True,/data/all_images/image_777.jpeg,/DATA5/prabhakar/telecom/extracted_images/images/image_777.jpeg,True,74659,singleton_777,True,False,1,
778,True,/data/all_images/image_778.jpeg,/DATA5/prabhakar/telecom/extracted_images/images/image_778.jpeg,True,70363,singleton_778,True,False,1,
779,True,/data/all_images/image_779.jpeg,/DATA5/prabhakar/telecom/extracted_images/images/image_779.jpeg,True,27449,singleton_779,True,False,1,
780,True,/data/all_images/image_780.png,/DATA5/prabhakar/telecom/extracted_images/images/image_780.png,True,63095,singleton_780,True,False,1,
781,True,/data/all_images/image_781.png,/DATA5/prabhakar/telecom/extracted_images/images/image_781.png,True,55424,singleton_781,True,False,1,
782,True,/data/all_images/image_782.jpeg,/DATA5/prabhakar/telecom/extracted_images/images/image_782.jpeg,True,97117,singleton_782,True,False,1,
783,True,/data/all_images/image_783.jpeg,/DATA5/prabhakar/telecom/extracted_images/images/image_783.jpeg,True,76842,singleton_783,True,False,1,
784,True,/data/all_images/image_784.jpeg,/DATA5/prabhakar/telecom/extracted_images/images/image_784.jpeg,True,86929,singleton_784,True,False,1,
785,True,/data/all_images/image_785.jpeg,/DATA5/prabhakar/telecom/extracted_images/images/image_785.jpeg,True,98911,singleton_785,True,False,1,
786,True,/data/all_images/image_786.jpeg,/DATA5/prabhakar/telecom/extracted_images/images/image_786.jpeg,True,67262,singleton_786,True,False,1,
787,True,/data/all_images/image_787.jpeg,/DATA5/prabhakar/telecom/extracted_images/images/image_787.jpeg,True,50955,singleton_787,True,False,1,
788,True,/data/all_images/image_788.jpeg,/DATA5/prabhakar/telecom/extracted_images/images/image_788.jpeg,True,76527,singleton_788,True,False,1,
789,True,/data/all_images/image_789.jpeg,/DATA5/prabhakar/telecom/extracted_images/images/image_789.jpeg,True,86616,singleton_789,True,False,1,
790,True,/data/all_images/image_790.png,/DATA5/prabhakar/telecom/extracted_images/images/image_790.png,True,55346,singleton_790,True,False,1,
791,True,/data/all_images/image_791.png,/DATA5/prabhakar/telecom/extracted_images/images/image_791.png,True,62496,singleton_791,True,False,1,
792,True,/data/all_images/image_792.jpeg,/DATA5/prabhakar/telecom/extracted_images/images/image_792.jpeg,True,91046,singleton_792,True,False,1,
793,True,/data/all_images/image_793.jpeg,/DATA5/prabhakar/telecom/extracted_images/images/image_793.jpeg,True,87382,singleton_793,True,False,1,
794,True,/data/all_images/image_794.png,/DATA5/prabhakar/telecom/extracted_images/images/image_794.png,True,62224,singleton_794,True,False,1,
795,True,/data/all_images/image_795.png,/DATA5/prabhakar/telecom/extracted_images/images/image_795.png,True,63745,singleton_795,True,False,1,
796,True,/data/all_images/image_796.png,/DATA5/prabhakar/telecom/extracted_images/images/image_796.png,True,46728,singleton_796,True,False,1,
797,True,/data/all_images/image_797.jpeg,/DATA5/prabhakar/telecom/extracted_images/images/image_797.jpeg,True,91095,singleton_797,True,False,1,
798,True,/data/all_images/image_798.jpeg,/DATA5/prabhakar/telecom/extracted_images/images/image_798.jpeg,True,86824,singleton_798,True,False,1,
799,True,/data/all_images/image_799.png,/DATA5/prabhakar/telecom/extracted_images/images/image_799.png,True,66377,singleton_799,True,False,1,
800,True,/data/all_images/image_800.jpeg,/DATA5/prabhakar/telecom/extracted_images/images/image_800.jpeg,True,68060,singleton_800,True,False,1,
801,True,/data/all_images/image_801.jpeg,/DATA5/prabhakar/telecom/extracted_images/images/image_801.jpeg,True,74082,singleton_801,True,False,1,
802,True,/data/all_images/image_802.jpeg,/DATA5/prabhakar/telecom/extracted_images/images/image_802.jpeg,True,82649,singleton_802,True,False,1,
803,True,/data/all_images/image_803.png,/DATA5/prabhakar/telecom/extracted_images/images/image_803.png,True,44899,singleton_803,True,False,1,
804,True,/data/all_images/image_804.jpeg,/DATA5/prabhakar/telecom/extracted_images/images/image_804.jpeg,True,71720,singleton_804,True,False,1,
805,True,/data/all_images/image_805.jpeg,/DATA5/prabhakar/telecom/extracted_images/images/image_805.jpeg,True,83612,singleton_805,True,False,1,
806,True,/data/all_images/image_806.jpeg,/DATA5/prabhakar/telecom/extracted_images/images/image_806.jpeg,True,73810,singleton_806,True,False,1,
807,True,/data/all_images/image_807.jpeg,/DATA5/prabhakar/telecom/extracted_images/images/image_807.jpeg,True,67952,singleton_807,True,False,1,
808,True,/data/all_images/image_808.jpeg,/DATA5/prabhakar/telecom/extracted_images/images/image_808.jpeg,True,219246,singleton_808,True,False,1,
809,True,/data/all_images/image_809.png,/DATA5/prabhakar/telecom/extracted_images/images/image_809.png,True,169945,singleton_809,True,False,1,
810,True,/data/all_images/image_810.jpeg,/DATA5/prabhakar/telecom/extracted_images/images/image_810.jpeg,True,87649,singleton_810,True,False,1,
811,True,/data/all_images/image_811.jpeg,/DATA5/prabhakar/telecom/extracted_images/images/image_811.jpeg,True,28007,singleton_811,True,False,1,
812,True,/data/all_images/image_812.jpeg,/DATA5/prabhakar/telecom/extracted_images/images/image_812.jpeg,True,26740,singleton_812,True,False,1,
813,True,/data/all_images/image_813.jpeg,/DATA5/prabhakar/telecom/extracted_images/images/image_813.jpeg,True,35606,singleton_813,True,False,1,
814,True,/data/all_images/image_814.jpeg,/DATA5/prabhakar/telecom/extracted_images/images/image_814.jpeg,True,29323,singleton_814,True,False,1,
815,True,/data/all_images/image_815.png,/DATA5/prabhakar/telecom/extracted_images/images/image_815.png,True,35333,singleton_815,True,False,1,
816,True,/data/all_images/image_816.png,/DATA5/prabhakar/telecom/extracted_images/images/image_816.png,True,34703,singleton_816,True,False,1,
817,True,/data/all_images/image_817.jpeg,/DATA5/prabhakar/telecom/extracted_images/images/image_817.jpeg,True,106323,singleton_817,True,False,1,
818,True,/data/all_images/image_818.jpeg,/DATA5/prabhakar/telecom/extracted_images/images/image_818.jpeg,True,58071,singleton_818,True,False,1,
819,True,/data/all_images/image_819.jpeg,/DATA5/prabhakar/telecom/extracted_images/images/image_819.jpeg,True,21442,dup_group_23,True,True,2,
820,True,/data/all_images/image_820.jpeg,/DATA5/prabhakar/telecom/extracted_images/images/image_820.jpeg,True,23427,dup_group_24,True,True,2,
821,True,/data/all_images/image_821.jpeg,/DATA5/prabhakar/telecom/extracted_images/images/image_821.jpeg,True,137901,singleton_821,True,False,1,
822,True,/data/all_images/image_822.jpeg,/DATA5/prabhakar/telecom/extracted_images/images/image_822.jpeg,True,212573,singleton_822,True,False,1,
823,True,/data/all_images/image_823.jpeg,/DATA5/prabhakar/telecom/extracted_images/images/image_823.jpeg,True,38753,singleton_823,True,False,1,
824,True,/data/all_images/image_824.jpeg,/DATA5/prabhakar/telecom/extracted_images/images/image_824.jpeg,True,85943,singleton_824,True,False,1,
825,True,/data/all_images/image_825.jpeg,/DATA5/prabhakar/telecom/extracted_images/images/image_825.jpeg,True,107152,singleton_825,True,False,1,
826,True,/data/all_images/image_826.jpeg,/DATA5/prabhakar/telecom/extracted_images/images/image_826.jpeg,True,171752,singleton_826,True,False,1,
827,True,/data/all_images/image_827.jpeg,/DATA5/prabhakar/telecom/extracted_images/images/image_827.jpeg,True,55793,singleton_827,True,False,1,
828,True,/data/all_images/image_828.jpeg,/DATA5/prabhakar/telecom/extracted_images/images/image_828.jpeg,True,63803,singleton_828,True,False,1,
829,True,/data/all_images/image_829.jpeg,/DATA5/prabhakar/telecom/extracted_images/images/image_829.jpeg,True,38804,singleton_829,True,False,1,
830,True,/data/all_images/image_830.png,/DATA5/prabhakar/telecom/extracted_images/images/image_830.png,True,58130,singleton_830,True,False,1,
831,True,/data/all_images/image_831.png,/DATA5/prabhakar/telecom/extracted_images/images/image_831.png,True,35690,singleton_831,True,False,1,
832,True,/data/all_images/image_832.png,/DATA5/prabhakar/telecom/extracted_images/images/image_832.png,True,39114,singleton_832,True,False,1,
833,True,/data/all_images/image_833.png,/DATA5/prabhakar/telecom/extracted_images/images/image_833.png,True,22136,singleton_833,True,False,1,
834,True,/data/all_images/image_834.jpeg,/DATA5/prabhakar/telecom/extracted_images/images/image_834.jpeg,True,60528,singleton_834,True,False,1,
835,True,/data/all_images/image_835.jpeg,/DATA5/prabhakar/telecom/extracted_images/images/image_835.jpeg,True,61888,singleton_835,True,False,1,
836,True,/data/all_images/image_836.png,/DATA5/prabhakar/telecom/extracted_images/images/image_836.png,True,46109,singleton_836,True,False,1,
837,True,/data/all_images/image_837.png,/DATA5/prabhakar/telecom/extracted_images/images/image_837.png,True,55160,singleton_837,True,False,1,
838,True,/data/all_images/image_838.jpeg,/DATA5/prabhakar/telecom/extracted_images/images/image_838.jpeg,True,63604,singleton_838,True,False,1,
839,True,/data/all_images/image_839.jpeg,/DATA5/prabhakar/telecom/extracted_images/images/image_839.jpeg,True,61887,singleton_839,True,False,1,
840,True,/data/all_images/image_840.jpeg,/DATA5/prabhakar/telecom/extracted_images/images/image_840.jpeg,True,65168,singleton_840,True,False,1,
841,True,/data/all_images/image_841.jpeg,/DATA5/prabhakar/telecom/extracted_images/images/image_841.jpeg,True,56591,singleton_841,True,False,1,
842,True,/data/all_images/image_842.jpeg,/DATA5/prabhakar/telecom/extracted_images/images/image_842.jpeg,True,56586,singleton_842,True,False,1,
843,True,/data/all_images/image_843.jpeg,/DATA5/prabhakar/telecom/extracted_images/images/image_843.jpeg,True,35228,singleton_843,True,False,1,
844,True,/data/all_images/image_844.png,/DATA5/prabhakar/telecom/extracted_images/images/image_844.png,True,39629,singleton_844,True,False,1,
845,True,/data/all_images/image_845.png,/DATA5/prabhakar/telecom/extracted_images/images/image_845.png,True,45308,singleton_845,True,False,1,
846,True,/data/all_images/image_846.png,/DATA5/prabhakar/telecom/extracted_images/images/image_846.png,True,46698,singleton_846,True,False,1,
847,True,/data/all_images/image_847.jpeg,/DATA5/prabhakar/telecom/extracted_images/images/image_847.jpeg,True,76815,singleton_847,True,False,1,
848,True,/data/all_images/image_848.jpeg,/DATA5/prabhakar/telecom/extracted_images/images/image_848.jpeg,True,30403,singleton_848,True,False,1,
849,True,/data/all_images/image_849.jpeg,/DATA5/prabhakar/telecom/extracted_images/images/image_849.jpeg,True,62546,singleton_849,True,False,1,
850,True,/data/all_images/image_850.jpeg,/DATA5/prabhakar/telecom/extracted_images/images/image_850.jpeg,True,36840,singleton_850,True,False,1,
851,True,/data/all_images/image_851.jpeg,/DATA5/prabhakar/telecom/extracted_images/images/image_851.jpeg,True,44218,dup_group_25,True,True,2,
852,True,/data/all_images/image_852.jpeg,/DATA5/prabhakar/telecom/extracted_images/images/image_852.jpeg,True,21320,singleton_852,True,False,1,
853,True,/data/all_images/image_853.jpeg,/DATA5/prabhakar/telecom/extracted_images/images/image_853.jpeg,True,35226,dup_group_26,True,True,2,
854,True,/data/all_images/image_854.jpeg,/DATA5/prabhakar/telecom/extracted_images/images/image_854.jpeg,True,40233,singleton_854,True,False,1,
855,True,/data/all_images/image_855.png,/DATA5/prabhakar/telecom/extracted_images/images/image_855.png,True,43270,dup_group_22,True,True,2,
856,True,/data/all_images/image_856.png,/DATA5/prabhakar/telecom/extracted_images/images/image_856.png,True,34595,singleton_856,True,False,1,
857,True,/data/all_images/image_857.png,/DATA5/prabhakar/telecom/extracted_images/images/image_857.png,True,38619,singleton_857,True,False,1,
858,True,/data/all_images/image_858.png,/DATA5/prabhakar/telecom/extracted_images/images/image_858.png,True,40137,singleton_858,True,False,1,
859,True,/data/all_images/image_859.png,/DATA5/prabhakar/telecom/extracted_images/images/image_859.png,True,38717,singleton_859,True,False,1,
860,True,/data/all_images/image_860.jpeg,/DATA5/prabhakar/telecom/extracted_images/images/image_860.jpeg,True,123780,singleton_860,True,False,1,
861,True,/data/all_images/image_861.jpeg,/DATA5/prabhakar/telecom/extracted_images/images/image_861.jpeg,True,123880,singleton_861,True,False,1,
862,True,/data/all_images/image_862.jpeg,/DATA5/prabhakar/telecom/extracted_images/images/image_862.jpeg,True,95527,singleton_862,True,False,1,
863,True,/data/all_images/image_863.png,/DATA5/prabhakar/telecom/extracted_images/images/image_863.png,True,75942,singleton_863,True,False,1,
864,True,/data/all_images/image_864.jpeg,/DATA5/prabhakar/telecom/extracted_images/images/image_864.jpeg,True,42565,singleton_864,True,False,1,
865,True,/data/all_images/image_865.jpeg,/DATA5/prabhakar/telecom/extracted_images/images/image_865.jpeg,True,41248,singleton_865,True,False,1,
866,True,/data/all_images/image_866.jpeg,/DATA5/prabhakar/telecom/extracted_images/images/image_866.jpeg,True,48648,singleton_866,True,False,1,
867,True,/data/all_images/image_867.jpeg,/DATA5/prabhakar/telecom/extracted_images/images/image_867.jpeg,True,42358,singleton_867,True,False,1,
868,True,/data/all_images/image_868.jpeg,/DATA5/prabhakar/telecom/extracted_images/images/image_868.jpeg,True,41798,singleton_868,True,False,1,
869,True,/data/all_images/image_869.jpeg,/DATA5/prabhakar/telecom/extracted_images/images/image_869.jpeg,True,30643,singleton_869,True,False,1,
870,True,/data/all_images/image_870.jpeg,/DATA5/prabhakar/telecom/extracted_images/images/image_870.jpeg,True,58818,singleton_870,True,False,1,
871,True,/data/all_images/image_871.jpeg,/DATA5/prabhakar/telecom/extracted_images/images/image_871.jpeg,True,42707,singleton_871,True,False,1,
872,True,/data/all_images/image_872.png,/DATA5/prabhakar/telecom/extracted_images/images/image_872.png,True,142598,singleton_872,True,False,1,
873,True,/data/all_images/image_873.png,/DATA5/prabhakar/telecom/extracted_images/images/image_873.png,True,75577,singleton_873,True,False,1,
874,True,/data/all_images/image_874.jpeg,/DATA5/prabhakar/telecom/extracted_images/images/image_874.jpeg,True,29898,singleton_874,True,False,1,
875,True,/data/all_images/image_875.png,/DATA5/prabhakar/telecom/extracted_images/images/image_875.png,True,48030,singleton_875,True,False,1,
876,True,/data/all_images/image_876.jpeg,/DATA5/prabhakar/telecom/extracted_images/images/image_876.jpeg,True,143728,singleton_876,True,False,1,
877,True,/data/all_images/image_877.png,/DATA5/prabhakar/telecom/extracted_images/images/image_877.png,True,27499,singleton_877,True,False,1,
878,True,/data/all_images/image_878.jpeg,/DATA5/prabhakar/telecom/extracted_images/images/image_878.jpeg,True,158412,singleton_878,True,False,1,
879,True,/data/all_images/image_879.png,/DATA5/prabhakar/telecom/extracted_images/images/image_879.png,True,40698,singleton_879,True,False,1,
880,True,/data/all_images/image_880.png,/DATA5/prabhakar/telecom/extracted_images/images/image_880.png,True,25414,singleton_880,True,False,1,
881,True,/data/all_images/image_881.png,/DATA5/prabhakar/telecom/extracted_images/images/image_881.png,True,60600,singleton_881,True,False,1,
882,True,/data/all_images/image_882.jpeg,/DATA5/prabhakar/telecom/extracted_images/images/image_882.jpeg,True,86707,singleton_882,True,False,1,
883,True,/data/all_images/image_883.jpeg,/DATA5/prabhakar/telecom/extracted_images/images/image_883.jpeg,True,48233,singleton_883,True,False,1,
884,True,/data/all_images/image_884.jpeg,/DATA5/prabhakar/telecom/extracted_images/images/image_884.jpeg,True,52168,singleton_884,True,False,1,
885,True,/data/all_images/image_885.jpeg,/DATA5/prabhakar/telecom/extracted_images/images/image_885.jpeg,True,68103,singleton_885,True,False,1,
886,True,/data/all_images/image_886.jpeg,/DATA5/prabhakar/telecom/extracted_images/images/image_886.jpeg,True,81829,singleton_886,True,False,1,
887,True,/data/all_images/image_887.png,/DATA5/prabhakar/telecom/extracted_images/images/image_887.png,True,30497,singleton_887,True,False,1,
888,True,/data/all_images/image_888.jpeg,/DATA5/prabhakar/telecom/extracted_images/images/image_888.jpeg,True,74097,singleton_888,True,False,1,
889,True,/data/all_images/image_889.jpeg,/DATA5/prabhakar/telecom/extracted_images/images/image_889.jpeg,True,42615,singleton_889,True,False,1,
890,True,/data/all_images/image_890.png,/DATA5/prabhakar/telecom/extracted_images/images/image_890.png,True,60289,singleton_890,True,False,1,
891,True,/data/all_images/image_891.jpeg,/DATA5/prabhakar/telecom/extracted_images/images/image_891.jpeg,True,69703,singleton_891,True,False,1,
892,True,/data/all_images/image_892.jpeg,/DATA5/prabhakar/telecom/extracted_images/images/image_892.jpeg,True,70761,singleton_892,True,False,1,
893,True,/data/all_images/image_893.png,/DATA5/prabhakar/telecom/extracted_images/images/image_893.png,True,24380,singleton_893,True,False,1,
894,True,/data/all_images/image_894.jpeg,/DATA5/prabhakar/telecom/extracted_images/images/image_894.jpeg,True,36807,singleton_894,True,False,1,
895,True,/data/all_images/image_895.png,/DATA5/prabhakar/telecom/extracted_images/images/image_895.png,True,22995,singleton_895,True,False,1,
896,True,/data/all_images/image_896.png,/DATA5/prabhakar/telecom/extracted_images/images/image_896.png,True,25411,singleton_896,True,False,1,
897,True,/data/all_images/image_897.jpeg,/DATA5/prabhakar/telecom/extracted_images/images/image_897.jpeg,True,40147,singleton_897,True,False,1,
898,True,/data/all_images/image_898.png,/DATA5/prabhakar/telecom/extracted_images/images/image_898.png,True,22689,singleton_898,True,False,1,
899,True,/data/all_images/image_899.png,/DATA5/prabhakar/telecom/extracted_images/images/image_899.png,True,25134,singleton_899,True,False,1,
900,True,/data/all_images/image_900.jpeg,/DATA5/prabhakar/telecom/extracted_images/images/image_900.jpeg,True,57480,singleton_900,True,False,1,
901,True,/data/all_images/image_901.png,/DATA5/prabhakar/telecom/extracted_images/images/image_901.png,True,65568,singleton_901,True,False,1,
902,True,/data/all_images/image_902.png,/DATA5/prabhakar/telecom/extracted_images/images/image_902.png,True,40338,singleton_902,True,False,1,
903,True,/data/all_images/image_903.jpeg,/DATA5/prabhakar/telecom/extracted_images/images/image_903.jpeg,True,77514,singleton_903,True,False,1,
904,True,/data/all_images/image_904.jpeg,/DATA5/prabhakar/telecom/extracted_images/images/image_904.jpeg,True,23427,dup_group_24,True,True,2,
905,True,/data/all_images/image_905.jpeg,/DATA5/prabhakar/telecom/extracted_images/images/image_905.jpeg,True,21442,dup_group_23,True,True,2,
906,True,/data/all_images/image_906.jpeg,/DATA5/prabhakar/telecom/extracted_images/images/image_906.jpeg,True,44604,singleton_906,True,False,1,
907,True,/data/all_images/image_907.png,/DATA5/prabhakar/telecom/extracted_images/images/image_907.png,True,63013,singleton_907,True,False,1,
908,True,/data/all_images/image_908.jpeg,/DATA5/prabhakar/telecom/extracted_images/images/image_908.jpeg,True,71462,singleton_908,True,False,1,
909,True,/data/all_images/image_909.png,/DATA5/prabhakar/telecom/extracted_images/images/image_909.png,True,51290,singleton_909,True,False,1,
910,True,/data/all_images/image_910.png,/DATA5/prabhakar/telecom/extracted_images/images/image_910.png,True,23815,singleton_910,True,False,1,
911,True,/data/all_images/image_911.jpeg,/DATA5/prabhakar/telecom/extracted_images/images/image_911.jpeg,True,20998,singleton_911,True,False,1,
912,True,/data/all_images/image_912.png,/DATA5/prabhakar/telecom/extracted_images/images/image_912.png,True,48403,singleton_912,True,False,1,
913,True,/data/all_images/image_913.png,/DATA5/prabhakar/telecom/extracted_images/images/image_913.png,True,47911,singleton_913,True,False,1,
914,True,/data/all_images/image_914.png,/DATA5/prabhakar/telecom/extracted_images/images/image_914.png,True,27154,singleton_914,True,False,1,
915,True,/data/all_images/image_915.jpeg,/DATA5/prabhakar/telecom/extracted_images/images/image_915.jpeg,True,44353,singleton_915,True,False,1,
916,True,/data/all_images/image_916.png,/DATA5/prabhakar/telecom/extracted_images/images/image_916.png,True,33856,singleton_916,True,False,1,
917,True,/data/all_images/image_917.png,/DATA5/prabhakar/telecom/extracted_images/images/image_917.png,True,37211,singleton_917,True,False,1,
918,True,/data/all_images/image_918.png,/DATA5/prabhakar/telecom/extracted_images/images/image_918.png,True,35659,singleton_918,True,False,1,
919,True,/data/all_images/image_919.jpeg,/DATA5/prabhakar/telecom/extracted_images/images/image_919.jpeg,True,44218,dup_group_25,True,True,2,
920,True,/data/all_images/image_920.jpeg,/DATA5/prabhakar/telecom/extracted_images/images/image_920.jpeg,True,24422,singleton_920,True,False,1,
921,True,/data/all_images/image_921.jpeg,/DATA5/prabhakar/telecom/extracted_images/images/image_921.jpeg,True,40735,singleton_921,True,False,1,
922,True,/data/all_images/image_922.jpeg,/DATA5/prabhakar/telecom/extracted_images/images/image_922.jpeg,True,65829,singleton_922,True,False,1,
923,True,/data/all_images/image_923.jpeg,/DATA5/prabhakar/telecom/extracted_images/images/image_923.jpeg,True,32713,singleton_923,True,False,1,
924,True,/data/all_images/image_924.jpeg,/DATA5/prabhakar/telecom/extracted_images/images/image_924.jpeg,True,37192,singleton_924,True,False,1,
925,True,/data/all_images/image_925.jpeg,/DATA5/prabhakar/telecom/extracted_images/images/image_925.jpeg,True,35475,singleton_925,True,False,1,
926,True,/data/all_images/image_926.jpeg,/DATA5/prabhakar/telecom/extracted_images/images/image_926.jpeg,True,33012,singleton_926,True,False,1,
927,True,/data/all_images/image_927.jpeg,/DATA5/prabhakar/telecom/extracted_images/images/image_927.jpeg,True,53487,singleton_927,True,False,1,
928,True,/data/all_images/image_928.jpeg,/DATA5/prabhakar/telecom/extracted_images/images/image_928.jpeg,True,36774,singleton_928,True,False,1,
929,True,/data/all_images/image_929.jpeg,/DATA5/prabhakar/telecom/extracted_images/images/image_929.jpeg,True,31641,singleton_929,True,False,1,
930,True,/data/all_images/image_930.jpeg,/DATA5/prabhakar/telecom/extracted_images/images/image_930.jpeg,True,33909,singleton_930,True,False,1,
931,True,/data/all_images/image_931.jpeg,/DATA5/prabhakar/telecom/extracted_images/images/image_931.jpeg,True,35597,singleton_931,True,False,1,
932,True,/data/all_images/image_932.jpeg,/DATA5/prabhakar/telecom/extracted_images/images/image_932.jpeg,True,33387,singleton_932,True,False,1,
933,True,/data/all_images/image_933.jpeg,/DATA5/prabhakar/telecom/extracted_images/images/image_933.jpeg,True,44803,singleton_933,True,False,1,
934,True,/data/all_images/image_934.jpeg,/DATA5/prabhakar/telecom/extracted_images/images/image_934.jpeg,True,45416,dup_group_27,True,True,2,
935,True,/data/all_images/image_935.png,/DATA5/prabhakar/telecom/extracted_images/images/image_935.png,True,45570,singleton_935,True,False,1,
936,True,/data/all_images/image_936.png,/DATA5/prabhakar/telecom/extracted_images/images/image_936.png,True,23171,singleton_936,True,False,1,
937,True,/data/all_images/image_937.png,/DATA5/prabhakar/telecom/extracted_images/images/image_937.png,True,26913,singleton_937,True,False,1,
938,True,/data/all_images/image_938.jpeg,/DATA5/prabhakar/telecom/extracted_images/images/image_938.jpeg,True,30957,singleton_938,True,False,1,
939,True,/data/all_images/image_939.jpeg,/DATA5/prabhakar/telecom/extracted_images/images/image_939.jpeg,True,35674,singleton_939,True,False,1,
940,True,/data/all_images/image_940.jpeg,/DATA5/prabhakar/telecom/extracted_images/images/image_940.jpeg,True,45069,singleton_940,True,False,1,
941,True,/data/all_images/image_941.jpeg,/DATA5/prabhakar/telecom/extracted_images/images/image_941.jpeg,True,31157,singleton_941,True,False,1,
942,True,/data/all_images/image_942.jpeg,/DATA5/prabhakar/telecom/extracted_images/images/image_942.jpeg,True,47240,singleton_942,True,False,1,
943,True,/data/all_images/image_943.png,/DATA5/prabhakar/telecom/extracted_images/images/image_943.png,True,22927,singleton_943,True,False,1,
944,True,/data/all_images/image_944.png,/DATA5/prabhakar/telecom/extracted_images/images/image_944.png,True,52471,singleton_944,True,False,1,
945,True,/data/all_images/image_945.png,/DATA5/prabhakar/telecom/extracted_images/images/image_945.png,True,54033,singleton_945,True,False,1,
946,True,/data/all_images/image_946.png,/DATA5/prabhakar/telecom/extracted_images/images/image_946.png,True,20508,singleton_946,True,False,1,
947,True,/data/all_images/image_947.jpeg,/DATA5/prabhakar/telecom/extracted_images/images/image_947.jpeg,True,21753,singleton_947,True,False,1,
948,True,/data/all_images/image_948.png,/DATA5/prabhakar/telecom/extracted_images/images/image_948.png,True,44125,singleton_948,True,False,1,
949,True,/data/all_images/image_949.jpeg,/DATA5/prabhakar/telecom/extracted_images/images/image_949.jpeg,True,56598,singleton_949,True,False,1,
950,True,/data/all_images/image_950.jpeg,/DATA5/prabhakar/telecom/extracted_images/images/image_950.jpeg,True,35594,singleton_950,True,False,1,
951,True,/data/all_images/image_951.jpeg,/DATA5/prabhakar/telecom/extracted_images/images/image_951.jpeg,True,34693,singleton_951,True,False,1,
952,True,/data/all_images/image_952.jpeg,/DATA5/prabhakar/telecom/extracted_images/images/image_952.jpeg,True,26187,singleton_952,True,False,1,
953,True,/data/all_images/image_953.jpeg,/DATA5/prabhakar/telecom/extracted_images/images/image_953.jpeg,True,52208,singleton_953,True,False,1,
954,True,/data/all_images/image_954.jpeg,/DATA5/prabhakar/telecom/extracted_images/images/image_954.jpeg,True,55549,singleton_954,True,False,1,
955,True,/data/all_images/image_955.jpeg,/DATA5/prabhakar/telecom/extracted_images/images/image_955.jpeg,True,26130,singleton_955,True,False,1,
956,True,/data/all_images/image_956.png,/DATA5/prabhakar/telecom/extracted_images/images/image_956.png,True,42183,singleton_956,True,False,1,
957,True,/data/all_images/image_957.png,/DATA5/prabhakar/telecom/extracted_images/images/image_957.png,True,51888,singleton_957,True,False,1,
958,True,/data/all_images/image_958.jpeg,/DATA5/prabhakar/telecom/extracted_images/images/image_958.jpeg,True,62015,singleton_958,True,False,1,
959,True,/data/all_images/image_959.jpeg,/DATA5/prabhakar/telecom/extracted_images/images/image_959.jpeg,True,48472,singleton_959,True,False,1,
960,True,/data/all_images/image_960.jpeg,/DATA5/prabhakar/telecom/extracted_images/images/image_960.jpeg,True,48345,dup_group_28,True,True,2,
961,True,/data/all_images/image_961.jpeg,/DATA5/prabhakar/telecom/extracted_images/images/image_961.jpeg,True,51753,singleton_961,True,False,1,
962,True,/data/all_images/image_962.jpeg,/DATA5/prabhakar/telecom/extracted_images/images/image_962.jpeg,True,48000,dup_group_29,True,True,2,
963,True,/data/all_images/image_963.jpeg,/DATA5/prabhakar/telecom/extracted_images/images/image_963.jpeg,True,32205,singleton_963,True,False,1,
964,True,/data/all_images/image_964.jpeg,/DATA5/prabhakar/telecom/extracted_images/images/image_964.jpeg,True,56131,singleton_964,True,False,1,
965,True,/data/all_images/image_965.jpeg,/DATA5/prabhakar/telecom/extracted_images/images/image_965.jpeg,True,22513,singleton_965,True,False,1,
966,True,/data/all_images/image_966.jpeg,/DATA5/prabhakar/telecom/extracted_images/images/image_966.jpeg,True,21386,dup_group_30,True,True,2,
967,True,/data/all_images/image_967.jpeg,/DATA5/prabhakar/telecom/extracted_images/images/image_967.jpeg,True,29730,singleton_967,True,False,1,
968,True,/data/all_images/image_968.jpeg,/DATA5/prabhakar/telecom/extracted_images/images/image_968.jpeg,True,48000,dup_group_29,True,True,2,
969,True,/data/all_images/image_969.jpeg,/DATA5/prabhakar/telecom/extracted_images/images/image_969.jpeg,True,39223,singleton_969,True,False,1,
970,True,/data/all_images/image_970.jpeg,/DATA5/prabhakar/telecom/extracted_images/images/image_970.jpeg,True,45703,singleton_970,True,False,1,
971,True,/data/all_images/image_971.jpeg,/DATA5/prabhakar/telecom/extracted_images/images/image_971.jpeg,True,26658,singleton_971,True,False,1,
972,True,/data/all_images/image_972.jpeg,/DATA5/prabhakar/telecom/extracted_images/images/image_972.jpeg,True,23368,singleton_972,True,False,1,
973,True,/data/all_images/image_973.jpeg,/DATA5/prabhakar/telecom/extracted_images/images/image_973.jpeg,True,31394,singleton_973,True,False,1,
974,True,/data/all_images/image_974.png,/DATA5/prabhakar/telecom/extracted_images/images/image_974.png,True,31669,singleton_974,True,False,1,
975,True,/data/all_images/image_975.png,/DATA5/prabhakar/telecom/extracted_images/images/image_975.png,True,75963,singleton_975,True,False,1,
976,True,/data/all_images/image_976.png,/DATA5/prabhakar/telecom/extracted_images/images/image_976.png,True,79211,singleton_976,True,False,1,
977,True,/data/all_images/image_977.png,/DATA5/prabhakar/telecom/extracted_images/images/image_977.png,True,65115,singleton_977,True,False,1,
978,True,/data/all_images/image_978.png,/DATA5/prabhakar/telecom/extracted_images/images/image_978.png,True,51510,singleton_978,True,False,1,
979,True,/data/all_images/image_979.jpeg,/DATA5/prabhakar/telecom/extracted_images/images/image_979.jpeg,True,61215,singleton_979,True,False,1,
980,True,/data/all_images/image_980.png,/DATA5/prabhakar/telecom/extracted_images/images/image_980.png,True,62926,singleton_980,True,False,1,
981,True,/data/all_images/image_981.png,/DATA5/prabhakar/telecom/extracted_images/images/image_981.png,True,56505,singleton_981,True,False,1,
982,True,/data/all_images/image_982.png,/DATA5/prabhakar/telecom/extracted_images/images/image_982.png,True,25751,singleton_982,True,False,1,
983,True,/data/all_images/image_983.png,/DATA5/prabhakar/telecom/extracted_images/images/image_983.png,True,89854,singleton_983,True,False,1,
984,True,/data/all_images/image_984.png,/DATA5/prabhakar/telecom/extracted_images/images/image_984.png,True,72201,singleton_984,True,False,1,
985,True,/data/all_images/image_985.jpeg,/DATA5/prabhakar/telecom/extracted_images/images/image_985.jpeg,True,31985,singleton_985,True,False,1,
986,True,/data/all_images/image_986.png,/DATA5/prabhakar/telecom/extracted_images/images/image_986.png,True,41635,singleton_986,True,False,1,
987,True,/data/all_images/image_987.png,/DATA5/prabhakar/telecom/extracted_images/images/image_987.png,True,69865,singleton_987,True,False,1,
988,True,/data/all_images/image_988.png,/DATA5/prabhakar/telecom/extracted_images/images/image_988.png,True,67523,singleton_988,True,False,1,
989,True,/data/all_images/image_989.jpeg,/DATA5/prabhakar/telecom/extracted_images/images/image_989.jpeg,True,93212,singleton_989,True,False,1,
990,True,/data/all_images/image_990.png,/DATA5/prabhakar/telecom/extracted_images/images/image_990.png,True,66593,singleton_990,True,False,1,
991,True,/data/all_images/image_991.jpeg,/DATA5/prabhakar/telecom/extracted_images/images/image_991.jpeg,True,71971,singleton_991,True,False,1,
992,True,/data/all_images/image_992.jpeg,/DATA5/prabhakar/telecom/extracted_images/images/image_992.jpeg,True,71058,singleton_992,True,False,1,
993,True,/data/all_images/image_993.png,/DATA5/prabhakar/telecom/extracted_images/images/image_993.png,True,64020,singleton_993,True,False,1,
994,True,/data/all_images/image_994.jpeg,/DATA5/prabhakar/telecom/extracted_images/images/image_994.jpeg,True,35626,singleton_994,True,False,1,
995,True,/data/all_images/image_995.png,/DATA5/prabhakar/telecom/extracted_images/images/image_995.png,True,69311,singleton_995,True,False,1,
996,True,/data/all_images/image_996.jpeg,/DATA5/prabhakar/telecom/extracted_images/images/image_996.jpeg,True,66311,singleton_996,True,False,1,
997,True,/data/all_images/image_997.jpeg,/DATA5/prabhakar/telecom/extracted_images/images/image_997.jpeg,True,20502,singleton_997,True,False,1,
998,True,/data/all_images/image_998.png,/DATA5/prabhakar/telecom/extracted_images/images/image_998.png,True,64265,singleton_998,True,False,1,
999,True,/data/all_images/image_999.png,/DATA5/prabhakar/telecom/extracted_images/images/image_999.png,True,64800,singleton_999,True,False,1,
1000,True,/data/all_images/image_1000.jpeg,/DATA5/prabhakar/telecom/extracted_images/images/image_1000.jpeg,True,20684,singleton_1000,True,False,1,
1001,True,/data/all_images/image_1001.png,/DATA5/prabhakar/telecom/extracted_images/images/image_1001.png,True,57059,singleton_1001,True,False,1,
1002,True,/data/all_images/image_1002.png,/DATA5/prabhakar/telecom/extracted_images/images/image_1002.png,True,25197,singleton_1002,True,False,1,
1003,True,/data/all_images/image_1003.png,/DATA5/prabhakar/telecom/extracted_images/images/image_1003.png,True,25885,singleton_1003,True,False,1,
1004,True,/data/all_images/image_1004.png,/DATA5/prabhakar/telecom/extracted_images/images/image_1004.png,True,22148,singleton_1004,True,False,1,
1005,True,/data/all_images/image_1005.jpeg,/DATA5/prabhakar/telecom/extracted_images/images/image_1005.jpeg,True,21550,singleton_1005,True,False,1,
1006,True,/data/all_images/image_1006.jpeg,/DATA5/prabhakar/telecom/extracted_images/images/image_1006.jpeg,True,42956,singleton_1006,True,False,1,
1007,True,/data/all_images/image_1007.jpeg,/DATA5/prabhakar/telecom/extracted_images/images/image_1007.jpeg,True,24239,singleton_1007,True,False,1,
1008,True,/data/all_images/image_1008.jpeg,/DATA5/prabhakar/telecom/extracted_images/images/image_1008.jpeg,True,35024,singleton_1008,True,False,1,
1009,True,/data/all_images/image_1009.jpeg,/DATA5/prabhakar/telecom/extracted_images/images/image_1009.jpeg,True,45618,singleton_1009,True,False,1,
1010,True,/data/all_images/image_1010.jpeg,/DATA5/prabhakar/telecom/extracted_images/images/image_1010.jpeg,True,24083,singleton_1010,True,False,1,
1011,True,/data/all_images/image_1011.jpeg,/DATA5/prabhakar/telecom/extracted_images/images/image_1011.jpeg,True,24301,singleton_1011,True,False,1,
1012,True,/data/all_images/image_1012.jpeg,/DATA5/prabhakar/telecom/extracted_images/images/image_1012.jpeg,True,55022,singleton_1012,True,False,1,
1013,True,/data/all_images/image_1013.png,/DATA5/prabhakar/telecom/extracted_images/images/image_1013.png,True,24364,dup_group_31,True,True,2,
1014,True,/data/all_images/image_1014.png,/DATA5/prabhakar/telecom/extracted_images/images/image_1014.png,True,28020,dup_group_32,True,True,2,
1015,True,/data/all_images/image_1015.jpeg,/DATA5/prabhakar/telecom/extracted_images/images/image_1015.jpeg,True,33746,singleton_1015,True,False,1,
1016,True,/data/all_images/image_1016.jpeg,/DATA5/prabhakar/telecom/extracted_images/images/image_1016.jpeg,True,32991,singleton_1016,True,False,1,
1017,True,/data/all_images/image_1017.jpeg,/DATA5/prabhakar/telecom/extracted_images/images/image_1017.jpeg,True,21682,singleton_1017,True,False,1,
1018,True,/data/all_images/image_1018.png,/DATA5/prabhakar/telecom/extracted_images/images/image_1018.png,True,21258,singleton_1018,True,False,1,
1019,True,/data/all_images/image_1019.jpeg,/DATA5/prabhakar/telecom/extracted_images/images/image_1019.jpeg,True,33344,singleton_1019,True,False,1,
1020,True,/data/all_images/image_1020.jpeg,/DATA5/prabhakar/telecom/extracted_images/images/image_1020.jpeg,True,29541,singleton_1020,True,False,1,
1021,True,/data/all_images/image_1021.png,/DATA5/prabhakar/telecom/extracted_images/images/image_1021.png,True,21763,singleton_1021,True,False,1,
1022,True,/data/all_images/image_1022.png,/DATA5/prabhakar/telecom/extracted_images/images/image_1022.png,True,23142,singleton_1022,True,False,1,
1023,True,/data/all_images/image_1023.jpeg,/DATA5/prabhakar/telecom/extracted_images/images/image_1023.jpeg,True,24765,singleton_1023,True,False,1,
1024,True,/data/all_images/image_1024.jpeg,/DATA5/prabhakar/telecom/extracted_images/images/image_1024.jpeg,True,38463,singleton_1024,True,False,1,
1025,True,/data/all_images/image_1025.jpeg,/DATA5/prabhakar/telecom/extracted_images/images/image_1025.jpeg,True,38830,singleton_1025,True,False,1,
1026,True,/data/all_images/image_1026.jpeg,/DATA5/prabhakar/telecom/extracted_images/images/image_1026.jpeg,True,29515,singleton_1026,True,False,1,
1027,True,/data/all_images/image_1027.jpeg,/DATA5/prabhakar/telecom/extracted_images/images/image_1027.jpeg,True,27222,singleton_1027,True,False,1,
1028,True,/data/all_images/image_1028.jpeg,/DATA5/prabhakar/telecom/extracted_images/images/image_1028.jpeg,True,23787,singleton_1028,True,False,1,
1029,True,/data/all_images/image_1029.jpeg,/DATA5/prabhakar/telecom/extracted_images/images/image_1029.jpeg,True,36031,singleton_1029,True,False,1,
1030,True,/data/all_images/image_1030.jpeg,/DATA5/prabhakar/telecom/extracted_images/images/image_1030.jpeg,True,25883,singleton_1030,True,False,1,
1031,True,/data/all_images/image_1031.jpeg,/DATA5/prabhakar/telecom/extracted_images/images/image_1031.jpeg,True,28937,singleton_1031,True,False,1,
1032,True,/data/all_images/image_1032.jpeg,/DATA5/prabhakar/telecom/extracted_images/images/image_1032.jpeg,True,24176,singleton_1032,True,False,1,
1033,True,/data/all_images/image_1033.jpeg,/DATA5/prabhakar/telecom/extracted_images/images/image_1033.jpeg,True,47380,singleton_1033,True,False,1,
1034,True,/data/all_images/image_1034.jpeg,/DATA5/prabhakar/telecom/extracted_images/images/image_1034.jpeg,True,24556,singleton_1034,True,False,1,
1035,True,/data/all_images/image_1035.jpeg,/DATA5/prabhakar/telecom/extracted_images/images/image_1035.jpeg,True,29178,singleton_1035,True,False,1,
1036,True,/data/all_images/image_1036.jpeg,/DATA5/prabhakar/telecom/extracted_images/images/image_1036.jpeg,True,45827,singleton_1036,True,False,1,
1037,True,/data/all_images/image_1037.jpeg,/DATA5/prabhakar/telecom/extracted_images/images/image_1037.jpeg,True,48653,singleton_1037,True,False,1,
1038,True,/data/all_images/image_1038.jpeg,/DATA5/prabhakar/telecom/extracted_images/images/image_1038.jpeg,True,37775,singleton_1038,True,False,1,
1039,True,/data/all_images/image_1039.jpeg,/DATA5/prabhakar/telecom/extracted_images/images/image_1039.jpeg,True,106125,singleton_1039,True,False,1,
1040,True,/data/all_images/image_1040.png,/DATA5/prabhakar/telecom/extracted_images/images/image_1040.png,True,50753,singleton_1040,True,False,1,
1041,True,/data/all_images/image_1041.jpeg,/DATA5/prabhakar/telecom/extracted_images/images/image_1041.jpeg,True,22078,singleton_1041,True,False,1,
1042,True,/data/all_images/image_1042.jpeg,/DATA5/prabhakar/telecom/extracted_images/images/image_1042.jpeg,True,50099,singleton_1042,True,False,1,
1043,True,/data/all_images/image_1043.png,/DATA5/prabhakar/telecom/extracted_images/images/image_1043.png,True,71080,singleton_1043,True,False,1,
1044,True,/data/all_images/image_1044.png,/DATA5/prabhakar/telecom/extracted_images/images/image_1044.png,True,53571,singleton_1044,True,False,1,
1045,True,/data/all_images/image_1045.jpeg,/DATA5/prabhakar/telecom/extracted_images/images/image_1045.jpeg,True,85906,singleton_1045,True,False,1,
1046,True,/data/all_images/image_1046.jpeg,/DATA5/prabhakar/telecom/extracted_images/images/image_1046.jpeg,True,47397,singleton_1046,True,False,1,
1047,True,/data/all_images/image_1047.png,/DATA5/prabhakar/telecom/extracted_images/images/image_1047.png,True,56818,singleton_1047,True,False,1,
1048,True,/data/all_images/image_1048.jpeg,/DATA5/prabhakar/telecom/extracted_images/images/image_1048.jpeg,True,59181,singleton_1048,True,False,1,
1049,True,/data/all_images/image_1049.jpeg,/DATA5/prabhakar/telecom/extracted_images/images/image_1049.jpeg,True,46104,singleton_1049,True,False,1,
1050,True,/data/all_images/image_1050.jpeg,/DATA5/prabhakar/telecom/extracted_images/images/image_1050.jpeg,True,70076,singleton_1050,True,False,1,
1051,True,/data/all_images/image_1051.jpeg,/DATA5/prabhakar/telecom/extracted_images/images/image_1051.jpeg,True,54014,singleton_1051,True,False,1,
1052,True,/data/all_images/image_1052.png,/DATA5/prabhakar/telecom/extracted_images/images/image_1052.png,True,26614,singleton_1052,True,False,1,
1053,True,/data/all_images/image_1053.png,/DATA5/prabhakar/telecom/extracted_images/images/image_1053.png,True,49738,singleton_1053,True,False,1,
1054,True,/data/all_images/image_1054.jpeg,/DATA5/prabhakar/telecom/extracted_images/images/image_1054.jpeg,True,62363,singleton_1054,True,False,1,
1055,True,/data/all_images/image_1055.jpeg,/DATA5/prabhakar/telecom/extracted_images/images/image_1055.jpeg,True,85124,singleton_1055,True,False,1,
1056,True,/data/all_images/image_1056.jpeg,/DATA5/prabhakar/telecom/extracted_images/images/image_1056.jpeg,True,22813,singleton_1056,True,False,1,
1057,True,/data/all_images/image_1057.jpeg,/DATA5/prabhakar/telecom/extracted_images/images/image_1057.jpeg,True,29954,singleton_1057,True,False,1,
1058,True,/data/all_images/image_1058.jpeg,/DATA5/prabhakar/telecom/extracted_images/images/image_1058.jpeg,True,30087,singleton_1058,True,False,1,
1059,True,/data/all_images/image_1059.png,/DATA5/prabhakar/telecom/extracted_images/images/image_1059.png,True,31406,singleton_1059,True,False,1,
1060,True,/data/all_images/image_1060.jpeg,/DATA5/prabhakar/telecom/extracted_images/images/image_1060.jpeg,True,31041,singleton_1060,True,False,1,
1061,True,/data/all_images/image_1061.jpeg,/DATA5/prabhakar/telecom/extracted_images/images/image_1061.jpeg,True,43877,singleton_1061,True,False,1,
1062,True,/data/all_images/image_1062.jpeg,/DATA5/prabhakar/telecom/extracted_images/images/image_1062.jpeg,True,21514,singleton_1062,True,False,1,
1063,True,/data/all_images/image_1063.jpeg,/DATA5/prabhakar/telecom/extracted_images/images/image_1063.jpeg,True,34646,singleton_1063,True,False,1,
1064,True,/data/all_images/image_1064.png,/DATA5/prabhakar/telecom/extracted_images/images/image_1064.png,True,65767,singleton_1064,True,False,1,
1065,True,/data/all_images/image_1065.jpeg,/DATA5/prabhakar/telecom/extracted_images/images/image_1065.jpeg,True,39037,singleton_1065,True,False,1,
1066,True,/data/all_images/image_1066.jpeg,/DATA5/prabhakar/telecom/extracted_images/images/image_1066.jpeg,True,58898,singleton_1066,True,False,1,
1067,True,/data/all_images/image_1067.png,/DATA5/prabhakar/telecom/extracted_images/images/image_1067.png,True,33785,singleton_1067,True,False,1,
1068,True,/data/all_images/image_1068.jpeg,/DATA5/prabhakar/telecom/extracted_images/images/image_1068.jpeg,True,37823,singleton_1068,True,False,1,
1069,True,/data/all_images/image_1069.png,/DATA5/prabhakar/telecom/extracted_images/images/image_1069.png,True,32623,singleton_1069,True,False,1,
1070,True,/data/all_images/image_1070.jpeg,/DATA5/prabhakar/telecom/extracted_images/images/image_1070.jpeg,True,52284,dup_group_33,True,True,2,
1071,True,/data/all_images/image_1071.jpeg,/DATA5/prabhakar/telecom/extracted_images/images/image_1071.jpeg,True,88247,dup_group_6,True,True,4,
1072,True,/data/all_images/image_1072.jpeg,/DATA5/prabhakar/telecom/extracted_images/images/image_1072.jpeg,True,52796,singleton_1072,True,False,1,
1073,True,/data/all_images/image_1073.jpeg,/DATA5/prabhakar/telecom/extracted_images/images/image_1073.jpeg,True,27457,singleton_1073,True,False,1,
1074,True,/data/all_images/image_1074.jpeg,/DATA5/prabhakar/telecom/extracted_images/images/image_1074.jpeg,True,24086,singleton_1074,True,False,1,
1075,True,/data/all_images/image_1075.jpeg,/DATA5/prabhakar/telecom/extracted_images/images/image_1075.jpeg,True,29379,singleton_1075,True,False,1,
1076,True,/data/all_images/image_1076.jpeg,/DATA5/prabhakar/telecom/extracted_images/images/image_1076.jpeg,True,24644,singleton_1076,True,False,1,
1077,True,/data/all_images/image_1077.jpeg,/DATA5/prabhakar/telecom/extracted_images/images/image_1077.jpeg,True,30184,singleton_1077,True,False,1,
1078,True,/data/all_images/image_1078.jpeg,/DATA5/prabhakar/telecom/extracted_images/images/image_1078.jpeg,True,65127,singleton_1078,True,False,1,
1079,True,/data/all_images/image_1079.jpeg,/DATA5/prabhakar/telecom/extracted_images/images/image_1079.jpeg,True,75276,singleton_1079,True,False,1,
1080,True,/data/all_images/image_1080.jpeg,/DATA5/prabhakar/telecom/extracted_images/images/image_1080.jpeg,True,35588,singleton_1080,True,False,1,
1081,True,/data/all_images/image_1081.png,/DATA5/prabhakar/telecom/extracted_images/images/image_1081.png,True,33946,singleton_1081,True,False,1,
1082,True,/data/all_images/image_1082.png,/DATA5/prabhakar/telecom/extracted_images/images/image_1082.png,True,36849,singleton_1082,True,False,1,
1083,True,/data/all_images/image_1083.png,/DATA5/prabhakar/telecom/extracted_images/images/image_1083.png,True,41351,singleton_1083,True,False,1,
1084,True,/data/all_images/image_1084.png,/DATA5/prabhakar/telecom/extracted_images/images/image_1084.png,True,45782,singleton_1084,True,False,1,
1085,True,/data/all_images/image_1085.png,/DATA5/prabhakar/telecom/extracted_images/images/image_1085.png,True,40940,singleton_1085,True,False,1,
1086,True,/data/all_images/image_1086.png,/DATA5/prabhakar/telecom/extracted_images/images/image_1086.png,True,46720,singleton_1086,True,False,1,
1087,True,/data/all_images/image_1087.png,/DATA5/prabhakar/telecom/extracted_images/images/image_1087.png,True,43711,singleton_1087,True,False,1,
1088,True,/data/all_images/image_1088.png,/DATA5/prabhakar/telecom/extracted_images/images/image_1088.png,True,46783,singleton_1088,True,False,1,
1089,True,/data/all_images/image_1089.png,/DATA5/prabhakar/telecom/extracted_images/images/image_1089.png,True,35457,singleton_1089,True,False,1,
1090,True,/data/all_images/image_1090.png,/DATA5/prabhakar/telecom/extracted_images/images/image_1090.png,True,42577,singleton_1090,True,False,1,
1091,True,/data/all_images/image_1091.png,/DATA5/prabhakar/telecom/extracted_images/images/image_1091.png,True,40230,singleton_1091,True,False,1,
1092,True,/data/all_images/image_1092.png,/DATA5/prabhakar/telecom/extracted_images/images/image_1092.png,True,31859,singleton_1092,True,False,1,
1093,True,/data/all_images/image_1093.jpeg,/DATA5/prabhakar/telecom/extracted_images/images/image_1093.jpeg,True,33689,singleton_1093,True,False,1,
1094,True,/data/all_images/image_1094.jpeg,/DATA5/prabhakar/telecom/extracted_images/images/image_1094.jpeg,True,35401,singleton_1094,True,False,1,
1095,True,/data/all_images/image_1095.jpeg,/DATA5/prabhakar/telecom/extracted_images/images/image_1095.jpeg,True,38611,singleton_1095,True,False,1,
1096,True,/data/all_images/image_1096.jpeg,/DATA5/prabhakar/telecom/extracted_images/images/image_1096.jpeg,True,44706,singleton_1096,True,False,1,
1097,True,/data/all_images/image_1097.jpeg,/DATA5/prabhakar/telecom/extracted_images/images/image_1097.jpeg,True,33776,singleton_1097,True,False,1,
1098,True,/data/all_images/image_1098.jpeg,/DATA5/prabhakar/telecom/extracted_images/images/image_1098.jpeg,True,46128,singleton_1098,True,False,1,
1099,True,/data/all_images/image_1099.jpeg,/DATA5/prabhakar/telecom/extracted_images/images/image_1099.jpeg,True,47987,singleton_1099,True,False,1,
1100,True,/data/all_images/image_1100.jpeg,/DATA5/prabhakar/telecom/extracted_images/images/image_1100.jpeg,True,41571,singleton_1100,True,False,1,
1101,True,/data/all_images/image_1101.png,/DATA5/prabhakar/telecom/extracted_images/images/image_1101.png,True,51451,singleton_1101,True,False,1,
1102,True,/data/all_images/image_1102.png,/DATA5/prabhakar/telecom/extracted_images/images/image_1102.png,True,22307,singleton_1102,True,False,1,
1103,True,/data/all_images/image_1103.png,/DATA5/prabhakar/telecom/extracted_images/images/image_1103.png,True,22545,singleton_1103,True,False,1,
1104,True,/data/all_images/image_1104.jpeg,/DATA5/prabhakar/telecom/extracted_images/images/image_1104.jpeg,True,23606,singleton_1104,True,False,1,
1105,True,/data/all_images/image_1105.jpeg,/DATA5/prabhakar/telecom/extracted_images/images/image_1105.jpeg,True,27051,singleton_1105,True,False,1,
1106,True,/data/all_images/image_1106.jpeg,/DATA5/prabhakar/telecom/extracted_images/images/image_1106.jpeg,True,29404,singleton_1106,True,False,1,
1107,True,/data/all_images/image_1107.jpeg,/DATA5/prabhakar/telecom/extracted_images/images/image_1107.jpeg,True,62498,singleton_1107,True,False,1,
1108,True,/data/all_images/image_1108.jpeg,/DATA5/prabhakar/telecom/extracted_images/images/image_1108.jpeg,True,44343,singleton_1108,True,False,1,
1109,True,/data/all_images/image_1109.jpeg,/DATA5/prabhakar/telecom/extracted_images/images/image_1109.jpeg,True,39034,singleton_1109,True,False,1,
1110,True,/data/all_images/image_1110.jpeg,/DATA5/prabhakar/telecom/extracted_images/images/image_1110.jpeg,True,31829,singleton_1110,True,False,1,
1111,True,/data/all_images/image_1111.png,/DATA5/prabhakar/telecom/extracted_images/images/image_1111.png,True,31951,singleton_1111,True,False,1,
1112,True,/data/all_images/image_1112.png,/DATA5/prabhakar/telecom/extracted_images/images/image_1112.png,True,31789,singleton_1112,True,False,1,
1113,True,/data/all_images/image_1113.jpeg,/DATA5/prabhakar/telecom/extracted_images/images/image_1113.jpeg,True,21596,singleton_1113,True,False,1,
1114,True,/data/all_images/image_1114.jpeg,/DATA5/prabhakar/telecom/extracted_images/images/image_1114.jpeg,True,23612,singleton_1114,True,False,1,
1115,True,/data/all_images/image_1115.jpeg,/DATA5/prabhakar/telecom/extracted_images/images/image_1115.jpeg,True,21375,singleton_1115,True,False,1,
1116,True,/data/all_images/image_1116.png,/DATA5/prabhakar/telecom/extracted_images/images/image_1116.png,True,25041,singleton_1116,True,False,1,
1117,True,/data/all_images/image_1117.png,/DATA5/prabhakar/telecom/extracted_images/images/image_1117.png,True,26664,singleton_1117,True,False,1,
1118,True,/data/all_images/image_1118.png,/DATA5/prabhakar/telecom/extracted_images/images/image_1118.png,True,20549,singleton_1118,True,False,1,
1119,True,/data/all_images/image_1119.png,/DATA5/prabhakar/telecom/extracted_images/images/image_1119.png,True,20853,singleton_1119,True,False,1,
1120,True,/data/all_images/image_1120.png,/DATA5/prabhakar/telecom/extracted_images/images/image_1120.png,True,25130,singleton_1120,True,False,1,
1121,True,/data/all_images/image_1121.jpeg,/DATA5/prabhakar/telecom/extracted_images/images/image_1121.jpeg,True,21386,dup_group_30,True,True,2,
1122,True,/data/all_images/image_1122.jpeg,/DATA5/prabhakar/telecom/extracted_images/images/image_1122.jpeg,True,23854,singleton_1122,True,False,1,
1123,True,/data/all_images/image_1123.jpeg,/DATA5/prabhakar/telecom/extracted_images/images/image_1123.jpeg,True,32555,singleton_1123,True,False,1,
1124,True,/data/all_images/image_1124.png,/DATA5/prabhakar/telecom/extracted_images/images/image_1124.png,True,28869,singleton_1124,True,False,1,
1125,True,/data/all_images/image_1125.jpeg,/DATA5/prabhakar/telecom/extracted_images/images/image_1125.jpeg,True,39100,singleton_1125,True,False,1,
1126,True,/data/all_images/image_1126.png,/DATA5/prabhakar/telecom/extracted_images/images/image_1126.png,True,24364,dup_group_31,True,True,2,
1127,True,/data/all_images/image_1127.png,/DATA5/prabhakar/telecom/extracted_images/images/image_1127.png,True,28020,dup_group_32,True,True,2,
1128,True,/data/all_images/image_1128.png,/DATA5/prabhakar/telecom/extracted_images/images/image_1128.png,True,24949,singleton_1128,True,False,1,
1129,True,/data/all_images/image_1129.png,/DATA5/prabhakar/telecom/extracted_images/images/image_1129.png,True,25540,singleton_1129,True,False,1,
1130,True,/data/all_images/image_1130.jpeg,/DATA5/prabhakar/telecom/extracted_images/images/image_1130.jpeg,True,63454,singleton_1130,True,False,1,
1131,True,/data/all_images/image_1131.jpeg,/DATA5/prabhakar/telecom/extracted_images/images/image_1131.jpeg,True,21035,singleton_1131,True,False,1,
1132,True,/data/all_images/image_1132.jpeg,/DATA5/prabhakar/telecom/extracted_images/images/image_1132.jpeg,True,23924,singleton_1132,True,False,1,
1133,True,/data/all_images/image_1133.jpeg,/DATA5/prabhakar/telecom/extracted_images/images/image_1133.jpeg,True,50714,singleton_1133,True,False,1,
1134,True,/data/all_images/image_1134.jpeg,/DATA5/prabhakar/telecom/extracted_images/images/image_1134.jpeg,True,48676,singleton_1134,True,False,1,
1135,True,/data/all_images/image_1135.jpeg,/DATA5/prabhakar/telecom/extracted_images/images/image_1135.jpeg,True,23795,singleton_1135,True,False,1,
1136,True,/data/all_images/image_1136.jpeg,/DATA5/prabhakar/telecom/extracted_images/images/image_1136.jpeg,True,43085,singleton_1136,True,False,1,
1137,True,/data/all_images/image_1137.jpeg,/DATA5/prabhakar/telecom/extracted_images/images/image_1137.jpeg,True,40863,singleton_1137,True,False,1,
1138,True,/data/all_images/image_1138.jpeg,/DATA5/prabhakar/telecom/extracted_images/images/image_1138.jpeg,True,66832,singleton_1138,True,False,1,
1139,True,/data/all_images/image_1139.jpeg,/DATA5/prabhakar/telecom/extracted_images/images/image_1139.jpeg,True,41691,singleton_1139,True,False,1,
1140,True,/data/all_images/image_1140.jpeg,/DATA5/prabhakar/telecom/extracted_images/images/image_1140.jpeg,True,31786,singleton_1140,True,False,1,
1141,True,/data/all_images/image_1141.png,/DATA5/prabhakar/telecom/extracted_images/images/image_1141.png,True,55292,singleton_1141,True,False,1,
1142,True,/data/all_images/image_1142.jpeg,/DATA5/prabhakar/telecom/extracted_images/images/image_1142.jpeg,True,32428,singleton_1142,True,False,1,
1143,True,/data/all_images/image_1143.png,/DATA5/prabhakar/telecom/extracted_images/images/image_1143.png,True,48399,singleton_1143,True,False,1,
1144,True,/data/all_images/image_1144.jpeg,/DATA5/prabhakar/telecom/extracted_images/images/image_1144.jpeg,True,64198,singleton_1144,True,False,1,
1145,True,/data/all_images/image_1145.jpeg,/DATA5/prabhakar/telecom/extracted_images/images/image_1145.jpeg,True,20878,singleton_1145,True,False,1,
1146,True,/data/all_images/image_1146.jpeg,/DATA5/prabhakar/telecom/extracted_images/images/image_1146.jpeg,True,34626,singleton_1146,True,False,1,
1147,True,/data/all_images/image_1147.jpeg,/DATA5/prabhakar/telecom/extracted_images/images/image_1147.jpeg,True,37247,singleton_1147,True,False,1,
1148,True,/data/all_images/image_1148.jpeg,/DATA5/prabhakar/telecom/extracted_images/images/image_1148.jpeg,True,46647,singleton_1148,True,False,1,
1149,True,/data/all_images/image_1149.png,/DATA5/prabhakar/telecom/extracted_images/images/image_1149.png,True,42626,singleton_1149,True,False,1,
1150,True,/data/all_images/image_1150.jpeg,/DATA5/prabhakar/telecom/extracted_images/images/image_1150.jpeg,True,24829,singleton_1150,True,False,1,
1151,True,/data/all_images/image_1151.jpeg,/DATA5/prabhakar/telecom/extracted_images/images/image_1151.jpeg,True,37358,singleton_1151,True,False,1,
1152,True,/data/all_images/image_1152.png,/DATA5/prabhakar/telecom/extracted_images/images/image_1152.png,True,27571,singleton_1152,True,False,1,
1153,True,/data/all_images/image_1153.png,/DATA5/prabhakar/telecom/extracted_images/images/image_1153.png,True,22887,singleton_1153,True,False,1,
1154,True,/data/all_images/image_1154.png,/DATA5/prabhakar/telecom/extracted_images/images/image_1154.png,True,20756,singleton_1154,True,False,1,
1155,True,/data/all_images/image_1155.png,/DATA5/prabhakar/telecom/extracted_images/images/image_1155.png,True,24715,singleton_1155,True,False,1,
1156,True,/data/all_images/image_1156.jpeg,/DATA5/prabhakar/telecom/extracted_images/images/image_1156.jpeg,True,30672,singleton_1156,True,False,1,
1157,True,/data/all_images/image_1157.png,/DATA5/prabhakar/telecom/extracted_images/images/image_1157.png,True,99377,singleton_1157,True,False,1,
1158,True,/data/all_images/image_1158.png,/DATA5/prabhakar/telecom/extracted_images/images/image_1158.png,True,71831,singleton_1158,True,False,1,
1159,True,/data/all_images/image_1159.png,/DATA5/prabhakar/telecom/extracted_images/images/image_1159.png,True,68500,singleton_1159,True,False,1,
1160,True,/data/all_images/image_1160.png,/DATA5/prabhakar/telecom/extracted_images/images/image_1160.png,True,44698,singleton_1160,True,False,1,
1161,True,/data/all_images/image_1161.png,/DATA5/prabhakar/telecom/extracted_images/images/image_1161.png,True,59681,singleton_1161,True,False,1,
1162,True,/data/all_images/image_1162.jpeg,/DATA5/prabhakar/telecom/extracted_images/images/image_1162.jpeg,True,60032,singleton_1162,True,False,1,
1163,True,/data/all_images/image_1163.jpeg,/DATA5/prabhakar/telecom/extracted_images/images/image_1163.jpeg,True,26078,singleton_1163,True,False,1,
1164,True,/data/all_images/image_1164.jpeg,/DATA5/prabhakar/telecom/extracted_images/images/image_1164.jpeg,True,54682,singleton_1164,True,False,1,
1165,True,/data/all_images/image_1165.png,/DATA5/prabhakar/telecom/extracted_images/images/image_1165.png,True,38882,dup_group_34,True,True,2,
1166,True,/data/all_images/image_1166.jpeg,/DATA5/prabhakar/telecom/extracted_images/images/image_1166.jpeg,True,74945,singleton_1166,True,False,1,
1167,True,/data/all_images/image_1167.png,/DATA5/prabhakar/telecom/extracted_images/images/image_1167.png,True,38676,singleton_1167,True,False,1,
1168,True,/data/all_images/image_1168.jpeg,/DATA5/prabhakar/telecom/extracted_images/images/image_1168.jpeg,True,53432,singleton_1168,True,False,1,
1169,True,/data/all_images/image_1169.jpeg,/DATA5/prabhakar/telecom/extracted_images/images/image_1169.jpeg,True,44140,singleton_1169,True,False,1,
1170,True,/data/all_images/image_1170.jpeg,/DATA5/prabhakar/telecom/extracted_images/images/image_1170.jpeg,True,49030,singleton_1170,True,False,1,
1171,True,/data/all_images/image_1171.jpeg,/DATA5/prabhakar/telecom/extracted_images/images/image_1171.jpeg,True,57923,singleton_1171,True,False,1,
1172,True,/data/all_images/image_1172.jpeg,/DATA5/prabhakar/telecom/extracted_images/images/image_1172.jpeg,True,24364,singleton_1172,True,False,1,
1173,True,/data/all_images/image_1173.jpeg,/DATA5/prabhakar/telecom/extracted_images/images/image_1173.jpeg,True,22077,singleton_1173,True,False,1,
1174,True,/data/all_images/image_1174.jpeg,/DATA5/prabhakar/telecom/extracted_images/images/image_1174.jpeg,True,24760,singleton_1174,True,False,1,
1175,True,/data/all_images/image_1175.jpeg,/DATA5/prabhakar/telecom/extracted_images/images/image_1175.jpeg,True,30820,singleton_1175,True,False,1,
1176,True,/data/all_images/image_1176.jpeg,/DATA5/prabhakar/telecom/extracted_images/images/image_1176.jpeg,True,26512,singleton_1176,True,False,1,
1177,True,/data/all_images/image_1177.jpeg,/DATA5/prabhakar/telecom/extracted_images/images/image_1177.jpeg,True,30472,singleton_1177,True,False,1,
1178,True,/data/all_images/image_1178.jpeg,/DATA5/prabhakar/telecom/extracted_images/images/image_1178.jpeg,True,20983,singleton_1178,True,False,1,
1179,True,/data/all_images/image_1179.jpeg,/DATA5/prabhakar/telecom/extracted_images/images/image_1179.jpeg,True,44708,singleton_1179,True,False,1,
1180,True,/data/all_images/image_1180.jpeg,/DATA5/prabhakar/telecom/extracted_images/images/image_1180.jpeg,True,27105,singleton_1180,True,False,1,
1181,True,/data/all_images/image_1181.jpeg,/DATA5/prabhakar/telecom/extracted_images/images/image_1181.jpeg,True,79372,singleton_1181,True,False,1,
1182,True,/data/all_images/image_1182.png,/DATA5/prabhakar/telecom/extracted_images/images/image_1182.png,True,38882,dup_group_34,True,True,2,
1183,True,/data/all_images/image_1183.jpeg,/DATA5/prabhakar/telecom/extracted_images/images/image_1183.jpeg,True,63307,singleton_1183,True,False,1,
1184,True,/data/all_images/image_1184.jpeg,/DATA5/prabhakar/telecom/extracted_images/images/image_1184.jpeg,True,53685,singleton_1184,True,False,1,
1185,True,/data/all_images/image_1185.jpeg,/DATA5/prabhakar/telecom/extracted_images/images/image_1185.jpeg,True,30565,singleton_1185,True,False,1,
1186,True,/data/all_images/image_1186.png,/DATA5/prabhakar/telecom/extracted_images/images/image_1186.png,True,88318,singleton_1186,True,False,1,
1187,True,/data/all_images/image_1187.jpeg,/DATA5/prabhakar/telecom/extracted_images/images/image_1187.jpeg,True,39919,singleton_1187,True,False,1,
1188,True,/data/all_images/image_1188.jpeg,/DATA5/prabhakar/telecom/extracted_images/images/image_1188.jpeg,True,146306,singleton_1188,True,False,1,
1189,True,/data/all_images/image_1189.png,/DATA5/prabhakar/telecom/extracted_images/images/image_1189.png,True,21258,singleton_1189,True,False,1,
1190,True,/data/all_images/image_1190.jpeg,/DATA5/prabhakar/telecom/extracted_images/images/image_1190.jpeg,True,28841,singleton_1190,True,False,1,
1191,True,/data/all_images/image_1191.png,/DATA5/prabhakar/telecom/extracted_images/images/image_1191.png,True,21929,singleton_1191,True,False,1,
1192,True,/data/all_images/image_1192.png,/DATA5/prabhakar/telecom/extracted_images/images/image_1192.png,True,23709,singleton_1192,True,False,1,
1193,True,/data/all_images/image_1193.png,/DATA5/prabhakar/telecom/extracted_images/images/image_1193.png,True,21010,singleton_1193,True,False,1,
1194,True,/data/all_images/image_1194.png,/DATA5/prabhakar/telecom/extracted_images/images/image_1194.png,True,26390,singleton_1194,True,False,1,
1195,True,/data/all_images/image_1195.png,/DATA5/prabhakar/telecom/extracted_images/images/image_1195.png,True,21527,singleton_1195,True,False,1,
1196,True,/data/all_images/image_1196.png,/DATA5/prabhakar/telecom/extracted_images/images/image_1196.png,True,21505,singleton_1196,True,False,1,
1197,True,/data/all_images/image_1197.png,/DATA5/prabhakar/telecom/extracted_images/images/image_1197.png,True,51018,singleton_1197,True,False,1,
1198,True,/data/all_images/image_1198.jpeg,/DATA5/prabhakar/telecom/extracted_images/images/image_1198.jpeg,True,20496,dup_group_35,True,True,4,
1199,True,/data/all_images/image_1199.jpeg,/DATA5/prabhakar/telecom/extracted_images/images/image_1199.jpeg,True,23324,singleton_1199,True,False,1,
1200,True,/data/all_images/image_1200.jpeg,/DATA5/prabhakar/telecom/extracted_images/images/image_1200.jpeg,True,30287,singleton_1200,True,False,1,
1201,True,/data/all_images/image_1201.jpeg,/DATA5/prabhakar/telecom/extracted_images/images/image_1201.jpeg,True,25676,singleton_1201,True,False,1,
1202,True,/data/all_images/image_1202.png,/DATA5/prabhakar/telecom/extracted_images/images/image_1202.png,True,24251,singleton_1202,True,False,1,
1203,True,/data/all_images/image_1203.png,/DATA5/prabhakar/telecom/extracted_images/images/image_1203.png,True,42859,singleton_1203,True,False,1,
1204,True,/data/all_images/image_1204.png,/DATA5/prabhakar/telecom/extracted_images/images/image_1204.png,True,27613,singleton_1204,True,False,1,
1205,True,/data/all_images/image_1205.png,/DATA5/prabhakar/telecom/extracted_images/images/image_1205.png,True,26991,singleton_1205,True,False,1,
1206,True,/data/all_images/image_1206.jpeg,/DATA5/prabhakar/telecom/extracted_images/images/image_1206.jpeg,True,50596,singleton_1206,True,False,1,
1207,True,/data/all_images/image_1207.jpeg,/DATA5/prabhakar/telecom/extracted_images/images/image_1207.jpeg,True,31309,singleton_1207,True,False,1,
1208,True,/data/all_images/image_1208.jpeg,/DATA5/prabhakar/telecom/extracted_images/images/image_1208.jpeg,True,45240,singleton_1208,True,False,1,
1209,True,/data/all_images/image_1209.jpeg,/DATA5/prabhakar/telecom/extracted_images/images/image_1209.jpeg,True,43683,singleton_1209,True,False,1,
1210,True,/data/all_images/image_1210.png,/DATA5/prabhakar/telecom/extracted_images/images/image_1210.png,True,23525,singleton_1210,True,False,1,
1211,True,/data/all_images/image_1211.png,/DATA5/prabhakar/telecom/extracted_images/images/image_1211.png,True,32846,singleton_1211,True,False,1,
1212,True,/data/all_images/image_1212.png,/DATA5/prabhakar/telecom/extracted_images/images/image_1212.png,True,95077,singleton_1212,True,False,1,
1213,True,/data/all_images/image_1213.png,/DATA5/prabhakar/telecom/extracted_images/images/image_1213.png,True,28974,singleton_1213,True,False,1,
1214,True,/data/all_images/image_1214.jpeg,/DATA5/prabhakar/telecom/extracted_images/images/image_1214.jpeg,True,55478,singleton_1214,True,False,1,
1215,True,/data/all_images/image_1215.png,/DATA5/prabhakar/telecom/extracted_images/images/image_1215.png,True,23343,singleton_1215,True,False,1,
1216,True,/data/all_images/image_1216.png,/DATA5/prabhakar/telecom/extracted_images/images/image_1216.png,True,48176,singleton_1216,True,False,1,
1217,True,/data/all_images/image_1217.jpeg,/DATA5/prabhakar/telecom/extracted_images/images/image_1217.jpeg,True,23564,singleton_1217,True,False,1,
1218,True,/data/all_images/image_1218.png,/DATA5/prabhakar/telecom/extracted_images/images/image_1218.png,True,36931,singleton_1218,True,False,1,
1219,True,/data/all_images/image_1219.jpeg,/DATA5/prabhakar/telecom/extracted_images/images/image_1219.jpeg,True,48377,singleton_1219,True,False,1,
1220,True,/data/all_images/image_1220.jpeg,/DATA5/prabhakar/telecom/extracted_images/images/image_1220.jpeg,True,24055,singleton_1220,True,False,1,
1221,True,/data/all_images/image_1221.png,/DATA5/prabhakar/telecom/extracted_images/images/image_1221.png,True,30879,singleton_1221,True,False,1,
1222,True,/data/all_images/image_1222.jpeg,/DATA5/prabhakar/telecom/extracted_images/images/image_1222.jpeg,True,33147,singleton_1222,True,False,1,
1223,True,/data/all_images/image_1223.jpeg,/DATA5/prabhakar/telecom/extracted_images/images/image_1223.jpeg,True,29977,singleton_1223,True,False,1,
1224,True,/data/all_images/image_1224.png,/DATA5/prabhakar/telecom/extracted_images/images/image_1224.png,True,20762,singleton_1224,True,False,1,
1225,True,/data/all_images/image_1225.jpeg,/DATA5/prabhakar/telecom/extracted_images/images/image_1225.jpeg,True,24155,singleton_1225,True,False,1,
1226,True,/data/all_images/image_1226.jpeg,/DATA5/prabhakar/telecom/extracted_images/images/image_1226.jpeg,True,85060,singleton_1226,True,False,1,
1227,True,/data/all_images/image_1227.jpeg,/DATA5/prabhakar/telecom/extracted_images/images/image_1227.jpeg,True,65257,singleton_1227,True,False,1,
1228,True,/data/all_images/image_1228.jpeg,/DATA5/prabhakar/telecom/extracted_images/images/image_1228.jpeg,True,51102,singleton_1228,True,False,1,
1229,True,/data/all_images/image_1229.jpeg,/DATA5/prabhakar/telecom/extracted_images/images/image_1229.jpeg,True,40795,singleton_1229,True,False,1,
1230,True,/data/all_images/image_1230.png,/DATA5/prabhakar/telecom/extracted_images/images/image_1230.png,True,23968,singleton_1230,True,False,1,
1231,True,/data/all_images/image_1231.png,/DATA5/prabhakar/telecom/extracted_images/images/image_1231.png,True,42179,singleton_1231,True,False,1,
1232,True,/data/all_images/image_1232.png,/DATA5/prabhakar/telecom/extracted_images/images/image_1232.png,True,28757,singleton_1232,True,False,1,
1233,True,/data/all_images/image_1233.png,/DATA5/prabhakar/telecom/extracted_images/images/image_1233.png,True,40886,singleton_1233,True,False,1,
1234,True,/data/all_images/image_1234.png,/DATA5/prabhakar/telecom/extracted_images/images/image_1234.png,True,25326,singleton_1234,True,False,1,
1235,True,/data/all_images/image_1235.jpeg,/DATA5/prabhakar/telecom/extracted_images/images/image_1235.jpeg,True,21874,singleton_1235,True,False,1,
1236,True,/data/all_images/image_1236.jpeg,/DATA5/prabhakar/telecom/extracted_images/images/image_1236.jpeg,True,62655,singleton_1236,True,False,1,
1237,True,/data/all_images/image_1237.jpeg,/DATA5/prabhakar/telecom/extracted_images/images/image_1237.jpeg,True,28023,singleton_1237,True,False,1,
1238,True,/data/all_images/image_1238.jpeg,/DATA5/prabhakar/telecom/extracted_images/images/image_1238.jpeg,True,35683,singleton_1238,True,False,1,
1239,True,/data/all_images/image_1239.jpeg,/DATA5/prabhakar/telecom/extracted_images/images/image_1239.jpeg,True,88435,singleton_1239,True,False,1,
1240,True,/data/all_images/image_1240.png,/DATA5/prabhakar/telecom/extracted_images/images/image_1240.png,True,61319,singleton_1240,True,False,1,
1241,True,/data/all_images/image_1241.png,/DATA5/prabhakar/telecom/extracted_images/images/image_1241.png,True,43914,singleton_1241,True,False,1,
1242,True,/data/all_images/image_1242.jpeg,/DATA5/prabhakar/telecom/extracted_images/images/image_1242.jpeg,True,40840,singleton_1242,True,False,1,
1243,True,/data/all_images/image_1243.jpeg,/DATA5/prabhakar/telecom/extracted_images/images/image_1243.jpeg,True,35453,singleton_1243,True,False,1,
1244,True,/data/all_images/image_1244.png,/DATA5/prabhakar/telecom/extracted_images/images/image_1244.png,True,43815,singleton_1244,True,False,1,
1245,True,/data/all_images/image_1245.png,/DATA5/prabhakar/telecom/extracted_images/images/image_1245.png,True,33506,singleton_1245,True,False,1,
1246,True,/data/all_images/image_1246.png,/DATA5/prabhakar/telecom/extracted_images/images/image_1246.png,True,54801,singleton_1246,True,False,1,
1247,True,/data/all_images/image_1247.png,/DATA5/prabhakar/telecom/extracted_images/images/image_1247.png,True,62957,singleton_1247,True,False,1,
1248,True,/data/all_images/image_1248.jpeg,/DATA5/prabhakar/telecom/extracted_images/images/image_1248.jpeg,True,40073,singleton_1248,True,False,1,
1249,True,/data/all_images/image_1249.jpeg,/DATA5/prabhakar/telecom/extracted_images/images/image_1249.jpeg,True,150842,singleton_1249,True,False,1,
1250,True,/data/all_images/image_1250.jpeg,/DATA5/prabhakar/telecom/extracted_images/images/image_1250.jpeg,True,40381,singleton_1250,True,False,1,
1251,True,/data/all_images/image_1251.png,/DATA5/prabhakar/telecom/extracted_images/images/image_1251.png,True,43815,singleton_1251,True,False,1,
1252,True,/data/all_images/image_1252.png,/DATA5/prabhakar/telecom/extracted_images/images/image_1252.png,True,44252,singleton_1252,True,False,1,
1253,True,/data/all_images/image_1253.png,/DATA5/prabhakar/telecom/extracted_images/images/image_1253.png,True,32998,singleton_1253,True,False,1,
1254,True,/data/all_images/image_1254.png,/DATA5/prabhakar/telecom/extracted_images/images/image_1254.png,True,21244,singleton_1254,True,False,1,
1255,True,/data/all_images/image_1255.jpeg,/DATA5/prabhakar/telecom/extracted_images/images/image_1255.jpeg,True,32252,dup_group_36,True,True,2,
1256,True,/data/all_images/image_1256.jpeg,/DATA5/prabhakar/telecom/extracted_images/images/image_1256.jpeg,True,20588,singleton_1256,True,False,1,
1257,True,/data/all_images/image_1257.jpeg,/DATA5/prabhakar/telecom/extracted_images/images/image_1257.jpeg,True,23788,singleton_1257,True,False,1,
1258,True,/data/all_images/image_1258.jpeg,/DATA5/prabhakar/telecom/extracted_images/images/image_1258.jpeg,True,25804,singleton_1258,True,False,1,
1259,True,/data/all_images/image_1259.jpeg,/DATA5/prabhakar/telecom/extracted_images/images/image_1259.jpeg,True,133435,singleton_1259,True,False,1,
1260,True,/data/all_images/image_1260.jpeg,/DATA5/prabhakar/telecom/extracted_images/images/image_1260.jpeg,True,59577,singleton_1260,True,False,1,
1261,True,/data/all_images/image_1261.png,/DATA5/prabhakar/telecom/extracted_images/images/image_1261.png,True,21876,singleton_1261,True,False,1,
1262,True,/data/all_images/image_1262.jpeg,/DATA5/prabhakar/telecom/extracted_images/images/image_1262.jpeg,True,49103,singleton_1262,True,False,1,
1263,True,/data/all_images/image_1263.jpeg,/DATA5/prabhakar/telecom/extracted_images/images/image_1263.jpeg,True,66232,singleton_1263,True,False,1,
1264,True,/data/all_images/image_1264.jpeg,/DATA5/prabhakar/telecom/extracted_images/images/image_1264.jpeg,True,20496,dup_group_35,True,True,4,
1265,True,/data/all_images/image_1265.jpeg,/DATA5/prabhakar/telecom/extracted_images/images/image_1265.jpeg,True,28043,dup_group_15,True,True,4,
1266,True,/data/all_images/image_1266.png,/DATA5/prabhakar/telecom/extracted_images/images/image_1266.png,True,27697,singleton_1266,True,False,1,
1267,True,/data/all_images/image_1267.png,/DATA5/prabhakar/telecom/extracted_images/images/image_1267.png,True,30360,singleton_1267,True,False,1,
1268,True,/data/all_images/image_1268.png,/DATA5/prabhakar/telecom/extracted_images/images/image_1268.png,True,42051,singleton_1268,True,False,1,
1269,True,/data/all_images/image_1269.jpeg,/DATA5/prabhakar/telecom/extracted_images/images/image_1269.jpeg,True,22927,dup_group_37,True,True,2,
1270,True,/data/all_images/image_1270.jpeg,/DATA5/prabhakar/telecom/extracted_images/images/image_1270.jpeg,True,43363,singleton_1270,True,False,1,
1271,True,/data/all_images/image_1271.jpeg,/DATA5/prabhakar/telecom/extracted_images/images/image_1271.jpeg,True,22927,dup_group_37,True,True,2,
1272,True,/data/all_images/image_1272.jpeg,/DATA5/prabhakar/telecom/extracted_images/images/image_1272.jpeg,True,21444,singleton_1272,True,False,1,
1273,True,/data/all_images/image_1273.jpeg,/DATA5/prabhakar/telecom/extracted_images/images/image_1273.jpeg,True,26330,singleton_1273,True,False,1,
1274,True,/data/all_images/image_1274.jpeg,/DATA5/prabhakar/telecom/extracted_images/images/image_1274.jpeg,True,24209,singleton_1274,True,False,1,
1275,True,/data/all_images/image_1275.jpeg,/DATA5/prabhakar/telecom/extracted_images/images/image_1275.jpeg,True,23527,singleton_1275,True,False,1,
1276,True,/data/all_images/image_1276.jpeg,/DATA5/prabhakar/telecom/extracted_images/images/image_1276.jpeg,True,20868,singleton_1276,True,False,1,
1277,True,/data/all_images/image_1277.jpeg,/DATA5/prabhakar/telecom/extracted_images/images/image_1277.jpeg,True,21789,singleton_1277,True,False,1,
1278,True,/data/all_images/image_1278.jpeg,/DATA5/prabhakar/telecom/extracted_images/images/image_1278.jpeg,True,51701,singleton_1278,True,False,1,
1279,True,/data/all_images/image_1279.jpeg,/DATA5/prabhakar/telecom/extracted_images/images/image_1279.jpeg,True,20818,singleton_1279,True,False,1,
1280,True,/data/all_images/image_1280.jpeg,/DATA5/prabhakar/telecom/extracted_images/images/image_1280.jpeg,True,21048,singleton_1280,True,False,1,
1281,True,/data/all_images/image_1281.jpeg,/DATA5/prabhakar/telecom/extracted_images/images/image_1281.jpeg,True,24734,singleton_1281,True,False,1,
1282,True,/data/all_images/image_1282.jpeg,/DATA5/prabhakar/telecom/extracted_images/images/image_1282.jpeg,True,23979,singleton_1282,True,False,1,
1283,True,/data/all_images/image_1283.jpeg,/DATA5/prabhakar/telecom/extracted_images/images/image_1283.jpeg,True,35852,singleton_1283,True,False,1,
1284,True,/data/all_images/image_1284.jpeg,/DATA5/prabhakar/telecom/extracted_images/images/image_1284.jpeg,True,35357,singleton_1284,True,False,1,
1285,True,/data/all_images/image_1285.jpeg,/DATA5/prabhakar/telecom/extracted_images/images/image_1285.jpeg,True,29409,singleton_1285,True,False,1,
1286,True,/data/all_images/image_1286.jpeg,/DATA5/prabhakar/telecom/extracted_images/images/image_1286.jpeg,True,27103,singleton_1286,True,False,1,
1287,True,/data/all_images/image_1287.jpeg,/DATA5/prabhakar/telecom/extracted_images/images/image_1287.jpeg,True,21749,singleton_1287,True,False,1,
1288,True,/data/all_images/image_1288.jpeg,/DATA5/prabhakar/telecom/extracted_images/images/image_1288.jpeg,True,30813,singleton_1288,True,False,1,
1289,True,/data/all_images/image_1289.jpeg,/DATA5/prabhakar/telecom/extracted_images/images/image_1289.jpeg,True,108082,singleton_1289,True,False,1,
1290,True,/data/all_images/image_1290.jpeg,/DATA5/prabhakar/telecom/extracted_images/images/image_1290.jpeg,True,29926,singleton_1290,True,False,1,
1291,True,/data/all_images/image_1291.jpeg,/DATA5/prabhakar/telecom/extracted_images/images/image_1291.jpeg,True,26899,singleton_1291,True,False,1,
1292,True,/data/all_images/image_1292.jpeg,/DATA5/prabhakar/telecom/extracted_images/images/image_1292.jpeg,True,47742,singleton_1292,True,False,1,
1293,True,/data/all_images/image_1293.jpeg,/DATA5/prabhakar/telecom/extracted_images/images/image_1293.jpeg,True,21172,singleton_1293,True,False,1,
1294,True,/data/all_images/image_1294.jpeg,/DATA5/prabhakar/telecom/extracted_images/images/image_1294.jpeg,True,30722,singleton_1294,True,False,1,
1295,True,/data/all_images/image_1295.png,/DATA5/prabhakar/telecom/extracted_images/images/image_1295.png,True,23980,singleton_1295,True,False,1,
1296,True,/data/all_images/image_1296.png,/DATA5/prabhakar/telecom/extracted_images/images/image_1296.png,True,31850,singleton_1296,True,False,1,
1297,True,/data/all_images/image_1297.jpeg,/DATA5/prabhakar/telecom/extracted_images/images/image_1297.jpeg,True,27525,singleton_1297,True,False,1,
1298,True,/data/all_images/image_1298.jpeg,/DATA5/prabhakar/telecom/extracted_images/images/image_1298.jpeg,True,61701,singleton_1298,True,False,1,
1299,True,/data/all_images/image_1299.jpeg,/DATA5/prabhakar/telecom/extracted_images/images/image_1299.jpeg,True,65468,singleton_1299,True,False,1,
1300,True,/data/all_images/image_1300.jpeg,/DATA5/prabhakar/telecom/extracted_images/images/image_1300.jpeg,True,42325,singleton_1300,True,False,1,
1301,True,/data/all_images/image_1301.jpeg,/DATA5/prabhakar/telecom/extracted_images/images/image_1301.jpeg,True,41800,singleton_1301,True,False,1,
1302,True,/data/all_images/image_1302.jpeg,/DATA5/prabhakar/telecom/extracted_images/images/image_1302.jpeg,True,89770,singleton_1302,True,False,1,
1303,True,/data/all_images/image_1303.jpeg,/DATA5/prabhakar/telecom/extracted_images/images/image_1303.jpeg,True,43493,singleton_1303,True,False,1,
1304,True,/data/all_images/image_1304.jpeg,/DATA5/prabhakar/telecom/extracted_images/images/image_1304.jpeg,True,25163,singleton_1304,True,False,1,
1305,True,/data/all_images/image_1305.jpeg,/DATA5/prabhakar/telecom/extracted_images/images/image_1305.jpeg,True,158873,singleton_1305,True,False,1,
1306,True,/data/all_images/image_1306.jpeg,/DATA5/prabhakar/telecom/extracted_images/images/image_1306.jpeg,True,23320,singleton_1306,True,False,1,
1307,True,/data/all_images/image_1307.jpeg,/DATA5/prabhakar/telecom/extracted_images/images/image_1307.jpeg,True,21790,singleton_1307,True,False,1,
1308,True,/data/all_images/image_1308.jpeg,/DATA5/prabhakar/telecom/extracted_images/images/image_1308.jpeg,True,26730,singleton_1308,True,False,1,
1309,True,/data/all_images/image_1309.jpeg,/DATA5/prabhakar/telecom/extracted_images/images/image_1309.jpeg,True,54257,singleton_1309,True,False,1,
1310,True,/data/all_images/image_1310.jpeg,/DATA5/prabhakar/telecom/extracted_images/images/image_1310.jpeg,True,51577,singleton_1310,True,False,1,
1311,True,/data/all_images/image_1311.jpeg,/DATA5/prabhakar/telecom/extracted_images/images/image_1311.jpeg,True,25304,singleton_1311,True,False,1,
1312,True,/data/all_images/image_1312.jpeg,/DATA5/prabhakar/telecom/extracted_images/images/image_1312.jpeg,True,57073,singleton_1312,True,False,1,
1313,True,/data/all_images/image_1313.jpeg,/DATA5/prabhakar/telecom/extracted_images/images/image_1313.jpeg,True,76622,singleton_1313,True,False,1,
1314,True,/data/all_images/image_1314.png,/DATA5/prabhakar/telecom/extracted_images/images/image_1314.png,True,27638,singleton_1314,True,False,1,
1315,True,/data/all_images/image_1315.jpeg,/DATA5/prabhakar/telecom/extracted_images/images/image_1315.jpeg,True,35764,singleton_1315,True,False,1,
1316,True,/data/all_images/image_1316.jpeg,/DATA5/prabhakar/telecom/extracted_images/images/image_1316.jpeg,True,44783,singleton_1316,True,False,1,
1317,True,/data/all_images/image_1317.png,/DATA5/prabhakar/telecom/extracted_images/images/image_1317.png,True,43520,singleton_1317,True,False,1,
1318,True,/data/all_images/image_1318.jpeg,/DATA5/prabhakar/telecom/extracted_images/images/image_1318.jpeg,True,38910,singleton_1318,True,False,1,
1319,True,/data/all_images/image_1319.png,/DATA5/prabhakar/telecom/extracted_images/images/image_1319.png,True,52752,singleton_1319,True,False,1,
1320,True,/data/all_images/image_1320.png,/DATA5/prabhakar/telecom/extracted_images/images/image_1320.png,True,21949,singleton_1320,True,False,1,
1321,True,/data/all_images/image_1321.jpeg,/DATA5/prabhakar/telecom/extracted_images/images/image_1321.jpeg,True,21397,singleton_1321,True,False,1,
1322,True,/data/all_images/image_1322.jpeg,/DATA5/prabhakar/telecom/extracted_images/images/image_1322.jpeg,True,25041,singleton_1322,True,False,1,
1323,True,/data/all_images/image_1323.jpeg,/DATA5/prabhakar/telecom/extracted_images/images/image_1323.jpeg,True,22572,singleton_1323,True,False,1,
1324,True,/data/all_images/image_1324.jpeg,/DATA5/prabhakar/telecom/extracted_images/images/image_1324.jpeg,True,25640,singleton_1324,True,False,1,
1325,True,/data/all_images/image_1325.jpeg,/DATA5/prabhakar/telecom/extracted_images/images/image_1325.jpeg,True,43044,singleton_1325,True,False,1,
1326,True,/data/all_images/image_1326.jpeg,/DATA5/prabhakar/telecom/extracted_images/images/image_1326.jpeg,True,37486,singleton_1326,True,False,1,
1327,True,/data/all_images/image_1327.jpeg,/DATA5/prabhakar/telecom/extracted_images/images/image_1327.jpeg,True,50555,singleton_1327,True,False,1,
1328,True,/data/all_images/image_1328.png,/DATA5/prabhakar/telecom/extracted_images/images/image_1328.png,True,65070,singleton_1328,True,False,1,
1329,True,/data/all_images/image_1329.jpeg,/DATA5/prabhakar/telecom/extracted_images/images/image_1329.jpeg,True,28968,singleton_1329,True,False,1,
1330,True,/data/all_images/image_1330.jpeg,/DATA5/prabhakar/telecom/extracted_images/images/image_1330.jpeg,True,54696,singleton_1330,True,False,1,
1331,True,/data/all_images/image_1331.png,/DATA5/prabhakar/telecom/extracted_images/images/image_1331.png,True,26555,singleton_1331,True,False,1,
1332,True,/data/all_images/image_1332.jpeg,/DATA5/prabhakar/telecom/extracted_images/images/image_1332.jpeg,True,51493,singleton_1332,True,False,1,
1333,True,/data/all_images/image_1333.jpeg,/DATA5/prabhakar/telecom/extracted_images/images/image_1333.jpeg,True,23993,singleton_1333,True,False,1,
1334,True,/data/all_images/image_1334.jpeg,/DATA5/prabhakar/telecom/extracted_images/images/image_1334.jpeg,True,50142,singleton_1334,True,False,1,
1335,True,/data/all_images/image_1335.jpeg,/DATA5/prabhakar/telecom/extracted_images/images/image_1335.jpeg,True,23850,singleton_1335,True,False,1,
1336,True,/data/all_images/image_1336.jpeg,/DATA5/prabhakar/telecom/extracted_images/images/image_1336.jpeg,True,25263,singleton_1336,True,False,1,
1337,True,/data/all_images/image_1337.jpeg,/DATA5/prabhakar/telecom/extracted_images/images/image_1337.jpeg,True,45021,singleton_1337,True,False,1,
1338,True,/data/all_images/image_1338.jpeg,/DATA5/prabhakar/telecom/extracted_images/images/image_1338.jpeg,True,34008,singleton_1338,True,False,1,
1339,True,/data/all_images/image_1339.jpeg,/DATA5/prabhakar/telecom/extracted_images/images/image_1339.jpeg,True,54209,singleton_1339,True,False,1,
1340,True,/data/all_images/image_1340.jpeg,/DATA5/prabhakar/telecom/extracted_images/images/image_1340.jpeg,True,56992,singleton_1340,True,False,1,
1341,True,/data/all_images/image_1341.jpeg,/DATA5/prabhakar/telecom/extracted_images/images/image_1341.jpeg,True,23672,singleton_1341,True,False,1,
1342,True,/data/all_images/image_1342.jpeg,/DATA5/prabhakar/telecom/extracted_images/images/image_1342.jpeg,True,34168,singleton_1342,True,False,1,
1343,True,/data/all_images/image_1343.jpeg,/DATA5/prabhakar/telecom/extracted_images/images/image_1343.jpeg,True,28891,dup_group_38,True,True,2,
1344,True,/data/all_images/image_1344.png,/DATA5/prabhakar/telecom/extracted_images/images/image_1344.png,True,53514,dup_group_39,True,True,2,
1345,True,/data/all_images/image_1345.png,/DATA5/prabhakar/telecom/extracted_images/images/image_1345.png,True,39857,singleton_1345,True,False,1,
1346,True,/data/all_images/image_1346.png,/DATA5/prabhakar/telecom/extracted_images/images/image_1346.png,True,35930,singleton_1346,True,False,1,
1347,True,/data/all_images/image_1347.png,/DATA5/prabhakar/telecom/extracted_images/images/image_1347.png,True,36641,singleton_1347,True,False,1,
1348,True,/data/all_images/image_1348.jpeg,/DATA5/prabhakar/telecom/extracted_images/images/image_1348.jpeg,True,28319,singleton_1348,True,False,1,
1349,True,/data/all_images/image_1349.jpeg,/DATA5/prabhakar/telecom/extracted_images/images/image_1349.jpeg,True,54534,singleton_1349,True,False,1,
1350,True,/data/all_images/image_1350.jpeg,/DATA5/prabhakar/telecom/extracted_images/images/image_1350.jpeg,True,33300,singleton_1350,True,False,1,
1351,True,/data/all_images/image_1351.jpeg,/DATA5/prabhakar/telecom/extracted_images/images/image_1351.jpeg,True,25641,singleton_1351,True,False,1,
1352,True,/data/all_images/image_1352.jpeg,/DATA5/prabhakar/telecom/extracted_images/images/image_1352.jpeg,True,22421,singleton_1352,True,False,1,
1353,True,/data/all_images/image_1353.jpeg,/DATA5/prabhakar/telecom/extracted_images/images/image_1353.jpeg,True,26197,singleton_1353,True,False,1,
1354,True,/data/all_images/image_1354.png,/DATA5/prabhakar/telecom/extracted_images/images/image_1354.png,True,58542,singleton_1354,True,False,1,
1355,True,/data/all_images/image_1355.jpeg,/DATA5/prabhakar/telecom/extracted_images/images/image_1355.jpeg,True,27390,singleton_1355,True,False,1,
1356,True,/data/all_images/image_1356.jpeg,/DATA5/prabhakar/telecom/extracted_images/images/image_1356.jpeg,True,21874,singleton_1356,True,False,1,
1357,True,/data/all_images/image_1357.png,/DATA5/prabhakar/telecom/extracted_images/images/image_1357.png,True,40585,singleton_1357,True,False,1,
1358,True,/data/all_images/image_1358.jpeg,/DATA5/prabhakar/telecom/extracted_images/images/image_1358.jpeg,True,44698,singleton_1358,True,False,1,
1359,True,/data/all_images/image_1359.jpeg,/DATA5/prabhakar/telecom/extracted_images/images/image_1359.jpeg,True,25169,singleton_1359,True,False,1,
1360,True,/data/all_images/image_1360.png,/DATA5/prabhakar/telecom/extracted_images/images/image_1360.png,True,42350,singleton_1360,True,False,1,
1361,True,/data/all_images/image_1361.jpeg,/DATA5/prabhakar/telecom/extracted_images/images/image_1361.jpeg,True,50636,singleton_1361,True,False,1,
1362,True,/data/all_images/image_1362.png,/DATA5/prabhakar/telecom/extracted_images/images/image_1362.png,True,42640,singleton_1362,True,False,1,
1363,True,/data/all_images/image_1363.png,/DATA5/prabhakar/telecom/extracted_images/images/image_1363.png,True,42423,singleton_1363,True,False,1,
1364,True,/data/all_images/image_1364.jpeg,/DATA5/prabhakar/telecom/extracted_images/images/image_1364.jpeg,True,36851,singleton_1364,True,False,1,
1365,True,/data/all_images/image_1365.jpeg,/DATA5/prabhakar/telecom/extracted_images/images/image_1365.jpeg,True,64054,singleton_1365,True,False,1,
1366,True,/data/all_images/image_1366.jpeg,/DATA5/prabhakar/telecom/extracted_images/images/image_1366.jpeg,True,49986,singleton_1366,True,False,1,
1367,True,/data/all_images/image_1367.jpeg,/DATA5/prabhakar/telecom/extracted_images/images/image_1367.jpeg,True,60986,singleton_1367,True,False,1,
1368,True,/data/all_images/image_1368.jpeg,/DATA5/prabhakar/telecom/extracted_images/images/image_1368.jpeg,True,43491,singleton_1368,True,False,1,
1369,True,/data/all_images/image_1369.jpeg,/DATA5/prabhakar/telecom/extracted_images/images/image_1369.jpeg,True,29282,singleton_1369,True,False,1,
1370,True,/data/all_images/image_1370.jpeg,/DATA5/prabhakar/telecom/extracted_images/images/image_1370.jpeg,True,32964,singleton_1370,True,False,1,
1371,True,/data/all_images/image_1371.png,/DATA5/prabhakar/telecom/extracted_images/images/image_1371.png,True,21463,singleton_1371,True,False,1,
1372,True,/data/all_images/image_1372.jpeg,/DATA5/prabhakar/telecom/extracted_images/images/image_1372.jpeg,True,55494,singleton_1372,True,False,1,
1373,True,/data/all_images/image_1373.jpeg,/DATA5/prabhakar/telecom/extracted_images/images/image_1373.jpeg,True,54638,singleton_1373,True,False,1,
1374,True,/data/all_images/image_1374.jpeg,/DATA5/prabhakar/telecom/extracted_images/images/image_1374.jpeg,True,54869,singleton_1374,True,False,1,
1375,True,/data/all_images/image_1375.jpeg,/DATA5/prabhakar/telecom/extracted_images/images/image_1375.jpeg,True,76122,singleton_1375,True,False,1,
1376,True,/data/all_images/image_1376.jpeg,/DATA5/prabhakar/telecom/extracted_images/images/image_1376.jpeg,True,61901,singleton_1376,True,False,1,
1377,True,/data/all_images/image_1377.jpeg,/DATA5/prabhakar/telecom/extracted_images/images/image_1377.jpeg,True,47331,singleton_1377,True,False,1,
1378,True,/data/all_images/image_1378.jpeg,/DATA5/prabhakar/telecom/extracted_images/images/image_1378.jpeg,True,22501,singleton_1378,True,False,1,
1379,True,/data/all_images/image_1379.jpeg,/DATA5/prabhakar/telecom/extracted_images/images/image_1379.jpeg,True,24375,singleton_1379,True,False,1,
1380,True,/data/all_images/image_1380.jpeg,/DATA5/prabhakar/telecom/extracted_images/images/image_1380.jpeg,True,34512,singleton_1380,True,False,1,
1381,True,/data/all_images/image_1381.jpeg,/DATA5/prabhakar/telecom/extracted_images/images/image_1381.jpeg,True,81632,singleton_1381,True,False,1,
1382,True,/data/all_images/image_1382.jpeg,/DATA5/prabhakar/telecom/extracted_images/images/image_1382.jpeg,True,35074,singleton_1382,True,False,1,
1383,True,/data/all_images/image_1383.jpeg,/DATA5/prabhakar/telecom/extracted_images/images/image_1383.jpeg,True,25752,singleton_1383,True,False,1,
1384,True,/data/all_images/image_1384.jpeg,/DATA5/prabhakar/telecom/extracted_images/images/image_1384.jpeg,True,24297,singleton_1384,True,False,1,
1385,True,/data/all_images/image_1385.jpeg,/DATA5/prabhakar/telecom/extracted_images/images/image_1385.jpeg,True,24568,singleton_1385,True,False,1,
1386,True,/data/all_images/image_1386.jpeg,/DATA5/prabhakar/telecom/extracted_images/images/image_1386.jpeg,True,27629,singleton_1386,True,False,1,
1387,True,/data/all_images/image_1387.jpeg,/DATA5/prabhakar/telecom/extracted_images/images/image_1387.jpeg,True,89820,singleton_1387,True,False,1,
1388,True,/data/all_images/image_1388.jpeg,/DATA5/prabhakar/telecom/extracted_images/images/image_1388.jpeg,True,58844,singleton_1388,True,False,1,
1389,True,/data/all_images/image_1389.jpeg,/DATA5/prabhakar/telecom/extracted_images/images/image_1389.jpeg,True,103444,singleton_1389,True,False,1,
1390,True,/data/all_images/image_1390.jpeg,/DATA5/prabhakar/telecom/extracted_images/images/image_1390.jpeg,True,25693,singleton_1390,True,False,1,
1391,True,/data/all_images/image_1391.jpeg,/DATA5/prabhakar/telecom/extracted_images/images/image_1391.jpeg,True,30421,singleton_1391,True,False,1,
1392,True,/data/all_images/image_1392.jpeg,/DATA5/prabhakar/telecom/extracted_images/images/image_1392.jpeg,True,27140,singleton_1392,True,False,1,
1393,True,/data/all_images/image_1393.jpeg,/DATA5/prabhakar/telecom/extracted_images/images/image_1393.jpeg,True,28902,singleton_1393,True,False,1,
1394,True,/data/all_images/image_1394.jpeg,/DATA5/prabhakar/telecom/extracted_images/images/image_1394.jpeg,True,45196,singleton_1394,True,False,1,
1395,True,/data/all_images/image_1395.jpeg,/DATA5/prabhakar/telecom/extracted_images/images/image_1395.jpeg,True,31702,singleton_1395,True,False,1,
1396,True,/data/all_images/image_1396.jpeg,/DATA5/prabhakar/telecom/extracted_images/images/image_1396.jpeg,True,39162,singleton_1396,True,False,1,
1397,True,/data/all_images/image_1397.png,/DATA5/prabhakar/telecom/extracted_images/images/image_1397.png,True,29326,singleton_1397,True,False,1,
1398,True,/data/all_images/image_1398.jpeg,/DATA5/prabhakar/telecom/extracted_images/images/image_1398.jpeg,True,36290,singleton_1398,True,False,1,
1399,True,/data/all_images/image_1399.jpeg,/DATA5/prabhakar/telecom/extracted_images/images/image_1399.jpeg,True,42584,singleton_1399,True,False,1,
1400,True,/data/all_images/image_1400.jpeg,/DATA5/prabhakar/telecom/extracted_images/images/image_1400.jpeg,True,23262,singleton_1400,True,False,1,
1401,True,/data/all_images/image_1401.jpeg,/DATA5/prabhakar/telecom/extracted_images/images/image_1401.jpeg,True,23239,singleton_1401,True,False,1,
1402,True,/data/all_images/image_1402.jpeg,/DATA5/prabhakar/telecom/extracted_images/images/image_1402.jpeg,True,26795,singleton_1402,True,False,1,
1403,True,/data/all_images/image_1403.jpeg,/DATA5/prabhakar/telecom/extracted_images/images/image_1403.jpeg,True,24938,singleton_1403,True,False,1,
1404,True,/data/all_images/image_1404.jpeg,/DATA5/prabhakar/telecom/extracted_images/images/image_1404.jpeg,True,21934,singleton_1404,True,False,1,
1405,True,/data/all_images/image_1405.jpeg,/DATA5/prabhakar/telecom/extracted_images/images/image_1405.jpeg,True,26491,singleton_1405,True,False,1,
1406,True,/data/all_images/image_1406.jpeg,/DATA5/prabhakar/telecom/extracted_images/images/image_1406.jpeg,True,48373,singleton_1406,True,False,1,
1407,True,/data/all_images/image_1407.jpeg,/DATA5/prabhakar/telecom/extracted_images/images/image_1407.jpeg,True,25917,singleton_1407,True,False,1,
1408,True,/data/all_images/image_1408.jpeg,/DATA5/prabhakar/telecom/extracted_images/images/image_1408.jpeg,True,58717,singleton_1408,True,False,1,
1409,True,/data/all_images/image_1409.jpeg,/DATA5/prabhakar/telecom/extracted_images/images/image_1409.jpeg,True,33528,singleton_1409,True,False,1,
1410,True,/data/all_images/image_1410.jpeg,/DATA5/prabhakar/telecom/extracted_images/images/image_1410.jpeg,True,30836,singleton_1410,True,False,1,
1411,True,/data/all_images/image_1411.jpeg,/DATA5/prabhakar/telecom/extracted_images/images/image_1411.jpeg,True,33348,singleton_1411,True,False,1,
1412,True,/data/all_images/image_1412.jpeg,/DATA5/prabhakar/telecom/extracted_images/images/image_1412.jpeg,True,23157,dup_group_40,True,True,2,
1413,True,/data/all_images/image_1413.jpeg,/DATA5/prabhakar/telecom/extracted_images/images/image_1413.jpeg,True,22853,singleton_1413,True,False,1,
1414,True,/data/all_images/image_1414.jpeg,/DATA5/prabhakar/telecom/extracted_images/images/image_1414.jpeg,True,24738,singleton_1414,True,False,1,
1415,True,/data/all_images/image_1415.jpeg,/DATA5/prabhakar/telecom/extracted_images/images/image_1415.jpeg,True,35188,singleton_1415,True,False,1,
1416,True,/data/all_images/image_1416.jpeg,/DATA5/prabhakar/telecom/extracted_images/images/image_1416.jpeg,True,50877,singleton_1416,True,False,1,
1417,True,/data/all_images/image_1417.jpeg,/DATA5/prabhakar/telecom/extracted_images/images/image_1417.jpeg,True,59776,singleton_1417,True,False,1,
1418,True,/data/all_images/image_1418.png,/DATA5/prabhakar/telecom/extracted_images/images/image_1418.png,True,23560,singleton_1418,True,False,1,
1419,True,/data/all_images/image_1419.jpeg,/DATA5/prabhakar/telecom/extracted_images/images/image_1419.jpeg,True,26800,singleton_1419,True,False,1,
1420,True,/data/all_images/image_1420.jpeg,/DATA5/prabhakar/telecom/extracted_images/images/image_1420.jpeg,True,42693,singleton_1420,True,False,1,
1421,True,/data/all_images/image_1421.jpeg,/DATA5/prabhakar/telecom/extracted_images/images/image_1421.jpeg,True,36362,singleton_1421,True,False,1,
1422,True,/data/all_images/image_1422.jpeg,/DATA5/prabhakar/telecom/extracted_images/images/image_1422.jpeg,True,34296,singleton_1422,True,False,1,
1423,True,/data/all_images/image_1423.png,/DATA5/prabhakar/telecom/extracted_images/images/image_1423.png,True,27813,singleton_1423,True,False,1,
1424,True,/data/all_images/image_1424.jpeg,/DATA5/prabhakar/telecom/extracted_images/images/image_1424.jpeg,True,40058,singleton_1424,True,False,1,
1425,True,/data/all_images/image_1425.jpeg,/DATA5/prabhakar/telecom/extracted_images/images/image_1425.jpeg,True,42915,singleton_1425,True,False,1,
1426,True,/data/all_images/image_1426.jpeg,/DATA5/prabhakar/telecom/extracted_images/images/image_1426.jpeg,True,30502,singleton_1426,True,False,1,
1427,True,/data/all_images/image_1427.jpeg,/DATA5/prabhakar/telecom/extracted_images/images/image_1427.jpeg,True,31160,singleton_1427,True,False,1,
1428,True,/data/all_images/image_1428.jpeg,/DATA5/prabhakar/telecom/extracted_images/images/image_1428.jpeg,True,29763,singleton_1428,True,False,1,
1429,True,/data/all_images/image_1429.png,/DATA5/prabhakar/telecom/extracted_images/images/image_1429.png,True,21057,singleton_1429,True,False,1,
1430,True,/data/all_images/image_1430.jpeg,/DATA5/prabhakar/telecom/extracted_images/images/image_1430.jpeg,True,30285,singleton_1430,True,False,1,
1431,True,/data/all_images/image_1431.jpeg,/DATA5/prabhakar/telecom/extracted_images/images/image_1431.jpeg,True,25962,singleton_1431,True,False,1,
1432,True,/data/all_images/image_1432.png,/DATA5/prabhakar/telecom/extracted_images/images/image_1432.png,True,29216,singleton_1432,True,False,1,
1433,True,/data/all_images/image_1433.jpeg,/DATA5/prabhakar/telecom/extracted_images/images/image_1433.jpeg,True,29117,singleton_1433,True,False,1,
1434,True,/data/all_images/image_1434.jpeg,/DATA5/prabhakar/telecom/extracted_images/images/image_1434.jpeg,True,27912,singleton_1434,True,False,1,
1435,True,/data/all_images/image_1435.png,/DATA5/prabhakar/telecom/extracted_images/images/image_1435.png,True,30683,singleton_1435,True,False,1,
1436,True,/data/all_images/image_1436.jpeg,/DATA5/prabhakar/telecom/extracted_images/images/image_1436.jpeg,True,28891,dup_group_38,True,True,2,
1437,True,/data/all_images/image_1437.png,/DATA5/prabhakar/telecom/extracted_images/images/image_1437.png,True,53514,dup_group_39,True,True,2,
1438,True,/data/all_images/image_1438.jpeg,/DATA5/prabhakar/telecom/extracted_images/images/image_1438.jpeg,True,25484,singleton_1438,True,False,1,
1439,True,/data/all_images/image_1439.png,/DATA5/prabhakar/telecom/extracted_images/images/image_1439.png,True,29823,singleton_1439,True,False,1,
1440,True,/data/all_images/image_1440.jpeg,/DATA5/prabhakar/telecom/extracted_images/images/image_1440.jpeg,True,58182,singleton_1440,True,False,1,
1441,True,/data/all_images/image_1441.jpeg,/DATA5/prabhakar/telecom/extracted_images/images/image_1441.jpeg,True,29570,singleton_1441,True,False,1,
1442,True,/data/all_images/image_1442.jpeg,/DATA5/prabhakar/telecom/extracted_images/images/image_1442.jpeg,True,33333,singleton_1442,True,False,1,
1443,True,/data/all_images/image_1443.png,/DATA5/prabhakar/telecom/extracted_images/images/image_1443.png,True,28169,singleton_1443,True,False,1,
1444,True,/data/all_images/image_1444.png,/DATA5/prabhakar/telecom/extracted_images/images/image_1444.png,True,26077,singleton_1444,True,False,1,
1445,True,/data/all_images/image_1445.png,/DATA5/prabhakar/telecom/extracted_images/images/image_1445.png,True,31195,singleton_1445,True,False,1,
1446,True,/data/all_images/image_1446.png,/DATA5/prabhakar/telecom/extracted_images/images/image_1446.png,True,41104,singleton_1446,True,False,1,
1447,True,/data/all_images/image_1447.jpeg,/DATA5/prabhakar/telecom/extracted_images/images/image_1447.jpeg,True,42429,singleton_1447,True,False,1,
1448,True,/data/all_images/image_1448.jpeg,/DATA5/prabhakar/telecom/extracted_images/images/image_1448.jpeg,True,50570,singleton_1448,True,False,1,
1449,True,/data/all_images/image_1449.png,/DATA5/prabhakar/telecom/extracted_images/images/image_1449.png,True,28584,singleton_1449,True,False,1,
1450,True,/data/all_images/image_1450.jpeg,/DATA5/prabhakar/telecom/extracted_images/images/image_1450.jpeg,True,33800,singleton_1450,True,False,1,
1451,True,/data/all_images/image_1451.jpeg,/DATA5/prabhakar/telecom/extracted_images/images/image_1451.jpeg,True,41637,singleton_1451,True,False,1,
1452,True,/data/all_images/image_1452.png,/DATA5/prabhakar/telecom/extracted_images/images/image_1452.png,True,22397,singleton_1452,True,False,1,
1453,True,/data/all_images/image_1453.jpeg,/DATA5/prabhakar/telecom/extracted_images/images/image_1453.jpeg,True,23510,singleton_1453,True,False,1,
1454,True,/data/all_images/image_1454.jpeg,/DATA5/prabhakar/telecom/extracted_images/images/image_1454.jpeg,True,24973,singleton_1454,True,False,1,
1455,True,/data/all_images/image_1455.jpeg,/DATA5/prabhakar/telecom/extracted_images/images/image_1455.jpeg,True,36956,singleton_1455,True,False,1,
1456,True,/data/all_images/image_1456.jpeg,/DATA5/prabhakar/telecom/extracted_images/images/image_1456.jpeg,True,45496,singleton_1456,True,False,1,
1457,True,/data/all_images/image_1457.png,/DATA5/prabhakar/telecom/extracted_images/images/image_1457.png,True,21027,singleton_1457,True,False,1,
1458,True,/data/all_images/image_1458.png,/DATA5/prabhakar/telecom/extracted_images/images/image_1458.png,True,25782,singleton_1458,True,False,1,
1459,True,/data/all_images/image_1459.jpeg,/DATA5/prabhakar/telecom/extracted_images/images/image_1459.jpeg,True,25749,singleton_1459,True,False,1,
1460,True,/data/all_images/image_1460.jpeg,/DATA5/prabhakar/telecom/extracted_images/images/image_1460.jpeg,True,28175,singleton_1460,True,False,1,
1461,True,/data/all_images/image_1461.png,/DATA5/prabhakar/telecom/extracted_images/images/image_1461.png,True,28461,singleton_1461,True,False,1,
1462,True,/data/all_images/image_1462.jpeg,/DATA5/prabhakar/telecom/extracted_images/images/image_1462.jpeg,True,24388,singleton_1462,True,False,1,
1463,True,/data/all_images/image_1463.jpeg,/DATA5/prabhakar/telecom/extracted_images/images/image_1463.jpeg,True,22321,singleton_1463,True,False,1,
1464,True,/data/all_images/image_1464.jpeg,/DATA5/prabhakar/telecom/extracted_images/images/image_1464.jpeg,True,21967,singleton_1464,True,False,1,
1465,True,/data/all_images/image_1465.jpeg,/DATA5/prabhakar/telecom/extracted_images/images/image_1465.jpeg,True,21281,singleton_1465,True,False,1,
1466,True,/data/all_images/image_1466.jpeg,/DATA5/prabhakar/telecom/extracted_images/images/image_1466.jpeg,True,22328,singleton_1466,True,False,1,
1467,True,/data/all_images/image_1467.jpeg,/DATA5/prabhakar/telecom/extracted_images/images/image_1467.jpeg,True,29814,singleton_1467,True,False,1,
1468,True,/data/all_images/image_1468.jpeg,/DATA5/prabhakar/telecom/extracted_images/images/image_1468.jpeg,True,29152,singleton_1468,True,False,1,
1469,True,/data/all_images/image_1469.jpeg,/DATA5/prabhakar/telecom/extracted_images/images/image_1469.jpeg,True,33573,singleton_1469,True,False,1,
1470,True,/data/all_images/image_1470.jpeg,/DATA5/prabhakar/telecom/extracted_images/images/image_1470.jpeg,True,34325,singleton_1470,True,False,1,
1471,True,/data/all_images/image_1471.jpeg,/DATA5/prabhakar/telecom/extracted_images/images/image_1471.jpeg,True,72568,singleton_1471,True,False,1,
1472,True,/data/all_images/image_1472.jpeg,/DATA5/prabhakar/telecom/extracted_images/images/image_1472.jpeg,True,46800,singleton_1472,True,False,1,
1473,True,/data/all_images/image_1473.jpeg,/DATA5/prabhakar/telecom/extracted_images/images/image_1473.jpeg,True,24648,singleton_1473,True,False,1,
1474,True,/data/all_images/image_1474.jpeg,/DATA5/prabhakar/telecom/extracted_images/images/image_1474.jpeg,True,30951,singleton_1474,True,False,1,
1475,True,/data/all_images/image_1475.png,/DATA5/prabhakar/telecom/extracted_images/images/image_1475.png,True,46777,singleton_1475,True,False,1,
1476,True,/data/all_images/image_1476.png,/DATA5/prabhakar/telecom/extracted_images/images/image_1476.png,True,25000,singleton_1476,True,False,1,
1477,True,/data/all_images/image_1477.png,/DATA5/prabhakar/telecom/extracted_images/images/image_1477.png,True,33589,singleton_1477,True,False,1,
1478,True,/data/all_images/image_1478.png,/DATA5/prabhakar/telecom/extracted_images/images/image_1478.png,True,31777,singleton_1478,True,False,1,
1479,True,/data/all_images/image_1479.png,/DATA5/prabhakar/telecom/extracted_images/images/image_1479.png,True,25501,singleton_1479,True,False,1,
1480,True,/data/all_images/image_1480.png,/DATA5/prabhakar/telecom/extracted_images/images/image_1480.png,True,26923,singleton_1480,True,False,1,
1481,True,/data/all_images/image_1481.png,/DATA5/prabhakar/telecom/extracted_images/images/image_1481.png,True,66431,singleton_1481,True,False,1,
1482,True,/data/all_images/image_1482.jpeg,/DATA5/prabhakar/telecom/extracted_images/images/image_1482.jpeg,True,93604,singleton_1482,True,False,1,
1483,True,/data/all_images/image_1483.jpeg,/DATA5/prabhakar/telecom/extracted_images/images/image_1483.jpeg,True,21994,singleton_1483,True,False,1,
1484,True,/data/all_images/image_1484.jpeg,/DATA5/prabhakar/telecom/extracted_images/images/image_1484.jpeg,True,60600,singleton_1484,True,False,1,
1485,True,/data/all_images/image_1485.jpeg,/DATA5/prabhakar/telecom/extracted_images/images/image_1485.jpeg,True,29404,singleton_1485,True,False,1,
1486,True,/data/all_images/image_1486.jpeg,/DATA5/prabhakar/telecom/extracted_images/images/image_1486.jpeg,True,55641,singleton_1486,True,False,1,
1487,True,/data/all_images/image_1487.jpeg,/DATA5/prabhakar/telecom/extracted_images/images/image_1487.jpeg,True,56881,singleton_1487,True,False,1,
1488,True,/data/all_images/image_1488.jpeg,/DATA5/prabhakar/telecom/extracted_images/images/image_1488.jpeg,True,74408,singleton_1488,True,False,1,
1489,True,/data/all_images/image_1489.png,/DATA5/prabhakar/telecom/extracted_images/images/image_1489.png,True,40069,singleton_1489,True,False,1,
1490,True,/data/all_images/image_1490.png,/DATA5/prabhakar/telecom/extracted_images/images/image_1490.png,True,28650,singleton_1490,True,False,1,
1491,True,/data/all_images/image_1491.jpeg,/DATA5/prabhakar/telecom/extracted_images/images/image_1491.jpeg,True,67558,singleton_1491,True,False,1,
1492,True,/data/all_images/image_1492.jpeg,/DATA5/prabhakar/telecom/extracted_images/images/image_1492.jpeg,True,66874,singleton_1492,True,False,1,
1493,True,/data/all_images/image_1493.jpeg,/DATA5/prabhakar/telecom/extracted_images/images/image_1493.jpeg,True,33606,singleton_1493,True,False,1,
1494,True,/data/all_images/image_1494.jpeg,/DATA5/prabhakar/telecom/extracted_images/images/image_1494.jpeg,True,55673,singleton_1494,True,False,1,
1495,True,/data/all_images/image_1495.jpeg,/DATA5/prabhakar/telecom/extracted_images/images/image_1495.jpeg,True,71590,singleton_1495,True,False,1,
1496,True,/data/all_images/image_1496.jpeg,/DATA5/prabhakar/telecom/extracted_images/images/image_1496.jpeg,True,22927,singleton_1496,True,False,1,
1497,True,/data/all_images/image_1497.jpeg,/DATA5/prabhakar/telecom/extracted_images/images/image_1497.jpeg,True,41568,singleton_1497,True,False,1,
1498,True,/data/all_images/image_1498.jpeg,/DATA5/prabhakar/telecom/extracted_images/images/image_1498.jpeg,True,24842,singleton_1498,True,False,1,
1499,True,/data/all_images/image_1499.png,/DATA5/prabhakar/telecom/extracted_images/images/image_1499.png,True,27997,singleton_1499,True,False,1,
1500,True,/data/all_images/image_1500.png,/DATA5/prabhakar/telecom/extracted_images/images/image_1500.png,True,26438,singleton_1500,True,False,1,
1501,True,/data/all_images/image_1501.png,/DATA5/prabhakar/telecom/extracted_images/images/image_1501.png,True,28071,dup_group_41,True,True,2,
1502,True,/data/all_images/image_1502.png,/DATA5/prabhakar/telecom/extracted_images/images/image_1502.png,True,28071,dup_group_41,True,True,2,
1503,True,/data/all_images/image_1503.png,/DATA5/prabhakar/telecom/extracted_images/images/image_1503.png,True,28014,singleton_1503,True,False,1,
1504,True,/data/all_images/image_1504.png,/DATA5/prabhakar/telecom/extracted_images/images/image_1504.png,True,54227,singleton_1504,True,False,1,
1505,True,/data/all_images/image_1505.png,/DATA5/prabhakar/telecom/extracted_images/images/image_1505.png,True,41371,singleton_1505,True,False,1,
1506,True,/data/all_images/image_1506.png,/DATA5/prabhakar/telecom/extracted_images/images/image_1506.png,True,87411,singleton_1506,True,False,1,
1507,True,/data/all_images/image_1507.png,/DATA5/prabhakar/telecom/extracted_images/images/image_1507.png,True,67673,singleton_1507,True,False,1,
1508,True,/data/all_images/image_1508.png,/DATA5/prabhakar/telecom/extracted_images/images/image_1508.png,True,55659,singleton_1508,True,False,1,
1509,True,/data/all_images/image_1509.jpeg,/DATA5/prabhakar/telecom/extracted_images/images/image_1509.jpeg,True,48411,dup_group_42,True,True,3,
1510,True,/data/all_images/image_1510.jpeg,/DATA5/prabhakar/telecom/extracted_images/images/image_1510.jpeg,True,48411,dup_group_42,True,True,3,
1511,True,/data/all_images/image_1511.jpeg,/DATA5/prabhakar/telecom/extracted_images/images/image_1511.jpeg,True,48411,dup_group_42,True,True,3,
1512,True,/data/all_images/image_1512.jpeg,/DATA5/prabhakar/telecom/extracted_images/images/image_1512.jpeg,True,49117,singleton_1512,True,False,1,
1513,True,/data/all_images/image_1513.jpeg,/DATA5/prabhakar/telecom/extracted_images/images/image_1513.jpeg,True,31464,singleton_1513,True,False,1,
1514,True,/data/all_images/image_1514.jpeg,/DATA5/prabhakar/telecom/extracted_images/images/image_1514.jpeg,True,32983,singleton_1514,True,False,1,
1515,True,/data/all_images/image_1515.jpeg,/DATA5/prabhakar/telecom/extracted_images/images/image_1515.jpeg,True,37156,singleton_1515,True,False,1,
1516,True,/data/all_images/image_1516.jpeg,/DATA5/prabhakar/telecom/extracted_images/images/image_1516.jpeg,True,36303,singleton_1516,True,False,1,
1517,True,/data/all_images/image_1517.jpeg,/DATA5/prabhakar/telecom/extracted_images/images/image_1517.jpeg,True,33291,singleton_1517,True,False,1,
1518,True,/data/all_images/image_1518.jpeg,/DATA5/prabhakar/telecom/extracted_images/images/image_1518.jpeg,True,48297,singleton_1518,True,False,1,
1519,True,/data/all_images/image_1519.jpeg,/DATA5/prabhakar/telecom/extracted_images/images/image_1519.jpeg,True,42733,singleton_1519,True,False,1,
1520,True,/data/all_images/image_1520.jpeg,/DATA5/prabhakar/telecom/extracted_images/images/image_1520.jpeg,True,29140,singleton_1520,True,False,1,
1521,True,/data/all_images/image_1521.jpeg,/DATA5/prabhakar/telecom/extracted_images/images/image_1521.jpeg,True,37566,singleton_1521,True,False,1,
1522,True,/data/all_images/image_1522.jpeg,/DATA5/prabhakar/telecom/extracted_images/images/image_1522.jpeg,True,30160,singleton_1522,True,False,1,
1523,True,/data/all_images/image_1523.jpeg,/DATA5/prabhakar/telecom/extracted_images/images/image_1523.jpeg,True,31392,singleton_1523,True,False,1,
1524,True,/data/all_images/image_1524.jpeg,/DATA5/prabhakar/telecom/extracted_images/images/image_1524.jpeg,True,26945,singleton_1524,True,False,1,
1525,True,/data/all_images/image_1525.png,/DATA5/prabhakar/telecom/extracted_images/images/image_1525.png,True,34151,singleton_1525,True,False,1,
1526,True,/data/all_images/image_1526.png,/DATA5/prabhakar/telecom/extracted_images/images/image_1526.png,True,36367,singleton_1526,True,False,1,
1527,True,/data/all_images/image_1527.png,/DATA5/prabhakar/telecom/extracted_images/images/image_1527.png,True,30570,singleton_1527,True,False,1,
1528,True,/data/all_images/image_1528.png,/DATA5/prabhakar/telecom/extracted_images/images/image_1528.png,True,42752,singleton_1528,True,False,1,
1529,True,/data/all_images/image_1529.png,/DATA5/prabhakar/telecom/extracted_images/images/image_1529.png,True,32427,singleton_1529,True,False,1,
1530,True,/data/all_images/image_1530.png,/DATA5/prabhakar/telecom/extracted_images/images/image_1530.png,True,45888,singleton_1530,True,False,1,
1531,True,/data/all_images/image_1531.jpeg,/DATA5/prabhakar/telecom/extracted_images/images/image_1531.jpeg,True,26437,singleton_1531,True,False,1,
1532,True,/data/all_images/image_1532.png,/DATA5/prabhakar/telecom/extracted_images/images/image_1532.png,True,30276,singleton_1532,True,False,1,
1533,True,/data/all_images/image_1533.jpeg,/DATA5/prabhakar/telecom/extracted_images/images/image_1533.jpeg,True,66660,singleton_1533,True,False,1,
1534,True,/data/all_images/image_1534.jpeg,/DATA5/prabhakar/telecom/extracted_images/images/image_1534.jpeg,True,30578,singleton_1534,True,False,1,
1535,True,/data/all_images/image_1535.jpeg,/DATA5/prabhakar/telecom/extracted_images/images/image_1535.jpeg,True,50301,singleton_1535,True,False,1,
1536,True,/data/all_images/image_1536.jpeg,/DATA5/prabhakar/telecom/extracted_images/images/image_1536.jpeg,True,51136,singleton_1536,True,False,1,
1537,True,/data/all_images/image_1537.jpeg,/DATA5/prabhakar/telecom/extracted_images/images/image_1537.jpeg,True,51573,singleton_1537,True,False,1,
1538,True,/data/all_images/image_1538.jpeg,/DATA5/prabhakar/telecom/extracted_images/images/image_1538.jpeg,True,52564,singleton_1538,True,False,1,
1539,True,/data/all_images/image_1539.jpeg,/DATA5/prabhakar/telecom/extracted_images/images/image_1539.jpeg,True,44689,singleton_1539,True,False,1,
1540,True,/data/all_images/image_1540.jpeg,/DATA5/prabhakar/telecom/extracted_images/images/image_1540.jpeg,True,81256,singleton_1540,True,False,1,
1541,True,/data/all_images/image_1541.jpeg,/DATA5/prabhakar/telecom/extracted_images/images/image_1541.jpeg,True,34269,singleton_1541,True,False,1,
1542,True,/data/all_images/image_1542.jpeg,/DATA5/prabhakar/telecom/extracted_images/images/image_1542.jpeg,True,49675,singleton_1542,True,False,1,
1543,True,/data/all_images/image_1543.jpeg,/DATA5/prabhakar/telecom/extracted_images/images/image_1543.jpeg,True,64957,singleton_1543,True,False,1,
1544,True,/data/all_images/image_1544.jpeg,/DATA5/prabhakar/telecom/extracted_images/images/image_1544.jpeg,True,70064,singleton_1544,True,False,1,
1545,True,/data/all_images/image_1545.png,/DATA5/prabhakar/telecom/extracted_images/images/image_1545.png,True,55874,singleton_1545,True,False,1,
1546,True,/data/all_images/image_1546.jpeg,/DATA5/prabhakar/telecom/extracted_images/images/image_1546.jpeg,True,23817,singleton_1546,True,False,1,
1547,True,/data/all_images/image_1547.png,/DATA5/prabhakar/telecom/extracted_images/images/image_1547.png,True,58379,singleton_1547,True,False,1,
1548,True,/data/all_images/image_1548.jpeg,/DATA5/prabhakar/telecom/extracted_images/images/image_1548.jpeg,True,37316,dup_group_43,True,True,3,
1549,True,/data/all_images/image_1549.png,/DATA5/prabhakar/telecom/extracted_images/images/image_1549.png,True,58048,singleton_1549,True,False,1,
1550,True,/data/all_images/image_1550.png,/DATA5/prabhakar/telecom/extracted_images/images/image_1550.png,True,47727,singleton_1550,True,False,1,
1551,True,/data/all_images/image_1551.jpeg,/DATA5/prabhakar/telecom/extracted_images/images/image_1551.jpeg,True,80225,singleton_1551,True,False,1,
1552,True,/data/all_images/image_1552.jpeg,/DATA5/prabhakar/telecom/extracted_images/images/image_1552.jpeg,True,99483,dup_group_44,True,True,2,
1553,True,/data/all_images/image_1553.jpeg,/DATA5/prabhakar/telecom/extracted_images/images/image_1553.jpeg,True,75635,singleton_1553,True,False,1,
1554,True,/data/all_images/image_1554.jpeg,/DATA5/prabhakar/telecom/extracted_images/images/image_1554.jpeg,True,88352,dup_group_45,True,True,2,
1555,True,/data/all_images/image_1555.jpeg,/DATA5/prabhakar/telecom/extracted_images/images/image_1555.jpeg,True,85497,singleton_1555,True,False,1,
1556,True,/data/all_images/image_1556.jpeg,/DATA5/prabhakar/telecom/extracted_images/images/image_1556.jpeg,True,37316,dup_group_43,True,True,3,
1557,True,/data/all_images/image_1557.png,/DATA5/prabhakar/telecom/extracted_images/images/image_1557.png,True,56230,singleton_1557,True,False,1,
1558,True,/data/all_images/image_1558.jpeg,/DATA5/prabhakar/telecom/extracted_images/images/image_1558.jpeg,True,80951,singleton_1558,True,False,1,
1559,True,/data/all_images/image_1559.jpeg,/DATA5/prabhakar/telecom/extracted_images/images/image_1559.jpeg,True,99483,dup_group_44,True,True,2,
1560,True,/data/all_images/image_1560.jpeg,/DATA5/prabhakar/telecom/extracted_images/images/image_1560.jpeg,True,70947,singleton_1560,True,False,1,
1561,True,/data/all_images/image_1561.jpeg,/DATA5/prabhakar/telecom/extracted_images/images/image_1561.jpeg,True,88352,dup_group_45,True,True,2,
1562,True,/data/all_images/image_1562.jpeg,/DATA5/prabhakar/telecom/extracted_images/images/image_1562.jpeg,True,37316,dup_group_43,True,True,3,
1563,True,/data/all_images/image_1563.jpeg,/DATA5/prabhakar/telecom/extracted_images/images/image_1563.jpeg,True,36517,singleton_1563,True,False,1,
1564,True,/data/all_images/image_1564.jpeg,/DATA5/prabhakar/telecom/extracted_images/images/image_1564.jpeg,True,30212,singleton_1564,True,False,1,
1565,True,/data/all_images/image_1565.jpeg,/DATA5/prabhakar/telecom/extracted_images/images/image_1565.jpeg,True,52576,singleton_1565,True,False,1,
1566,True,/data/all_images/image_1566.jpeg,/DATA5/prabhakar/telecom/extracted_images/images/image_1566.jpeg,True,42176,singleton_1566,True,False,1,
1567,True,/data/all_images/image_1567.jpeg,/DATA5/prabhakar/telecom/extracted_images/images/image_1567.jpeg,True,24291,singleton_1567,True,False,1,
1568,True,/data/all_images/image_1568.jpeg,/DATA5/prabhakar/telecom/extracted_images/images/image_1568.jpeg,True,24054,singleton_1568,True,False,1,
1569,True,/data/all_images/image_1569.png,/DATA5/prabhakar/telecom/extracted_images/images/image_1569.png,True,27184,singleton_1569,True,False,1,
1570,True,/data/all_images/image_1570.png,/DATA5/prabhakar/telecom/extracted_images/images/image_1570.png,True,27053,singleton_1570,True,False,1,
1571,True,/data/all_images/image_1571.jpeg,/DATA5/prabhakar/telecom/extracted_images/images/image_1571.jpeg,True,41177,singleton_1571,True,False,1,
1572,True,/data/all_images/image_1572.png,/DATA5/prabhakar/telecom/extracted_images/images/image_1572.png,True,31683,singleton_1572,True,False,1,
1573,True,/data/all_images/image_1573.png,/DATA5/prabhakar/telecom/extracted_images/images/image_1573.png,True,32770,singleton_1573,True,False,1,
1574,True,/data/all_images/image_1574.jpeg,/DATA5/prabhakar/telecom/extracted_images/images/image_1574.jpeg,True,22923,singleton_1574,True,False,1,
1575,True,/data/all_images/image_1575.jpeg,/DATA5/prabhakar/telecom/extracted_images/images/image_1575.jpeg,True,26613,singleton_1575,True,False,1,
1576,True,/data/all_images/image_1576.png,/DATA5/prabhakar/telecom/extracted_images/images/image_1576.png,True,25348,singleton_1576,True,False,1,
1577,True,/data/all_images/image_1577.png,/DATA5/prabhakar/telecom/extracted_images/images/image_1577.png,True,23415,singleton_1577,True,False,1,
1578,True,/data/all_images/image_1578.png,/DATA5/prabhakar/telecom/extracted_images/images/image_1578.png,True,21457,singleton_1578,True,False,1,
1579,True,/data/all_images/image_1579.jpeg,/DATA5/prabhakar/telecom/extracted_images/images/image_1579.jpeg,True,26503,dup_group_16,True,True,2,
1580,True,/data/all_images/image_1580.jpeg,/DATA5/prabhakar/telecom/extracted_images/images/image_1580.jpeg,True,25235,singleton_1580,True,False,1,
1581,True,/data/all_images/image_1581.jpeg,/DATA5/prabhakar/telecom/extracted_images/images/image_1581.jpeg,True,24308,singleton_1581,True,False,1,
1582,True,/data/all_images/image_1582.jpeg,/DATA5/prabhakar/telecom/extracted_images/images/image_1582.jpeg,True,30458,singleton_1582,True,False,1,
1583,True,/data/all_images/image_1583.jpeg,/DATA5/prabhakar/telecom/extracted_images/images/image_1583.jpeg,True,32857,singleton_1583,True,False,1,
1584,True,/data/all_images/image_1584.jpeg,/DATA5/prabhakar/telecom/extracted_images/images/image_1584.jpeg,True,44853,singleton_1584,True,False,1,
1585,True,/data/all_images/image_1585.jpeg,/DATA5/prabhakar/telecom/extracted_images/images/image_1585.jpeg,True,50061,singleton_1585,True,False,1,
1586,True,/data/all_images/image_1586.jpeg,/DATA5/prabhakar/telecom/extracted_images/images/image_1586.jpeg,True,36197,singleton_1586,True,False,1,
1587,True,/data/all_images/image_1587.jpeg,/DATA5/prabhakar/telecom/extracted_images/images/image_1587.jpeg,True,55425,singleton_1587,True,False,1,
1588,True,/data/all_images/image_1588.jpeg,/DATA5/prabhakar/telecom/extracted_images/images/image_1588.jpeg,True,28076,singleton_1588,True,False,1,
1589,True,/data/all_images/image_1589.jpeg,/DATA5/prabhakar/telecom/extracted_images/images/image_1589.jpeg,True,58682,singleton_1589,True,False,1,
1590,True,/data/all_images/image_1590.jpeg,/DATA5/prabhakar/telecom/extracted_images/images/image_1590.jpeg,True,50914,singleton_1590,True,False,1,
1591,True,/data/all_images/image_1591.jpeg,/DATA5/prabhakar/telecom/extracted_images/images/image_1591.jpeg,True,47745,singleton_1591,True,False,1,
1592,True,/data/all_images/image_1592.png,/DATA5/prabhakar/telecom/extracted_images/images/image_1592.png,True,26619,singleton_1592,True,False,1,
1593,True,/data/all_images/image_1593.jpeg,/DATA5/prabhakar/telecom/extracted_images/images/image_1593.jpeg,True,48158,singleton_1593,True,False,1,
1594,True,/data/all_images/image_1594.jpeg,/DATA5/prabhakar/telecom/extracted_images/images/image_1594.jpeg,True,51859,singleton_1594,True,False,1,
1595,True,/data/all_images/image_1595.jpeg,/DATA5/prabhakar/telecom/extracted_images/images/image_1595.jpeg,True,47654,singleton_1595,True,False,1,
1596,True,/data/all_images/image_1596.jpeg,/DATA5/prabhakar/telecom/extracted_images/images/image_1596.jpeg,True,48345,dup_group_28,True,True,2,
1597,True,/data/all_images/image_1597.jpeg,/DATA5/prabhakar/telecom/extracted_images/images/image_1597.jpeg,True,27593,singleton_1597,True,False,1,
1598,True,/data/all_images/image_1598.jpeg,/DATA5/prabhakar/telecom/extracted_images/images/image_1598.jpeg,True,56752,singleton_1598,True,False,1,
1599,True,/data/all_images/image_1599.jpeg,/DATA5/prabhakar/telecom/extracted_images/images/image_1599.jpeg,True,28446,singleton_1599,True,False,1,
1600,True,/data/all_images/image_1600.png,/DATA5/prabhakar/telecom/extracted_images/images/image_1600.png,True,47638,singleton_1600,True,False,1,
1601,True,/data/all_images/image_1601.png,/DATA5/prabhakar/telecom/extracted_images/images/image_1601.png,True,44814,singleton_1601,True,False,1,
1602,True,/data/all_images/image_1602.png,/DATA5/prabhakar/telecom/extracted_images/images/image_1602.png,True,51704,singleton_1602,True,False,1,
1603,True,/data/all_images/image_1603.jpeg,/DATA5/prabhakar/telecom/extracted_images/images/image_1603.jpeg,True,55962,singleton_1603,True,False,1,
1604,True,/data/all_images/image_1604.jpeg,/DATA5/prabhakar/telecom/extracted_images/images/image_1604.jpeg,True,29998,singleton_1604,True,False,1,
1605,True,/data/all_images/image_1605.jpeg,/DATA5/prabhakar/telecom/extracted_images/images/image_1605.jpeg,True,74463,singleton_1605,True,False,1,
1606,True,/data/all_images/image_1606.jpeg,/DATA5/prabhakar/telecom/extracted_images/images/image_1606.jpeg,True,30064,singleton_1606,True,False,1,
1607,True,/data/all_images/image_1607.jpeg,/DATA5/prabhakar/telecom/extracted_images/images/image_1607.jpeg,True,30438,singleton_1607,True,False,1,
1608,True,/data/all_images/image_1608.jpeg,/DATA5/prabhakar/telecom/extracted_images/images/image_1608.jpeg,True,58397,singleton_1608,True,False,1,
1609,True,/data/all_images/image_1609.jpeg,/DATA5/prabhakar/telecom/extracted_images/images/image_1609.jpeg,True,42389,singleton_1609,True,False,1,
1610,True,/data/all_images/image_1610.jpeg,/DATA5/prabhakar/telecom/extracted_images/images/image_1610.jpeg,True,69034,singleton_1610,True,False,1,
1611,True,/data/all_images/image_1611.jpeg,/DATA5/prabhakar/telecom/extracted_images/images/image_1611.jpeg,True,73077,singleton_1611,True,False,1,
1612,True,/data/all_images/image_1612.jpeg,/DATA5/prabhakar/telecom/extracted_images/images/image_1612.jpeg,True,61361,singleton_1612,True,False,1,
1613,True,/data/all_images/image_1613.jpeg,/DATA5/prabhakar/telecom/extracted_images/images/image_1613.jpeg,True,52392,singleton_1613,True,False,1,
1614,True,/data/all_images/image_1614.jpeg,/DATA5/prabhakar/telecom/extracted_images/images/image_1614.jpeg,True,51027,singleton_1614,True,False,1,
1615,True,/data/all_images/image_1615.png,/DATA5/prabhakar/telecom/extracted_images/images/image_1615.png,True,46773,singleton_1615,True,False,1,
1616,True,/data/all_images/image_1616.jpeg,/DATA5/prabhakar/telecom/extracted_images/images/image_1616.jpeg,True,82670,singleton_1616,True,False,1,
1617,True,/data/all_images/image_1617.jpeg,/DATA5/prabhakar/telecom/extracted_images/images/image_1617.jpeg,True,53088,singleton_1617,True,False,1,
1618,True,/data/all_images/image_1618.png,/DATA5/prabhakar/telecom/extracted_images/images/image_1618.png,True,43442,singleton_1618,True,False,1,
1619,True,/data/all_images/image_1619.png,/DATA5/prabhakar/telecom/extracted_images/images/image_1619.png,True,47906,singleton_1619,True,False,1,
1620,True,/data/all_images/image_1620.jpeg,/DATA5/prabhakar/telecom/extracted_images/images/image_1620.jpeg,True,40860,singleton_1620,True,False,1,
1621,True,/data/all_images/image_1621.jpeg,/DATA5/prabhakar/telecom/extracted_images/images/image_1621.jpeg,True,38915,singleton_1621,True,False,1,
1622,True,/data/all_images/image_1622.jpeg,/DATA5/prabhakar/telecom/extracted_images/images/image_1622.jpeg,True,59218,singleton_1622,True,False,1,
1623,True,/data/all_images/image_1623.png,/DATA5/prabhakar/telecom/extracted_images/images/image_1623.png,True,58224,singleton_1623,True,False,1,
1624,True,/data/all_images/image_1624.png,/DATA5/prabhakar/telecom/extracted_images/images/image_1624.png,True,65556,singleton_1624,True,False,1,
1625,True,/data/all_images/image_1625.jpeg,/DATA5/prabhakar/telecom/extracted_images/images/image_1625.jpeg,True,34617,singleton_1625,True,False,1,
1626,True,/data/all_images/image_1626.jpeg,/DATA5/prabhakar/telecom/extracted_images/images/image_1626.jpeg,True,66309,singleton_1626,True,False,1,
1627,True,/data/all_images/image_1627.jpeg,/DATA5/prabhakar/telecom/extracted_images/images/image_1627.jpeg,True,35617,singleton_1627,True,False,1,
1628,True,/data/all_images/image_1628.jpeg,/DATA5/prabhakar/telecom/extracted_images/images/image_1628.jpeg,True,52942,singleton_1628,True,False,1,
1629,True,/data/all_images/image_1629.png,/DATA5/prabhakar/telecom/extracted_images/images/image_1629.png,True,34626,singleton_1629,True,False,1,
1630,True,/data/all_images/image_1630.png,/DATA5/prabhakar/telecom/extracted_images/images/image_1630.png,True,35147,singleton_1630,True,False,1,
1631,True,/data/all_images/image_1631.png,/DATA5/prabhakar/telecom/extracted_images/images/image_1631.png,True,48630,singleton_1631,True,False,1,
1632,True,/data/all_images/image_1632.jpeg,/DATA5/prabhakar/telecom/extracted_images/images/image_1632.jpeg,True,30218,singleton_1632,True,False,1,
1633,True,/data/all_images/image_1633.jpeg,/DATA5/prabhakar/telecom/extracted_images/images/image_1633.jpeg,True,44795,singleton_1633,True,False,1,
1634,True,/data/all_images/image_1634.jpeg,/DATA5/prabhakar/telecom/extracted_images/images/image_1634.jpeg,True,24962,singleton_1634,True,False,1,
1635,True,/data/all_images/image_1635.jpeg,/DATA5/prabhakar/telecom/extracted_images/images/image_1635.jpeg,True,23784,singleton_1635,True,False,1,
1636,True,/data/all_images/image_1636.jpeg,/DATA5/prabhakar/telecom/extracted_images/images/image_1636.jpeg,True,37110,singleton_1636,True,False,1,
1637,True,/data/all_images/image_1637.jpeg,/DATA5/prabhakar/telecom/extracted_images/images/image_1637.jpeg,True,29308,singleton_1637,True,False,1,
1638,True,/data/all_images/image_1638.jpeg,/DATA5/prabhakar/telecom/extracted_images/images/image_1638.jpeg,True,38491,singleton_1638,True,False,1,
1639,True,/data/all_images/image_1639.jpeg,/DATA5/prabhakar/telecom/extracted_images/images/image_1639.jpeg,True,50273,singleton_1639,True,False,1,
1640,True,/data/all_images/image_1640.jpeg,/DATA5/prabhakar/telecom/extracted_images/images/image_1640.jpeg,True,24105,singleton_1640,True,False,1,
1641,True,/data/all_images/image_1641.jpeg,/DATA5/prabhakar/telecom/extracted_images/images/image_1641.jpeg,True,25561,singleton_1641,True,False,1,
1642,True,/data/all_images/image_1642.jpeg,/DATA5/prabhakar/telecom/extracted_images/images/image_1642.jpeg,True,39208,singleton_1642,True,False,1,
1643,True,/data/all_images/image_1643.jpeg,/DATA5/prabhakar/telecom/extracted_images/images/image_1643.jpeg,True,54415,singleton_1643,True,False,1,
1644,True,/data/all_images/image_1644.jpeg,/DATA5/prabhakar/telecom/extracted_images/images/image_1644.jpeg,True,36277,singleton_1644,True,False,1,
1645,True,/data/all_images/image_1645.jpeg,/DATA5/prabhakar/telecom/extracted_images/images/image_1645.jpeg,True,49489,singleton_1645,True,False,1,
1646,True,/data/all_images/image_1646.jpeg,/DATA5/prabhakar/telecom/extracted_images/images/image_1646.jpeg,True,31703,singleton_1646,True,False,1,
1647,True,/data/all_images/image_1647.jpeg,/DATA5/prabhakar/telecom/extracted_images/images/image_1647.jpeg,True,24488,singleton_1647,True,False,1,
1648,True,/data/all_images/image_1648.jpeg,/DATA5/prabhakar/telecom/extracted_images/images/image_1648.jpeg,True,32666,singleton_1648,True,False,1,
1649,True,/data/all_images/image_1649.jpeg,/DATA5/prabhakar/telecom/extracted_images/images/image_1649.jpeg,True,30167,singleton_1649,True,False,1,
1650,True,/data/all_images/image_1650.jpeg,/DATA5/prabhakar/telecom/extracted_images/images/image_1650.jpeg,True,22573,singleton_1650,True,False,1,
1651,True,/data/all_images/image_1651.jpeg,/DATA5/prabhakar/telecom/extracted_images/images/image_1651.jpeg,True,30029,singleton_1651,True,False,1,
1652,True,/data/all_images/image_1652.jpeg,/DATA5/prabhakar/telecom/extracted_images/images/image_1652.jpeg,True,23017,singleton_1652,True,False,1,
1653,True,/data/all_images/image_1653.jpeg,/DATA5/prabhakar/telecom/extracted_images/images/image_1653.jpeg,True,74010,singleton_1653,True,False,1,
1654,True,/data/all_images/image_1654.png,/DATA5/prabhakar/telecom/extracted_images/images/image_1654.png,True,29050,singleton_1654,True,False,1,
1655,True,/data/all_images/image_1655.png,/DATA5/prabhakar/telecom/extracted_images/images/image_1655.png,True,23996,dup_group_46,True,True,2,
1656,True,/data/all_images/image_1656.jpeg,/DATA5/prabhakar/telecom/extracted_images/images/image_1656.jpeg,True,27932,singleton_1656,True,False,1,
1657,True,/data/all_images/image_1657.jpeg,/DATA5/prabhakar/telecom/extracted_images/images/image_1657.jpeg,True,33772,singleton_1657,True,False,1,
1658,True,/data/all_images/image_1658.png,/DATA5/prabhakar/telecom/extracted_images/images/image_1658.png,True,23996,dup_group_46,True,True,2,
1659,True,/data/all_images/image_1659.png,/DATA5/prabhakar/telecom/extracted_images/images/image_1659.png,True,50103,singleton_1659,True,False,1,
1660,True,/data/all_images/image_1660.jpeg,/DATA5/prabhakar/telecom/extracted_images/images/image_1660.jpeg,True,55658,singleton_1660,True,False,1,
1661,True,/data/all_images/image_1661.jpeg,/DATA5/prabhakar/telecom/extracted_images/images/image_1661.jpeg,True,33808,singleton_1661,True,False,1,
1662,True,/data/all_images/image_1662.jpeg,/DATA5/prabhakar/telecom/extracted_images/images/image_1662.jpeg,True,30332,singleton_1662,True,False,1,
1663,True,/data/all_images/image_1663.jpeg,/DATA5/prabhakar/telecom/extracted_images/images/image_1663.jpeg,True,29023,singleton_1663,True,False,1,
1664,True,/data/all_images/image_1664.png,/DATA5/prabhakar/telecom/extracted_images/images/image_1664.png,True,36052,singleton_1664,True,False,1,
1665,True,/data/all_images/image_1665.jpeg,/DATA5/prabhakar/telecom/extracted_images/images/image_1665.jpeg,True,30322,singleton_1665,True,False,1,
1666,True,/data/all_images/image_1666.jpeg,/DATA5/prabhakar/telecom/extracted_images/images/image_1666.jpeg,True,43398,singleton_1666,True,False,1,
1667,True,/data/all_images/image_1667.jpeg,/DATA5/prabhakar/telecom/extracted_images/images/image_1667.jpeg,True,45772,singleton_1667,True,False,1,
1668,True,/data/all_images/image_1668.jpeg,/DATA5/prabhakar/telecom/extracted_images/images/image_1668.jpeg,True,43886,singleton_1668,True,False,1,
1669,True,/data/all_images/image_1669.jpeg,/DATA5/prabhakar/telecom/extracted_images/images/image_1669.jpeg,True,33585,singleton_1669,True,False,1,
1670,True,/data/all_images/image_1670.jpeg,/DATA5/prabhakar/telecom/extracted_images/images/image_1670.jpeg,True,49740,singleton_1670,True,False,1,
1671,True,/data/all_images/image_1671.jpeg,/DATA5/prabhakar/telecom/extracted_images/images/image_1671.jpeg,True,26834,singleton_1671,True,False,1,
1672,True,/data/all_images/image_1672.png,/DATA5/prabhakar/telecom/extracted_images/images/image_1672.png,True,24462,singleton_1672,True,False,1,
1673,True,/data/all_images/image_1673.jpeg,/DATA5/prabhakar/telecom/extracted_images/images/image_1673.jpeg,True,22379,singleton_1673,True,False,1,
1674,True,/data/all_images/image_1674.jpeg,/DATA5/prabhakar/telecom/extracted_images/images/image_1674.jpeg,True,32036,singleton_1674,True,False,1,
1675,True,/data/all_images/image_1675.jpeg,/DATA5/prabhakar/telecom/extracted_images/images/image_1675.jpeg,True,23321,singleton_1675,True,False,1,
1676,True,/data/all_images/image_1676.jpeg,/DATA5/prabhakar/telecom/extracted_images/images/image_1676.jpeg,True,36039,singleton_1676,True,False,1,
1677,True,/data/all_images/image_1677.jpeg,/DATA5/prabhakar/telecom/extracted_images/images/image_1677.jpeg,True,35584,singleton_1677,True,False,1,
1678,True,/data/all_images/image_1678.jpeg,/DATA5/prabhakar/telecom/extracted_images/images/image_1678.jpeg,True,21251,singleton_1678,True,False,1,
1679,True,/data/all_images/image_1679.jpeg,/DATA5/prabhakar/telecom/extracted_images/images/image_1679.jpeg,True,22432,singleton_1679,True,False,1,
1680,True,/data/all_images/image_1680.jpeg,/DATA5/prabhakar/telecom/extracted_images/images/image_1680.jpeg,True,21431,singleton_1680,True,False,1,
1681,True,/data/all_images/image_1681.jpeg,/DATA5/prabhakar/telecom/extracted_images/images/image_1681.jpeg,True,41948,singleton_1681,True,False,1,
1682,True,/data/all_images/image_1682.png,/DATA5/prabhakar/telecom/extracted_images/images/image_1682.png,True,25587,singleton_1682,True,False,1,
1683,True,/data/all_images/image_1683.jpeg,/DATA5/prabhakar/telecom/extracted_images/images/image_1683.jpeg,True,23953,singleton_1683,True,False,1,
1684,True,/data/all_images/image_1684.jpeg,/DATA5/prabhakar/telecom/extracted_images/images/image_1684.jpeg,True,21725,singleton_1684,True,False,1,
1685,True,/data/all_images/image_1685.jpeg,/DATA5/prabhakar/telecom/extracted_images/images/image_1685.jpeg,True,35187,singleton_1685,True,False,1,
1686,True,/data/all_images/image_1686.jpeg,/DATA5/prabhakar/telecom/extracted_images/images/image_1686.jpeg,True,23292,singleton_1686,True,False,1,
1687,True,/data/all_images/image_1687.jpeg,/DATA5/prabhakar/telecom/extracted_images/images/image_1687.jpeg,True,61254,singleton_1687,True,False,1,
1688,True,/data/all_images/image_1688.jpeg,/DATA5/prabhakar/telecom/extracted_images/images/image_1688.jpeg,True,25729,singleton_1688,True,False,1,
1689,True,/data/all_images/image_1689.jpeg,/DATA5/prabhakar/telecom/extracted_images/images/image_1689.jpeg,True,71887,singleton_1689,True,False,1,
1690,True,/data/all_images/image_1690.jpeg,/DATA5/prabhakar/telecom/extracted_images/images/image_1690.jpeg,True,27093,singleton_1690,True,False,1,
1691,True,/data/all_images/image_1691.jpeg,/DATA5/prabhakar/telecom/extracted_images/images/image_1691.jpeg,True,58598,singleton_1691,True,False,1,
1692,True,/data/all_images/image_1692.png,/DATA5/prabhakar/telecom/extracted_images/images/image_1692.png,True,68251,singleton_1692,True,False,1,
1693,True,/data/all_images/image_1693.png,/DATA5/prabhakar/telecom/extracted_images/images/image_1693.png,True,22722,singleton_1693,True,False,1,
1694,True,/data/all_images/image_1694.jpeg,/DATA5/prabhakar/telecom/extracted_images/images/image_1694.jpeg,True,87350,singleton_1694,True,False,1,
1695,True,/data/all_images/image_1695.jpeg,/DATA5/prabhakar/telecom/extracted_images/images/image_1695.jpeg,True,32149,singleton_1695,True,False,1,
1696,True,/data/all_images/image_1696.jpeg,/DATA5/prabhakar/telecom/extracted_images/images/image_1696.jpeg,True,51408,singleton_1696,True,False,1,
1697,True,/data/all_images/image_1697.png,/DATA5/prabhakar/telecom/extracted_images/images/image_1697.png,True,53555,singleton_1697,True,False,1,
1698,True,/data/all_images/image_1698.png,/DATA5/prabhakar/telecom/extracted_images/images/image_1698.png,True,39190,singleton_1698,True,False,1,
1699,True,/data/all_images/image_1699.png,/DATA5/prabhakar/telecom/extracted_images/images/image_1699.png,True,25963,singleton_1699,True,False,1,
1700,True,/data/all_images/image_1700.jpeg,/DATA5/prabhakar/telecom/extracted_images/images/image_1700.jpeg,True,73885,singleton_1700,True,False,1,
1701,True,/data/all_images/image_1701.png,/DATA5/prabhakar/telecom/extracted_images/images/image_1701.png,True,33187,singleton_1701,True,False,1,
1702,True,/data/all_images/image_1702.png,/DATA5/prabhakar/telecom/extracted_images/images/image_1702.png,True,47666,singleton_1702,True,False,1,
1703,True,/data/all_images/image_1703.png,/DATA5/prabhakar/telecom/extracted_images/images/image_1703.png,True,41295,singleton_1703,True,False,1,
1704,True,/data/all_images/image_1704.jpeg,/DATA5/prabhakar/telecom/extracted_images/images/image_1704.jpeg,True,26370,singleton_1704,True,False,1,
1705,True,/data/all_images/image_1705.jpeg,/DATA5/prabhakar/telecom/extracted_images/images/image_1705.jpeg,True,34553,singleton_1705,True,False,1,
1706,True,/data/all_images/image_1706.png,/DATA5/prabhakar/telecom/extracted_images/images/image_1706.png,True,34621,singleton_1706,True,False,1,
1707,True,/data/all_images/image_1707.jpeg,/DATA5/prabhakar/telecom/extracted_images/images/image_1707.jpeg,True,33572,singleton_1707,True,False,1,
1708,True,/data/all_images/image_1708.png,/DATA5/prabhakar/telecom/extracted_images/images/image_1708.png,True,30153,singleton_1708,True,False,1,
1709,True,/data/all_images/image_1709.jpeg,/DATA5/prabhakar/telecom/extracted_images/images/image_1709.jpeg,True,40643,dup_group_47,True,True,3,
1710,True,/data/all_images/image_1710.png,/DATA5/prabhakar/telecom/extracted_images/images/image_1710.png,True,24651,dup_group_48,True,True,2,
1711,True,/data/all_images/image_1711.png,/DATA5/prabhakar/telecom/extracted_images/images/image_1711.png,True,24141,dup_group_49,True,True,2,
1712,True,/data/all_images/image_1712.png,/DATA5/prabhakar/telecom/extracted_images/images/image_1712.png,True,36459,dup_group_50,True,True,2,
1713,True,/data/all_images/image_1713.jpeg,/DATA5/prabhakar/telecom/extracted_images/images/image_1713.jpeg,True,45427,dup_group_51,True,True,2,
1714,True,/data/all_images/image_1714.jpeg,/DATA5/prabhakar/telecom/extracted_images/images/image_1714.jpeg,True,46426,dup_group_52,True,True,2,
1715,True,/data/all_images/image_1715.png,/DATA5/prabhakar/telecom/extracted_images/images/image_1715.png,True,31848,dup_group_53,True,True,2,
1716,True,/data/all_images/image_1716.png,/DATA5/prabhakar/telecom/extracted_images/images/image_1716.png,True,32934,dup_group_54,True,True,2,
1717,True,/data/all_images/image_1717.png,/DATA5/prabhakar/telecom/extracted_images/images/image_1717.png,True,31499,dup_group_55,True,True,2,
1718,True,/data/all_images/image_1718.png,/DATA5/prabhakar/telecom/extracted_images/images/image_1718.png,True,33495,dup_group_56,True,True,2,
1719,True,/data/all_images/image_1719.png,/DATA5/prabhakar/telecom/extracted_images/images/image_1719.png,True,31304,dup_group_57,True,True,2,
1720,True,/data/all_images/image_1720.png,/DATA5/prabhakar/telecom/extracted_images/images/image_1720.png,True,30358,dup_group_58,True,True,2,
1721,True,/data/all_images/image_1721.jpeg,/DATA5/prabhakar/telecom/extracted_images/images/image_1721.jpeg,True,25262,singleton_1721,True,False,1,
1722,True,/data/all_images/image_1722.png,/DATA5/prabhakar/telecom/extracted_images/images/image_1722.png,True,26129,singleton_1722,True,False,1,
1723,True,/data/all_images/image_1723.jpeg,/DATA5/prabhakar/telecom/extracted_images/images/image_1723.jpeg,True,37929,dup_group_59,True,True,2,
1724,True,/data/all_images/image_1724.png,/DATA5/prabhakar/telecom/extracted_images/images/image_1724.png,True,22186,dup_group_60,True,True,2,
1725,True,/data/all_images/image_1725.png,/DATA5/prabhakar/telecom/extracted_images/images/image_1725.png,True,34720,dup_group_61,True,True,2,
1726,True,/data/all_images/image_1726.jpeg,/DATA5/prabhakar/telecom/extracted_images/images/image_1726.jpeg,True,31017,dup_group_62,True,True,2,
1727,True,/data/all_images/image_1727.png,/DATA5/prabhakar/telecom/extracted_images/images/image_1727.png,True,29323,dup_group_63,True,True,2,
1728,True,/data/all_images/image_1728.png,/DATA5/prabhakar/telecom/extracted_images/images/image_1728.png,True,24274,dup_group_64,True,True,2,
1729,True,/data/all_images/image_1729.jpeg,/DATA5/prabhakar/telecom/extracted_images/images/image_1729.jpeg,True,27826,dup_group_65,True,True,2,
1730,True,/data/all_images/image_1730.jpeg,/DATA5/prabhakar/telecom/extracted_images/images/image_1730.jpeg,True,29345,dup_group_66,True,True,2,
1731,True,/data/all_images/image_1731.png,/DATA5/prabhakar/telecom/extracted_images/images/image_1731.png,True,27133,dup_group_3,True,True,3,
1732,True,/data/all_images/image_1732.png,/DATA5/prabhakar/telecom/extracted_images/images/image_1732.png,True,28440,dup_group_67,True,True,2,
1733,True,/data/all_images/image_1733.png,/DATA5/prabhakar/telecom/extracted_images/images/image_1733.png,True,25950,dup_group_68,True,True,2,
1734,True,/data/all_images/image_1734.png,/DATA5/prabhakar/telecom/extracted_images/images/image_1734.png,True,26985,dup_group_69,True,True,2,
1735,True,/data/all_images/image_1735.jpeg,/DATA5/prabhakar/telecom/extracted_images/images/image_1735.jpeg,True,35635,dup_group_70,True,True,2,
1736,True,/data/all_images/image_1736.jpeg,/DATA5/prabhakar/telecom/extracted_images/images/image_1736.jpeg,True,49761,dup_group_4,True,True,3,
1737,True,/data/all_images/image_1737.jpeg,/DATA5/prabhakar/telecom/extracted_images/images/image_1737.jpeg,True,20808,dup_group_71,True,True,2,
1738,True,/data/all_images/image_1738.png,/DATA5/prabhakar/telecom/extracted_images/images/image_1738.png,True,26503,dup_group_72,True,True,2,
1739,True,/data/all_images/image_1739.png,/DATA5/prabhakar/telecom/extracted_images/images/image_1739.png,True,26572,dup_group_73,True,True,2,
1740,True,/data/all_images/image_1740.jpeg,/DATA5/prabhakar/telecom/extracted_images/images/image_1740.jpeg,True,34508,dup_group_74,True,True,2,
1741,True,/data/all_images/image_1741.jpeg,/DATA5/prabhakar/telecom/extracted_images/images/image_1741.jpeg,True,32614,dup_group_75,True,True,2,
1742,True,/data/all_images/image_1742.png,/DATA5/prabhakar/telecom/extracted_images/images/image_1742.png,True,29174,dup_group_76,True,True,2,
1743,True,/data/all_images/image_1743.png,/DATA5/prabhakar/telecom/extracted_images/images/image_1743.png,True,33367,dup_group_77,True,True,2,
1744,True,/data/all_images/image_1744.png,/DATA5/prabhakar/telecom/extracted_images/images/image_1744.png,True,26014,dup_group_78,True,True,2,
1745,True,/data/all_images/image_1745.png,/DATA5/prabhakar/telecom/extracted_images/images/image_1745.png,True,34354,dup_group_79,True,True,2,
1746,True,/data/all_images/image_1746.png,/DATA5/prabhakar/telecom/extracted_images/images/image_1746.png,True,40789,dup_group_80,True,True,2,
1747,True,/data/all_images/image_1747.png,/DATA5/prabhakar/telecom/extracted_images/images/image_1747.png,True,28780,dup_group_81,True,True,2,
1748,True,/data/all_images/image_1748.png,/DATA5/prabhakar/telecom/extracted_images/images/image_1748.png,True,21296,dup_group_82,True,True,2,
1749,True,/data/all_images/image_1749.png,/DATA5/prabhakar/telecom/extracted_images/images/image_1749.png,True,22907,dup_group_83,True,True,2,
1750,True,/data/all_images/image_1750.png,/DATA5/prabhakar/telecom/extracted_images/images/image_1750.png,True,26875,dup_group_84,True,True,2,
1751,True,/data/all_images/image_1751.jpeg,/DATA5/prabhakar/telecom/extracted_images/images/image_1751.jpeg,True,23073,dup_group_85,True,True,2,
1752,True,/data/all_images/image_1752.jpeg,/DATA5/prabhakar/telecom/extracted_images/images/image_1752.jpeg,True,22358,dup_group_86,True,True,2,
1753,True,/data/all_images/image_1753.jpeg,/DATA5/prabhakar/telecom/extracted_images/images/image_1753.jpeg,True,27809,dup_group_87,True,True,2,
1754,True,/data/all_images/image_1754.jpeg,/DATA5/prabhakar/telecom/extracted_images/images/image_1754.jpeg,True,35839,dup_group_88,True,True,2,
1755,True,/data/all_images/image_1755.jpeg,/DATA5/prabhakar/telecom/extracted_images/images/image_1755.jpeg,True,29962,dup_group_89,True,True,2,
1756,True,/data/all_images/image_1756.jpeg,/DATA5/prabhakar/telecom/extracted_images/images/image_1756.jpeg,True,22787,dup_group_90,True,True,2,
1757,True,/data/all_images/image_1757.png,/DATA5/prabhakar/telecom/extracted_images/images/image_1757.png,True,26946,singleton_1757,True,False,1,
1758,True,/data/all_images/image_1758.jpeg,/DATA5/prabhakar/telecom/extracted_images/images/image_1758.jpeg,True,24384,singleton_1758,True,False,1,
1759,True,/data/all_images/image_1759.png,/DATA5/prabhakar/telecom/extracted_images/images/image_1759.png,True,31311,dup_group_91,True,True,2,
1760,True,/data/all_images/image_1760.png,/DATA5/prabhakar/telecom/extracted_images/images/image_1760.png,True,23524,dup_group_92,True,True,2,
1761,True,/data/all_images/image_1761.png,/DATA5/prabhakar/telecom/extracted_images/images/image_1761.png,True,26491,dup_group_93,True,True,2,
1762,True,/data/all_images/image_1762.png,/DATA5/prabhakar/telecom/extracted_images/images/image_1762.png,True,23636,dup_group_94,True,True,2,
1763,True,/data/all_images/image_1763.png,/DATA5/prabhakar/telecom/extracted_images/images/image_1763.png,True,24827,dup_group_95,True,True,2,
1764,True,/data/all_images/image_1764.jpeg,/DATA5/prabhakar/telecom/extracted_images/images/image_1764.jpeg,True,44053,dup_group_96,True,True,4,
1765,True,/data/all_images/image_1765.png,/DATA5/prabhakar/telecom/extracted_images/images/image_1765.png,True,31324,dup_group_97,True,True,2,
1766,True,/data/all_images/image_1766.png,/DATA5/prabhakar/telecom/extracted_images/images/image_1766.png,True,38614,singleton_1766,True,False,1,
1767,True,/data/all_images/image_1767.jpeg,/DATA5/prabhakar/telecom/extracted_images/images/image_1767.jpeg,True,31533,dup_group_98,True,True,2,
1768,True,/data/all_images/image_1768.jpeg,/DATA5/prabhakar/telecom/extracted_images/images/image_1768.jpeg,True,21092,dup_group_99,True,True,2,
1769,True,/data/all_images/image_1769.jpeg,/DATA5/prabhakar/telecom/extracted_images/images/image_1769.jpeg,True,46640,dup_group_100,True,True,2,
1770,True,/data/all_images/image_1770.png,/DATA5/prabhakar/telecom/extracted_images/images/image_1770.png,True,32387,dup_group_101,True,True,2,
1771,True,/data/all_images/image_1771.png,/DATA5/prabhakar/telecom/extracted_images/images/image_1771.png,True,33398,dup_group_102,True,True,2,
1772,True,/data/all_images/image_1772.jpeg,/DATA5/prabhakar/telecom/extracted_images/images/image_1772.jpeg,True,27960,dup_group_103,True,True,2,
1773,True,/data/all_images/image_1773.jpeg,/DATA5/prabhakar/telecom/extracted_images/images/image_1773.jpeg,True,60526,dup_group_104,True,True,2,
1774,True,/data/all_images/image_1774.jpeg,/DATA5/prabhakar/telecom/extracted_images/images/image_1774.jpeg,True,45049,dup_group_105,True,True,2,
1775,True,/data/all_images/image_1775.png,/DATA5/prabhakar/telecom/extracted_images/images/image_1775.png,True,54551,dup_group_106,True,True,2,
1776,True,/data/all_images/image_1776.jpeg,/DATA5/prabhakar/telecom/extracted_images/images/image_1776.jpeg,True,35438,singleton_1776,True,False,1,
1777,True,/data/all_images/image_1777.png,/DATA5/prabhakar/telecom/extracted_images/images/image_1777.png,True,29463,dup_group_107,True,True,2,
1778,True,/data/all_images/image_1778.jpeg,/DATA5/prabhakar/telecom/extracted_images/images/image_1778.jpeg,True,32555,dup_group_108,True,True,2,
1779,True,/data/all_images/image_1779.jpeg,/DATA5/prabhakar/telecom/extracted_images/images/image_1779.jpeg,True,38527,singleton_1779,True,False,1,
1780,True,/data/all_images/image_1780.png,/DATA5/prabhakar/telecom/extracted_images/images/image_1780.png,True,36038,dup_group_109,True,True,2,
1781,True,/data/all_images/image_1781.jpeg,/DATA5/prabhakar/telecom/extracted_images/images/image_1781.jpeg,True,47236,dup_group_110,True,True,2,
1782,True,/data/all_images/image_1782.jpeg,/DATA5/prabhakar/telecom/extracted_images/images/image_1782.jpeg,True,48357,singleton_1782,True,False,1,
1783,True,/data/all_images/image_1783.png,/DATA5/prabhakar/telecom/extracted_images/images/image_1783.png,True,33089,dup_group_111,True,True,2,
1784,True,/data/all_images/image_1784.png,/DATA5/prabhakar/telecom/extracted_images/images/image_1784.png,True,33206,dup_group_112,True,True,2,
1785,True,/data/all_images/image_1785.png,/DATA5/prabhakar/telecom/extracted_images/images/image_1785.png,True,33620,dup_group_113,True,True,2,
1786,True,/data/all_images/image_1786.jpeg,/DATA5/prabhakar/telecom/extracted_images/images/image_1786.jpeg,True,36784,singleton_1786,True,False,1,
1787,True,/data/all_images/image_1787.png,/DATA5/prabhakar/telecom/extracted_images/images/image_1787.png,True,35073,singleton_1787,True,False,1,
1788,True,/data/all_images/image_1788.jpeg,/DATA5/prabhakar/telecom/extracted_images/images/image_1788.jpeg,True,44153,dup_group_114,True,True,2,
1789,True,/data/all_images/image_1789.jpeg,/DATA5/prabhakar/telecom/extracted_images/images/image_1789.jpeg,True,41444,dup_group_115,True,True,2,
1790,True,/data/all_images/image_1790.jpeg,/DATA5/prabhakar/telecom/extracted_images/images/image_1790.jpeg,True,47804,dup_group_116,True,True,2,
1791,True,/data/all_images/image_1791.jpeg,/DATA5/prabhakar/telecom/extracted_images/images/image_1791.jpeg,True,43486,dup_group_117,True,True,2,
1792,True,/data/all_images/image_1792.jpeg,/DATA5/prabhakar/telecom/extracted_images/images/image_1792.jpeg,True,34484,dup_group_118,True,True,2,
1793,True,/data/all_images/image_1793.jpeg,/DATA5/prabhakar/telecom/extracted_images/images/image_1793.jpeg,True,30789,dup_group_119,True,True,2,
1794,True,/data/all_images/image_1794.jpeg,/DATA5/prabhakar/telecom/extracted_images/images/image_1794.jpeg,True,32479,dup_group_120,True,True,2,
1795,True,/data/all_images/image_1795.png,/DATA5/prabhakar/telecom/extracted_images/images/image_1795.png,True,24926,dup_group_121,True,True,2,
1796,True,/data/all_images/image_1796.jpeg,/DATA5/prabhakar/telecom/extracted_images/images/image_1796.jpeg,True,37521,dup_group_122,True,True,2,
1797,True,/data/all_images/image_1797.jpeg,/DATA5/prabhakar/telecom/extracted_images/images/image_1797.jpeg,True,38297,dup_group_123,True,True,2,
1798,True,/data/all_images/image_1798.jpeg,/DATA5/prabhakar/telecom/extracted_images/images/image_1798.jpeg,True,32560,dup_group_124,True,True,2,
1799,True,/data/all_images/image_1799.jpeg,/DATA5/prabhakar/telecom/extracted_images/images/image_1799.jpeg,True,32427,singleton_1799,True,False,1,
1800,True,/data/all_images/image_1800.png,/DATA5/prabhakar/telecom/extracted_images/images/image_1800.png,True,23631,singleton_1800,True,False,1,
1801,True,/data/all_images/image_1801.png,/DATA5/prabhakar/telecom/extracted_images/images/image_1801.png,True,28863,singleton_1801,True,False,1,
1802,True,/data/all_images/image_1802.png,/DATA5/prabhakar/telecom/extracted_images/images/image_1802.png,True,23079,dup_group_125,True,True,2,
1803,True,/data/all_images/image_1803.png,/DATA5/prabhakar/telecom/extracted_images/images/image_1803.png,True,20600,dup_group_126,True,True,2,
1804,True,/data/all_images/image_1804.png,/DATA5/prabhakar/telecom/extracted_images/images/image_1804.png,True,29096,dup_group_127,True,True,2,
1805,True,/data/all_images/image_1805.png,/DATA5/prabhakar/telecom/extracted_images/images/image_1805.png,True,30679,dup_group_128,True,True,2,
1806,True,/data/all_images/image_1806.jpeg,/DATA5/prabhakar/telecom/extracted_images/images/image_1806.jpeg,True,30999,dup_group_129,True,True,2,
1807,True,/data/all_images/image_1807.jpeg,/DATA5/prabhakar/telecom/extracted_images/images/image_1807.jpeg,True,22088,dup_group_130,True,True,2,
1808,True,/data/all_images/image_1808.jpeg,/DATA5/prabhakar/telecom/extracted_images/images/image_1808.jpeg,True,26905,dup_group_131,True,True,2,
1809,True,/data/all_images/image_1809.jpeg,/DATA5/prabhakar/telecom/extracted_images/images/image_1809.jpeg,True,21911,dup_group_132,True,True,2,
1810,True,/data/all_images/image_1810.jpeg,/DATA5/prabhakar/telecom/extracted_images/images/image_1810.jpeg,True,30828,dup_group_133,True,True,2,
1811,True,/data/all_images/image_1811.jpeg,/DATA5/prabhakar/telecom/extracted_images/images/image_1811.jpeg,True,33114,dup_group_134,True,True,2,
1812,True,/data/all_images/image_1812.png,/DATA5/prabhakar/telecom/extracted_images/images/image_1812.png,True,27286,singleton_1812,True,False,1,
1813,True,/data/all_images/image_1813.png,/DATA5/prabhakar/telecom/extracted_images/images/image_1813.png,True,29201,singleton_1813,True,False,1,
1814,True,/data/all_images/image_1814.png,/DATA5/prabhakar/telecom/extracted_images/images/image_1814.png,True,32224,singleton_1814,True,False,1,
1815,True,/data/all_images/image_1815.png,/DATA5/prabhakar/telecom/extracted_images/images/image_1815.png,True,39237,dup_group_135,True,True,2,
1816,True,/data/all_images/image_1816.png,/DATA5/prabhakar/telecom/extracted_images/images/image_1816.png,True,26551,dup_group_136,True,True,2,
1817,True,/data/all_images/image_1817.png,/DATA5/prabhakar/telecom/extracted_images/images/image_1817.png,True,25140,dup_group_137,True,True,2,
1818,True,/data/all_images/image_1818.jpeg,/DATA5/prabhakar/telecom/extracted_images/images/image_1818.jpeg,True,49221,dup_group_138,True,True,2,
1819,True,/data/all_images/image_1819.png,/DATA5/prabhakar/telecom/extracted_images/images/image_1819.png,True,26706,dup_group_139,True,True,2,
1820,True,/data/all_images/image_1820.png,/DATA5/prabhakar/telecom/extracted_images/images/image_1820.png,True,29849,dup_group_140,True,True,2,
1821,True,/data/all_images/image_1821.png,/DATA5/prabhakar/telecom/extracted_images/images/image_1821.png,True,20911,singleton_1821,True,False,1,
1822,True,/data/all_images/image_1822.png,/DATA5/prabhakar/telecom/extracted_images/images/image_1822.png,True,44776,dup_group_141,True,True,2,
1823,True,/data/all_images/image_1823.png,/DATA5/prabhakar/telecom/extracted_images/images/image_1823.png,True,46519,dup_group_142,True,True,2,
1824,True,/data/all_images/image_1824.png,/DATA5/prabhakar/telecom/extracted_images/images/image_1824.png,True,39768,dup_group_143,True,True,2,
1825,True,/data/all_images/image_1825.jpeg,/DATA5/prabhakar/telecom/extracted_images/images/image_1825.jpeg,True,26255,dup_group_144,True,True,2,
1826,True,/data/all_images/image_1826.png,/DATA5/prabhakar/telecom/extracted_images/images/image_1826.png,True,21596,dup_group_145,True,True,2,
1827,True,/data/all_images/image_1827.jpeg,/DATA5/prabhakar/telecom/extracted_images/images/image_1827.jpeg,True,27570,singleton_1827,True,False,1,
1828,True,/data/all_images/image_1828.jpeg,/DATA5/prabhakar/telecom/extracted_images/images/image_1828.jpeg,True,30637,dup_group_146,True,True,2,
1829,True,/data/all_images/image_1829.png,/DATA5/prabhakar/telecom/extracted_images/images/image_1829.png,True,22154,dup_group_147,True,True,2,
1830,True,/data/all_images/image_1830.jpeg,/DATA5/prabhakar/telecom/extracted_images/images/image_1830.jpeg,True,23600,dup_group_148,True,True,2,
1831,True,/data/all_images/image_1831.jpeg,/DATA5/prabhakar/telecom/extracted_images/images/image_1831.jpeg,True,46254,singleton_1831,True,False,1,
1832,True,/data/all_images/image_1832.jpeg,/DATA5/prabhakar/telecom/extracted_images/images/image_1832.jpeg,True,34759,dup_group_149,True,True,2,
1833,True,/data/all_images/image_1833.png,/DATA5/prabhakar/telecom/extracted_images/images/image_1833.png,True,20817,singleton_1833,True,False,1,
1834,True,/data/all_images/image_1834.png,/DATA5/prabhakar/telecom/extracted_images/images/image_1834.png,True,22520,singleton_1834,True,False,1,
1835,True,/data/all_images/image_1835.jpeg,/DATA5/prabhakar/telecom/extracted_images/images/image_1835.jpeg,True,46113,dup_group_150,True,True,2,
1836,True,/data/all_images/image_1836.jpeg,/DATA5/prabhakar/telecom/extracted_images/images/image_1836.jpeg,True,23789,singleton_1836,True,False,1,
1837,True,/data/all_images/image_1837.png,/DATA5/prabhakar/telecom/extracted_images/images/image_1837.png,True,42243,singleton_1837,True,False,1,
1838,True,/data/all_images/image_1838.jpeg,/DATA5/prabhakar/telecom/extracted_images/images/image_1838.jpeg,True,90313,singleton_1838,True,False,1,
1839,True,/data/all_images/image_1839.jpeg,/DATA5/prabhakar/telecom/extracted_images/images/image_1839.jpeg,True,21942,singleton_1839,True,False,1,
1840,True,/data/all_images/image_1840.jpeg,/DATA5/prabhakar/telecom/extracted_images/images/image_1840.jpeg,True,24708,singleton_1840,True,False,1,
1841,True,/data/all_images/image_1841.jpeg,/DATA5/prabhakar/telecom/extracted_images/images/image_1841.jpeg,True,29102,singleton_1841,True,False,1,
1842,True,/data/all_images/image_1842.jpeg,/DATA5/prabhakar/telecom/extracted_images/images/image_1842.jpeg,True,77775,singleton_1842,True,False,1,
1843,True,/data/all_images/image_1843.jpeg,/DATA5/prabhakar/telecom/extracted_images/images/image_1843.jpeg,True,73429,singleton_1843,True,False,1,
1844,True,/data/all_images/image_1844.jpeg,/DATA5/prabhakar/telecom/extracted_images/images/image_1844.jpeg,True,47198,singleton_1844,True,False,1,
1845,True,/data/all_images/image_1845.jpeg,/DATA5/prabhakar/telecom/extracted_images/images/image_1845.jpeg,True,48232,singleton_1845,True,False,1,
1846,True,/data/all_images/image_1846.png,/DATA5/prabhakar/telecom/extracted_images/images/image_1846.png,True,44825,singleton_1846,True,False,1,
1847,True,/data/all_images/image_1847.jpeg,/DATA5/prabhakar/telecom/extracted_images/images/image_1847.jpeg,True,46113,dup_group_150,True,True,2,
1848,True,/data/all_images/image_1848.jpeg,/DATA5/prabhakar/telecom/extracted_images/images/image_1848.jpeg,True,33138,singleton_1848,True,False,1,
1849,True,/data/all_images/image_1849.jpeg,/DATA5/prabhakar/telecom/extracted_images/images/image_1849.jpeg,True,23171,singleton_1849,True,False,1,
1850,True,/data/all_images/image_1850.png,/DATA5/prabhakar/telecom/extracted_images/images/image_1850.png,True,39997,singleton_1850,True,False,1,
1851,True,/data/all_images/image_1851.png,/DATA5/prabhakar/telecom/extracted_images/images/image_1851.png,True,30462,singleton_1851,True,False,1,
1852,True,/data/all_images/image_1852.png,/DATA5/prabhakar/telecom/extracted_images/images/image_1852.png,True,36877,singleton_1852,True,False,1,
1853,True,/data/all_images/image_1853.png,/DATA5/prabhakar/telecom/extracted_images/images/image_1853.png,True,41380,singleton_1853,True,False,1,
1854,True,/data/all_images/image_1854.png,/DATA5/prabhakar/telecom/extracted_images/images/image_1854.png,True,21814,singleton_1854,True,False,1,
1855,True,/data/all_images/image_1855.jpeg,/DATA5/prabhakar/telecom/extracted_images/images/image_1855.jpeg,True,25547,singleton_1855,True,False,1,
1856,True,/data/all_images/image_1856.png,/DATA5/prabhakar/telecom/extracted_images/images/image_1856.png,True,46234,singleton_1856,True,False,1,
1857,True,/data/all_images/image_1857.png,/DATA5/prabhakar/telecom/extracted_images/images/image_1857.png,True,48070,singleton_1857,True,False,1,
1858,True,/data/all_images/image_1858.png,/DATA5/prabhakar/telecom/extracted_images/images/image_1858.png,True,26360,singleton_1858,True,False,1,
1859,True,/data/all_images/image_1859.png,/DATA5/prabhakar/telecom/extracted_images/images/image_1859.png,True,23197,singleton_1859,True,False,1,
1860,True,/data/all_images/image_1860.png,/DATA5/prabhakar/telecom/extracted_images/images/image_1860.png,True,24603,singleton_1860,True,False,1,
1861,True,/data/all_images/image_1861.png,/DATA5/prabhakar/telecom/extracted_images/images/image_1861.png,True,29825,singleton_1861,True,False,1,
1862,True,/data/all_images/image_1862.jpeg,/DATA5/prabhakar/telecom/extracted_images/images/image_1862.jpeg,True,21831,singleton_1862,True,False,1,
1863,True,/data/all_images/image_1863.jpeg,/DATA5/prabhakar/telecom/extracted_images/images/image_1863.jpeg,True,68645,singleton_1863,True,False,1,
1864,True,/data/all_images/image_1864.jpeg,/DATA5/prabhakar/telecom/extracted_images/images/image_1864.jpeg,True,39147,singleton_1864,True,False,1,
1865,True,/data/all_images/image_1865.jpeg,/DATA5/prabhakar/telecom/extracted_images/images/image_1865.jpeg,True,61335,singleton_1865,True,False,1,
1866,True,/data/all_images/image_1866.jpeg,/DATA5/prabhakar/telecom/extracted_images/images/image_1866.jpeg,True,33824,singleton_1866,True,False,1,
1867,True,/data/all_images/image_1867.jpeg,/DATA5/prabhakar/telecom/extracted_images/images/image_1867.jpeg,True,39265,singleton_1867,True,False,1,
1868,True,/data/all_images/image_1868.jpeg,/DATA5/prabhakar/telecom/extracted_images/images/image_1868.jpeg,True,38521,singleton_1868,True,False,1,
1869,True,/data/all_images/image_1869.jpeg,/DATA5/prabhakar/telecom/extracted_images/images/image_1869.jpeg,True,31904,singleton_1869,True,False,1,
1870,True,/data/all_images/image_1870.jpeg,/DATA5/prabhakar/telecom/extracted_images/images/image_1870.jpeg,True,42954,singleton_1870,True,False,1,
1871,True,/data/all_images/image_1871.jpeg,/DATA5/prabhakar/telecom/extracted_images/images/image_1871.jpeg,True,29126,singleton_1871,True,False,1,
1872,True,/data/all_images/image_1872.jpeg,/DATA5/prabhakar/telecom/extracted_images/images/image_1872.jpeg,True,48317,singleton_1872,True,False,1,
1873,True,/data/all_images/image_1873.jpeg,/DATA5/prabhakar/telecom/extracted_images/images/image_1873.jpeg,True,59165,singleton_1873,True,False,1,
1874,True,/data/all_images/image_1874.jpeg,/DATA5/prabhakar/telecom/extracted_images/images/image_1874.jpeg,True,86805,singleton_1874,True,False,1,
1875,True,/data/all_images/image_1875.jpeg,/DATA5/prabhakar/telecom/extracted_images/images/image_1875.jpeg,True,49674,singleton_1875,True,False,1,
1876,True,/data/all_images/image_1876.jpeg,/DATA5/prabhakar/telecom/extracted_images/images/image_1876.jpeg,True,27302,singleton_1876,True,False,1,
1877,True,/data/all_images/image_1877.jpeg,/DATA5/prabhakar/telecom/extracted_images/images/image_1877.jpeg,True,39242,singleton_1877,True,False,1,
1878,True,/data/all_images/image_1878.jpeg,/DATA5/prabhakar/telecom/extracted_images/images/image_1878.jpeg,True,33818,singleton_1878,True,False,1,
1879,True,/data/all_images/image_1879.jpeg,/DATA5/prabhakar/telecom/extracted_images/images/image_1879.jpeg,True,85652,singleton_1879,True,False,1,
1880,True,/data/all_images/image_1880.jpeg,/DATA5/prabhakar/telecom/extracted_images/images/image_1880.jpeg,True,52078,singleton_1880,True,False,1,
1881,True,/data/all_images/image_1881.jpeg,/DATA5/prabhakar/telecom/extracted_images/images/image_1881.jpeg,True,23503,singleton_1881,True,False,1,
1882,True,/data/all_images/image_1882.jpeg,/DATA5/prabhakar/telecom/extracted_images/images/image_1882.jpeg,True,39614,dup_group_151,True,True,2,
1883,True,/data/all_images/image_1883.png,/DATA5/prabhakar/telecom/extracted_images/images/image_1883.png,True,29498,singleton_1883,True,False,1,
1884,True,/data/all_images/image_1884.png,/DATA5/prabhakar/telecom/extracted_images/images/image_1884.png,True,40889,singleton_1884,True,False,1,
1885,True,/data/all_images/image_1885.jpeg,/DATA5/prabhakar/telecom/extracted_images/images/image_1885.jpeg,True,38178,singleton_1885,True,False,1,
1886,True,/data/all_images/image_1886.jpeg,/DATA5/prabhakar/telecom/extracted_images/images/image_1886.jpeg,True,39614,dup_group_151,True,True,2,
1887,True,/data/all_images/image_1887.jpeg,/DATA5/prabhakar/telecom/extracted_images/images/image_1887.jpeg,True,40010,singleton_1887,True,False,1,
1888,True,/data/all_images/image_1888.jpeg,/DATA5/prabhakar/telecom/extracted_images/images/image_1888.jpeg,True,38874,singleton_1888,True,False,1,
1889,True,/data/all_images/image_1889.jpeg,/DATA5/prabhakar/telecom/extracted_images/images/image_1889.jpeg,True,39047,singleton_1889,True,False,1,
1890,True,/data/all_images/image_1890.jpeg,/DATA5/prabhakar/telecom/extracted_images/images/image_1890.jpeg,True,32533,singleton_1890,True,False,1,
1891,True,/data/all_images/image_1891.png,/DATA5/prabhakar/telecom/extracted_images/images/image_1891.png,True,20655,singleton_1891,True,False,1,
1892,True,/data/all_images/image_1892.jpeg,/DATA5/prabhakar/telecom/extracted_images/images/image_1892.jpeg,True,34431,singleton_1892,True,False,1,
1893,True,/data/all_images/image_1893.jpeg,/DATA5/prabhakar/telecom/extracted_images/images/image_1893.jpeg,True,28615,singleton_1893,True,False,1,
1894,True,/data/all_images/image_1894.jpeg,/DATA5/prabhakar/telecom/extracted_images/images/image_1894.jpeg,True,87130,singleton_1894,True,False,1,
1895,True,/data/all_images/image_1895.jpeg,/DATA5/prabhakar/telecom/extracted_images/images/image_1895.jpeg,True,41446,singleton_1895,True,False,1,
1896,True,/data/all_images/image_1896.png,/DATA5/prabhakar/telecom/extracted_images/images/image_1896.png,True,23728,singleton_1896,True,False,1,
1897,True,/data/all_images/image_1897.png,/DATA5/prabhakar/telecom/extracted_images/images/image_1897.png,True,31000,singleton_1897,True,False,1,
1898,True,/data/all_images/image_1898.png,/DATA5/prabhakar/telecom/extracted_images/images/image_1898.png,True,21608,singleton_1898,True,False,1,
1899,True,/data/all_images/image_1899.png,/DATA5/prabhakar/telecom/extracted_images/images/image_1899.png,True,30285,singleton_1899,True,False,1,
1900,True,/data/all_images/image_1900.jpeg,/DATA5/prabhakar/telecom/extracted_images/images/image_1900.jpeg,True,83966,singleton_1900,True,False,1,
1901,True,/data/all_images/image_1901.png,/DATA5/prabhakar/telecom/extracted_images/images/image_1901.png,True,36003,singleton_1901,True,False,1,
1902,True,/data/all_images/image_1902.png,/DATA5/prabhakar/telecom/extracted_images/images/image_1902.png,True,32612,singleton_1902,True,False,1,
1903,True,/data/all_images/image_1903.png,/DATA5/prabhakar/telecom/extracted_images/images/image_1903.png,True,35498,singleton_1903,True,False,1,
1904,True,/data/all_images/image_1904.png,/DATA5/prabhakar/telecom/extracted_images/images/image_1904.png,True,21588,singleton_1904,True,False,1,
1905,True,/data/all_images/image_1905.jpeg,/DATA5/prabhakar/telecom/extracted_images/images/image_1905.jpeg,True,39736,singleton_1905,True,False,1,
1906,True,/data/all_images/image_1906.jpeg,/DATA5/prabhakar/telecom/extracted_images/images/image_1906.jpeg,True,28432,singleton_1906,True,False,1,
1907,True,/data/all_images/image_1907.jpeg,/DATA5/prabhakar/telecom/extracted_images/images/image_1907.jpeg,True,58945,singleton_1907,True,False,1,
1908,True,/data/all_images/image_1908.jpeg,/DATA5/prabhakar/telecom/extracted_images/images/image_1908.jpeg,True,58809,singleton_1908,True,False,1,
1909,True,/data/all_images/image_1909.jpeg,/DATA5/prabhakar/telecom/extracted_images/images/image_1909.jpeg,True,34701,singleton_1909,True,False,1,
1910,True,/data/all_images/image_1910.png,/DATA5/prabhakar/telecom/extracted_images/images/image_1910.png,True,37323,singleton_1910,True,False,1,
1911,True,/data/all_images/image_1911.png,/DATA5/prabhakar/telecom/extracted_images/images/image_1911.png,True,29216,singleton_1911,True,False,1,
1912,True,/data/all_images/image_1912.png,/DATA5/prabhakar/telecom/extracted_images/images/image_1912.png,True,24694,singleton_1912,True,False,1,
1913,True,/data/all_images/image_1913.png,/DATA5/prabhakar/telecom/extracted_images/images/image_1913.png,True,32236,singleton_1913,True,False,1,
1914,True,/data/all_images/image_1914.png,/DATA5/prabhakar/telecom/extracted_images/images/image_1914.png,True,26331,singleton_1914,True,False,1,
1915,True,/data/all_images/image_1915.png,/DATA5/prabhakar/telecom/extracted_images/images/image_1915.png,True,27606,singleton_1915,True,False,1,
1916,True,/data/all_images/image_1916.png,/DATA5/prabhakar/telecom/extracted_images/images/image_1916.png,True,29664,singleton_1916,True,False,1,
1917,True,/data/all_images/image_1917.png,/DATA5/prabhakar/telecom/extracted_images/images/image_1917.png,True,29705,singleton_1917,True,False,1,
1918,True,/data/all_images/image_1918.png,/DATA5/prabhakar/telecom/extracted_images/images/image_1918.png,True,21185,singleton_1918,True,False,1,
1919,True,/data/all_images/image_1919.png,/DATA5/prabhakar/telecom/extracted_images/images/image_1919.png,True,22414,singleton_1919,True,False,1,
1920,True,/data/all_images/image_1920.png,/DATA5/prabhakar/telecom/extracted_images/images/image_1920.png,True,23773,singleton_1920,True,False,1,
1921,True,/data/all_images/image_1921.jpeg,/DATA5/prabhakar/telecom/extracted_images/images/image_1921.jpeg,True,31309,singleton_1921,True,False,1,
1922,True,/data/all_images/image_1922.jpeg,/DATA5/prabhakar/telecom/extracted_images/images/image_1922.jpeg,True,44316,singleton_1922,True,False,1,
1923,True,/data/all_images/image_1923.jpeg,/DATA5/prabhakar/telecom/extracted_images/images/image_1923.jpeg,True,29589,singleton_1923,True,False,1,
1924,True,/data/all_images/image_1924.png,/DATA5/prabhakar/telecom/extracted_images/images/image_1924.png,True,53628,singleton_1924,True,False,1,
1925,True,/data/all_images/image_1925.jpeg,/DATA5/prabhakar/telecom/extracted_images/images/image_1925.jpeg,True,42111,singleton_1925,True,False,1,
1926,True,/data/all_images/image_1926.jpeg,/DATA5/prabhakar/telecom/extracted_images/images/image_1926.jpeg,True,42198,singleton_1926,True,False,1,
1927,True,/data/all_images/image_1927.jpeg,/DATA5/prabhakar/telecom/extracted_images/images/image_1927.jpeg,True,37089,singleton_1927,True,False,1,
1928,True,/data/all_images/image_1928.jpeg,/DATA5/prabhakar/telecom/extracted_images/images/image_1928.jpeg,True,39673,singleton_1928,True,False,1,
1929,True,/data/all_images/image_1929.jpeg,/DATA5/prabhakar/telecom/extracted_images/images/image_1929.jpeg,True,34180,singleton_1929,True,False,1,
1930,True,/data/all_images/image_1930.jpeg,/DATA5/prabhakar/telecom/extracted_images/images/image_1930.jpeg,True,33075,singleton_1930,True,False,1,
1931,True,/data/all_images/image_1931.png,/DATA5/prabhakar/telecom/extracted_images/images/image_1931.png,True,28592,singleton_1931,True,False,1,
1932,True,/data/all_images/image_1932.jpeg,/DATA5/prabhakar/telecom/extracted_images/images/image_1932.jpeg,True,39132,singleton_1932,True,False,1,
1933,True,/data/all_images/image_1933.jpeg,/DATA5/prabhakar/telecom/extracted_images/images/image_1933.jpeg,True,61682,singleton_1933,True,False,1,
1934,True,/data/all_images/image_1934.jpeg,/DATA5/prabhakar/telecom/extracted_images/images/image_1934.jpeg,True,49009,singleton_1934,True,False,1,
1935,True,/data/all_images/image_1935.jpeg,/DATA5/prabhakar/telecom/extracted_images/images/image_1935.jpeg,True,59866,singleton_1935,True,False,1,
1936,True,/data/all_images/image_1936.png,/DATA5/prabhakar/telecom/extracted_images/images/image_1936.png,True,43121,singleton_1936,True,False,1,
1937,True,/data/all_images/image_1937.png,/DATA5/prabhakar/telecom/extracted_images/images/image_1937.png,True,24167,singleton_1937,True,False,1,
1938,True,/data/all_images/image_1938.png,/DATA5/prabhakar/telecom/extracted_images/images/image_1938.png,True,22826,singleton_1938,True,False,1,
1939,True,/data/all_images/image_1939.jpeg,/DATA5/prabhakar/telecom/extracted_images/images/image_1939.jpeg,True,35966,singleton_1939,True,False,1,
1940,True,/data/all_images/image_1940.jpeg,/DATA5/prabhakar/telecom/extracted_images/images/image_1940.jpeg,True,36298,singleton_1940,True,False,1,
1941,True,/data/all_images/image_1941.jpeg,/DATA5/prabhakar/telecom/extracted_images/images/image_1941.jpeg,True,32225,singleton_1941,True,False,1,
1942,True,/data/all_images/image_1942.jpeg,/DATA5/prabhakar/telecom/extracted_images/images/image_1942.jpeg,True,37233,singleton_1942,True,False,1,
1943,True,/data/all_images/image_1943.jpeg,/DATA5/prabhakar/telecom/extracted_images/images/image_1943.jpeg,True,41129,singleton_1943,True,False,1,
1944,True,/data/all_images/image_1944.jpeg,/DATA5/prabhakar/telecom/extracted_images/images/image_1944.jpeg,True,28779,singleton_1944,True,False,1,
1945,True,/data/all_images/image_1945.jpeg,/DATA5/prabhakar/telecom/extracted_images/images/image_1945.jpeg,True,29698,singleton_1945,True,False,1,
1946,True,/data/all_images/image_1946.jpeg,/DATA5/prabhakar/telecom/extracted_images/images/image_1946.jpeg,True,32647,singleton_1946,True,False,1,
1947,True,/data/all_images/image_1947.png,/DATA5/prabhakar/telecom/extracted_images/images/image_1947.png,True,68427,singleton_1947,True,False,1,
1948,True,/data/all_images/image_1948.png,/DATA5/prabhakar/telecom/extracted_images/images/image_1948.png,True,63701,singleton_1948,True,False,1,
1949,True,/data/all_images/image_1949.png,/DATA5/prabhakar/telecom/extracted_images/images/image_1949.png,True,66176,singleton_1949,True,False,1,
1950,True,/data/all_images/image_1950.png,/DATA5/prabhakar/telecom/extracted_images/images/image_1950.png,True,56608,singleton_1950,True,False,1,
1951,True,/data/all_images/image_1951.png,/DATA5/prabhakar/telecom/extracted_images/images/image_1951.png,True,55305,singleton_1951,True,False,1,
1952,True,/data/all_images/image_1952.png,/DATA5/prabhakar/telecom/extracted_images/images/image_1952.png,True,62261,singleton_1952,True,False,1,
1953,True,/data/all_images/image_1953.png,/DATA5/prabhakar/telecom/extracted_images/images/image_1953.png,True,54967,singleton_1953,True,False,1,
1954,True,/data/all_images/image_1954.jpeg,/DATA5/prabhakar/telecom/extracted_images/images/image_1954.jpeg,True,76909,singleton_1954,True,False,1,
1955,True,/data/all_images/image_1955.png,/DATA5/prabhakar/telecom/extracted_images/images/image_1955.png,True,24217,singleton_1955,True,False,1,
1956,True,/data/all_images/image_1956.png,/DATA5/prabhakar/telecom/extracted_images/images/image_1956.png,True,53294,singleton_1956,True,False,1,
1957,True,/data/all_images/image_1957.png,/DATA5/prabhakar/telecom/extracted_images/images/image_1957.png,True,51812,singleton_1957,True,False,1,
1958,True,/data/all_images/image_1958.png,/DATA5/prabhakar/telecom/extracted_images/images/image_1958.png,True,21481,singleton_1958,True,False,1,
1959,True,/data/all_images/image_1959.png,/DATA5/prabhakar/telecom/extracted_images/images/image_1959.png,True,30108,singleton_1959,True,False,1,
1960,True,/data/all_images/image_1960.png,/DATA5/prabhakar/telecom/extracted_images/images/image_1960.png,True,21865,singleton_1960,True,False,1,
1961,True,/data/all_images/image_1961.png,/DATA5/prabhakar/telecom/extracted_images/images/image_1961.png,True,43003,singleton_1961,True,False,1,
1962,True,/data/all_images/image_1962.jpeg,/DATA5/prabhakar/telecom/extracted_images/images/image_1962.jpeg,True,35752,singleton_1962,True,False,1,
1963,True,/data/all_images/image_1963.jpeg,/DATA5/prabhakar/telecom/extracted_images/images/image_1963.jpeg,True,42919,singleton_1963,True,False,1,
1964,True,/data/all_images/image_1964.jpeg,/DATA5/prabhakar/telecom/extracted_images/images/image_1964.jpeg,True,87540,singleton_1964,True,False,1,
1965,True,/data/all_images/image_1965.jpeg,/DATA5/prabhakar/telecom/extracted_images/images/image_1965.jpeg,True,88650,singleton_1965,True,False,1,
1966,True,/data/all_images/image_1966.jpeg,/DATA5/prabhakar/telecom/extracted_images/images/image_1966.jpeg,True,45846,singleton_1966,True,False,1,
1967,True,/data/all_images/image_1967.jpeg,/DATA5/prabhakar/telecom/extracted_images/images/image_1967.jpeg,True,22786,singleton_1967,True,False,1,
1968,True,/data/all_images/image_1968.jpeg,/DATA5/prabhakar/telecom/extracted_images/images/image_1968.jpeg,True,28512,singleton_1968,True,False,1,
1969,True,/data/all_images/image_1969.jpeg,/DATA5/prabhakar/telecom/extracted_images/images/image_1969.jpeg,True,36099,singleton_1969,True,False,1,
1970,True,/data/all_images/image_1970.jpeg,/DATA5/prabhakar/telecom/extracted_images/images/image_1970.jpeg,True,38815,singleton_1970,True,False,1,
1971,True,/data/all_images/image_1971.jpeg,/DATA5/prabhakar/telecom/extracted_images/images/image_1971.jpeg,True,34529,singleton_1971,True,False,1,
1972,True,/data/all_images/image_1972.jpeg,/DATA5/prabhakar/telecom/extracted_images/images/image_1972.jpeg,True,33154,singleton_1972,True,False,1,
1973,True,/data/all_images/image_1973.jpeg,/DATA5/prabhakar/telecom/extracted_images/images/image_1973.jpeg,True,37046,singleton_1973,True,False,1,
1974,True,/data/all_images/image_1974.jpeg,/DATA5/prabhakar/telecom/extracted_images/images/image_1974.jpeg,True,89782,singleton_1974,True,False,1,
1975,True,/data/all_images/image_1975.jpeg,/DATA5/prabhakar/telecom/extracted_images/images/image_1975.jpeg,True,81427,singleton_1975,True,False,1,
1976,True,/data/all_images/image_1976.jpeg,/DATA5/prabhakar/telecom/extracted_images/images/image_1976.jpeg,True,34499,singleton_1976,True,False,1,
1977,True,/data/all_images/image_1977.jpeg,/DATA5/prabhakar/telecom/extracted_images/images/image_1977.jpeg,True,26681,singleton_1977,True,False,1,
1978,True,/data/all_images/image_1978.jpeg,/DATA5/prabhakar/telecom/extracted_images/images/image_1978.jpeg,True,33676,singleton_1978,True,False,1,
1979,True,/data/all_images/image_1979.jpeg,/DATA5/prabhakar/telecom/extracted_images/images/image_1979.jpeg,True,26694,singleton_1979,True,False,1,
1980,True,/data/all_images/image_1980.jpeg,/DATA5/prabhakar/telecom/extracted_images/images/image_1980.jpeg,True,51497,singleton_1980,True,False,1,
1981,True,/data/all_images/image_1981.jpeg,/DATA5/prabhakar/telecom/extracted_images/images/image_1981.jpeg,True,36607,singleton_1981,True,False,1,
1982,True,/data/all_images/image_1982.png,/DATA5/prabhakar/telecom/extracted_images/images/image_1982.png,True,25557,singleton_1982,True,False,1,
1983,True,/data/all_images/image_1983.png,/DATA5/prabhakar/telecom/extracted_images/images/image_1983.png,True,29208,singleton_1983,True,False,1,
1984,True,/data/all_images/image_1984.jpeg,/DATA5/prabhakar/telecom/extracted_images/images/image_1984.jpeg,True,35728,singleton_1984,True,False,1,
1985,True,/data/all_images/image_1985.jpeg,/DATA5/prabhakar/telecom/extracted_images/images/image_1985.jpeg,True,24952,singleton_1985,True,False,1,
1986,True,/data/all_images/image_1986.jpeg,/DATA5/prabhakar/telecom/extracted_images/images/image_1986.jpeg,True,35313,singleton_1986,True,False,1,
1987,True,/data/all_images/image_1987.jpeg,/DATA5/prabhakar/telecom/extracted_images/images/image_1987.jpeg,True,26209,singleton_1987,True,False,1,
1988,True,/data/all_images/image_1988.jpeg,/DATA5/prabhakar/telecom/extracted_images/images/image_1988.jpeg,True,44822,singleton_1988,True,False,1,
1989,True,/data/all_images/image_1989.jpeg,/DATA5/prabhakar/telecom/extracted_images/images/image_1989.jpeg,True,38541,singleton_1989,True,False,1,
1990,True,/data/all_images/image_1990.jpeg,/DATA5/prabhakar/telecom/extracted_images/images/image_1990.jpeg,True,40924,singleton_1990,True,False,1,
1991,True,/data/all_images/image_1991.jpeg,/DATA5/prabhakar/telecom/extracted_images/images/image_1991.jpeg,True,40158,singleton_1991,True,False,1,
1992,True,/data/all_images/image_1992.jpeg,/DATA5/prabhakar/telecom/extracted_images/images/image_1992.jpeg,True,66026,singleton_1992,True,False,1,
1993,True,/data/all_images/image_1993.jpeg,/DATA5/prabhakar/telecom/extracted_images/images/image_1993.jpeg,True,63128,singleton_1993,True,False,1,
1994,True,/data/all_images/image_1994.jpeg,/DATA5/prabhakar/telecom/extracted_images/images/image_1994.jpeg,True,50177,singleton_1994,True,False,1,
1995,True,/data/all_images/image_1995.jpeg,/DATA5/prabhakar/telecom/extracted_images/images/image_1995.jpeg,True,55737,singleton_1995,True,False,1,
1996,True,/data/all_images/image_1996.jpeg,/DATA5/prabhakar/telecom/extracted_images/images/image_1996.jpeg,True,21204,singleton_1996,True,False,1,
1997,True,/data/all_images/image_1997.jpeg,/DATA5/prabhakar/telecom/extracted_images/images/image_1997.jpeg,True,28043,singleton_1997,True,False,1,
1998,True,/data/all_images/image_1998.png,/DATA5/prabhakar/telecom/extracted_images/images/image_1998.png,True,33358,singleton_1998,True,False,1,
1999,True,/data/all_images/image_1999.png,/DATA5/prabhakar/telecom/extracted_images/images/image_1999.png,True,24655,singleton_1999,True,False,1,
2000,True,/data/all_images/image_2000.jpeg,/DATA5/prabhakar/telecom/extracted_images/images/image_2000.jpeg,True,52861,singleton_2000,True,False,1,
2001,True,/data/all_images/image_2001.jpeg,/DATA5/prabhakar/telecom/extracted_images/images/image_2001.jpeg,True,39553,singleton_2001,True,False,1,
2002,True,/data/all_images/image_2002.png,/DATA5/prabhakar/telecom/extracted_images/images/image_2002.png,True,31886,singleton_2002,True,False,1,
2003,True,/data/all_images/image_2003.jpeg,/DATA5/prabhakar/telecom/extracted_images/images/image_2003.jpeg,True,25740,singleton_2003,True,False,1,
2004,True,/data/all_images/image_2004.png,/DATA5/prabhakar/telecom/extracted_images/images/image_2004.png,True,30738,singleton_2004,True,False,1,
2005,True,/data/all_images/image_2005.jpeg,/DATA5/prabhakar/telecom/extracted_images/images/image_2005.jpeg,True,24717,singleton_2005,True,False,1,
2006,True,/data/all_images/image_2006.png,/DATA5/prabhakar/telecom/extracted_images/images/image_2006.png,True,23964,singleton_2006,True,False,1,
2007,True,/data/all_images/image_2007.jpeg,/DATA5/prabhakar/telecom/extracted_images/images/image_2007.jpeg,True,33094,singleton_2007,True,False,1,
2008,True,/data/all_images/image_2008.png,/DATA5/prabhakar/telecom/extracted_images/images/image_2008.png,True,47851,singleton_2008,True,False,1,
2009,True,/data/all_images/image_2009.jpeg,/DATA5/prabhakar/telecom/extracted_images/images/image_2009.jpeg,True,69081,singleton_2009,True,False,1,
2010,True,/data/all_images/image_2010.jpeg,/DATA5/prabhakar/telecom/extracted_images/images/image_2010.jpeg,True,25119,singleton_2010,True,False,1,
2011,True,/data/all_images/image_2011.jpeg,/DATA5/prabhakar/telecom/extracted_images/images/image_2011.jpeg,True,38685,singleton_2011,True,False,1,
2012,True,/data/all_images/image_2012.jpeg,/DATA5/prabhakar/telecom/extracted_images/images/image_2012.jpeg,True,31306,singleton_2012,True,False,1,
2013,True,/data/all_images/image_2013.jpeg,/DATA5/prabhakar/telecom/extracted_images/images/image_2013.jpeg,True,40894,singleton_2013,True,False,1,
2014,True,/data/all_images/image_2014.jpeg,/DATA5/prabhakar/telecom/extracted_images/images/image_2014.jpeg,True,48684,singleton_2014,True,False,1,
2015,True,/data/all_images/image_2015.jpeg,/DATA5/prabhakar/telecom/extracted_images/images/image_2015.jpeg,True,29217,singleton_2015,True,False,1,
2016,True,/data/all_images/image_2016.jpeg,/DATA5/prabhakar/telecom/extracted_images/images/image_2016.jpeg,True,29271,singleton_2016,True,False,1,
2017,True,/data/all_images/image_2017.jpeg,/DATA5/prabhakar/telecom/extracted_images/images/image_2017.jpeg,True,33345,singleton_2017,True,False,1,
2018,True,/data/all_images/image_2018.jpeg,/DATA5/prabhakar/telecom/extracted_images/images/image_2018.jpeg,True,36676,singleton_2018,True,False,1,
2019,True,/data/all_images/image_2019.jpeg,/DATA5/prabhakar/telecom/extracted_images/images/image_2019.jpeg,True,34748,singleton_2019,True,False,1,
2020,True,/data/all_images/image_2020.jpeg,/DATA5/prabhakar/telecom/extracted_images/images/image_2020.jpeg,True,43151,singleton_2020,True,False,1,
2021,True,/data/all_images/image_2021.jpeg,/DATA5/prabhakar/telecom/extracted_images/images/image_2021.jpeg,True,24918,singleton_2021,True,False,1,
2022,True,/data/all_images/image_2022.jpeg,/DATA5/prabhakar/telecom/extracted_images/images/image_2022.jpeg,True,43136,singleton_2022,True,False,1,
2023,True,/data/all_images/image_2023.jpeg,/DATA5/prabhakar/telecom/extracted_images/images/image_2023.jpeg,True,21202,singleton_2023,True,False,1,
2024,True,/data/all_images/image_2024.jpeg,/DATA5/prabhakar/telecom/extracted_images/images/image_2024.jpeg,True,24879,singleton_2024,True,False,1,
2025,True,/data/all_images/image_2025.jpeg,/DATA5/prabhakar/telecom/extracted_images/images/image_2025.jpeg,True,33626,singleton_2025,True,False,1,
2026,True,/data/all_images/image_2026.jpeg,/DATA5/prabhakar/telecom/extracted_images/images/image_2026.jpeg,True,31847,singleton_2026,True,False,1,
2027,True,/data/all_images/image_2027.jpeg,/DATA5/prabhakar/telecom/extracted_images/images/image_2027.jpeg,True,38371,singleton_2027,True,False,1,
2028,True,/data/all_images/image_2028.jpeg,/DATA5/prabhakar/telecom/extracted_images/images/image_2028.jpeg,True,34500,singleton_2028,True,False,1,
2029,True,/data/all_images/image_2029.jpeg,/DATA5/prabhakar/telecom/extracted_images/images/image_2029.jpeg,True,28431,singleton_2029,True,False,1,
2030,True,/data/all_images/image_2030.jpeg,/DATA5/prabhakar/telecom/extracted_images/images/image_2030.jpeg,True,34026,singleton_2030,True,False,1,
2031,True,/data/all_images/image_2031.jpeg,/DATA5/prabhakar/telecom/extracted_images/images/image_2031.jpeg,True,22743,singleton_2031,True,False,1,
2032,True,/data/all_images/image_2032.jpeg,/DATA5/prabhakar/telecom/extracted_images/images/image_2032.jpeg,True,20570,singleton_2032,True,False,1,
2033,True,/data/all_images/image_2033.jpeg,/DATA5/prabhakar/telecom/extracted_images/images/image_2033.jpeg,True,24149,singleton_2033,True,False,1,
2034,True,/data/all_images/image_2034.jpeg,/DATA5/prabhakar/telecom/extracted_images/images/image_2034.jpeg,True,28302,singleton_2034,True,False,1,
2035,True,/data/all_images/image_2035.jpeg,/DATA5/prabhakar/telecom/extracted_images/images/image_2035.jpeg,True,25743,singleton_2035,True,False,1,
2036,True,/data/all_images/image_2036.jpeg,/DATA5/prabhakar/telecom/extracted_images/images/image_2036.jpeg,True,31664,singleton_2036,True,False,1,
2037,True,/data/all_images/image_2037.jpeg,/DATA5/prabhakar/telecom/extracted_images/images/image_2037.jpeg,True,37001,singleton_2037,True,False,1,
2038,True,/data/all_images/image_2038.jpeg,/DATA5/prabhakar/telecom/extracted_images/images/image_2038.jpeg,True,24775,singleton_2038,True,False,1,
2039,True,/data/all_images/image_2039.jpeg,/DATA5/prabhakar/telecom/extracted_images/images/image_2039.jpeg,True,30672,singleton_2039,True,False,1,
2040,True,/data/all_images/image_2040.jpeg,/DATA5/prabhakar/telecom/extracted_images/images/image_2040.jpeg,True,36132,singleton_2040,True,False,1,
2041,True,/data/all_images/image_2041.jpeg,/DATA5/prabhakar/telecom/extracted_images/images/image_2041.jpeg,True,25859,singleton_2041,True,False,1,
2042,True,/data/all_images/image_2042.jpeg,/DATA5/prabhakar/telecom/extracted_images/images/image_2042.jpeg,True,32753,singleton_2042,True,False,1,
2043,True,/data/all_images/image_2043.jpeg,/DATA5/prabhakar/telecom/extracted_images/images/image_2043.jpeg,True,37447,singleton_2043,True,False,1,
2044,True,/data/all_images/image_2044.jpeg,/DATA5/prabhakar/telecom/extracted_images/images/image_2044.jpeg,True,54044,singleton_2044,True,False,1,
2045,True,/data/all_images/image_2045.jpeg,/DATA5/prabhakar/telecom/extracted_images/images/image_2045.jpeg,True,23263,singleton_2045,True,False,1,
2046,True,/data/all_images/image_2046.jpeg,/DATA5/prabhakar/telecom/extracted_images/images/image_2046.jpeg,True,45416,dup_group_27,True,True,2,
2047,True,/data/all_images/image_2047.jpeg,/DATA5/prabhakar/telecom/extracted_images/images/image_2047.jpeg,True,30024,singleton_2047,True,False,1,
2048,True,/data/all_images/image_2048.jpeg,/DATA5/prabhakar/telecom/extracted_images/images/image_2048.jpeg,True,27374,singleton_2048,True,False,1,
2049,True,/data/all_images/image_2049.jpeg,/DATA5/prabhakar/telecom/extracted_images/images/image_2049.jpeg,True,24303,singleton_2049,True,False,1,
2050,True,/data/all_images/image_2050.jpeg,/DATA5/prabhakar/telecom/extracted_images/images/image_2050.jpeg,True,24476,singleton_2050,True,False,1,
2051,True,/data/all_images/image_2051.jpeg,/DATA5/prabhakar/telecom/extracted_images/images/image_2051.jpeg,True,28631,singleton_2051,True,False,1,
2052,True,/data/all_images/image_2052.jpeg,/DATA5/prabhakar/telecom/extracted_images/images/image_2052.jpeg,True,32924,singleton_2052,True,False,1,
2053,True,/data/all_images/image_2053.jpeg,/DATA5/prabhakar/telecom/extracted_images/images/image_2053.jpeg,True,32695,singleton_2053,True,False,1,
2054,True,/data/all_images/image_2054.jpeg,/DATA5/prabhakar/telecom/extracted_images/images/image_2054.jpeg,True,42697,singleton_2054,True,False,1,
2055,True,/data/all_images/image_2055.jpeg,/DATA5/prabhakar/telecom/extracted_images/images/image_2055.jpeg,True,65666,singleton_2055,True,False,1,
2056,True,/data/all_images/image_2056.png,/DATA5/prabhakar/telecom/extracted_images/images/image_2056.png,True,21967,singleton_2056,True,False,1,
2057,True,/data/all_images/image_2057.jpeg,/DATA5/prabhakar/telecom/extracted_images/images/image_2057.jpeg,True,27023,singleton_2057,True,False,1,
2058,True,/data/all_images/image_2058.png,/DATA5/prabhakar/telecom/extracted_images/images/image_2058.png,True,20902,singleton_2058,True,False,1,
2059,True,/data/all_images/image_2059.jpeg,/DATA5/prabhakar/telecom/extracted_images/images/image_2059.jpeg,True,28448,singleton_2059,True,False,1,
2060,True,/data/all_images/image_2060.png,/DATA5/prabhakar/telecom/extracted_images/images/image_2060.png,True,42349,singleton_2060,True,False,1,
2061,True,/data/all_images/image_2061.jpeg,/DATA5/prabhakar/telecom/extracted_images/images/image_2061.jpeg,True,38997,singleton_2061,True,False,1,
2062,True,/data/all_images/image_2062.jpeg,/DATA5/prabhakar/telecom/extracted_images/images/image_2062.jpeg,True,25239,singleton_2062,True,False,1,
2063,True,/data/all_images/image_2063.jpeg,/DATA5/prabhakar/telecom/extracted_images/images/image_2063.jpeg,True,57816,singleton_2063,True,False,1,
2064,True,/data/all_images/image_2064.png,/DATA5/prabhakar/telecom/extracted_images/images/image_2064.png,True,29595,singleton_2064,True,False,1,
2065,True,/data/all_images/image_2065.png,/DATA5/prabhakar/telecom/extracted_images/images/image_2065.png,True,43341,singleton_2065,True,False,1,
2066,True,/data/all_images/image_2066.png,/DATA5/prabhakar/telecom/extracted_images/images/image_2066.png,True,38893,singleton_2066,True,False,1,
2067,True,/data/all_images/image_2067.png,/DATA5/prabhakar/telecom/extracted_images/images/image_2067.png,True,41744,singleton_2067,True,False,1,
2068,True,/data/all_images/image_2068.jpeg,/DATA5/prabhakar/telecom/extracted_images/images/image_2068.jpeg,True,57156,singleton_2068,True,False,1,
2069,True,/data/all_images/image_2069.jpeg,/DATA5/prabhakar/telecom/extracted_images/images/image_2069.jpeg,True,54296,singleton_2069,True,False,1,
2070,True,/data/all_images/image_2070.jpeg,/DATA5/prabhakar/telecom/extracted_images/images/image_2070.jpeg,True,55593,singleton_2070,True,False,1,
2071,True,/data/all_images/image_2071.jpeg,/DATA5/prabhakar/telecom/extracted_images/images/image_2071.jpeg,True,22282,singleton_2071,True,False,1,
2072,True,/data/all_images/image_2072.jpeg,/DATA5/prabhakar/telecom/extracted_images/images/image_2072.jpeg,True,22958,singleton_2072,True,False,1,
2073,True,/data/all_images/image_2073.jpeg,/DATA5/prabhakar/telecom/extracted_images/images/image_2073.jpeg,True,46337,singleton_2073,True,False,1,
2074,True,/data/all_images/image_2074.png,/DATA5/prabhakar/telecom/extracted_images/images/image_2074.png,True,40002,singleton_2074,True,False,1,
2075,True,/data/all_images/image_2075.png,/DATA5/prabhakar/telecom/extracted_images/images/image_2075.png,True,39955,singleton_2075,True,False,1,
2076,True,/data/all_images/image_2076.jpeg,/DATA5/prabhakar/telecom/extracted_images/images/image_2076.jpeg,True,33197,singleton_2076,True,False,1,
2077,True,/data/all_images/image_2077.png,/DATA5/prabhakar/telecom/extracted_images/images/image_2077.png,True,25871,singleton_2077,True,False,1,
2078,True,/data/all_images/image_2078.png,/DATA5/prabhakar/telecom/extracted_images/images/image_2078.png,True,30353,singleton_2078,True,False,1,
2079,True,/data/all_images/image_2079.png,/DATA5/prabhakar/telecom/extracted_images/images/image_2079.png,True,28579,singleton_2079,True,False,1,
2080,True,/data/all_images/image_2080.png,/DATA5/prabhakar/telecom/extracted_images/images/image_2080.png,True,29658,singleton_2080,True,False,1,
2081,True,/data/all_images/image_2081.png,/DATA5/prabhakar/telecom/extracted_images/images/image_2081.png,True,30888,singleton_2081,True,False,1,
2082,True,/data/all_images/image_2082.png,/DATA5/prabhakar/telecom/extracted_images/images/image_2082.png,True,24393,singleton_2082,True,False,1,
2083,True,/data/all_images/image_2083.png,/DATA5/prabhakar/telecom/extracted_images/images/image_2083.png,True,24257,singleton_2083,True,False,1,
2084,True,/data/all_images/image_2084.jpeg,/DATA5/prabhakar/telecom/extracted_images/images/image_2084.jpeg,True,25214,singleton_2084,True,False,1,
2085,True,/data/all_images/image_2085.jpeg,/DATA5/prabhakar/telecom/extracted_images/images/image_2085.jpeg,True,71905,singleton_2085,True,False,1,
2086,True,/data/all_images/image_2086.jpeg,/DATA5/prabhakar/telecom/extracted_images/images/image_2086.jpeg,True,76435,singleton_2086,True,False,1,
2087,True,/data/all_images/image_2087.jpeg,/DATA5/prabhakar/telecom/extracted_images/images/image_2087.jpeg,True,32278,singleton_2087,True,False,1,
2088,True,/data/all_images/image_2088.png,/DATA5/prabhakar/telecom/extracted_images/images/image_2088.png,True,30477,singleton_2088,True,False,1,
2089,True,/data/all_images/image_2089.png,/DATA5/prabhakar/telecom/extracted_images/images/image_2089.png,True,60065,singleton_2089,True,False,1,
2090,True,/data/all_images/image_2090.jpeg,/DATA5/prabhakar/telecom/extracted_images/images/image_2090.jpeg,True,76074,singleton_2090,True,False,1,
2091,True,/data/all_images/image_2091.jpeg,/DATA5/prabhakar/telecom/extracted_images/images/image_2091.jpeg,True,65434,singleton_2091,True,False,1,
2092,True,/data/all_images/image_2092.jpeg,/DATA5/prabhakar/telecom/extracted_images/images/image_2092.jpeg,True,24252,singleton_2092,True,False,1,
2093,True,/data/all_images/image_2093.jpeg,/DATA5/prabhakar/telecom/extracted_images/images/image_2093.jpeg,True,40226,singleton_2093,True,False,1,
2094,True,/data/all_images/image_2094.jpeg,/DATA5/prabhakar/telecom/extracted_images/images/image_2094.jpeg,True,41257,singleton_2094,True,False,1,
2095,True,/data/all_images/image_2095.jpeg,/DATA5/prabhakar/telecom/extracted_images/images/image_2095.jpeg,True,45966,singleton_2095,True,False,1,
2096,True,/data/all_images/image_2096.png,/DATA5/prabhakar/telecom/extracted_images/images/image_2096.png,True,30491,singleton_2096,True,False,1,
2097,True,/data/all_images/image_2097.jpeg,/DATA5/prabhakar/telecom/extracted_images/images/image_2097.jpeg,True,37418,singleton_2097,True,False,1,
2098,True,/data/all_images/image_2098.jpeg,/DATA5/prabhakar/telecom/extracted_images/images/image_2098.jpeg,True,26801,singleton_2098,True,False,1,
2099,True,/data/all_images/image_2099.png,/DATA5/prabhakar/telecom/extracted_images/images/image_2099.png,True,21556,singleton_2099,True,False,1,
2100,True,/data/all_images/image_2100.png,/DATA5/prabhakar/telecom/extracted_images/images/image_2100.png,True,21883,singleton_2100,True,False,1,
2101,True,/data/all_images/image_2101.png,/DATA5/prabhakar/telecom/extracted_images/images/image_2101.png,True,28173,singleton_2101,True,False,1,
2102,True,/data/all_images/image_2102.jpeg,/DATA5/prabhakar/telecom/extracted_images/images/image_2102.jpeg,True,25281,singleton_2102,True,False,1,
2103,True,/data/all_images/image_2103.jpeg,/DATA5/prabhakar/telecom/extracted_images/images/image_2103.jpeg,True,42992,singleton_2103,True,False,1,
2104,True,/data/all_images/image_2104.jpeg,/DATA5/prabhakar/telecom/extracted_images/images/image_2104.jpeg,True,23432,singleton_2104,True,False,1,
2105,True,/data/all_images/image_2105.jpeg,/DATA5/prabhakar/telecom/extracted_images/images/image_2105.jpeg,True,47333,singleton_2105,True,False,1,
2106,True,/data/all_images/image_2106.jpeg,/DATA5/prabhakar/telecom/extracted_images/images/image_2106.jpeg,True,32437,singleton_2106,True,False,1,
2107,True,/data/all_images/image_2107.jpeg,/DATA5/prabhakar/telecom/extracted_images/images/image_2107.jpeg,True,37162,singleton_2107,True,False,1,
2108,True,/data/all_images/image_2108.jpeg,/DATA5/prabhakar/telecom/extracted_images/images/image_2108.jpeg,True,26230,singleton_2108,True,False,1,
2109,True,/data/all_images/image_2109.jpeg,/DATA5/prabhakar/telecom/extracted_images/images/image_2109.jpeg,True,49630,singleton_2109,True,False,1,
2110,True,/data/all_images/image_2110.jpeg,/DATA5/prabhakar/telecom/extracted_images/images/image_2110.jpeg,True,78617,singleton_2110,True,False,1,
2111,True,/data/all_images/image_2111.jpeg,/DATA5/prabhakar/telecom/extracted_images/images/image_2111.jpeg,True,80836,singleton_2111,True,False,1,
2112,True,/data/all_images/image_2112.jpeg,/DATA5/prabhakar/telecom/extracted_images/images/image_2112.jpeg,True,72650,singleton_2112,True,False,1,
2113,True,/data/all_images/image_2113.jpeg,/DATA5/prabhakar/telecom/extracted_images/images/image_2113.jpeg,True,70463,singleton_2113,True,False,1,
2114,True,/data/all_images/image_2114.jpeg,/DATA5/prabhakar/telecom/extracted_images/images/image_2114.jpeg,True,78430,singleton_2114,True,False,1,
2115,True,/data/all_images/image_2115.png,/DATA5/prabhakar/telecom/extracted_images/images/image_2115.png,True,39814,singleton_2115,True,False,1,
2116,True,/data/all_images/image_2116.jpeg,/DATA5/prabhakar/telecom/extracted_images/images/image_2116.jpeg,True,55414,singleton_2116,True,False,1,
2117,True,/data/all_images/image_2117.png,/DATA5/prabhakar/telecom/extracted_images/images/image_2117.png,True,21153,singleton_2117,True,False,1,
2118,True,/data/all_images/image_2118.jpeg,/DATA5/prabhakar/telecom/extracted_images/images/image_2118.jpeg,True,42567,singleton_2118,True,False,1,
2119,True,/data/all_images/image_2119.jpeg,/DATA5/prabhakar/telecom/extracted_images/images/image_2119.jpeg,True,33631,singleton_2119,True,False,1,
2120,True,/data/all_images/image_2120.jpeg,/DATA5/prabhakar/telecom/extracted_images/images/image_2120.jpeg,True,25404,singleton_2120,True,False,1,
2121,True,/data/all_images/image_2121.png,/DATA5/prabhakar/telecom/extracted_images/images/image_2121.png,True,29767,singleton_2121,True,False,1,
2122,True,/data/all_images/image_2122.jpeg,/DATA5/prabhakar/telecom/extracted_images/images/image_2122.jpeg,True,26106,singleton_2122,True,False,1,
2123,True,/data/all_images/image_2123.jpeg,/DATA5/prabhakar/telecom/extracted_images/images/image_2123.jpeg,True,24801,singleton_2123,True,False,1,
2124,True,/data/all_images/image_2124.jpeg,/DATA5/prabhakar/telecom/extracted_images/images/image_2124.jpeg,True,20687,singleton_2124,True,False,1,
2125,True,/data/all_images/image_2125.jpeg,/DATA5/prabhakar/telecom/extracted_images/images/image_2125.jpeg,True,20860,singleton_2125,True,False,1,
2126,True,/data/all_images/image_2126.jpeg,/DATA5/prabhakar/telecom/extracted_images/images/image_2126.jpeg,True,33590,singleton_2126,True,False,1,
2127,True,/data/all_images/image_2127.jpeg,/DATA5/prabhakar/telecom/extracted_images/images/image_2127.jpeg,True,55621,singleton_2127,True,False,1,
2128,True,/data/all_images/image_2128.jpeg,/DATA5/prabhakar/telecom/extracted_images/images/image_2128.jpeg,True,46241,singleton_2128,True,False,1,
2129,True,/data/all_images/image_2129.jpeg,/DATA5/prabhakar/telecom/extracted_images/images/image_2129.jpeg,True,90541,singleton_2129,True,False,1,
2130,True,/data/all_images/image_2130.jpeg,/DATA5/prabhakar/telecom/extracted_images/images/image_2130.jpeg,True,89169,singleton_2130,True,False,1,
2131,True,/data/all_images/image_2131.png,/DATA5/prabhakar/telecom/extracted_images/images/image_2131.png,True,50020,singleton_2131,True,False,1,
2132,True,/data/all_images/image_2132.jpeg,/DATA5/prabhakar/telecom/extracted_images/images/image_2132.jpeg,True,34657,singleton_2132,True,False,1,
2133,True,/data/all_images/image_2133.png,/DATA5/prabhakar/telecom/extracted_images/images/image_2133.png,True,21685,singleton_2133,True,False,1,
2134,True,/data/all_images/image_2134.png,/DATA5/prabhakar/telecom/extracted_images/images/image_2134.png,True,63404,singleton_2134,True,False,1,
2135,True,/data/all_images/image_2135.jpeg,/DATA5/prabhakar/telecom/extracted_images/images/image_2135.jpeg,True,86063,singleton_2135,True,False,1,
2136,True,/data/all_images/image_2136.jpeg,/DATA5/prabhakar/telecom/extracted_images/images/image_2136.jpeg,True,20480,singleton_2136,True,False,1,
2137,True,/data/all_images/image_2137.jpeg,/DATA5/prabhakar/telecom/extracted_images/images/image_2137.jpeg,True,34465,singleton_2137,True,False,1,
2138,True,/data/all_images/image_2138.jpeg,/DATA5/prabhakar/telecom/extracted_images/images/image_2138.jpeg,True,34750,singleton_2138,True,False,1,
2139,True,/data/all_images/image_2139.png,/DATA5/prabhakar/telecom/extracted_images/images/image_2139.png,True,20923,singleton_2139,True,False,1,
2140,True,/data/all_images/image_2140.png,/DATA5/prabhakar/telecom/extracted_images/images/image_2140.png,True,20788,singleton_2140,True,False,1,
2141,True,/data/all_images/image_2141.png,/DATA5/prabhakar/telecom/extracted_images/images/image_2141.png,True,23755,singleton_2141,True,False,1,
2142,True,/data/all_images/image_2142.png,/DATA5/prabhakar/telecom/extracted_images/images/image_2142.png,True,32180,singleton_2142,True,False,1,
2143,True,/data/all_images/image_2143.jpeg,/DATA5/prabhakar/telecom/extracted_images/images/image_2143.jpeg,True,24056,singleton_2143,True,False,1,
2144,True,/data/all_images/image_2144.jpeg,/DATA5/prabhakar/telecom/extracted_images/images/image_2144.jpeg,True,47267,singleton_2144,True,False,1,
2145,True,/data/all_images/image_2145.jpeg,/DATA5/prabhakar/telecom/extracted_images/images/image_2145.jpeg,True,29583,singleton_2145,True,False,1,
2146,True,/data/all_images/image_2146.jpeg,/DATA5/prabhakar/telecom/extracted_images/images/image_2146.jpeg,True,23384,singleton_2146,True,False,1,
2147,True,/data/all_images/image_2147.jpeg,/DATA5/prabhakar/telecom/extracted_images/images/image_2147.jpeg,True,35753,singleton_2147,True,False,1,
2148,True,/data/all_images/image_2148.jpeg,/DATA5/prabhakar/telecom/extracted_images/images/image_2148.jpeg,True,36084,singleton_2148,True,False,1,
2149,True,/data/all_images/image_2149.jpeg,/DATA5/prabhakar/telecom/extracted_images/images/image_2149.jpeg,True,42370,singleton_2149,True,False,1,
2150,True,/data/all_images/image_2150.jpeg,/DATA5/prabhakar/telecom/extracted_images/images/image_2150.jpeg,True,44282,singleton_2150,True,False,1,
2151,True,/data/all_images/image_2151.jpeg,/DATA5/prabhakar/telecom/extracted_images/images/image_2151.jpeg,True,25808,singleton_2151,True,False,1,
2152,True,/data/all_images/image_2152.jpeg,/DATA5/prabhakar/telecom/extracted_images/images/image_2152.jpeg,True,43716,singleton_2152,True,False,1,
2153,True,/data/all_images/image_2153.png,/DATA5/prabhakar/telecom/extracted_images/images/image_2153.png,True,22901,singleton_2153,True,False,1,
2154,True,/data/all_images/image_2154.png,/DATA5/prabhakar/telecom/extracted_images/images/image_2154.png,True,24195,singleton_2154,True,False,1,
2155,True,/data/all_images/image_2155.jpeg,/DATA5/prabhakar/telecom/extracted_images/images/image_2155.jpeg,True,26591,singleton_2155,True,False,1,
2156,True,/data/all_images/image_2156.jpeg,/DATA5/prabhakar/telecom/extracted_images/images/image_2156.jpeg,True,36517,singleton_2156,True,False,1,
2157,True,/data/all_images/image_2157.jpeg,/DATA5/prabhakar/telecom/extracted_images/images/image_2157.jpeg,True,31680,singleton_2157,True,False,1,
2158,True,/data/all_images/image_2158.jpeg,/DATA5/prabhakar/telecom/extracted_images/images/image_2158.jpeg,True,43088,singleton_2158,True,False,1,
2159,True,/data/all_images/image_2159.jpeg,/DATA5/prabhakar/telecom/extracted_images/images/image_2159.jpeg,True,47935,singleton_2159,True,False,1,
2160,True,/data/all_images/image_2160.jpeg,/DATA5/prabhakar/telecom/extracted_images/images/image_2160.jpeg,True,69896,singleton_2160,True,False,1,
2161,True,/data/all_images/image_2161.jpeg,/DATA5/prabhakar/telecom/extracted_images/images/image_2161.jpeg,True,52625,singleton_2161,True,False,1,
2162,True,/data/all_images/image_2162.jpeg,/DATA5/prabhakar/telecom/extracted_images/images/image_2162.jpeg,True,34268,singleton_2162,True,False,1,
2163,True,/data/all_images/image_2163.jpeg,/DATA5/prabhakar/telecom/extracted_images/images/image_2163.jpeg,True,29840,singleton_2163,True,False,1,
2164,True,/data/all_images/image_2164.jpeg,/DATA5/prabhakar/telecom/extracted_images/images/image_2164.jpeg,True,23559,singleton_2164,True,False,1,
2165,True,/data/all_images/image_2165.jpeg,/DATA5/prabhakar/telecom/extracted_images/images/image_2165.jpeg,True,24441,singleton_2165,True,False,1,
2166,True,/data/all_images/image_2166.jpeg,/DATA5/prabhakar/telecom/extracted_images/images/image_2166.jpeg,True,34714,singleton_2166,True,False,1,
2167,True,/data/all_images/image_2167.jpeg,/DATA5/prabhakar/telecom/extracted_images/images/image_2167.jpeg,True,22332,singleton_2167,True,False,1,
2168,True,/data/all_images/image_2168.jpeg,/DATA5/prabhakar/telecom/extracted_images/images/image_2168.jpeg,True,26844,singleton_2168,True,False,1,
2169,True,/data/all_images/image_2169.jpeg,/DATA5/prabhakar/telecom/extracted_images/images/image_2169.jpeg,True,21086,singleton_2169,True,False,1,
2170,True,/data/all_images/image_2170.jpeg,/DATA5/prabhakar/telecom/extracted_images/images/image_2170.jpeg,True,28287,singleton_2170,True,False,1,
2171,True,/data/all_images/image_2171.jpeg,/DATA5/prabhakar/telecom/extracted_images/images/image_2171.jpeg,True,20528,singleton_2171,True,False,1,
2172,True,/data/all_images/image_2172.jpeg,/DATA5/prabhakar/telecom/extracted_images/images/image_2172.jpeg,True,44906,singleton_2172,True,False,1,
2173,True,/data/all_images/image_2173.jpeg,/DATA5/prabhakar/telecom/extracted_images/images/image_2173.jpeg,True,22751,singleton_2173,True,False,1,
2174,True,/data/all_images/image_2174.jpeg,/DATA5/prabhakar/telecom/extracted_images/images/image_2174.jpeg,True,24109,singleton_2174,True,False,1,
2175,True,/data/all_images/image_2175.jpeg,/DATA5/prabhakar/telecom/extracted_images/images/image_2175.jpeg,True,34837,singleton_2175,True,False,1,
2176,True,/data/all_images/image_2176.jpeg,/DATA5/prabhakar/telecom/extracted_images/images/image_2176.jpeg,True,25541,singleton_2176,True,False,1,
2177,True,/data/all_images/image_2177.jpeg,/DATA5/prabhakar/telecom/extracted_images/images/image_2177.jpeg,True,27132,singleton_2177,True,False,1,
2178,True,/data/all_images/image_2178.jpeg,/DATA5/prabhakar/telecom/extracted_images/images/image_2178.jpeg,True,42072,singleton_2178,True,False,1,
2179,True,/data/all_images/image_2179.png,/DATA5/prabhakar/telecom/extracted_images/images/image_2179.png,True,27361,singleton_2179,True,False,1,
2180,True,/data/all_images/image_2180.jpeg,/DATA5/prabhakar/telecom/extracted_images/images/image_2180.jpeg,True,20589,singleton_2180,True,False,1,
2181,True,/data/all_images/image_2181.jpeg,/DATA5/prabhakar/telecom/extracted_images/images/image_2181.jpeg,True,43394,singleton_2181,True,False,1,
2182,True,/data/all_images/image_2182.jpeg,/DATA5/prabhakar/telecom/extracted_images/images/image_2182.jpeg,True,102620,singleton_2182,True,False,1,
2183,True,/data/all_images/image_2183.jpeg,/DATA5/prabhakar/telecom/extracted_images/images/image_2183.jpeg,True,73237,singleton_2183,True,False,1,
2184,True,/data/all_images/image_2184.jpeg,/DATA5/prabhakar/telecom/extracted_images/images/image_2184.jpeg,True,79322,singleton_2184,True,False,1,
2185,True,/data/all_images/image_2185.jpeg,/DATA5/prabhakar/telecom/extracted_images/images/image_2185.jpeg,True,23746,singleton_2185,True,False,1,
2186,True,/data/all_images/image_2186.jpeg,/DATA5/prabhakar/telecom/extracted_images/images/image_2186.jpeg,True,37766,singleton_2186,True,False,1,
2187,True,/data/all_images/image_2187.jpeg,/DATA5/prabhakar/telecom/extracted_images/images/image_2187.jpeg,True,58559,singleton_2187,True,False,1,
2188,True,/data/all_images/image_2188.jpeg,/DATA5/prabhakar/telecom/extracted_images/images/image_2188.jpeg,True,81024,singleton_2188,True,False,1,
2189,True,/data/all_images/image_2189.png,/DATA5/prabhakar/telecom/extracted_images/images/image_2189.png,True,59704,singleton_2189,True,False,1,
2190,True,/data/all_images/image_2190.png,/DATA5/prabhakar/telecom/extracted_images/images/image_2190.png,True,32048,singleton_2190,True,False,1,
2191,True,/data/all_images/image_2191.png,/DATA5/prabhakar/telecom/extracted_images/images/image_2191.png,True,63130,singleton_2191,True,False,1,
2192,True,/data/all_images/image_2192.png,/DATA5/prabhakar/telecom/extracted_images/images/image_2192.png,True,58971,singleton_2192,True,False,1,
2193,True,/data/all_images/image_2193.png,/DATA5/prabhakar/telecom/extracted_images/images/image_2193.png,True,69516,singleton_2193,True,False,1,
2194,True,/data/all_images/image_2194.jpeg,/DATA5/prabhakar/telecom/extracted_images/images/image_2194.jpeg,True,69183,singleton_2194,True,False,1,
2195,True,/data/all_images/image_2195.jpeg,/DATA5/prabhakar/telecom/extracted_images/images/image_2195.jpeg,True,32030,singleton_2195,True,False,1,
2196,True,/data/all_images/image_2196.png,/DATA5/prabhakar/telecom/extracted_images/images/image_2196.png,True,51273,singleton_2196,True,False,1,
2197,True,/data/all_images/image_2197.png,/DATA5/prabhakar/telecom/extracted_images/images/image_2197.png,True,50235,singleton_2197,True,False,1,
2198,True,/data/all_images/image_2198.jpeg,/DATA5/prabhakar/telecom/extracted_images/images/image_2198.jpeg,True,31357,singleton_2198,True,False,1,
2199,True,/data/all_images/image_2199.png,/DATA5/prabhakar/telecom/extracted_images/images/image_2199.png,True,36362,singleton_2199,True,False,1,
2200,True,/data/all_images/image_2200.png,/DATA5/prabhakar/telecom/extracted_images/images/image_2200.png,True,38431,singleton_2200,True,False,1,
2201,True,/data/all_images/image_2201.png,/DATA5/prabhakar/telecom/extracted_images/images/image_2201.png,True,40949,singleton_2201,True,False,1,
2202,True,/data/all_images/image_2202.png,/DATA5/prabhakar/telecom/extracted_images/images/image_2202.png,True,36125,singleton_2202,True,False,1,
2203,True,/data/all_images/image_2203.png,/DATA5/prabhakar/telecom/extracted_images/images/image_2203.png,True,24950,singleton_2203,True,False,1,
2204,True,/data/all_images/image_2204.jpeg,/DATA5/prabhakar/telecom/extracted_images/images/image_2204.jpeg,True,32059,singleton_2204,True,False,1,
2205,True,/data/all_images/image_2205.jpeg,/DATA5/prabhakar/telecom/extracted_images/images/image_2205.jpeg,True,57203,singleton_2205,True,False,1,
2206,True,/data/all_images/image_2206.jpeg,/DATA5/prabhakar/telecom/extracted_images/images/image_2206.jpeg,True,29166,singleton_2206,True,False,1,
2207,True,/data/all_images/image_2207.png,/DATA5/prabhakar/telecom/extracted_images/images/image_2207.png,True,26973,singleton_2207,True,False,1,
2208,True,/data/all_images/image_2208.jpeg,/DATA5/prabhakar/telecom/extracted_images/images/image_2208.jpeg,True,43199,singleton_2208,True,False,1,
2209,True,/data/all_images/image_2209.jpeg,/DATA5/prabhakar/telecom/extracted_images/images/image_2209.jpeg,True,32078,singleton_2209,True,False,1,
2210,True,/data/all_images/image_2210.jpeg,/DATA5/prabhakar/telecom/extracted_images/images/image_2210.jpeg,True,43780,singleton_2210,True,False,1,
2211,True,/data/all_images/image_2211.jpeg,/DATA5/prabhakar/telecom/extracted_images/images/image_2211.jpeg,True,35164,singleton_2211,True,False,1,
2212,True,/data/all_images/image_2212.jpeg,/DATA5/prabhakar/telecom/extracted_images/images/image_2212.jpeg,True,33318,singleton_2212,True,False,1,
2213,True,/data/all_images/image_2213.jpeg,/DATA5/prabhakar/telecom/extracted_images/images/image_2213.jpeg,True,34699,singleton_2213,True,False,1,
2214,True,/data/all_images/image_2214.jpeg,/DATA5/prabhakar/telecom/extracted_images/images/image_2214.jpeg,True,35892,singleton_2214,True,False,1,
2215,True,/data/all_images/image_2215.jpeg,/DATA5/prabhakar/telecom/extracted_images/images/image_2215.jpeg,True,27382,singleton_2215,True,False,1,
2216,True,/data/all_images/image_2216.jpeg,/DATA5/prabhakar/telecom/extracted_images/images/image_2216.jpeg,True,93119,dup_group_152,True,True,3,
2217,True,/data/all_images/image_2217.jpeg,/DATA5/prabhakar/telecom/extracted_images/images/image_2217.jpeg,True,93119,dup_group_152,True,True,3,
2218,True,/data/all_images/image_2218.jpeg,/DATA5/prabhakar/telecom/extracted_images/images/image_2218.jpeg,True,76957,singleton_2218,True,False,1,
2219,True,/data/all_images/image_2219.png,/DATA5/prabhakar/telecom/extracted_images/images/image_2219.png,True,34378,singleton_2219,True,False,1,
2220,True,/data/all_images/image_2220.jpeg,/DATA5/prabhakar/telecom/extracted_images/images/image_2220.jpeg,True,93119,dup_group_152,True,True,3,
2221,True,/data/all_images/image_2221.jpeg,/DATA5/prabhakar/telecom/extracted_images/images/image_2221.jpeg,True,24656,singleton_2221,True,False,1,
2222,True,/data/all_images/image_2222.png,/DATA5/prabhakar/telecom/extracted_images/images/image_2222.png,True,39802,singleton_2222,True,False,1,
2223,True,/data/all_images/image_2223.jpeg,/DATA5/prabhakar/telecom/extracted_images/images/image_2223.jpeg,True,37588,singleton_2223,True,False,1,
2224,True,/data/all_images/image_2224.jpeg,/DATA5/prabhakar/telecom/extracted_images/images/image_2224.jpeg,True,21836,singleton_2224,True,False,1,
2225,True,/data/all_images/image_2225.jpeg,/DATA5/prabhakar/telecom/extracted_images/images/image_2225.jpeg,True,64641,singleton_2225,True,False,1,
2226,True,/data/all_images/image_2226.jpeg,/DATA5/prabhakar/telecom/extracted_images/images/image_2226.jpeg,True,69060,singleton_2226,True,False,1,
2227,True,/data/all_images/image_2227.jpeg,/DATA5/prabhakar/telecom/extracted_images/images/image_2227.jpeg,True,81463,singleton_2227,True,False,1,
2228,True,/data/all_images/image_2228.jpeg,/DATA5/prabhakar/telecom/extracted_images/images/image_2228.jpeg,True,64269,singleton_2228,True,False,1,
2229,True,/data/all_images/image_2229.jpeg,/DATA5/prabhakar/telecom/extracted_images/images/image_2229.jpeg,True,33736,singleton_2229,True,False,1,
2230,True,/data/all_images/image_2230.jpeg,/DATA5/prabhakar/telecom/extracted_images/images/image_2230.jpeg,True,63000,singleton_2230,True,False,1,
2231,True,/data/all_images/image_2231.png,/DATA5/prabhakar/telecom/extracted_images/images/image_2231.png,True,60531,singleton_2231,True,False,1,
2232,True,/data/all_images/image_2232.jpeg,/DATA5/prabhakar/telecom/extracted_images/images/image_2232.jpeg,True,39467,singleton_2232,True,False,1,
2233,True,/data/all_images/image_2233.jpeg,/DATA5/prabhakar/telecom/extracted_images/images/image_2233.jpeg,True,31989,singleton_2233,True,False,1,
2234,True,/data/all_images/image_2234.jpeg,/DATA5/prabhakar/telecom/extracted_images/images/image_2234.jpeg,True,21713,singleton_2234,True,False,1,
2235,True,/data/all_images/image_2235.jpeg,/DATA5/prabhakar/telecom/extracted_images/images/image_2235.jpeg,True,32373,singleton_2235,True,False,1,
2236,True,/data/all_images/image_2236.jpeg,/DATA5/prabhakar/telecom/extracted_images/images/image_2236.jpeg,True,29051,singleton_2236,True,False,1,
2237,True,/data/all_images/image_2237.jpeg,/DATA5/prabhakar/telecom/extracted_images/images/image_2237.jpeg,True,23445,singleton_2237,True,False,1,
2238,True,/data/all_images/image_2238.jpeg,/DATA5/prabhakar/telecom/extracted_images/images/image_2238.jpeg,True,37428,singleton_2238,True,False,1,
2239,True,/data/all_images/image_2239.jpeg,/DATA5/prabhakar/telecom/extracted_images/images/image_2239.jpeg,True,24808,singleton_2239,True,False,1,
2240,True,/data/all_images/image_2240.jpeg,/DATA5/prabhakar/telecom/extracted_images/images/image_2240.jpeg,True,43189,singleton_2240,True,False,1,
2241,True,/data/all_images/image_2241.jpeg,/DATA5/prabhakar/telecom/extracted_images/images/image_2241.jpeg,True,29009,singleton_2241,True,False,1,
2242,True,/data/all_images/image_2242.jpeg,/DATA5/prabhakar/telecom/extracted_images/images/image_2242.jpeg,True,42265,singleton_2242,True,False,1,
2243,True,/data/all_images/image_2243.jpeg,/DATA5/prabhakar/telecom/extracted_images/images/image_2243.jpeg,True,42011,singleton_2243,True,False,1,
2244,True,/data/all_images/image_2244.jpeg,/DATA5/prabhakar/telecom/extracted_images/images/image_2244.jpeg,True,50567,singleton_2244,True,False,1,
2245,True,/data/all_images/image_2245.jpeg,/DATA5/prabhakar/telecom/extracted_images/images/image_2245.jpeg,True,41270,singleton_2245,True,False,1,
2246,True,/data/all_images/image_2246.jpeg,/DATA5/prabhakar/telecom/extracted_images/images/image_2246.jpeg,True,54075,singleton_2246,True,False,1,
2247,True,/data/all_images/image_2247.jpeg,/DATA5/prabhakar/telecom/extracted_images/images/image_2247.jpeg,True,26479,singleton_2247,True,False,1,
2248,True,/data/all_images/image_2248.jpeg,/DATA5/prabhakar/telecom/extracted_images/images/image_2248.jpeg,True,25798,singleton_2248,True,False,1,
2249,True,/data/all_images/image_2249.jpeg,/DATA5/prabhakar/telecom/extracted_images/images/image_2249.jpeg,True,37526,singleton_2249,True,False,1,
2250,True,/data/all_images/image_2250.jpeg,/DATA5/prabhakar/telecom/extracted_images/images/image_2250.jpeg,True,42110,singleton_2250,True,False,1,
2251,True,/data/all_images/image_2251.jpeg,/DATA5/prabhakar/telecom/extracted_images/images/image_2251.jpeg,True,43881,singleton_2251,True,False,1,
2252,True,/data/all_images/image_2252.png,/DATA5/prabhakar/telecom/extracted_images/images/image_2252.png,True,37701,singleton_2252,True,False,1,
2253,True,/data/all_images/image_2253.jpeg,/DATA5/prabhakar/telecom/extracted_images/images/image_2253.jpeg,True,27060,singleton_2253,True,False,1,
2254,True,/data/all_images/image_2254.jpeg,/DATA5/prabhakar/telecom/extracted_images/images/image_2254.jpeg,True,31898,singleton_2254,True,False,1,
2255,True,/data/all_images/image_2255.jpeg,/DATA5/prabhakar/telecom/extracted_images/images/image_2255.jpeg,True,28806,singleton_2255,True,False,1,
2256,True,/data/all_images/image_2256.jpeg,/DATA5/prabhakar/telecom/extracted_images/images/image_2256.jpeg,True,34545,singleton_2256,True,False,1,
2257,True,/data/all_images/image_2257.jpeg,/DATA5/prabhakar/telecom/extracted_images/images/image_2257.jpeg,True,41878,singleton_2257,True,False,1,
2258,True,/data/all_images/image_2258.jpeg,/DATA5/prabhakar/telecom/extracted_images/images/image_2258.jpeg,True,23793,singleton_2258,True,False,1,
2259,True,/data/all_images/image_2259.jpeg,/DATA5/prabhakar/telecom/extracted_images/images/image_2259.jpeg,True,30468,singleton_2259,True,False,1,
2260,True,/data/all_images/image_2260.jpeg,/DATA5/prabhakar/telecom/extracted_images/images/image_2260.jpeg,True,62251,singleton_2260,True,False,1,
2261,True,/data/all_images/image_2261.jpeg,/DATA5/prabhakar/telecom/extracted_images/images/image_2261.jpeg,True,39476,singleton_2261,True,False,1,
2262,True,/data/all_images/image_2262.jpeg,/DATA5/prabhakar/telecom/extracted_images/images/image_2262.jpeg,True,75471,singleton_2262,True,False,1,
2263,True,/data/all_images/image_2263.jpeg,/DATA5/prabhakar/telecom/extracted_images/images/image_2263.jpeg,True,82529,singleton_2263,True,False,1,
2264,True,/data/all_images/image_2264.jpeg,/DATA5/prabhakar/telecom/extracted_images/images/image_2264.jpeg,True,22813,singleton_2264,True,False,1,
2265,True,/data/all_images/image_2265.jpeg,/DATA5/prabhakar/telecom/extracted_images/images/image_2265.jpeg,True,28289,singleton_2265,True,False,1,
2266,True,/data/all_images/image_2266.jpeg,/DATA5/prabhakar/telecom/extracted_images/images/image_2266.jpeg,True,38472,singleton_2266,True,False,1,
2267,True,/data/all_images/image_2267.jpeg,/DATA5/prabhakar/telecom/extracted_images/images/image_2267.jpeg,True,24384,singleton_2267,True,False,1,
2268,True,/data/all_images/image_2268.jpeg,/DATA5/prabhakar/telecom/extracted_images/images/image_2268.jpeg,True,33678,singleton_2268,True,False,1,
2269,True,/data/all_images/image_2269.jpeg,/DATA5/prabhakar/telecom/extracted_images/images/image_2269.jpeg,True,44598,singleton_2269,True,False,1,
2270,True,/data/all_images/image_2270.jpeg,/DATA5/prabhakar/telecom/extracted_images/images/image_2270.jpeg,True,35199,singleton_2270,True,False,1,
2271,True,/data/all_images/image_2271.jpeg,/DATA5/prabhakar/telecom/extracted_images/images/image_2271.jpeg,True,35068,singleton_2271,True,False,1,
2272,True,/data/all_images/image_2272.jpeg,/DATA5/prabhakar/telecom/extracted_images/images/image_2272.jpeg,True,48765,singleton_2272,True,False,1,
2273,True,/data/all_images/image_2273.jpeg,/DATA5/prabhakar/telecom/extracted_images/images/image_2273.jpeg,True,42454,singleton_2273,True,False,1,
2274,True,/data/all_images/image_2274.jpeg,/DATA5/prabhakar/telecom/extracted_images/images/image_2274.jpeg,True,25492,singleton_2274,True,False,1,
2275,True,/data/all_images/image_2275.jpeg,/DATA5/prabhakar/telecom/extracted_images/images/image_2275.jpeg,True,26055,singleton_2275,True,False,1,
2276,True,/data/all_images/image_2276.jpeg,/DATA5/prabhakar/telecom/extracted_images/images/image_2276.jpeg,True,22615,singleton_2276,True,False,1,
2277,True,/data/all_images/image_2277.jpeg,/DATA5/prabhakar/telecom/extracted_images/images/image_2277.jpeg,True,31652,singleton_2277,True,False,1,
2278,True,/data/all_images/image_2278.jpeg,/DATA5/prabhakar/telecom/extracted_images/images/image_2278.jpeg,True,24948,singleton_2278,True,False,1,
2279,True,/data/all_images/image_2279.jpeg,/DATA5/prabhakar/telecom/extracted_images/images/image_2279.jpeg,True,22712,singleton_2279,True,False,1,
2280,True,/data/all_images/image_2280.jpeg,/DATA5/prabhakar/telecom/extracted_images/images/image_2280.jpeg,True,22475,singleton_2280,True,False,1,
2281,True,/data/all_images/image_2281.jpeg,/DATA5/prabhakar/telecom/extracted_images/images/image_2281.jpeg,True,25117,singleton_2281,True,False,1,
2282,True,/data/all_images/image_2282.jpeg,/DATA5/prabhakar/telecom/extracted_images/images/image_2282.jpeg,True,54649,singleton_2282,True,False,1,
2283,True,/data/all_images/image_2283.jpeg,/DATA5/prabhakar/telecom/extracted_images/images/image_2283.jpeg,True,29415,singleton_2283,True,False,1,
2284,True,/data/all_images/image_2284.jpeg,/DATA5/prabhakar/telecom/extracted_images/images/image_2284.jpeg,True,102211,singleton_2284,True,False,1,
2285,True,/data/all_images/image_2285.jpeg,/DATA5/prabhakar/telecom/extracted_images/images/image_2285.jpeg,True,45324,singleton_2285,True,False,1,
2286,True,/data/all_images/image_2286.png,/DATA5/prabhakar/telecom/extracted_images/images/image_2286.png,True,32943,singleton_2286,True,False,1,
2287,True,/data/all_images/image_2287.jpeg,/DATA5/prabhakar/telecom/extracted_images/images/image_2287.jpeg,True,36036,singleton_2287,True,False,1,
2288,True,/data/all_images/image_2288.png,/DATA5/prabhakar/telecom/extracted_images/images/image_2288.png,True,21867,singleton_2288,True,False,1,
2289,True,/data/all_images/image_2289.jpeg,/DATA5/prabhakar/telecom/extracted_images/images/image_2289.jpeg,True,53757,singleton_2289,True,False,1,
2290,True,/data/all_images/image_2290.png,/DATA5/prabhakar/telecom/extracted_images/images/image_2290.png,True,43150,singleton_2290,True,False,1,
2291,True,/data/all_images/image_2291.png,/DATA5/prabhakar/telecom/extracted_images/images/image_2291.png,True,47226,singleton_2291,True,False,1,
2292,True,/data/all_images/image_2292.jpeg,/DATA5/prabhakar/telecom/extracted_images/images/image_2292.jpeg,True,54972,singleton_2292,True,False,1,
2293,True,/data/all_images/image_2293.jpeg,/DATA5/prabhakar/telecom/extracted_images/images/image_2293.jpeg,True,32663,singleton_2293,True,False,1,
2294,True,/data/all_images/image_2294.jpeg,/DATA5/prabhakar/telecom/extracted_images/images/image_2294.jpeg,True,52526,singleton_2294,True,False,1,
2295,True,/data/all_images/image_2295.png,/DATA5/prabhakar/telecom/extracted_images/images/image_2295.png,True,23747,singleton_2295,True,False,1,
2296,True,/data/all_images/image_2296.jpeg,/DATA5/prabhakar/telecom/extracted_images/images/image_2296.jpeg,True,67530,singleton_2296,True,False,1,
2297,True,/data/all_images/image_2297.jpeg,/DATA5/prabhakar/telecom/extracted_images/images/image_2297.jpeg,True,73066,singleton_2297,True,False,1,
2298,True,/data/all_images/image_2298.png,/DATA5/prabhakar/telecom/extracted_images/images/image_2298.png,True,68721,singleton_2298,True,False,1,
2299,True,/data/all_images/image_2299.jpeg,/DATA5/prabhakar/telecom/extracted_images/images/image_2299.jpeg,True,51219,singleton_2299,True,False,1,
2300,True,/data/all_images/image_2300.jpeg,/DATA5/prabhakar/telecom/extracted_images/images/image_2300.jpeg,True,51915,singleton_2300,True,False,1,
2301,True,/data/all_images/image_2301.jpeg,/DATA5/prabhakar/telecom/extracted_images/images/image_2301.jpeg,True,82884,singleton_2301,True,False,1,
2302,True,/data/all_images/image_2302.png,/DATA5/prabhakar/telecom/extracted_images/images/image_2302.png,True,69388,singleton_2302,True,False,1,
2303,True,/data/all_images/image_2303.png,/DATA5/prabhakar/telecom/extracted_images/images/image_2303.png,True,77285,singleton_2303,True,False,1,
2304,True,/data/all_images/image_2304.jpeg,/DATA5/prabhakar/telecom/extracted_images/images/image_2304.jpeg,True,45264,singleton_2304,True,False,1,
2305,True,/data/all_images/image_2305.jpeg,/DATA5/prabhakar/telecom/extracted_images/images/image_2305.jpeg,True,46399,singleton_2305,True,False,1,
2306,True,/data/all_images/image_2306.jpeg,/DATA5/prabhakar/telecom/extracted_images/images/image_2306.jpeg,True,43945,singleton_2306,True,False,1,
2307,True,/data/all_images/image_2307.jpeg,/DATA5/prabhakar/telecom/extracted_images/images/image_2307.jpeg,True,55802,singleton_2307,True,False,1,
2308,True,/data/all_images/image_2308.jpeg,/DATA5/prabhakar/telecom/extracted_images/images/image_2308.jpeg,True,40200,singleton_2308,True,False,1,
2309,True,/data/all_images/image_2309.png,/DATA5/prabhakar/telecom/extracted_images/images/image_2309.png,True,23248,singleton_2309,True,False,1,
2310,True,/data/all_images/image_2310.png,/DATA5/prabhakar/telecom/extracted_images/images/image_2310.png,True,47519,singleton_2310,True,False,1,
2311,True,/data/all_images/image_2311.jpeg,/DATA5/prabhakar/telecom/extracted_images/images/image_2311.jpeg,True,83333,singleton_2311,True,False,1,
2312,True,/data/all_images/image_2312.jpeg,/DATA5/prabhakar/telecom/extracted_images/images/image_2312.jpeg,True,55123,singleton_2312,True,False,1,
2313,True,/data/all_images/image_2313.png,/DATA5/prabhakar/telecom/extracted_images/images/image_2313.png,True,48873,singleton_2313,True,False,1,
2314,True,/data/all_images/image_2314.jpeg,/DATA5/prabhakar/telecom/extracted_images/images/image_2314.jpeg,True,69243,singleton_2314,True,False,1,
2315,True,/data/all_images/image_2315.png,/DATA5/prabhakar/telecom/extracted_images/images/image_2315.png,True,27165,singleton_2315,True,False,1,
2316,True,/data/all_images/image_2316.jpeg,/DATA5/prabhakar/telecom/extracted_images/images/image_2316.jpeg,True,27836,singleton_2316,True,False,1,
2317,True,/data/all_images/image_2317.jpeg,/DATA5/prabhakar/telecom/extracted_images/images/image_2317.jpeg,True,28239,singleton_2317,True,False,1,
2318,True,/data/all_images/image_2318.jpeg,/DATA5/prabhakar/telecom/extracted_images/images/image_2318.jpeg,True,78695,singleton_2318,True,False,1,
2319,True,/data/all_images/image_2319.png,/DATA5/prabhakar/telecom/extracted_images/images/image_2319.png,True,35127,singleton_2319,True,False,1,
2320,True,/data/all_images/image_2320.jpeg,/DATA5/prabhakar/telecom/extracted_images/images/image_2320.jpeg,True,32027,singleton_2320,True,False,1,
2321,True,/data/all_images/image_2321.jpeg,/DATA5/prabhakar/telecom/extracted_images/images/image_2321.jpeg,True,22448,singleton_2321,True,False,1,
2322,True,/data/all_images/image_2322.jpeg,/DATA5/prabhakar/telecom/extracted_images/images/image_2322.jpeg,True,27524,singleton_2322,True,False,1,
2323,True,/data/all_images/image_2323.jpeg,/DATA5/prabhakar/telecom/extracted_images/images/image_2323.jpeg,True,49369,singleton_2323,True,False,1,
2324,True,/data/all_images/image_2324.jpeg,/DATA5/prabhakar/telecom/extracted_images/images/image_2324.jpeg,True,67436,singleton_2324,True,False,1,
2325,True,/data/all_images/image_2325.jpeg,/DATA5/prabhakar/telecom/extracted_images/images/image_2325.jpeg,True,52689,singleton_2325,True,False,1,
2326,True,/data/all_images/image_2326.jpeg,/DATA5/prabhakar/telecom/extracted_images/images/image_2326.jpeg,True,39936,singleton_2326,True,False,1,
2327,True,/data/all_images/image_2327.png,/DATA5/prabhakar/telecom/extracted_images/images/image_2327.png,True,50920,singleton_2327,True,False,1,
2328,True,/data/all_images/image_2328.jpeg,/DATA5/prabhakar/telecom/extracted_images/images/image_2328.jpeg,True,73113,singleton_2328,True,False,1,
2329,True,/data/all_images/image_2329.jpeg,/DATA5/prabhakar/telecom/extracted_images/images/image_2329.jpeg,True,30172,singleton_2329,True,False,1,
2330,True,/data/all_images/image_2330.jpeg,/DATA5/prabhakar/telecom/extracted_images/images/image_2330.jpeg,True,36677,singleton_2330,True,False,1,
2331,True,/data/all_images/image_2331.jpeg,/DATA5/prabhakar/telecom/extracted_images/images/image_2331.jpeg,True,33344,singleton_2331,True,False,1,
2332,True,/data/all_images/image_2332.png,/DATA5/prabhakar/telecom/extracted_images/images/image_2332.png,True,34053,singleton_2332,True,False,1,
2333,True,/data/all_images/image_2333.jpeg,/DATA5/prabhakar/telecom/extracted_images/images/image_2333.jpeg,True,22671,singleton_2333,True,False,1,
2334,True,/data/all_images/image_2334.jpeg,/DATA5/prabhakar/telecom/extracted_images/images/image_2334.jpeg,True,78685,singleton_2334,True,False,1,
2335,True,/data/all_images/image_2335.jpeg,/DATA5/prabhakar/telecom/extracted_images/images/image_2335.jpeg,True,51189,singleton_2335,True,False,1,
2336,True,/data/all_images/image_2336.jpeg,/DATA5/prabhakar/telecom/extracted_images/images/image_2336.jpeg,True,58421,singleton_2336,True,False,1,
2337,True,/data/all_images/image_2337.png,/DATA5/prabhakar/telecom/extracted_images/images/image_2337.png,True,39280,singleton_2337,True,False,1,
2338,True,/data/all_images/image_2338.png,/DATA5/prabhakar/telecom/extracted_images/images/image_2338.png,True,40034,singleton_2338,True,False,1,
2339,True,/data/all_images/image_2339.jpeg,/DATA5/prabhakar/telecom/extracted_images/images/image_2339.jpeg,True,48549,singleton_2339,True,False,1,
2340,True,/data/all_images/image_2340.jpeg,/DATA5/prabhakar/telecom/extracted_images/images/image_2340.jpeg,True,48111,singleton_2340,True,False,1,
2341,True,/data/all_images/image_2341.png,/DATA5/prabhakar/telecom/extracted_images/images/image_2341.png,True,24932,dup_group_153,True,True,2,
2342,True,/data/all_images/image_2342.png,/DATA5/prabhakar/telecom/extracted_images/images/image_2342.png,True,24040,singleton_2342,True,False,1,
2343,True,/data/all_images/image_2343.jpeg,/DATA5/prabhakar/telecom/extracted_images/images/image_2343.jpeg,True,47447,singleton_2343,True,False,1,
2344,True,/data/all_images/image_2344.jpeg,/DATA5/prabhakar/telecom/extracted_images/images/image_2344.jpeg,True,46072,singleton_2344,True,False,1,
2345,True,/data/all_images/image_2345.png,/DATA5/prabhakar/telecom/extracted_images/images/image_2345.png,True,24932,dup_group_153,True,True,2,
2346,True,/data/all_images/image_2346.png,/DATA5/prabhakar/telecom/extracted_images/images/image_2346.png,True,25447,singleton_2346,True,False,1,
2347,True,/data/all_images/image_2347.jpeg,/DATA5/prabhakar/telecom/extracted_images/images/image_2347.jpeg,True,35714,singleton_2347,True,False,1,
2348,True,/data/all_images/image_2348.jpeg,/DATA5/prabhakar/telecom/extracted_images/images/image_2348.jpeg,True,57451,singleton_2348,True,False,1,
2349,True,/data/all_images/image_2349.jpeg,/DATA5/prabhakar/telecom/extracted_images/images/image_2349.jpeg,True,36504,singleton_2349,True,False,1,
2350,True,/data/all_images/image_2350.jpeg,/DATA5/prabhakar/telecom/extracted_images/images/image_2350.jpeg,True,31343,singleton_2350,True,False,1,
2351,True,/data/all_images/image_2351.jpeg,/DATA5/prabhakar/telecom/extracted_images/images/image_2351.jpeg,True,27300,singleton_2351,True,False,1,
2352,True,/data/all_images/image_2352.jpeg,/DATA5/prabhakar/telecom/extracted_images/images/image_2352.jpeg,True,50334,singleton_2352,True,False,1,
2353,True,/data/all_images/image_2353.jpeg,/DATA5/prabhakar/telecom/extracted_images/images/image_2353.jpeg,True,28878,singleton_2353,True,False,1,
2354,True,/data/all_images/image_2354.jpeg,/DATA5/prabhakar/telecom/extracted_images/images/image_2354.jpeg,True,34596,singleton_2354,True,False,1,
2355,True,/data/all_images/image_2355.jpeg,/DATA5/prabhakar/telecom/extracted_images/images/image_2355.jpeg,True,39579,singleton_2355,True,False,1,
2356,True,/data/all_images/image_2356.jpeg,/DATA5/prabhakar/telecom/extracted_images/images/image_2356.jpeg,True,35340,singleton_2356,True,False,1,
2357,True,/data/all_images/image_2357.jpeg,/DATA5/prabhakar/telecom/extracted_images/images/image_2357.jpeg,True,52815,singleton_2357,True,False,1,
2358,True,/data/all_images/image_2358.png,/DATA5/prabhakar/telecom/extracted_images/images/image_2358.png,True,22727,singleton_2358,True,False,1,
2359,True,/data/all_images/image_2359.jpeg,/DATA5/prabhakar/telecom/extracted_images/images/image_2359.jpeg,True,37984,singleton_2359,True,False,1,
2360,True,/data/all_images/image_2360.png,/DATA5/prabhakar/telecom/extracted_images/images/image_2360.png,True,26799,singleton_2360,True,False,1,
2361,True,/data/all_images/image_2361.png,/DATA5/prabhakar/telecom/extracted_images/images/image_2361.png,True,26594,singleton_2361,True,False,1,
2362,True,/data/all_images/image_2362.png,/DATA5/prabhakar/telecom/extracted_images/images/image_2362.png,True,29939,singleton_2362,True,False,1,
2363,True,/data/all_images/image_2363.png,/DATA5/prabhakar/telecom/extracted_images/images/image_2363.png,True,30419,singleton_2363,True,False,1,
2364,True,/data/all_images/image_2364.png,/DATA5/prabhakar/telecom/extracted_images/images/image_2364.png,True,28454,singleton_2364,True,False,1,
2365,True,/data/all_images/image_2365.png,/DATA5/prabhakar/telecom/extracted_images/images/image_2365.png,True,28996,singleton_2365,True,False,1,
2366,True,/data/all_images/image_2366.png,/DATA5/prabhakar/telecom/extracted_images/images/image_2366.png,True,26074,singleton_2366,True,False,1,
2367,True,/data/all_images/image_2367.png,/DATA5/prabhakar/telecom/extracted_images/images/image_2367.png,True,27642,singleton_2367,True,False,1,
2368,True,/data/all_images/image_2368.png,/DATA5/prabhakar/telecom/extracted_images/images/image_2368.png,True,31260,singleton_2368,True,False,1,
2369,True,/data/all_images/image_2369.png,/DATA5/prabhakar/telecom/extracted_images/images/image_2369.png,True,31552,singleton_2369,True,False,1,
2370,True,/data/all_images/image_2370.png,/DATA5/prabhakar/telecom/extracted_images/images/image_2370.png,True,28624,singleton_2370,True,False,1,
2371,True,/data/all_images/image_2371.png,/DATA5/prabhakar/telecom/extracted_images/images/image_2371.png,True,29929,singleton_2371,True,False,1,
2372,True,/data/all_images/image_2372.png,/DATA5/prabhakar/telecom/extracted_images/images/image_2372.png,True,31752,singleton_2372,True,False,1,
2373,True,/data/all_images/image_2373.png,/DATA5/prabhakar/telecom/extracted_images/images/image_2373.png,True,31870,singleton_2373,True,False,1,
2374,True,/data/all_images/image_2374.jpeg,/DATA5/prabhakar/telecom/extracted_images/images/image_2374.jpeg,True,32474,singleton_2374,True,False,1,
2375,True,/data/all_images/image_2375.png,/DATA5/prabhakar/telecom/extracted_images/images/image_2375.png,True,37547,singleton_2375,True,False,1,
2376,True,/data/all_images/image_2376.jpeg,/DATA5/prabhakar/telecom/extracted_images/images/image_2376.jpeg,True,28194,singleton_2376,True,False,1,
2377,True,/data/all_images/image_2377.jpeg,/DATA5/prabhakar/telecom/extracted_images/images/image_2377.jpeg,True,33763,singleton_2377,True,False,1,
2378,True,/data/all_images/image_2378.png,/DATA5/prabhakar/telecom/extracted_images/images/image_2378.png,True,23521,singleton_2378,True,False,1,
2379,True,/data/all_images/image_2379.png,/DATA5/prabhakar/telecom/extracted_images/images/image_2379.png,True,26647,singleton_2379,True,False,1,
2380,True,/data/all_images/image_2380.png,/DATA5/prabhakar/telecom/extracted_images/images/image_2380.png,True,22388,singleton_2380,True,False,1,
2381,True,/data/all_images/image_2381.png,/DATA5/prabhakar/telecom/extracted_images/images/image_2381.png,True,21152,singleton_2381,True,False,1,
2382,True,/data/all_images/image_2382.jpeg,/DATA5/prabhakar/telecom/extracted_images/images/image_2382.jpeg,True,23593,dup_group_154,True,True,2,
2383,True,/data/all_images/image_2383.png,/DATA5/prabhakar/telecom/extracted_images/images/image_2383.png,True,23960,singleton_2383,True,False,1,
2384,True,/data/all_images/image_2384.jpeg,/DATA5/prabhakar/telecom/extracted_images/images/image_2384.jpeg,True,28751,singleton_2384,True,False,1,
2385,True,/data/all_images/image_2385.jpeg,/DATA5/prabhakar/telecom/extracted_images/images/image_2385.jpeg,True,23708,singleton_2385,True,False,1,
2386,True,/data/all_images/image_2386.png,/DATA5/prabhakar/telecom/extracted_images/images/image_2386.png,True,23249,dup_group_155,True,True,2,
2387,True,/data/all_images/image_2387.jpeg,/DATA5/prabhakar/telecom/extracted_images/images/image_2387.jpeg,True,56793,singleton_2387,True,False,1,
2388,True,/data/all_images/image_2388.png,/DATA5/prabhakar/telecom/extracted_images/images/image_2388.png,True,21768,singleton_2388,True,False,1,
2389,True,/data/all_images/image_2389.jpeg,/DATA5/prabhakar/telecom/extracted_images/images/image_2389.jpeg,True,32439,dup_group_156,True,True,2,
2390,True,/data/all_images/image_2390.jpeg,/DATA5/prabhakar/telecom/extracted_images/images/image_2390.jpeg,True,37074,dup_group_157,True,True,2,
2391,True,/data/all_images/image_2391.jpeg,/DATA5/prabhakar/telecom/extracted_images/images/image_2391.jpeg,True,26085,dup_group_158,True,True,2,
2392,True,/data/all_images/image_2392.jpeg,/DATA5/prabhakar/telecom/extracted_images/images/image_2392.jpeg,True,35109,dup_group_159,True,True,2,
2393,True,/data/all_images/image_2393.jpeg,/DATA5/prabhakar/telecom/extracted_images/images/image_2393.jpeg,True,34268,dup_group_160,True,True,2,
2394,True,/data/all_images/image_2394.jpeg,/DATA5/prabhakar/telecom/extracted_images/images/image_2394.jpeg,True,47903,dup_group_161,True,True,2,
2395,True,/data/all_images/image_2395.jpeg,/DATA5/prabhakar/telecom/extracted_images/images/image_2395.jpeg,True,39850,dup_group_162,True,True,2,
2396,True,/data/all_images/image_2396.png,/DATA5/prabhakar/telecom/extracted_images/images/image_2396.png,True,28361,dup_group_163,True,True,2,
2397,True,/data/all_images/image_2397.png,/DATA5/prabhakar/telecom/extracted_images/images/image_2397.png,True,24674,dup_group_164,True,True,2,
2398,True,/data/all_images/image_2398.jpeg,/DATA5/prabhakar/telecom/extracted_images/images/image_2398.jpeg,True,38241,dup_group_165,True,True,2,
2399,True,/data/all_images/image_2399.jpeg,/DATA5/prabhakar/telecom/extracted_images/images/image_2399.jpeg,True,40072,dup_group_166,True,True,2,
2400,True,/data/all_images/image_2400.jpeg,/DATA5/prabhakar/telecom/extracted_images/images/image_2400.jpeg,True,46267,dup_group_167,True,True,2,
2401,True,/data/all_images/image_2401.jpeg,/DATA5/prabhakar/telecom/extracted_images/images/image_2401.jpeg,True,34665,dup_group_168,True,True,2,
2402,True,/data/all_images/image_2402.jpeg,/DATA5/prabhakar/telecom/extracted_images/images/image_2402.jpeg,True,44981,dup_group_169,True,True,2,
2403,True,/data/all_images/image_2403.jpeg,/DATA5/prabhakar/telecom/extracted_images/images/image_2403.jpeg,True,37947,dup_group_170,True,True,2,
2404,True,/data/all_images/image_2404.jpeg,/DATA5/prabhakar/telecom/extracted_images/images/image_2404.jpeg,True,42385,dup_group_171,True,True,2,
2405,True,/data/all_images/image_2405.jpeg,/DATA5/prabhakar/telecom/extracted_images/images/image_2405.jpeg,True,37446,dup_group_172,True,True,2,
2406,True,/data/all_images/image_2406.jpeg,/DATA5/prabhakar/telecom/extracted_images/images/image_2406.jpeg,True,30423,dup_group_173,True,True,2,
2407,True,/data/all_images/image_2407.jpeg,/DATA5/prabhakar/telecom/extracted_images/images/image_2407.jpeg,True,42643,dup_group_174,True,True,2,
2408,True,/data/all_images/image_2408.jpeg,/DATA5/prabhakar/telecom/extracted_images/images/image_2408.jpeg,True,21652,dup_group_175,True,True,2,
2409,True,/data/all_images/image_2409.jpeg,/DATA5/prabhakar/telecom/extracted_images/images/image_2409.jpeg,True,43620,dup_group_176,True,True,2,
2410,True,/data/all_images/image_2410.png,/DATA5/prabhakar/telecom/extracted_images/images/image_2410.png,True,25993,dup_group_177,True,True,2,
2411,True,/data/all_images/image_2411.jpeg,/DATA5/prabhakar/telecom/extracted_images/images/image_2411.jpeg,True,27496,dup_group_178,True,True,2,
2412,True,/data/all_images/image_2412.jpeg,/DATA5/prabhakar/telecom/extracted_images/images/image_2412.jpeg,True,26384,dup_group_179,True,True,2,
2413,True,/data/all_images/image_2413.jpeg,/DATA5/prabhakar/telecom/extracted_images/images/image_2413.jpeg,True,38584,dup_group_180,True,True,2,
2414,True,/data/all_images/image_2414.jpeg,/DATA5/prabhakar/telecom/extracted_images/images/image_2414.jpeg,True,38601,dup_group_181,True,True,2,
2415,True,/data/all_images/image_2415.jpeg,/DATA5/prabhakar/telecom/extracted_images/images/image_2415.jpeg,True,28127,dup_group_182,True,True,2,
2416,True,/data/all_images/image_2416.jpeg,/DATA5/prabhakar/telecom/extracted_images/images/image_2416.jpeg,True,31801,dup_group_183,True,True,2,
2417,True,/data/all_images/image_2417.jpeg,/DATA5/prabhakar/telecom/extracted_images/images/image_2417.jpeg,True,31551,dup_group_184,True,True,2,
2418,True,/data/all_images/image_2418.jpeg,/DATA5/prabhakar/telecom/extracted_images/images/image_2418.jpeg,True,37385,dup_group_185,True,True,2,
2419,True,/data/all_images/image_2419.jpeg,/DATA5/prabhakar/telecom/extracted_images/images/image_2419.jpeg,True,36957,dup_group_186,True,True,2,
2420,True,/data/all_images/image_2420.jpeg,/DATA5/prabhakar/telecom/extracted_images/images/image_2420.jpeg,True,32863,dup_group_187,True,True,2,
2421,True,/data/all_images/image_2421.jpeg,/DATA5/prabhakar/telecom/extracted_images/images/image_2421.jpeg,True,38424,dup_group_188,True,True,2,
2422,True,/data/all_images/image_2422.jpeg,/DATA5/prabhakar/telecom/extracted_images/images/image_2422.jpeg,True,37910,dup_group_189,True,True,2,
2423,True,/data/all_images/image_2423.jpeg,/DATA5/prabhakar/telecom/extracted_images/images/image_2423.jpeg,True,53376,dup_group_190,True,True,2,
2424,True,/data/all_images/image_2424.jpeg,/DATA5/prabhakar/telecom/extracted_images/images/image_2424.jpeg,True,46894,dup_group_191,True,True,2,
2425,True,/data/all_images/image_2425.png,/DATA5/prabhakar/telecom/extracted_images/images/image_2425.png,True,29628,dup_group_192,True,True,2,
2426,True,/data/all_images/image_2426.jpeg,/DATA5/prabhakar/telecom/extracted_images/images/image_2426.jpeg,True,46812,dup_group_193,True,True,2,
2427,True,/data/all_images/image_2427.jpeg,/DATA5/prabhakar/telecom/extracted_images/images/image_2427.jpeg,True,33680,dup_group_194,True,True,2,
2428,True,/data/all_images/image_2428.jpeg,/DATA5/prabhakar/telecom/extracted_images/images/image_2428.jpeg,True,51020,dup_group_195,True,True,2,
2429,True,/data/all_images/image_2429.jpeg,/DATA5/prabhakar/telecom/extracted_images/images/image_2429.jpeg,True,24944,dup_group_196,True,True,2,
2430,True,/data/all_images/image_2430.jpeg,/DATA5/prabhakar/telecom/extracted_images/images/image_2430.jpeg,True,47539,dup_group_197,True,True,2,
2431,True,/data/all_images/image_2431.jpeg,/DATA5/prabhakar/telecom/extracted_images/images/image_2431.jpeg,True,43883,dup_group_198,True,True,2,
2432,True,/data/all_images/image_2432.png,/DATA5/prabhakar/telecom/extracted_images/images/image_2432.png,True,32302,dup_group_199,True,True,2,
2433,True,/data/all_images/image_2433.jpeg,/DATA5/prabhakar/telecom/extracted_images/images/image_2433.jpeg,True,50815,dup_group_200,True,True,2,
2434,True,/data/all_images/image_2434.jpeg,/DATA5/prabhakar/telecom/extracted_images/images/image_2434.jpeg,True,33477,dup_group_201,True,True,2,
2435,True,/data/all_images/image_2435.png,/DATA5/prabhakar/telecom/extracted_images/images/image_2435.png,True,20752,dup_group_202,True,True,2,
2436,True,/data/all_images/image_2436.jpeg,/DATA5/prabhakar/telecom/extracted_images/images/image_2436.jpeg,True,34615,dup_group_203,True,True,2,
2437,True,/data/all_images/image_2437.jpeg,/DATA5/prabhakar/telecom/extracted_images/images/image_2437.jpeg,True,21500,dup_group_204,True,True,2,
2438,True,/data/all_images/image_2438.jpeg,/DATA5/prabhakar/telecom/extracted_images/images/image_2438.jpeg,True,29145,singleton_2438,True,False,1,
2439,True,/data/all_images/image_2439.jpeg,/DATA5/prabhakar/telecom/extracted_images/images/image_2439.jpeg,True,59348,singleton_2439,True,False,1,
2440,True,/data/all_images/image_2440.jpeg,/DATA5/prabhakar/telecom/extracted_images/images/image_2440.jpeg,True,72609,singleton_2440,True,False,1,
2441,True,/data/all_images/image_2441.jpeg,/DATA5/prabhakar/telecom/extracted_images/images/image_2441.jpeg,True,44375,singleton_2441,True,False,1,
2442,True,/data/all_images/image_2442.jpeg,/DATA5/prabhakar/telecom/extracted_images/images/image_2442.jpeg,True,29614,singleton_2442,True,False,1,
2443,True,/data/all_images/image_2443.jpeg,/DATA5/prabhakar/telecom/extracted_images/images/image_2443.jpeg,True,32870,singleton_2443,True,False,1,
2444,True,/data/all_images/image_2444.jpeg,/DATA5/prabhakar/telecom/extracted_images/images/image_2444.jpeg,True,29298,singleton_2444,True,False,1,
2445,True,/data/all_images/image_2445.jpeg,/DATA5/prabhakar/telecom/extracted_images/images/image_2445.jpeg,True,23588,singleton_2445,True,False,1,
2446,True,/data/all_images/image_2446.jpeg,/DATA5/prabhakar/telecom/extracted_images/images/image_2446.jpeg,True,56312,singleton_2446,True,False,1,
2447,True,/data/all_images/image_2447.jpeg,/DATA5/prabhakar/telecom/extracted_images/images/image_2447.jpeg,True,28377,singleton_2447,True,False,1,
2448,True,/data/all_images/image_2448.jpeg,/DATA5/prabhakar/telecom/extracted_images/images/image_2448.jpeg,True,29401,singleton_2448,True,False,1,
2449,True,/data/all_images/image_2449.jpeg,/DATA5/prabhakar/telecom/extracted_images/images/image_2449.jpeg,True,38099,singleton_2449,True,False,1,
2450,True,/data/all_images/image_2450.png,/DATA5/prabhakar/telecom/extracted_images/images/image_2450.png,True,36993,singleton_2450,True,False,1,
2451,True,/data/all_images/image_2451.jpeg,/DATA5/prabhakar/telecom/extracted_images/images/image_2451.jpeg,True,21802,singleton_2451,True,False,1,
2452,True,/data/all_images/image_2452.png,/DATA5/prabhakar/telecom/extracted_images/images/image_2452.png,True,40764,singleton_2452,True,False,1,
2453,True,/data/all_images/image_2453.png,/DATA5/prabhakar/telecom/extracted_images/images/image_2453.png,True,43068,singleton_2453,True,False,1,
2454,True,/data/all_images/image_2454.png,/DATA5/prabhakar/telecom/extracted_images/images/image_2454.png,True,44793,singleton_2454,True,False,1,
2455,True,/data/all_images/image_2455.png,/DATA5/prabhakar/telecom/extracted_images/images/image_2455.png,True,45422,singleton_2455,True,False,1,
2456,True,/data/all_images/image_2456.png,/DATA5/prabhakar/telecom/extracted_images/images/image_2456.png,True,46714,singleton_2456,True,False,1,
2457,True,/data/all_images/image_2457.png,/DATA5/prabhakar/telecom/extracted_images/images/image_2457.png,True,47915,singleton_2457,True,False,1,
2458,True,/data/all_images/image_2458.png,/DATA5/prabhakar/telecom/extracted_images/images/image_2458.png,True,45447,singleton_2458,True,False,1,
2459,True,/data/all_images/image_2459.png,/DATA5/prabhakar/telecom/extracted_images/images/image_2459.png,True,47070,singleton_2459,True,False,1,
2460,True,/data/all_images/image_2460.png,/DATA5/prabhakar/telecom/extracted_images/images/image_2460.png,True,48613,singleton_2460,True,False,1,
2461,True,/data/all_images/image_2461.jpeg,/DATA5/prabhakar/telecom/extracted_images/images/image_2461.jpeg,True,49127,singleton_2461,True,False,1,
2462,True,/data/all_images/image_2462.jpeg,/DATA5/prabhakar/telecom/extracted_images/images/image_2462.jpeg,True,42123,singleton_2462,True,False,1,
2463,True,/data/all_images/image_2463.jpeg,/DATA5/prabhakar/telecom/extracted_images/images/image_2463.jpeg,True,52290,singleton_2463,True,False,1,
2464,True,/data/all_images/image_2464.jpeg,/DATA5/prabhakar/telecom/extracted_images/images/image_2464.jpeg,True,40622,singleton_2464,True,False,1,
2465,True,/data/all_images/image_2465.jpeg,/DATA5/prabhakar/telecom/extracted_images/images/image_2465.jpeg,True,33442,singleton_2465,True,False,1,
2466,True,/data/all_images/image_2466.jpeg,/DATA5/prabhakar/telecom/extracted_images/images/image_2466.jpeg,True,89875,singleton_2466,True,False,1,
2467,True,/data/all_images/image_2467.png,/DATA5/prabhakar/telecom/extracted_images/images/image_2467.png,True,51172,singleton_2467,True,False,1,
2468,True,/data/all_images/image_2468.png,/DATA5/prabhakar/telecom/extracted_images/images/image_2468.png,True,48465,singleton_2468,True,False,1,
2469,True,/data/all_images/image_2469.jpeg,/DATA5/prabhakar/telecom/extracted_images/images/image_2469.jpeg,True,53265,singleton_2469,True,False,1,
2470,True,/data/all_images/image_2470.png,/DATA5/prabhakar/telecom/extracted_images/images/image_2470.png,True,30794,singleton_2470,True,False,1,
2471,True,/data/all_images/image_2471.jpeg,/DATA5/prabhakar/telecom/extracted_images/images/image_2471.jpeg,True,76266,singleton_2471,True,False,1,
2472,True,/data/all_images/image_2472.png,/DATA5/prabhakar/telecom/extracted_images/images/image_2472.png,True,29175,singleton_2472,True,False,1,
2473,True,/data/all_images/image_2473.png,/DATA5/prabhakar/telecom/extracted_images/images/image_2473.png,True,64016,singleton_2473,True,False,1,
2474,True,/data/all_images/image_2474.jpeg,/DATA5/prabhakar/telecom/extracted_images/images/image_2474.jpeg,True,71204,singleton_2474,True,False,1,
2475,True,/data/all_images/image_2475.png,/DATA5/prabhakar/telecom/extracted_images/images/image_2475.png,True,38361,singleton_2475,True,False,1,
2476,True,/data/all_images/image_2476.png,/DATA5/prabhakar/telecom/extracted_images/images/image_2476.png,True,39319,singleton_2476,True,False,1,
2477,True,/data/all_images/image_2477.png,/DATA5/prabhakar/telecom/extracted_images/images/image_2477.png,True,39158,singleton_2477,True,False,1,
2478,True,/data/all_images/image_2478.png,/DATA5/prabhakar/telecom/extracted_images/images/image_2478.png,True,55955,singleton_2478,True,False,1,
2479,True,/data/all_images/image_2479.png,/DATA5/prabhakar/telecom/extracted_images/images/image_2479.png,True,42613,singleton_2479,True,False,1,
2480,True,/data/all_images/image_2480.jpeg,/DATA5/prabhakar/telecom/extracted_images/images/image_2480.jpeg,True,41185,singleton_2480,True,False,1,
2481,True,/data/all_images/image_2481.jpeg,/DATA5/prabhakar/telecom/extracted_images/images/image_2481.jpeg,True,48428,singleton_2481,True,False,1,
2482,True,/data/all_images/image_2482.jpeg,/DATA5/prabhakar/telecom/extracted_images/images/image_2482.jpeg,True,58025,singleton_2482,True,False,1,
2483,True,/data/all_images/image_2483.jpeg,/DATA5/prabhakar/telecom/extracted_images/images/image_2483.jpeg,True,86046,singleton_2483,True,False,1,
2484,True,/data/all_images/image_2484.png,/DATA5/prabhakar/telecom/extracted_images/images/image_2484.png,True,43094,singleton_2484,True,False,1,
2485,True,/data/all_images/image_2485.png,/DATA5/prabhakar/telecom/extracted_images/images/image_2485.png,True,41777,singleton_2485,True,False,1,
2486,True,/data/all_images/image_2486.png,/DATA5/prabhakar/telecom/extracted_images/images/image_2486.png,True,42133,singleton_2486,True,False,1,
2487,True,/data/all_images/image_2487.png,/DATA5/prabhakar/telecom/extracted_images/images/image_2487.png,True,58893,singleton_2487,True,False,1,
2488,True,/data/all_images/image_2488.png,/DATA5/prabhakar/telecom/extracted_images/images/image_2488.png,True,45092,singleton_2488,True,False,1,
2489,True,/data/all_images/image_2489.jpeg,/DATA5/prabhakar/telecom/extracted_images/images/image_2489.jpeg,True,45270,singleton_2489,True,False,1,
2490,True,/data/all_images/image_2490.png,/DATA5/prabhakar/telecom/extracted_images/images/image_2490.png,True,46162,singleton_2490,True,False,1,
2491,True,/data/all_images/image_2491.jpeg,/DATA5/prabhakar/telecom/extracted_images/images/image_2491.jpeg,True,55440,singleton_2491,True,False,1,
2492,True,/data/all_images/image_2492.png,/DATA5/prabhakar/telecom/extracted_images/images/image_2492.png,True,33983,singleton_2492,True,False,1,
2493,True,/data/all_images/image_2493.png,/DATA5/prabhakar/telecom/extracted_images/images/image_2493.png,True,41330,singleton_2493,True,False,1,
2494,True,/data/all_images/image_2494.png,/DATA5/prabhakar/telecom/extracted_images/images/image_2494.png,True,31441,singleton_2494,True,False,1,
2495,True,/data/all_images/image_2495.png,/DATA5/prabhakar/telecom/extracted_images/images/image_2495.png,True,43337,singleton_2495,True,False,1,
2496,True,/data/all_images/image_2496.jpeg,/DATA5/prabhakar/telecom/extracted_images/images/image_2496.jpeg,True,102554,singleton_2496,True,False,1,
2497,True,/data/all_images/image_2497.jpeg,/DATA5/prabhakar/telecom/extracted_images/images/image_2497.jpeg,True,37758,singleton_2497,True,False,1,
2498,True,/data/all_images/image_2498.jpeg,/DATA5/prabhakar/telecom/extracted_images/images/image_2498.jpeg,True,51180,singleton_2498,True,False,1,
2499,True,/data/all_images/image_2499.jpeg,/DATA5/prabhakar/telecom/extracted_images/images/image_2499.jpeg,True,39718,singleton_2499,True,False,1,
2500,True,/data/all_images/image_2500.jpeg,/DATA5/prabhakar/telecom/extracted_images/images/image_2500.jpeg,True,41144,singleton_2500,True,False,1,
2501,True,/data/all_images/image_2501.jpeg,/DATA5/prabhakar/telecom/extracted_images/images/image_2501.jpeg,True,35994,singleton_2501,True,False,1,
2502,True,/data/all_images/image_2502.jpeg,/DATA5/prabhakar/telecom/extracted_images/images/image_2502.jpeg,True,40678,singleton_2502,True,False,1,
2503,True,/data/all_images/image_2503.jpeg,/DATA5/prabhakar/telecom/extracted_images/images/image_2503.jpeg,True,42783,singleton_2503,True,False,1,
2504,True,/data/all_images/image_2504.jpeg,/DATA5/prabhakar/telecom/extracted_images/images/image_2504.jpeg,True,33086,singleton_2504,True,False,1,
2505,True,/data/all_images/image_2505.jpeg,/DATA5/prabhakar/telecom/extracted_images/images/image_2505.jpeg,True,34050,singleton_2505,True,False,1,
2506,True,/data/all_images/image_2506.png,/DATA5/prabhakar/telecom/extracted_images/images/image_2506.png,True,38029,singleton_2506,True,False,1,
2507,True,/data/all_images/image_2507.png,/DATA5/prabhakar/telecom/extracted_images/images/image_2507.png,True,29842,singleton_2507,True,False,1,
2508,True,/data/all_images/image_2508.png,/DATA5/prabhakar/telecom/extracted_images/images/image_2508.png,True,27679,singleton_2508,True,False,1,
2509,True,/data/all_images/image_2509.jpeg,/DATA5/prabhakar/telecom/extracted_images/images/image_2509.jpeg,True,20789,singleton_2509,True,False,1,
2510,True,/data/all_images/image_2510.png,/DATA5/prabhakar/telecom/extracted_images/images/image_2510.png,True,48730,singleton_2510,True,False,1,
2511,True,/data/all_images/image_2511.png,/DATA5/prabhakar/telecom/extracted_images/images/image_2511.png,True,30805,singleton_2511,True,False,1,
2512,True,/data/all_images/image_2512.png,/DATA5/prabhakar/telecom/extracted_images/images/image_2512.png,True,50265,singleton_2512,True,False,1,
2513,True,/data/all_images/image_2513.jpeg,/DATA5/prabhakar/telecom/extracted_images/images/image_2513.jpeg,True,35251,singleton_2513,True,False,1,
2514,True,/data/all_images/image_2514.jpeg,/DATA5/prabhakar/telecom/extracted_images/images/image_2514.jpeg,True,39980,singleton_2514,True,False,1,
2515,True,/data/all_images/image_2515.png,/DATA5/prabhakar/telecom/extracted_images/images/image_2515.png,True,35958,singleton_2515,True,False,1,
2516,True,/data/all_images/image_2516.jpeg,/DATA5/prabhakar/telecom/extracted_images/images/image_2516.jpeg,True,38016,singleton_2516,True,False,1,
2517,True,/data/all_images/image_2517.png,/DATA5/prabhakar/telecom/extracted_images/images/image_2517.png,True,30716,singleton_2517,True,False,1,
2518,True,/data/all_images/image_2518.jpeg,/DATA5/prabhakar/telecom/extracted_images/images/image_2518.jpeg,True,24557,singleton_2518,True,False,1,
2519,True,/data/all_images/image_2519.jpeg,/DATA5/prabhakar/telecom/extracted_images/images/image_2519.jpeg,True,32844,singleton_2519,True,False,1,
2520,True,/data/all_images/image_2520.jpeg,/DATA5/prabhakar/telecom/extracted_images/images/image_2520.jpeg,True,30691,singleton_2520,True,False,1,
2521,True,/data/all_images/image_2521.jpeg,/DATA5/prabhakar/telecom/extracted_images/images/image_2521.jpeg,True,37178,singleton_2521,True,False,1,
2522,True,/data/all_images/image_2522.png,/DATA5/prabhakar/telecom/extracted_images/images/image_2522.png,True,34606,singleton_2522,True,False,1,
2523,True,/data/all_images/image_2523.png,/DATA5/prabhakar/telecom/extracted_images/images/image_2523.png,True,34000,dup_group_11,True,True,2,
2524,True,/data/all_images/image_2524.jpeg,/DATA5/prabhakar/telecom/extracted_images/images/image_2524.jpeg,True,37220,singleton_2524,True,False,1,
2525,True,/data/all_images/image_2525.jpeg,/DATA5/prabhakar/telecom/extracted_images/images/image_2525.jpeg,True,62705,singleton_2525,True,False,1,
2526,True,/data/all_images/image_2526.png,/DATA5/prabhakar/telecom/extracted_images/images/image_2526.png,True,61213,singleton_2526,True,False,1,
2527,True,/data/all_images/image_2527.jpeg,/DATA5/prabhakar/telecom/extracted_images/images/image_2527.jpeg,True,87539,singleton_2527,True,False,1,
2528,True,/data/all_images/image_2528.jpeg,/DATA5/prabhakar/telecom/extracted_images/images/image_2528.jpeg,True,27613,singleton_2528,True,False,1,
2529,True,/data/all_images/image_2529.jpeg,/DATA5/prabhakar/telecom/extracted_images/images/image_2529.jpeg,True,31016,singleton_2529,True,False,1,
2530,True,/data/all_images/image_2530.jpeg,/DATA5/prabhakar/telecom/extracted_images/images/image_2530.jpeg,True,26097,singleton_2530,True,False,1,
2531,True,/data/all_images/image_2531.png,/DATA5/prabhakar/telecom/extracted_images/images/image_2531.png,True,25518,singleton_2531,True,False,1,
2532,True,/data/all_images/image_2532.jpeg,/DATA5/prabhakar/telecom/extracted_images/images/image_2532.jpeg,True,27158,singleton_2532,True,False,1,
2533,True,/data/all_images/image_2533.jpeg,/DATA5/prabhakar/telecom/extracted_images/images/image_2533.jpeg,True,78854,singleton_2533,True,False,1,
2534,True,/data/all_images/image_2534.jpeg,/DATA5/prabhakar/telecom/extracted_images/images/image_2534.jpeg,True,23407,singleton_2534,True,False,1,
2535,True,/data/all_images/image_2535.png,/DATA5/prabhakar/telecom/extracted_images/images/image_2535.png,True,55332,singleton_2535,True,False,1,
2536,True,/data/all_images/image_2536.jpeg,/DATA5/prabhakar/telecom/extracted_images/images/image_2536.jpeg,True,67774,singleton_2536,True,False,1,
2537,True,/data/all_images/image_2537.jpeg,/DATA5/prabhakar/telecom/extracted_images/images/image_2537.jpeg,True,50011,singleton_2537,True,False,1,
2538,True,/data/all_images/image_2538.jpeg,/DATA5/prabhakar/telecom/extracted_images/images/image_2538.jpeg,True,58648,singleton_2538,True,False,1,
2539,True,/data/all_images/image_2539.png,/DATA5/prabhakar/telecom/extracted_images/images/image_2539.png,True,50315,singleton_2539,True,False,1,
2540,True,/data/all_images/image_2540.png,/DATA5/prabhakar/telecom/extracted_images/images/image_2540.png,True,46454,singleton_2540,True,False,1,
2541,True,/data/all_images/image_2541.jpeg,/DATA5/prabhakar/telecom/extracted_images/images/image_2541.jpeg,True,33533,dup_group_205,True,True,2,
2542,True,/data/all_images/image_2542.jpeg,/DATA5/prabhakar/telecom/extracted_images/images/image_2542.jpeg,True,49946,dup_group_206,True,True,3,
2543,True,/data/all_images/image_2543.jpeg,/DATA5/prabhakar/telecom/extracted_images/images/image_2543.jpeg,True,46598,dup_group_207,True,True,3,
2544,True,/data/all_images/image_2544.png,/DATA5/prabhakar/telecom/extracted_images/images/image_2544.png,True,39284,dup_group_208,True,True,5,
2545,True,/data/all_images/image_2545.jpeg,/DATA5/prabhakar/telecom/extracted_images/images/image_2545.jpeg,True,36368,dup_group_209,True,True,3,
2546,True,/data/all_images/image_2546.jpeg,/DATA5/prabhakar/telecom/extracted_images/images/image_2546.jpeg,True,41690,dup_group_210,True,True,3,
2547,True,/data/all_images/image_2547.jpeg,/DATA5/prabhakar/telecom/extracted_images/images/image_2547.jpeg,True,40643,dup_group_47,True,True,3,
2548,True,/data/all_images/image_2548.png,/DATA5/prabhakar/telecom/extracted_images/images/image_2548.png,True,22239,dup_group_211,True,True,3,
2549,True,/data/all_images/image_2549.png,/DATA5/prabhakar/telecom/extracted_images/images/image_2549.png,True,25002,dup_group_212,True,True,2,
2550,True,/data/all_images/image_2550.jpeg,/DATA5/prabhakar/telecom/extracted_images/images/image_2550.jpeg,True,47684,dup_group_213,True,True,3,
2551,True,/data/all_images/image_2551.jpeg,/DATA5/prabhakar/telecom/extracted_images/images/image_2551.jpeg,True,36201,dup_group_214,True,True,3,
2552,True,/data/all_images/image_2552.jpeg,/DATA5/prabhakar/telecom/extracted_images/images/image_2552.jpeg,True,40839,dup_group_215,True,True,3,
2553,True,/data/all_images/image_2553.jpeg,/DATA5/prabhakar/telecom/extracted_images/images/image_2553.jpeg,True,44053,dup_group_96,True,True,4,
2554,True,/data/all_images/image_2554.jpeg,/DATA5/prabhakar/telecom/extracted_images/images/image_2554.jpeg,True,47817,singleton_2554,True,False,1,
2555,True,/data/all_images/image_2555.jpeg,/DATA5/prabhakar/telecom/extracted_images/images/image_2555.jpeg,True,27088,singleton_2555,True,False,1,
2556,True,/data/all_images/image_2556.jpeg,/DATA5/prabhakar/telecom/extracted_images/images/image_2556.jpeg,True,24552,singleton_2556,True,False,1,
2557,True,/data/all_images/image_2557.jpeg,/DATA5/prabhakar/telecom/extracted_images/images/image_2557.jpeg,True,26581,singleton_2557,True,False,1,
2558,True,/data/all_images/image_2558.png,/DATA5/prabhakar/telecom/extracted_images/images/image_2558.png,True,25780,singleton_2558,True,False,1,
2559,True,/data/all_images/image_2559.png,/DATA5/prabhakar/telecom/extracted_images/images/image_2559.png,True,25697,singleton_2559,True,False,1,
2560,True,/data/all_images/image_2560.jpeg,/DATA5/prabhakar/telecom/extracted_images/images/image_2560.jpeg,True,57620,singleton_2560,True,False,1,
2561,True,/data/all_images/image_2561.jpeg,/DATA5/prabhakar/telecom/extracted_images/images/image_2561.jpeg,True,24854,singleton_2561,True,False,1,
2562,True,/data/all_images/image_2562.jpeg,/DATA5/prabhakar/telecom/extracted_images/images/image_2562.jpeg,True,20738,singleton_2562,True,False,1,
2563,True,/data/all_images/image_2563.jpeg,/DATA5/prabhakar/telecom/extracted_images/images/image_2563.jpeg,True,37301,singleton_2563,True,False,1,
2564,True,/data/all_images/image_2564.jpeg,/DATA5/prabhakar/telecom/extracted_images/images/image_2564.jpeg,True,26770,singleton_2564,True,False,1,
2565,True,/data/all_images/image_2565.png,/DATA5/prabhakar/telecom/extracted_images/images/image_2565.png,True,32539,singleton_2565,True,False,1,
2566,True,/data/all_images/image_2566.jpeg,/DATA5/prabhakar/telecom/extracted_images/images/image_2566.jpeg,True,21259,singleton_2566,True,False,1,
2567,True,/data/all_images/image_2567.jpeg,/DATA5/prabhakar/telecom/extracted_images/images/image_2567.jpeg,True,23100,singleton_2567,True,False,1,
2568,True,/data/all_images/image_2568.jpeg,/DATA5/prabhakar/telecom/extracted_images/images/image_2568.jpeg,True,25405,singleton_2568,True,False,1,
2569,True,/data/all_images/image_2569.jpeg,/DATA5/prabhakar/telecom/extracted_images/images/image_2569.jpeg,True,22446,singleton_2569,True,False,1,
2570,True,/data/all_images/image_2570.jpeg,/DATA5/prabhakar/telecom/extracted_images/images/image_2570.jpeg,True,30989,singleton_2570,True,False,1,
2571,True,/data/all_images/image_2571.jpeg,/DATA5/prabhakar/telecom/extracted_images/images/image_2571.jpeg,True,26839,singleton_2571,True,False,1,
2572,True,/data/all_images/image_2572.jpeg,/DATA5/prabhakar/telecom/extracted_images/images/image_2572.jpeg,True,20795,singleton_2572,True,False,1,
2573,True,/data/all_images/image_2573.jpeg,/DATA5/prabhakar/telecom/extracted_images/images/image_2573.jpeg,True,34665,singleton_2573,True,False,1,
2574,True,/data/all_images/image_2574.jpeg,/DATA5/prabhakar/telecom/extracted_images/images/image_2574.jpeg,True,38246,singleton_2574,True,False,1,
2575,True,/data/all_images/image_2575.jpeg,/DATA5/prabhakar/telecom/extracted_images/images/image_2575.jpeg,True,25251,singleton_2575,True,False,1,
2576,True,/data/all_images/image_2576.jpeg,/DATA5/prabhakar/telecom/extracted_images/images/image_2576.jpeg,True,31540,singleton_2576,True,False,1,
2577,True,/data/all_images/image_2577.png,/DATA5/prabhakar/telecom/extracted_images/images/image_2577.png,True,42664,singleton_2577,True,False,1,
2578,True,/data/all_images/image_2578.jpeg,/DATA5/prabhakar/telecom/extracted_images/images/image_2578.jpeg,True,28539,dup_group_216,True,True,2,
2579,True,/data/all_images/image_2579.jpeg,/DATA5/prabhakar/telecom/extracted_images/images/image_2579.jpeg,True,28206,dup_group_217,True,True,2,
2580,True,/data/all_images/image_2580.jpeg,/DATA5/prabhakar/telecom/extracted_images/images/image_2580.jpeg,True,36692,dup_group_218,True,True,2,
2581,True,/data/all_images/image_2581.jpeg,/DATA5/prabhakar/telecom/extracted_images/images/image_2581.jpeg,True,34559,singleton_2581,True,False,1,
2582,True,/data/all_images/image_2582.png,/DATA5/prabhakar/telecom/extracted_images/images/image_2582.png,True,31290,singleton_2582,True,False,1,
2583,True,/data/all_images/image_2583.jpeg,/DATA5/prabhakar/telecom/extracted_images/images/image_2583.jpeg,True,74022,singleton_2583,True,False,1,
2584,True,/data/all_images/image_2584.jpeg,/DATA5/prabhakar/telecom/extracted_images/images/image_2584.jpeg,True,36838,singleton_2584,True,False,1,
2585,True,/data/all_images/image_2585.jpeg,/DATA5/prabhakar/telecom/extracted_images/images/image_2585.jpeg,True,28365,singleton_2585,True,False,1,
2586,True,/data/all_images/image_2586.png,/DATA5/prabhakar/telecom/extracted_images/images/image_2586.png,True,44929,singleton_2586,True,False,1,
2587,True,/data/all_images/image_2587.jpeg,/DATA5/prabhakar/telecom/extracted_images/images/image_2587.jpeg,True,23990,singleton_2587,True,False,1,
2588,True,/data/all_images/image_2588.jpeg,/DATA5/prabhakar/telecom/extracted_images/images/image_2588.jpeg,True,38404,singleton_2588,True,False,1,
2589,True,/data/all_images/image_2589.jpeg,/DATA5/prabhakar/telecom/extracted_images/images/image_2589.jpeg,True,23740,singleton_2589,True,False,1,
2590,True,/data/all_images/image_2590.jpeg,/DATA5/prabhakar/telecom/extracted_images/images/image_2590.jpeg,True,31842,singleton_2590,True,False,1,
2591,True,/data/all_images/image_2591.jpeg,/DATA5/prabhakar/telecom/extracted_images/images/image_2591.jpeg,True,36675,singleton_2591,True,False,1,
2592,True,/data/all_images/image_2592.jpeg,/DATA5/prabhakar/telecom/extracted_images/images/image_2592.jpeg,True,20748,singleton_2592,True,False,1,
2593,True,/data/all_images/image_2593.png,/DATA5/prabhakar/telecom/extracted_images/images/image_2593.png,True,34275,singleton_2593,True,False,1,
2594,True,/data/all_images/image_2594.jpeg,/DATA5/prabhakar/telecom/extracted_images/images/image_2594.jpeg,True,53659,singleton_2594,True,False,1,
2595,True,/data/all_images/image_2595.png,/DATA5/prabhakar/telecom/extracted_images/images/image_2595.png,True,50678,singleton_2595,True,False,1,
2596,True,/data/all_images/image_2596.png,/DATA5/prabhakar/telecom/extracted_images/images/image_2596.png,True,38076,singleton_2596,True,False,1,
2597,True,/data/all_images/image_2597.jpeg,/DATA5/prabhakar/telecom/extracted_images/images/image_2597.jpeg,True,25575,singleton_2597,True,False,1,
2598,True,/data/all_images/image_2598.jpeg,/DATA5/prabhakar/telecom/extracted_images/images/image_2598.jpeg,True,67894,singleton_2598,True,False,1,
2599,True,/data/all_images/image_2599.jpeg,/DATA5/prabhakar/telecom/extracted_images/images/image_2599.jpeg,True,48717,singleton_2599,True,False,1,
2600,True,/data/all_images/image_2600.png,/DATA5/prabhakar/telecom/extracted_images/images/image_2600.png,True,35640,singleton_2600,True,False,1,
2601,True,/data/all_images/image_2601.png,/DATA5/prabhakar/telecom/extracted_images/images/image_2601.png,True,39817,singleton_2601,True,False,1,
2602,True,/data/all_images/image_2602.png,/DATA5/prabhakar/telecom/extracted_images/images/image_2602.png,True,24006,singleton_2602,True,False,1,
2603,True,/data/all_images/image_2603.png,/DATA5/prabhakar/telecom/extracted_images/images/image_2603.png,True,36938,singleton_2603,True,False,1,
2604,True,/data/all_images/image_2604.png,/DATA5/prabhakar/telecom/extracted_images/images/image_2604.png,True,31367,singleton_2604,True,False,1,
2605,True,/data/all_images/image_2605.png,/DATA5/prabhakar/telecom/extracted_images/images/image_2605.png,True,25980,singleton_2605,True,False,1,
2606,True,/data/all_images/image_2606.png,/DATA5/prabhakar/telecom/extracted_images/images/image_2606.png,True,21465,singleton_2606,True,False,1,
2607,True,/data/all_images/image_2607.jpeg,/DATA5/prabhakar/telecom/extracted_images/images/image_2607.jpeg,True,37194,singleton_2607,True,False,1,
2608,True,/data/all_images/image_2608.jpeg,/DATA5/prabhakar/telecom/extracted_images/images/image_2608.jpeg,True,62337,singleton_2608,True,False,1,
2609,True,/data/all_images/image_2609.jpeg,/DATA5/prabhakar/telecom/extracted_images/images/image_2609.jpeg,True,22769,singleton_2609,True,False,1,
2610,True,/data/all_images/image_2610.png,/DATA5/prabhakar/telecom/extracted_images/images/image_2610.png,True,24651,dup_group_48,True,True,2,
2611,True,/data/all_images/image_2611.png,/DATA5/prabhakar/telecom/extracted_images/images/image_2611.png,True,24141,dup_group_49,True,True,2,
2612,True,/data/all_images/image_2612.png,/DATA5/prabhakar/telecom/extracted_images/images/image_2612.png,True,36459,dup_group_50,True,True,2,
2613,True,/data/all_images/image_2613.jpeg,/DATA5/prabhakar/telecom/extracted_images/images/image_2613.jpeg,True,45427,dup_group_51,True,True,2,
2614,True,/data/all_images/image_2614.jpeg,/DATA5/prabhakar/telecom/extracted_images/images/image_2614.jpeg,True,46426,dup_group_52,True,True,2,
2615,True,/data/all_images/image_2615.png,/DATA5/prabhakar/telecom/extracted_images/images/image_2615.png,True,31848,dup_group_53,True,True,2,
2616,True,/data/all_images/image_2616.png,/DATA5/prabhakar/telecom/extracted_images/images/image_2616.png,True,32934,dup_group_54,True,True,2,
2617,True,/data/all_images/image_2617.png,/DATA5/prabhakar/telecom/extracted_images/images/image_2617.png,True,31499,dup_group_55,True,True,2,
2618,True,/data/all_images/image_2618.png,/DATA5/prabhakar/telecom/extracted_images/images/image_2618.png,True,33495,dup_group_56,True,True,2,
2619,True,/data/all_images/image_2619.png,/DATA5/prabhakar/telecom/extracted_images/images/image_2619.png,True,31304,dup_group_57,True,True,2,
2620,True,/data/all_images/image_2620.png,/DATA5/prabhakar/telecom/extracted_images/images/image_2620.png,True,30358,dup_group_58,True,True,2,
2621,True,/data/all_images/image_2621.png,/DATA5/prabhakar/telecom/extracted_images/images/image_2621.png,True,31743,singleton_2621,True,False,1,
2622,True,/data/all_images/image_2622.png,/DATA5/prabhakar/telecom/extracted_images/images/image_2622.png,True,38044,singleton_2622,True,False,1,
2623,True,/data/all_images/image_2623.jpeg,/DATA5/prabhakar/telecom/extracted_images/images/image_2623.jpeg,True,37929,dup_group_59,True,True,2,
2624,True,/data/all_images/image_2624.png,/DATA5/prabhakar/telecom/extracted_images/images/image_2624.png,True,22186,dup_group_60,True,True,2,
2625,True,/data/all_images/image_2625.png,/DATA5/prabhakar/telecom/extracted_images/images/image_2625.png,True,34720,dup_group_61,True,True,2,
2626,True,/data/all_images/image_2626.jpeg,/DATA5/prabhakar/telecom/extracted_images/images/image_2626.jpeg,True,31017,dup_group_62,True,True,2,
2627,True,/data/all_images/image_2627.png,/DATA5/prabhakar/telecom/extracted_images/images/image_2627.png,True,29323,dup_group_63,True,True,2,
2628,True,/data/all_images/image_2628.png,/DATA5/prabhakar/telecom/extracted_images/images/image_2628.png,True,24274,dup_group_64,True,True,2,
2629,True,/data/all_images/image_2629.jpeg,/DATA5/prabhakar/telecom/extracted_images/images/image_2629.jpeg,True,27826,dup_group_65,True,True,2,
2630,True,/data/all_images/image_2630.jpeg,/DATA5/prabhakar/telecom/extracted_images/images/image_2630.jpeg,True,29345,dup_group_66,True,True,2,
2631,True,/data/all_images/image_2631.png,/DATA5/prabhakar/telecom/extracted_images/images/image_2631.png,True,27133,dup_group_3,True,True,3,
2632,True,/data/all_images/image_2632.png,/DATA5/prabhakar/telecom/extracted_images/images/image_2632.png,True,28440,dup_group_67,True,True,2,
2633,True,/data/all_images/image_2633.png,/DATA5/prabhakar/telecom/extracted_images/images/image_2633.png,True,25950,dup_group_68,True,True,2,
2634,True,/data/all_images/image_2634.png,/DATA5/prabhakar/telecom/extracted_images/images/image_2634.png,True,26985,dup_group_69,True,True,2,
2635,True,/data/all_images/image_2635.jpeg,/DATA5/prabhakar/telecom/extracted_images/images/image_2635.jpeg,True,35635,dup_group_70,True,True,2,
2636,True,/data/all_images/image_2636.jpeg,/DATA5/prabhakar/telecom/extracted_images/images/image_2636.jpeg,True,49761,dup_group_4,True,True,3,
2637,True,/data/all_images/image_2637.jpeg,/DATA5/prabhakar/telecom/extracted_images/images/image_2637.jpeg,True,20808,dup_group_71,True,True,2,
2638,True,/data/all_images/image_2638.png,/DATA5/prabhakar/telecom/extracted_images/images/image_2638.png,True,26503,dup_group_72,True,True,2,
2639,True,/data/all_images/image_2639.png,/DATA5/prabhakar/telecom/extracted_images/images/image_2639.png,True,26572,dup_group_73,True,True,2,
2640,True,/data/all_images/image_2640.jpeg,/DATA5/prabhakar/telecom/extracted_images/images/image_2640.jpeg,True,34508,dup_group_74,True,True,2,
2641,True,/data/all_images/image_2641.jpeg,/DATA5/prabhakar/telecom/extracted_images/images/image_2641.jpeg,True,32614,dup_group_75,True,True,2,
2642,True,/data/all_images/image_2642.png,/DATA5/prabhakar/telecom/extracted_images/images/image_2642.png,True,29174,dup_group_76,True,True,2,
2643,True,/data/all_images/image_2643.png,/DATA5/prabhakar/telecom/extracted_images/images/image_2643.png,True,33367,dup_group_77,True,True,2,
2644,True,/data/all_images/image_2644.png,/DATA5/prabhakar/telecom/extracted_images/images/image_2644.png,True,26014,dup_group_78,True,True,2,
2645,True,/data/all_images/image_2645.png,/DATA5/prabhakar/telecom/extracted_images/images/image_2645.png,True,34354,dup_group_79,True,True,2,
2646,True,/data/all_images/image_2646.png,/DATA5/prabhakar/telecom/extracted_images/images/image_2646.png,True,40789,dup_group_80,True,True,2,
2647,True,/data/all_images/image_2647.png,/DATA5/prabhakar/telecom/extracted_images/images/image_2647.png,True,28780,dup_group_81,True,True,2,
2648,True,/data/all_images/image_2648.png,/DATA5/prabhakar/telecom/extracted_images/images/image_2648.png,True,21296,dup_group_82,True,True,2,
2649,True,/data/all_images/image_2649.png,/DATA5/prabhakar/telecom/extracted_images/images/image_2649.png,True,22907,dup_group_83,True,True,2,
2650,True,/data/all_images/image_2650.png,/DATA5/prabhakar/telecom/extracted_images/images/image_2650.png,True,26875,dup_group_84,True,True,2,
2651,True,/data/all_images/image_2651.jpeg,/DATA5/prabhakar/telecom/extracted_images/images/image_2651.jpeg,True,23073,dup_group_85,True,True,2,
2652,True,/data/all_images/image_2652.jpeg,/DATA5/prabhakar/telecom/extracted_images/images/image_2652.jpeg,True,22358,dup_group_86,True,True,2,
2653,True,/data/all_images/image_2653.jpeg,/DATA5/prabhakar/telecom/extracted_images/images/image_2653.jpeg,True,27809,dup_group_87,True,True,2,
2654,True,/data/all_images/image_2654.jpeg,/DATA5/prabhakar/telecom/extracted_images/images/image_2654.jpeg,True,35839,dup_group_88,True,True,2,
2655,True,/data/all_images/image_2655.jpeg,/DATA5/prabhakar/telecom/extracted_images/images/image_2655.jpeg,True,29962,dup_group_89,True,True,2,
2656,True,/data/all_images/image_2656.jpeg,/DATA5/prabhakar/telecom/extracted_images/images/image_2656.jpeg,True,22787,dup_group_90,True,True,2,
2657,True,/data/all_images/image_2657.png,/DATA5/prabhakar/telecom/extracted_images/images/image_2657.png,True,31311,dup_group_91,True,True,2,
2658,True,/data/all_images/image_2658.png,/DATA5/prabhakar/telecom/extracted_images/images/image_2658.png,True,23524,dup_group_92,True,True,2,
2659,True,/data/all_images/image_2659.png,/DATA5/prabhakar/telecom/extracted_images/images/image_2659.png,True,26491,dup_group_93,True,True,2,
2660,True,/data/all_images/image_2660.png,/DATA5/prabhakar/telecom/extracted_images/images/image_2660.png,True,23636,dup_group_94,True,True,2,
2661,True,/data/all_images/image_2661.png,/DATA5/prabhakar/telecom/extracted_images/images/image_2661.png,True,24827,dup_group_95,True,True,2,
2662,True,/data/all_images/image_2662.jpeg,/DATA5/prabhakar/telecom/extracted_images/images/image_2662.jpeg,True,25320,singleton_2662,True,False,1,
2663,True,/data/all_images/image_2663.jpeg,/DATA5/prabhakar/telecom/extracted_images/images/image_2663.jpeg,True,29851,singleton_2663,True,False,1,
2664,True,/data/all_images/image_2664.jpeg,/DATA5/prabhakar/telecom/extracted_images/images/image_2664.jpeg,True,52284,dup_group_33,True,True,2,
2665,True,/data/all_images/image_2665.jpeg,/DATA5/prabhakar/telecom/extracted_images/images/image_2665.jpeg,True,55039,singleton_2665,True,False,1,
2666,True,/data/all_images/image_2666.jpeg,/DATA5/prabhakar/telecom/extracted_images/images/image_2666.jpeg,True,88247,dup_group_6,True,True,4,
2667,True,/data/all_images/image_2667.jpeg,/DATA5/prabhakar/telecom/extracted_images/images/image_2667.jpeg,True,55223,singleton_2667,True,False,1,
2668,True,/data/all_images/image_2668.png,/DATA5/prabhakar/telecom/extracted_images/images/image_2668.png,True,28988,singleton_2668,True,False,1,
2669,True,/data/all_images/image_2669.jpeg,/DATA5/prabhakar/telecom/extracted_images/images/image_2669.jpeg,True,39849,singleton_2669,True,False,1,
2670,True,/data/all_images/image_2670.jpeg,/DATA5/prabhakar/telecom/extracted_images/images/image_2670.jpeg,True,35447,singleton_2670,True,False,1,
2671,True,/data/all_images/image_2671.jpeg,/DATA5/prabhakar/telecom/extracted_images/images/image_2671.jpeg,True,51769,singleton_2671,True,False,1,
2672,True,/data/all_images/image_2672.jpeg,/DATA5/prabhakar/telecom/extracted_images/images/image_2672.jpeg,True,52717,singleton_2672,True,False,1,
2673,True,/data/all_images/image_2673.jpeg,/DATA5/prabhakar/telecom/extracted_images/images/image_2673.jpeg,True,47569,singleton_2673,True,False,1,
2674,True,/data/all_images/image_2674.jpeg,/DATA5/prabhakar/telecom/extracted_images/images/image_2674.jpeg,True,53403,singleton_2674,True,False,1,
2675,True,/data/all_images/image_2675.jpeg,/DATA5/prabhakar/telecom/extracted_images/images/image_2675.jpeg,True,21823,singleton_2675,True,False,1,
2676,True,/data/all_images/image_2676.jpeg,/DATA5/prabhakar/telecom/extracted_images/images/image_2676.jpeg,True,23084,singleton_2676,True,False,1,
2677,True,/data/all_images/image_2677.jpeg,/DATA5/prabhakar/telecom/extracted_images/images/image_2677.jpeg,True,21947,singleton_2677,True,False,1,
2678,True,/data/all_images/image_2678.jpeg,/DATA5/prabhakar/telecom/extracted_images/images/image_2678.jpeg,True,23807,singleton_2678,True,False,1,
2679,True,/data/all_images/image_2679.jpeg,/DATA5/prabhakar/telecom/extracted_images/images/image_2679.jpeg,True,21627,singleton_2679,True,False,1,
2680,True,/data/all_images/image_2680.jpeg,/DATA5/prabhakar/telecom/extracted_images/images/image_2680.jpeg,True,21889,singleton_2680,True,False,1,
2681,True,/data/all_images/image_2681.png,/DATA5/prabhakar/telecom/extracted_images/images/image_2681.png,True,21777,singleton_2681,True,False,1,
2682,True,/data/all_images/image_2682.jpeg,/DATA5/prabhakar/telecom/extracted_images/images/image_2682.jpeg,True,28908,singleton_2682,True,False,1,
2683,True,/data/all_images/image_2683.jpeg,/DATA5/prabhakar/telecom/extracted_images/images/image_2683.jpeg,True,27808,singleton_2683,True,False,1,
2684,True,/data/all_images/image_2684.jpeg,/DATA5/prabhakar/telecom/extracted_images/images/image_2684.jpeg,True,31181,singleton_2684,True,False,1,
2685,True,/data/all_images/image_2685.jpeg,/DATA5/prabhakar/telecom/extracted_images/images/image_2685.jpeg,True,22242,singleton_2685,True,False,1,
2686,True,/data/all_images/image_2686.jpeg,/DATA5/prabhakar/telecom/extracted_images/images/image_2686.jpeg,True,42448,singleton_2686,True,False,1,
2687,True,/data/all_images/image_2687.jpeg,/DATA5/prabhakar/telecom/extracted_images/images/image_2687.jpeg,True,43144,singleton_2687,True,False,1,
2688,True,/data/all_images/image_2688.jpeg,/DATA5/prabhakar/telecom/extracted_images/images/image_2688.jpeg,True,21379,singleton_2688,True,False,1,
2689,True,/data/all_images/image_2689.jpeg,/DATA5/prabhakar/telecom/extracted_images/images/image_2689.jpeg,True,28043,dup_group_15,True,True,4,
2690,True,/data/all_images/image_2690.jpeg,/DATA5/prabhakar/telecom/extracted_images/images/image_2690.jpeg,True,28256,singleton_2690,True,False,1,
2691,True,/data/all_images/image_2691.jpeg,/DATA5/prabhakar/telecom/extracted_images/images/image_2691.jpeg,True,34137,singleton_2691,True,False,1,
2692,True,/data/all_images/image_2692.png,/DATA5/prabhakar/telecom/extracted_images/images/image_2692.png,True,22505,singleton_2692,True,False,1,
2693,True,/data/all_images/image_2693.jpeg,/DATA5/prabhakar/telecom/extracted_images/images/image_2693.jpeg,True,33047,singleton_2693,True,False,1,
2694,True,/data/all_images/image_2694.png,/DATA5/prabhakar/telecom/extracted_images/images/image_2694.png,True,23664,singleton_2694,True,False,1,
2695,True,/data/all_images/image_2695.jpeg,/DATA5/prabhakar/telecom/extracted_images/images/image_2695.jpeg,True,72665,singleton_2695,True,False,1,
2696,True,/data/all_images/image_2696.jpeg,/DATA5/prabhakar/telecom/extracted_images/images/image_2696.jpeg,True,77219,singleton_2696,True,False,1,
2697,True,/data/all_images/image_2697.jpeg,/DATA5/prabhakar/telecom/extracted_images/images/image_2697.jpeg,True,62594,singleton_2697,True,False,1,
2698,True,/data/all_images/image_2698.jpeg,/DATA5/prabhakar/telecom/extracted_images/images/image_2698.jpeg,True,80534,singleton_2698,True,False,1,
2699,True,/data/all_images/image_2699.jpeg,/DATA5/prabhakar/telecom/extracted_images/images/image_2699.jpeg,True,59662,singleton_2699,True,False,1,
2700,True,/data/all_images/image_2700.jpeg,/DATA5/prabhakar/telecom/extracted_images/images/image_2700.jpeg,True,27028,singleton_2700,True,False,1,
2701,True,/data/all_images/image_2701.jpeg,/DATA5/prabhakar/telecom/extracted_images/images/image_2701.jpeg,True,37501,singleton_2701,True,False,1,
2702,True,/data/all_images/image_2702.jpeg,/DATA5/prabhakar/telecom/extracted_images/images/image_2702.jpeg,True,30703,singleton_2702,True,False,1,
2703,True,/data/all_images/image_2703.jpeg,/DATA5/prabhakar/telecom/extracted_images/images/image_2703.jpeg,True,32496,singleton_2703,True,False,1,
2704,True,/data/all_images/image_2704.png,/DATA5/prabhakar/telecom/extracted_images/images/image_2704.png,True,21163,singleton_2704,True,False,1,
2705,True,/data/all_images/image_2705.jpeg,/DATA5/prabhakar/telecom/extracted_images/images/image_2705.jpeg,True,43082,singleton_2705,True,False,1,
2706,True,/data/all_images/image_2706.jpeg,/DATA5/prabhakar/telecom/extracted_images/images/image_2706.jpeg,True,25728,singleton_2706,True,False,1,
2707,True,/data/all_images/image_2707.jpeg,/DATA5/prabhakar/telecom/extracted_images/images/image_2707.jpeg,True,25205,singleton_2707,True,False,1,
2708,True,/data/all_images/image_2708.jpeg,/DATA5/prabhakar/telecom/extracted_images/images/image_2708.jpeg,True,27131,singleton_2708,True,False,1,
2709,True,/data/all_images/image_2709.jpeg,/DATA5/prabhakar/telecom/extracted_images/images/image_2709.jpeg,True,25099,singleton_2709,True,False,1,
2710,True,/data/all_images/image_2710.jpeg,/DATA5/prabhakar/telecom/extracted_images/images/image_2710.jpeg,True,28734,singleton_2710,True,False,1,
2711,True,/data/all_images/image_2711.jpeg,/DATA5/prabhakar/telecom/extracted_images/images/image_2711.jpeg,True,38048,singleton_2711,True,False,1,
2712,True,/data/all_images/image_2712.jpeg,/DATA5/prabhakar/telecom/extracted_images/images/image_2712.jpeg,True,42141,singleton_2712,True,False,1,
2713,True,/data/all_images/image_2713.jpeg,/DATA5/prabhakar/telecom/extracted_images/images/image_2713.jpeg,True,32147,singleton_2713,True,False,1,
2714,True,/data/all_images/image_2714.jpeg,/DATA5/prabhakar/telecom/extracted_images/images/image_2714.jpeg,True,21572,singleton_2714,True,False,1,
2715,True,/data/all_images/image_2715.png,/DATA5/prabhakar/telecom/extracted_images/images/image_2715.png,True,40870,singleton_2715,True,False,1,
2716,True,/data/all_images/image_2716.png,/DATA5/prabhakar/telecom/extracted_images/images/image_2716.png,True,23273,singleton_2716,True,False,1,
2717,True,/data/all_images/image_2717.png,/DATA5/prabhakar/telecom/extracted_images/images/image_2717.png,True,35313,singleton_2717,True,False,1,
2718,True,/data/all_images/image_2718.jpeg,/DATA5/prabhakar/telecom/extracted_images/images/image_2718.jpeg,True,21393,singleton_2718,True,False,1,
2719,True,/data/all_images/image_2719.jpeg,/DATA5/prabhakar/telecom/extracted_images/images/image_2719.jpeg,True,35442,dup_group_219,True,True,2,
2720,True,/data/all_images/image_2720.png,/DATA5/prabhakar/telecom/extracted_images/images/image_2720.png,True,41983,singleton_2720,True,False,1,
2721,True,/data/all_images/image_2721.jpeg,/DATA5/prabhakar/telecom/extracted_images/images/image_2721.jpeg,True,43774,dup_group_220,True,True,2,
2722,True,/data/all_images/image_2722.jpeg,/DATA5/prabhakar/telecom/extracted_images/images/image_2722.jpeg,True,28281,singleton_2722,True,False,1,
2723,True,/data/all_images/image_2723.png,/DATA5/prabhakar/telecom/extracted_images/images/image_2723.png,True,37074,singleton_2723,True,False,1,
2724,True,/data/all_images/image_2724.png,/DATA5/prabhakar/telecom/extracted_images/images/image_2724.png,True,26796,singleton_2724,True,False,1,
2725,True,/data/all_images/image_2725.jpeg,/DATA5/prabhakar/telecom/extracted_images/images/image_2725.jpeg,True,23589,singleton_2725,True,False,1,
2726,True,/data/all_images/image_2726.jpeg,/DATA5/prabhakar/telecom/extracted_images/images/image_2726.jpeg,True,21047,singleton_2726,True,False,1,
2727,True,/data/all_images/image_2727.jpeg,/DATA5/prabhakar/telecom/extracted_images/images/image_2727.jpeg,True,21033,singleton_2727,True,False,1,
2728,True,/data/all_images/image_2728.jpeg,/DATA5/prabhakar/telecom/extracted_images/images/image_2728.jpeg,True,34763,singleton_2728,True,False,1,
2729,True,/data/all_images/image_2729.jpeg,/DATA5/prabhakar/telecom/extracted_images/images/image_2729.jpeg,True,22816,singleton_2729,True,False,1,
2730,True,/data/all_images/image_2730.jpeg,/DATA5/prabhakar/telecom/extracted_images/images/image_2730.jpeg,True,31570,singleton_2730,True,False,1,
2731,True,/data/all_images/image_2731.jpeg,/DATA5/prabhakar/telecom/extracted_images/images/image_2731.jpeg,True,42022,singleton_2731,True,False,1,
2732,True,/data/all_images/image_2732.jpeg,/DATA5/prabhakar/telecom/extracted_images/images/image_2732.jpeg,True,42002,singleton_2732,True,False,1,
2733,True,/data/all_images/image_2733.jpeg,/DATA5/prabhakar/telecom/extracted_images/images/image_2733.jpeg,True,27059,singleton_2733,True,False,1,
2734,True,/data/all_images/image_2734.jpeg,/DATA5/prabhakar/telecom/extracted_images/images/image_2734.jpeg,True,35770,singleton_2734,True,False,1,
2735,True,/data/all_images/image_2735.png,/DATA5/prabhakar/telecom/extracted_images/images/image_2735.png,True,26114,singleton_2735,True,False,1,
2736,True,/data/all_images/image_2736.png,/DATA5/prabhakar/telecom/extracted_images/images/image_2736.png,True,46149,singleton_2736,True,False,1,
2737,True,/data/all_images/image_2737.png,/DATA5/prabhakar/telecom/extracted_images/images/image_2737.png,True,32318,singleton_2737,True,False,1,
2738,True,/data/all_images/image_2738.png,/DATA5/prabhakar/telecom/extracted_images/images/image_2738.png,True,21178,singleton_2738,True,False,1,
2739,True,/data/all_images/image_2739.png,/DATA5/prabhakar/telecom/extracted_images/images/image_2739.png,True,34964,singleton_2739,True,False,1,
2740,True,/data/all_images/image_2740.jpeg,/DATA5/prabhakar/telecom/extracted_images/images/image_2740.jpeg,True,26679,singleton_2740,True,False,1,
2741,True,/data/all_images/image_2741.jpeg,/DATA5/prabhakar/telecom/extracted_images/images/image_2741.jpeg,True,29085,singleton_2741,True,False,1,
2742,True,/data/all_images/image_2742.jpeg,/DATA5/prabhakar/telecom/extracted_images/images/image_2742.jpeg,True,24959,singleton_2742,True,False,1,
2743,True,/data/all_images/image_2743.jpeg,/DATA5/prabhakar/telecom/extracted_images/images/image_2743.jpeg,True,21981,singleton_2743,True,False,1,
2744,True,/data/all_images/image_2744.jpeg,/DATA5/prabhakar/telecom/extracted_images/images/image_2744.jpeg,True,21247,singleton_2744,True,False,1,
2745,True,/data/all_images/image_2745.jpeg,/DATA5/prabhakar/telecom/extracted_images/images/image_2745.jpeg,True,26900,singleton_2745,True,False,1,
2746,True,/data/all_images/image_2746.jpeg,/DATA5/prabhakar/telecom/extracted_images/images/image_2746.jpeg,True,36891,singleton_2746,True,False,1,
2747,True,/data/all_images/image_2747.jpeg,/DATA5/prabhakar/telecom/extracted_images/images/image_2747.jpeg,True,32788,singleton_2747,True,False,1,
2748,True,/data/all_images/image_2748.jpeg,/DATA5/prabhakar/telecom/extracted_images/images/image_2748.jpeg,True,22014,singleton_2748,True,False,1,
2749,True,/data/all_images/image_2749.png,/DATA5/prabhakar/telecom/extracted_images/images/image_2749.png,True,46033,singleton_2749,True,False,1,
2750,True,/data/all_images/image_2750.png,/DATA5/prabhakar/telecom/extracted_images/images/image_2750.png,True,47641,singleton_2750,True,False,1,
2751,True,/data/all_images/image_2751.jpeg,/DATA5/prabhakar/telecom/extracted_images/images/image_2751.jpeg,True,28195,singleton_2751,True,False,1,
2752,True,/data/all_images/image_2752.jpeg,/DATA5/prabhakar/telecom/extracted_images/images/image_2752.jpeg,True,36359,singleton_2752,True,False,1,
2753,True,/data/all_images/image_2753.png,/DATA5/prabhakar/telecom/extracted_images/images/image_2753.png,True,39754,singleton_2753,True,False,1,
2754,True,/data/all_images/image_2754.png,/DATA5/prabhakar/telecom/extracted_images/images/image_2754.png,True,30056,singleton_2754,True,False,1,
2755,True,/data/all_images/image_2755.png,/DATA5/prabhakar/telecom/extracted_images/images/image_2755.png,True,30622,singleton_2755,True,False,1,
2756,True,/data/all_images/image_2756.png,/DATA5/prabhakar/telecom/extracted_images/images/image_2756.png,True,25907,singleton_2756,True,False,1,
2757,True,/data/all_images/image_2757.png,/DATA5/prabhakar/telecom/extracted_images/images/image_2757.png,True,20935,singleton_2757,True,False,1,
2758,True,/data/all_images/image_2758.png,/DATA5/prabhakar/telecom/extracted_images/images/image_2758.png,True,24420,singleton_2758,True,False,1,
2759,True,/data/all_images/image_2759.png,/DATA5/prabhakar/telecom/extracted_images/images/image_2759.png,True,21940,singleton_2759,True,False,1,
2760,True,/data/all_images/image_2760.png,/DATA5/prabhakar/telecom/extracted_images/images/image_2760.png,True,28413,singleton_2760,True,False,1,
2761,True,/data/all_images/image_2761.jpeg,/DATA5/prabhakar/telecom/extracted_images/images/image_2761.jpeg,True,24193,singleton_2761,True,False,1,
2762,True,/data/all_images/image_2762.jpeg,/DATA5/prabhakar/telecom/extracted_images/images/image_2762.jpeg,True,25906,singleton_2762,True,False,1,
2763,True,/data/all_images/image_2763.jpeg,/DATA5/prabhakar/telecom/extracted_images/images/image_2763.jpeg,True,23693,singleton_2763,True,False,1,
2764,True,/data/all_images/image_2764.jpeg,/DATA5/prabhakar/telecom/extracted_images/images/image_2764.jpeg,True,21860,singleton_2764,True,False,1,
2765,True,/data/all_images/image_2765.png,/DATA5/prabhakar/telecom/extracted_images/images/image_2765.png,True,23389,singleton_2765,True,False,1,
2766,True,/data/all_images/image_2766.png,/DATA5/prabhakar/telecom/extracted_images/images/image_2766.png,True,25537,singleton_2766,True,False,1,
2767,True,/data/all_images/image_2767.png,/DATA5/prabhakar/telecom/extracted_images/images/image_2767.png,True,23342,singleton_2767,True,False,1,
2768,True,/data/all_images/image_2768.png,/DATA5/prabhakar/telecom/extracted_images/images/image_2768.png,True,26958,singleton_2768,True,False,1,
2769,True,/data/all_images/image_2769.png,/DATA5/prabhakar/telecom/extracted_images/images/image_2769.png,True,22917,singleton_2769,True,False,1,
2770,True,/data/all_images/image_2770.png,/DATA5/prabhakar/telecom/extracted_images/images/image_2770.png,True,24202,singleton_2770,True,False,1,
2771,True,/data/all_images/image_2771.jpeg,/DATA5/prabhakar/telecom/extracted_images/images/image_2771.jpeg,True,26209,singleton_2771,True,False,1,
2772,True,/data/all_images/image_2772.jpeg,/DATA5/prabhakar/telecom/extracted_images/images/image_2772.jpeg,True,34803,singleton_2772,True,False,1,
2773,True,/data/all_images/image_2773.jpeg,/DATA5/prabhakar/telecom/extracted_images/images/image_2773.jpeg,True,25726,singleton_2773,True,False,1,
2774,True,/data/all_images/image_2774.jpeg,/DATA5/prabhakar/telecom/extracted_images/images/image_2774.jpeg,True,28695,singleton_2774,True,False,1,
2775,True,/data/all_images/image_2775.png,/DATA5/prabhakar/telecom/extracted_images/images/image_2775.png,True,21445,singleton_2775,True,False,1,
2776,True,/data/all_images/image_2776.jpeg,/DATA5/prabhakar/telecom/extracted_images/images/image_2776.jpeg,True,24315,singleton_2776,True,False,1,
2777,True,/data/all_images/image_2777.png,/DATA5/prabhakar/telecom/extracted_images/images/image_2777.png,True,21231,singleton_2777,True,False,1,
2778,True,/data/all_images/image_2778.png,/DATA5/prabhakar/telecom/extracted_images/images/image_2778.png,True,21117,singleton_2778,True,False,1,
2779,True,/data/all_images/image_2779.png,/DATA5/prabhakar/telecom/extracted_images/images/image_2779.png,True,22417,singleton_2779,True,False,1,
2780,True,/data/all_images/image_2780.jpeg,/DATA5/prabhakar/telecom/extracted_images/images/image_2780.jpeg,True,62810,singleton_2780,True,False,1,
2781,True,/data/all_images/image_2781.png,/DATA5/prabhakar/telecom/extracted_images/images/image_2781.png,True,49502,singleton_2781,True,False,1,
2782,True,/data/all_images/image_2782.png,/DATA5/prabhakar/telecom/extracted_images/images/image_2782.png,True,49166,singleton_2782,True,False,1,
2783,True,/data/all_images/image_2783.png,/DATA5/prabhakar/telecom/extracted_images/images/image_2783.png,True,39464,singleton_2783,True,False,1,
2784,True,/data/all_images/image_2784.jpeg,/DATA5/prabhakar/telecom/extracted_images/images/image_2784.jpeg,True,65381,singleton_2784,True,False,1,
2785,True,/data/all_images/image_2785.png,/DATA5/prabhakar/telecom/extracted_images/images/image_2785.png,True,25279,singleton_2785,True,False,1,
2786,True,/data/all_images/image_2786.jpeg,/DATA5/prabhakar/telecom/extracted_images/images/image_2786.jpeg,True,65412,singleton_2786,True,False,1,
2787,True,/data/all_images/image_2787.jpeg,/DATA5/prabhakar/telecom/extracted_images/images/image_2787.jpeg,True,36774,singleton_2787,True,False,1,
2788,True,/data/all_images/image_2788.jpeg,/DATA5/prabhakar/telecom/extracted_images/images/image_2788.jpeg,True,65581,singleton_2788,True,False,1,
2789,True,/data/all_images/image_2789.jpeg,/DATA5/prabhakar/telecom/extracted_images/images/image_2789.jpeg,True,65784,singleton_2789,True,False,1,
2790,True,/data/all_images/image_2790.png,/DATA5/prabhakar/telecom/extracted_images/images/image_2790.png,True,29181,singleton_2790,True,False,1,
2791,True,/data/all_images/image_2791.jpeg,/DATA5/prabhakar/telecom/extracted_images/images/image_2791.jpeg,True,65826,singleton_2791,True,False,1,
2792,True,/data/all_images/image_2792.jpeg,/DATA5/prabhakar/telecom/extracted_images/images/image_2792.jpeg,True,72729,singleton_2792,True,False,1,
2793,True,/data/all_images/image_2793.jpeg,/DATA5/prabhakar/telecom/extracted_images/images/image_2793.jpeg,True,33114,singleton_2793,True,False,1,
2794,True,/data/all_images/image_2794.jpeg,/DATA5/prabhakar/telecom/extracted_images/images/image_2794.jpeg,True,57175,singleton_2794,True,False,1,
2795,True,/data/all_images/image_2795.png,/DATA5/prabhakar/telecom/extracted_images/images/image_2795.png,True,67470,singleton_2795,True,False,1,
2796,True,/data/all_images/image_2796.jpeg,/DATA5/prabhakar/telecom/extracted_images/images/image_2796.jpeg,True,29018,singleton_2796,True,False,1,
2797,True,/data/all_images/image_2797.jpeg,/DATA5/prabhakar/telecom/extracted_images/images/image_2797.jpeg,True,25340,singleton_2797,True,False,1,
2798,True,/data/all_images/image_2798.jpeg,/DATA5/prabhakar/telecom/extracted_images/images/image_2798.jpeg,True,35226,dup_group_26,True,True,2,
2799,True,/data/all_images/image_2799.jpeg,/DATA5/prabhakar/telecom/extracted_images/images/image_2799.jpeg,True,23261,singleton_2799,True,False,1,
2800,True,/data/all_images/image_2800.jpeg,/DATA5/prabhakar/telecom/extracted_images/images/image_2800.jpeg,True,22228,singleton_2800,True,False,1,
2801,True,/data/all_images/image_2801.png,/DATA5/prabhakar/telecom/extracted_images/images/image_2801.png,True,40895,singleton_2801,True,False,1,
2802,True,/data/all_images/image_2802.jpeg,/DATA5/prabhakar/telecom/extracted_images/images/image_2802.jpeg,True,78842,singleton_2802,True,False,1,
2803,True,/data/all_images/image_2803.jpeg,/DATA5/prabhakar/telecom/extracted_images/images/image_2803.jpeg,True,87963,singleton_2803,True,False,1,
2804,True,/data/all_images/image_2804.jpeg,/DATA5/prabhakar/telecom/extracted_images/images/image_2804.jpeg,True,53960,singleton_2804,True,False,1,
2805,True,/data/all_images/image_2805.jpeg,/DATA5/prabhakar/telecom/extracted_images/images/image_2805.jpeg,True,68001,singleton_2805,True,False,1,
2806,True,/data/all_images/image_2806.png,/DATA5/prabhakar/telecom/extracted_images/images/image_2806.png,True,43472,singleton_2806,True,False,1,
2807,True,/data/all_images/image_2807.jpeg,/DATA5/prabhakar/telecom/extracted_images/images/image_2807.jpeg,True,61426,singleton_2807,True,False,1,
2808,True,/data/all_images/image_2808.jpeg,/DATA5/prabhakar/telecom/extracted_images/images/image_2808.jpeg,True,56027,singleton_2808,True,False,1,
2809,True,/data/all_images/image_2809.jpeg,/DATA5/prabhakar/telecom/extracted_images/images/image_2809.jpeg,True,30301,singleton_2809,True,False,1,
2810,True,/data/all_images/image_2810.jpeg,/DATA5/prabhakar/telecom/extracted_images/images/image_2810.jpeg,True,97021,singleton_2810,True,False,1,
2811,True,/data/all_images/image_2811.jpeg,/DATA5/prabhakar/telecom/extracted_images/images/image_2811.jpeg,True,55310,singleton_2811,True,False,1,
2812,True,/data/all_images/image_2812.png,/DATA5/prabhakar/telecom/extracted_images/images/image_2812.png,True,49528,singleton_2812,True,False,1,
2813,True,/data/all_images/image_2813.png,/DATA5/prabhakar/telecom/extracted_images/images/image_2813.png,True,34891,singleton_2813,True,False,1,
2814,True,/data/all_images/image_2814.png,/DATA5/prabhakar/telecom/extracted_images/images/image_2814.png,True,76278,singleton_2814,True,False,1,
2815,True,/data/all_images/image_2815.jpeg,/DATA5/prabhakar/telecom/extracted_images/images/image_2815.jpeg,True,26567,singleton_2815,True,False,1,
2816,True,/data/all_images/image_2816.png,/DATA5/prabhakar/telecom/extracted_images/images/image_2816.png,True,42424,singleton_2816,True,False,1,
2817,True,/data/all_images/image_2817.jpeg,/DATA5/prabhakar/telecom/extracted_images/images/image_2817.jpeg,True,79859,singleton_2817,True,False,1,
2818,True,/data/all_images/image_2818.jpeg,/DATA5/prabhakar/telecom/extracted_images/images/image_2818.jpeg,True,34255,singleton_2818,True,False,1,
2819,True,/data/all_images/image_2819.png,/DATA5/prabhakar/telecom/extracted_images/images/image_2819.png,True,24541,singleton_2819,True,False,1,
2820,True,/data/all_images/image_2820.jpeg,/DATA5/prabhakar/telecom/extracted_images/images/image_2820.jpeg,True,23785,singleton_2820,True,False,1,
2821,True,/data/all_images/image_2821.jpeg,/DATA5/prabhakar/telecom/extracted_images/images/image_2821.jpeg,True,24356,singleton_2821,True,False,1,
2822,True,/data/all_images/image_2822.jpeg,/DATA5/prabhakar/telecom/extracted_images/images/image_2822.jpeg,True,37170,singleton_2822,True,False,1,
2823,True,/data/all_images/image_2823.jpeg,/DATA5/prabhakar/telecom/extracted_images/images/image_2823.jpeg,True,32405,singleton_2823,True,False,1,
2824,True,/data/all_images/image_2824.png,/DATA5/prabhakar/telecom/extracted_images/images/image_2824.png,True,41933,singleton_2824,True,False,1,
2825,True,/data/all_images/image_2825.png,/DATA5/prabhakar/telecom/extracted_images/images/image_2825.png,True,58278,singleton_2825,True,False,1,
2826,True,/data/all_images/image_2826.png,/DATA5/prabhakar/telecom/extracted_images/images/image_2826.png,True,40536,singleton_2826,True,False,1,
2827,True,/data/all_images/image_2827.png,/DATA5/prabhakar/telecom/extracted_images/images/image_2827.png,True,47970,dup_group_221,True,True,2,
2828,True,/data/all_images/image_2828.png,/DATA5/prabhakar/telecom/extracted_images/images/image_2828.png,True,28212,singleton_2828,True,False,1,
2829,True,/data/all_images/image_2829.png,/DATA5/prabhakar/telecom/extracted_images/images/image_2829.png,True,49823,singleton_2829,True,False,1,
2830,True,/data/all_images/image_2830.png,/DATA5/prabhakar/telecom/extracted_images/images/image_2830.png,True,47970,dup_group_221,True,True,2,
2831,True,/data/all_images/image_2831.jpeg,/DATA5/prabhakar/telecom/extracted_images/images/image_2831.jpeg,True,34414,singleton_2831,True,False,1,
2832,True,/data/all_images/image_2832.jpeg,/DATA5/prabhakar/telecom/extracted_images/images/image_2832.jpeg,True,51121,singleton_2832,True,False,1,
2833,True,/data/all_images/image_2833.jpeg,/DATA5/prabhakar/telecom/extracted_images/images/image_2833.jpeg,True,34714,singleton_2833,True,False,1,
2834,True,/data/all_images/image_2834.jpeg,/DATA5/prabhakar/telecom/extracted_images/images/image_2834.jpeg,True,22940,singleton_2834,True,False,1,
2835,True,/data/all_images/image_2835.jpeg,/DATA5/prabhakar/telecom/extracted_images/images/image_2835.jpeg,True,85233,singleton_2835,True,False,1,
2836,True,/data/all_images/image_2836.jpeg,/DATA5/prabhakar/telecom/extracted_images/images/image_2836.jpeg,True,29721,singleton_2836,True,False,1,
2837,True,/data/all_images/image_2837.jpeg,/DATA5/prabhakar/telecom/extracted_images/images/image_2837.jpeg,True,21870,singleton_2837,True,False,1,
2838,True,/data/all_images/image_2838.png,/DATA5/prabhakar/telecom/extracted_images/images/image_2838.png,True,59464,singleton_2838,True,False,1,
2839,True,/data/all_images/image_2839.png,/DATA5/prabhakar/telecom/extracted_images/images/image_2839.png,True,56059,singleton_2839,True,False,1,
2840,True,/data/all_images/image_2840.jpeg,/DATA5/prabhakar/telecom/extracted_images/images/image_2840.jpeg,True,66527,singleton_2840,True,False,1,
2841,True,/data/all_images/image_2841.jpeg,/DATA5/prabhakar/telecom/extracted_images/images/image_2841.jpeg,True,66738,singleton_2841,True,False,1,
2842,True,/data/all_images/image_2842.jpeg,/DATA5/prabhakar/telecom/extracted_images/images/image_2842.jpeg,True,30643,singleton_2842,True,False,1,
2843,True,/data/all_images/image_2843.png,/DATA5/prabhakar/telecom/extracted_images/images/image_2843.png,True,46440,singleton_2843,True,False,1,
2844,True,/data/all_images/image_2844.jpeg,/DATA5/prabhakar/telecom/extracted_images/images/image_2844.jpeg,True,76340,singleton_2844,True,False,1,
2845,True,/data/all_images/image_2845.jpeg,/DATA5/prabhakar/telecom/extracted_images/images/image_2845.jpeg,True,97951,singleton_2845,True,False,1,
2846,True,/data/all_images/image_2846.jpeg,/DATA5/prabhakar/telecom/extracted_images/images/image_2846.jpeg,True,61505,singleton_2846,True,False,1,
2847,True,/data/all_images/image_2847.jpeg,/DATA5/prabhakar/telecom/extracted_images/images/image_2847.jpeg,True,87133,singleton_2847,True,False,1,
2848,True,/data/all_images/image_2848.jpeg,/DATA5/prabhakar/telecom/extracted_images/images/image_2848.jpeg,True,38484,singleton_2848,True,False,1,
2849,True,/data/all_images/image_2849.png,/DATA5/prabhakar/telecom/extracted_images/images/image_2849.png,True,45859,singleton_2849,True,False,1,
2850,True,/data/all_images/image_2850.jpeg,/DATA5/prabhakar/telecom/extracted_images/images/image_2850.jpeg,True,24653,singleton_2850,True,False,1,
2851,True,/data/all_images/image_2851.jpeg,/DATA5/prabhakar/telecom/extracted_images/images/image_2851.jpeg,True,60088,singleton_2851,True,False,1,
2852,True,/data/all_images/image_2852.jpeg,/DATA5/prabhakar/telecom/extracted_images/images/image_2852.jpeg,True,41063,singleton_2852,True,False,1,
2853,True,/data/all_images/image_2853.jpeg,/DATA5/prabhakar/telecom/extracted_images/images/image_2853.jpeg,True,44490,singleton_2853,True,False,1,
2854,True,/data/all_images/image_2854.jpeg,/DATA5/prabhakar/telecom/extracted_images/images/image_2854.jpeg,True,46590,singleton_2854,True,False,1,
2855,True,/data/all_images/image_2855.jpeg,/DATA5/prabhakar/telecom/extracted_images/images/image_2855.jpeg,True,77703,singleton_2855,True,False,1,
2856,True,/data/all_images/image_2856.jpeg,/DATA5/prabhakar/telecom/extracted_images/images/image_2856.jpeg,True,86043,singleton_2856,True,False,1,
2857,True,/data/all_images/image_2857.jpeg,/DATA5/prabhakar/telecom/extracted_images/images/image_2857.jpeg,True,67652,singleton_2857,True,False,1,
2858,True,/data/all_images/image_2858.png,/DATA5/prabhakar/telecom/extracted_images/images/image_2858.png,True,22975,singleton_2858,True,False,1,
2859,True,/data/all_images/image_2859.png,/DATA5/prabhakar/telecom/extracted_images/images/image_2859.png,True,21804,singleton_2859,True,False,1,
2860,True,/data/all_images/image_2860.png,/DATA5/prabhakar/telecom/extracted_images/images/image_2860.png,True,21171,singleton_2860,True,False,1,
2861,True,/data/all_images/image_2861.png,/DATA5/prabhakar/telecom/extracted_images/images/image_2861.png,True,21356,singleton_2861,True,False,1,
2862,True,/data/all_images/image_2862.png,/DATA5/prabhakar/telecom/extracted_images/images/image_2862.png,True,29653,singleton_2862,True,False,1,
2863,True,/data/all_images/image_2863.png,/DATA5/prabhakar/telecom/extracted_images/images/image_2863.png,True,49795,singleton_2863,True,False,1,
2864,True,/data/all_images/image_2864.png,/DATA5/prabhakar/telecom/extracted_images/images/image_2864.png,True,55926,singleton_2864,True,False,1,
2865,True,/data/all_images/image_2865.png,/DATA5/prabhakar/telecom/extracted_images/images/image_2865.png,True,55640,singleton_2865,True,False,1,
2866,True,/data/all_images/image_2866.png,/DATA5/prabhakar/telecom/extracted_images/images/image_2866.png,True,59931,singleton_2866,True,False,1,
2867,True,/data/all_images/image_2867.png,/DATA5/prabhakar/telecom/extracted_images/images/image_2867.png,True,37418,singleton_2867,True,False,1,
2868,True,/data/all_images/image_2868.jpeg,/DATA5/prabhakar/telecom/extracted_images/images/image_2868.jpeg,True,43626,singleton_2868,True,False,1,
2869,True,/data/all_images/image_2869.jpeg,/DATA5/prabhakar/telecom/extracted_images/images/image_2869.jpeg,True,62666,singleton_2869,True,False,1,
2870,True,/data/all_images/image_2870.jpeg,/DATA5/prabhakar/telecom/extracted_images/images/image_2870.jpeg,True,53991,singleton_2870,True,False,1,
2871,True,/data/all_images/image_2871.jpeg,/DATA5/prabhakar/telecom/extracted_images/images/image_2871.jpeg,True,35378,singleton_2871,True,False,1,
2872,True,/data/all_images/image_2872.png,/DATA5/prabhakar/telecom/extracted_images/images/image_2872.png,True,41264,singleton_2872,True,False,1,
2873,True,/data/all_images/image_2873.jpeg,/DATA5/prabhakar/telecom/extracted_images/images/image_2873.jpeg,True,32716,singleton_2873,True,False,1,
2874,True,/data/all_images/image_2874.jpeg,/DATA5/prabhakar/telecom/extracted_images/images/image_2874.jpeg,True,27201,singleton_2874,True,False,1,
2875,True,/data/all_images/image_2875.jpeg,/DATA5/prabhakar/telecom/extracted_images/images/image_2875.jpeg,True,30526,singleton_2875,True,False,1,
2876,True,/data/all_images/image_2876.png,/DATA5/prabhakar/telecom/extracted_images/images/image_2876.png,True,64346,singleton_2876,True,False,1,
2877,True,/data/all_images/image_2877.jpeg,/DATA5/prabhakar/telecom/extracted_images/images/image_2877.jpeg,True,51016,singleton_2877,True,False,1,
2878,True,/data/all_images/image_2878.jpeg,/DATA5/prabhakar/telecom/extracted_images/images/image_2878.jpeg,True,58062,singleton_2878,True,False,1,
2879,True,/data/all_images/image_2879.jpeg,/DATA5/prabhakar/telecom/extracted_images/images/image_2879.jpeg,True,81413,singleton_2879,True,False,1,
2880,True,/data/all_images/image_2880.jpeg,/DATA5/prabhakar/telecom/extracted_images/images/image_2880.jpeg,True,49796,singleton_2880,True,False,1,
2881,True,/data/all_images/image_2881.png,/DATA5/prabhakar/telecom/extracted_images/images/image_2881.png,True,49967,singleton_2881,True,False,1,
2882,True,/data/all_images/image_2882.png,/DATA5/prabhakar/telecom/extracted_images/images/image_2882.png,True,43853,singleton_2882,True,False,1,
2883,True,/data/all_images/image_2883.jpeg,/DATA5/prabhakar/telecom/extracted_images/images/image_2883.jpeg,True,32939,singleton_2883,True,False,1,
2884,True,/data/all_images/image_2884.jpeg,/DATA5/prabhakar/telecom/extracted_images/images/image_2884.jpeg,True,29207,singleton_2884,True,False,1,
2885,True,/data/all_images/image_2885.png,/DATA5/prabhakar/telecom/extracted_images/images/image_2885.png,True,22822,singleton_2885,True,False,1,
2886,True,/data/all_images/image_2886.jpeg,/DATA5/prabhakar/telecom/extracted_images/images/image_2886.jpeg,True,39598,singleton_2886,True,False,1,
2887,True,/data/all_images/image_2887.jpeg,/DATA5/prabhakar/telecom/extracted_images/images/image_2887.jpeg,True,37503,singleton_2887,True,False,1,
2888,True,/data/all_images/image_2888.jpeg,/DATA5/prabhakar/telecom/extracted_images/images/image_2888.jpeg,True,48952,singleton_2888,True,False,1,
2889,True,/data/all_images/image_2889.jpeg,/DATA5/prabhakar/telecom/extracted_images/images/image_2889.jpeg,True,36573,singleton_2889,True,False,1,
2890,True,/data/all_images/image_2890.jpeg,/DATA5/prabhakar/telecom/extracted_images/images/image_2890.jpeg,True,54247,singleton_2890,True,False,1,
2891,True,/data/all_images/image_2891.jpeg,/DATA5/prabhakar/telecom/extracted_images/images/image_2891.jpeg,True,43454,singleton_2891,True,False,1,
2892,True,/data/all_images/image_2892.jpeg,/DATA5/prabhakar/telecom/extracted_images/images/image_2892.jpeg,True,24465,singleton_2892,True,False,1,
2893,True,/data/all_images/image_2893.jpeg,/DATA5/prabhakar/telecom/extracted_images/images/image_2893.jpeg,True,53846,dup_group_222,True,True,2,
2894,True,/data/all_images/image_2894.jpeg,/DATA5/prabhakar/telecom/extracted_images/images/image_2894.jpeg,True,20504,dup_group_223,True,True,2,
2895,True,/data/all_images/image_2895.jpeg,/DATA5/prabhakar/telecom/extracted_images/images/image_2895.jpeg,True,49946,dup_group_206,True,True,3,
2896,True,/data/all_images/image_2896.jpeg,/DATA5/prabhakar/telecom/extracted_images/images/image_2896.jpeg,True,46598,dup_group_207,True,True,3,
2897,True,/data/all_images/image_2897.png,/DATA5/prabhakar/telecom/extracted_images/images/image_2897.png,True,39284,dup_group_208,True,True,5,
2898,True,/data/all_images/image_2898.jpeg,/DATA5/prabhakar/telecom/extracted_images/images/image_2898.jpeg,True,27302,dup_group_224,True,True,2,
2899,True,/data/all_images/image_2899.png,/DATA5/prabhakar/telecom/extracted_images/images/image_2899.png,True,33752,dup_group_225,True,True,2,
2900,True,/data/all_images/image_2900.png,/DATA5/prabhakar/telecom/extracted_images/images/image_2900.png,True,23159,singleton_2900,True,False,1,
2901,True,/data/all_images/image_2901.jpeg,/DATA5/prabhakar/telecom/extracted_images/images/image_2901.jpeg,True,31223,singleton_2901,True,False,1,
2902,True,/data/all_images/image_2902.jpeg,/DATA5/prabhakar/telecom/extracted_images/images/image_2902.jpeg,True,28887,singleton_2902,True,False,1,
2903,True,/data/all_images/image_2903.jpeg,/DATA5/prabhakar/telecom/extracted_images/images/image_2903.jpeg,True,31610,singleton_2903,True,False,1,
2904,True,/data/all_images/image_2904.jpeg,/DATA5/prabhakar/telecom/extracted_images/images/image_2904.jpeg,True,29531,singleton_2904,True,False,1,
2905,True,/data/all_images/image_2905.jpeg,/DATA5/prabhakar/telecom/extracted_images/images/image_2905.jpeg,True,29107,dup_group_226,True,True,2,
2906,True,/data/all_images/image_2906.jpeg,/DATA5/prabhakar/telecom/extracted_images/images/image_2906.jpeg,True,56970,dup_group_227,True,True,2,
2907,True,/data/all_images/image_2907.jpeg,/DATA5/prabhakar/telecom/extracted_images/images/image_2907.jpeg,True,25888,dup_group_228,True,True,2,
2908,True,/data/all_images/image_2908.png,/DATA5/prabhakar/telecom/extracted_images/images/image_2908.png,True,26052,dup_group_229,True,True,2,
2909,True,/data/all_images/image_2909.jpeg,/DATA5/prabhakar/telecom/extracted_images/images/image_2909.jpeg,True,43016,dup_group_230,True,True,2,
2910,True,/data/all_images/image_2910.png,/DATA5/prabhakar/telecom/extracted_images/images/image_2910.png,True,35919,dup_group_231,True,True,2,
2911,True,/data/all_images/image_2911.jpeg,/DATA5/prabhakar/telecom/extracted_images/images/image_2911.jpeg,True,60949,singleton_2911,True,False,1,
2912,True,/data/all_images/image_2912.jpeg,/DATA5/prabhakar/telecom/extracted_images/images/image_2912.jpeg,True,28470,dup_group_232,True,True,2,
2913,True,/data/all_images/image_2913.jpeg,/DATA5/prabhakar/telecom/extracted_images/images/image_2913.jpeg,True,28245,dup_group_233,True,True,2,
2914,True,/data/all_images/image_2914.jpeg,/DATA5/prabhakar/telecom/extracted_images/images/image_2914.jpeg,True,27831,dup_group_234,True,True,2,
2915,True,/data/all_images/image_2915.jpeg,/DATA5/prabhakar/telecom/extracted_images/images/image_2915.jpeg,True,35497,dup_group_235,True,True,2,
2916,True,/data/all_images/image_2916.png,/DATA5/prabhakar/telecom/extracted_images/images/image_2916.png,True,28520,dup_group_236,True,True,2,
2917,True,/data/all_images/image_2917.png,/DATA5/prabhakar/telecom/extracted_images/images/image_2917.png,True,30854,dup_group_237,True,True,2,
2918,True,/data/all_images/image_2918.png,/DATA5/prabhakar/telecom/extracted_images/images/image_2918.png,True,34218,singleton_2918,True,False,1,
2919,True,/data/all_images/image_2919.png,/DATA5/prabhakar/telecom/extracted_images/images/image_2919.png,True,27886,singleton_2919,True,False,1,
2920,True,/data/all_images/image_2920.png,/DATA5/prabhakar/telecom/extracted_images/images/image_2920.png,True,22237,singleton_2920,True,False,1,
2921,True,/data/all_images/image_2921.png,/DATA5/prabhakar/telecom/extracted_images/images/image_2921.png,True,34850,singleton_2921,True,False,1,
2922,True,/data/all_images/image_2922.jpeg,/DATA5/prabhakar/telecom/extracted_images/images/image_2922.jpeg,True,35442,dup_group_219,True,True,2,
2923,True,/data/all_images/image_2923.png,/DATA5/prabhakar/telecom/extracted_images/images/image_2923.png,True,33034,singleton_2923,True,False,1,
2924,True,/data/all_images/image_2924.jpeg,/DATA5/prabhakar/telecom/extracted_images/images/image_2924.jpeg,True,43774,dup_group_220,True,True,2,
2925,True,/data/all_images/image_2925.jpeg,/DATA5/prabhakar/telecom/extracted_images/images/image_2925.jpeg,True,23953,singleton_2925,True,False,1,
2926,True,/data/all_images/image_2926.jpeg,/DATA5/prabhakar/telecom/extracted_images/images/image_2926.jpeg,True,27861,singleton_2926,True,False,1,
2927,True,/data/all_images/image_2927.jpeg,/DATA5/prabhakar/telecom/extracted_images/images/image_2927.jpeg,True,22646,singleton_2927,True,False,1,
2928,True,/data/all_images/image_2928.jpeg,/DATA5/prabhakar/telecom/extracted_images/images/image_2928.jpeg,True,48451,singleton_2928,True,False,1,
2929,True,/data/all_images/image_2929.jpeg,/DATA5/prabhakar/telecom/extracted_images/images/image_2929.jpeg,True,53981,singleton_2929,True,False,1,
2930,True,/data/all_images/image_2930.jpeg,/DATA5/prabhakar/telecom/extracted_images/images/image_2930.jpeg,True,39022,singleton_2930,True,False,1,
2931,True,/data/all_images/image_2931.jpeg,/DATA5/prabhakar/telecom/extracted_images/images/image_2931.jpeg,True,43922,singleton_2931,True,False,1,
2932,True,/data/all_images/image_2932.jpeg,/DATA5/prabhakar/telecom/extracted_images/images/image_2932.jpeg,True,45795,singleton_2932,True,False,1,
2933,True,/data/all_images/image_2933.jpeg,/DATA5/prabhakar/telecom/extracted_images/images/image_2933.jpeg,True,38408,singleton_2933,True,False,1,
2934,True,/data/all_images/image_2934.jpeg,/DATA5/prabhakar/telecom/extracted_images/images/image_2934.jpeg,True,41654,singleton_2934,True,False,1,
2935,True,/data/all_images/image_2935.jpeg,/DATA5/prabhakar/telecom/extracted_images/images/image_2935.jpeg,True,32431,dup_group_238,True,True,2,
2936,True,/data/all_images/image_2936.jpeg,/DATA5/prabhakar/telecom/extracted_images/images/image_2936.jpeg,True,42567,dup_group_239,True,True,2,
2937,True,/data/all_images/image_2937.jpeg,/DATA5/prabhakar/telecom/extracted_images/images/image_2937.jpeg,True,46380,singleton_2937,True,False,1,
2938,True,/data/all_images/image_2938.png,/DATA5/prabhakar/telecom/extracted_images/images/image_2938.png,True,32434,singleton_2938,True,False,1,
2939,True,/data/all_images/image_2939.png,/DATA5/prabhakar/telecom/extracted_images/images/image_2939.png,True,35097,singleton_2939,True,False,1,
2940,True,/data/all_images/image_2940.jpeg,/DATA5/prabhakar/telecom/extracted_images/images/image_2940.jpeg,True,21428,dup_group_240,True,True,2,
2941,True,/data/all_images/image_2941.jpeg,/DATA5/prabhakar/telecom/extracted_images/images/image_2941.jpeg,True,24357,dup_group_241,True,True,2,
2942,True,/data/all_images/image_2942.jpeg,/DATA5/prabhakar/telecom/extracted_images/images/image_2942.jpeg,True,38761,dup_group_242,True,True,2,
2943,True,/data/all_images/image_2943.jpeg,/DATA5/prabhakar/telecom/extracted_images/images/image_2943.jpeg,True,36368,dup_group_209,True,True,3,
2944,True,/data/all_images/image_2944.png,/DATA5/prabhakar/telecom/extracted_images/images/image_2944.png,True,26432,singleton_2944,True,False,1,
2945,True,/data/all_images/image_2945.jpeg,/DATA5/prabhakar/telecom/extracted_images/images/image_2945.jpeg,True,28227,singleton_2945,True,False,1,
2946,True,/data/all_images/image_2946.jpeg,/DATA5/prabhakar/telecom/extracted_images/images/image_2946.jpeg,True,41690,dup_group_210,True,True,3,
2947,True,/data/all_images/image_2947.png,/DATA5/prabhakar/telecom/extracted_images/images/image_2947.png,True,38232,dup_group_243,True,True,2,
2948,True,/data/all_images/image_2948.jpeg,/DATA5/prabhakar/telecom/extracted_images/images/image_2948.jpeg,True,40791,singleton_2948,True,False,1,
2949,True,/data/all_images/image_2949.jpeg,/DATA5/prabhakar/telecom/extracted_images/images/image_2949.jpeg,True,41386,singleton_2949,True,False,1,
2950,True,/data/all_images/image_2950.png,/DATA5/prabhakar/telecom/extracted_images/images/image_2950.png,True,33198,dup_group_244,True,True,2,
2951,True,/data/all_images/image_2951.png,/DATA5/prabhakar/telecom/extracted_images/images/image_2951.png,True,21698,dup_group_245,True,True,2,
2952,True,/data/all_images/image_2952.jpeg,/DATA5/prabhakar/telecom/extracted_images/images/image_2952.jpeg,True,33561,singleton_2952,True,False,1,
2953,True,/data/all_images/image_2953.jpeg,/DATA5/prabhakar/telecom/extracted_images/images/image_2953.jpeg,True,31434,singleton_2953,True,False,1,
2954,True,/data/all_images/image_2954.jpeg,/DATA5/prabhakar/telecom/extracted_images/images/image_2954.jpeg,True,33079,singleton_2954,True,False,1,
2955,True,/data/all_images/image_2955.jpeg,/DATA5/prabhakar/telecom/extracted_images/images/image_2955.jpeg,True,36633,singleton_2955,True,False,1,
2956,True,/data/all_images/image_2956.jpeg,/DATA5/prabhakar/telecom/extracted_images/images/image_2956.jpeg,True,35650,singleton_2956,True,False,1,
2957,True,/data/all_images/image_2957.jpeg,/DATA5/prabhakar/telecom/extracted_images/images/image_2957.jpeg,True,32712,singleton_2957,True,False,1,
2958,True,/data/all_images/image_2958.jpeg,/DATA5/prabhakar/telecom/extracted_images/images/image_2958.jpeg,True,27151,singleton_2958,True,False,1,
2959,True,/data/all_images/image_2959.jpeg,/DATA5/prabhakar/telecom/extracted_images/images/image_2959.jpeg,True,22740,singleton_2959,True,False,1,
2960,True,/data/all_images/image_2960.jpeg,/DATA5/prabhakar/telecom/extracted_images/images/image_2960.jpeg,True,34442,singleton_2960,True,False,1,
2961,True,/data/all_images/image_2961.png,/DATA5/prabhakar/telecom/extracted_images/images/image_2961.png,True,20631,singleton_2961,True,False,1,
2962,True,/data/all_images/image_2962.png,/DATA5/prabhakar/telecom/extracted_images/images/image_2962.png,True,21524,singleton_2962,True,False,1,
2963,True,/data/all_images/image_2963.jpeg,/DATA5/prabhakar/telecom/extracted_images/images/image_2963.jpeg,True,28525,singleton_2963,True,False,1,
2964,True,/data/all_images/image_2964.jpeg,/DATA5/prabhakar/telecom/extracted_images/images/image_2964.jpeg,True,59180,singleton_2964,True,False,1,
2965,True,/data/all_images/image_2965.png,/DATA5/prabhakar/telecom/extracted_images/images/image_2965.png,True,69023,singleton_2965,True,False,1,
2966,True,/data/all_images/image_2966.png,/DATA5/prabhakar/telecom/extracted_images/images/image_2966.png,True,42267,singleton_2966,True,False,1,
2967,True,/data/all_images/image_2967.png,/DATA5/prabhakar/telecom/extracted_images/images/image_2967.png,True,40634,singleton_2967,True,False,1,
2968,True,/data/all_images/image_2968.jpeg,/DATA5/prabhakar/telecom/extracted_images/images/image_2968.jpeg,True,27541,singleton_2968,True,False,1,
2969,True,/data/all_images/image_2969.png,/DATA5/prabhakar/telecom/extracted_images/images/image_2969.png,True,37731,singleton_2969,True,False,1,
2970,True,/data/all_images/image_2970.jpeg,/DATA5/prabhakar/telecom/extracted_images/images/image_2970.jpeg,True,36509,singleton_2970,True,False,1,
2971,True,/data/all_images/image_2971.png,/DATA5/prabhakar/telecom/extracted_images/images/image_2971.png,True,23164,singleton_2971,True,False,1,
2972,True,/data/all_images/image_2972.jpeg,/DATA5/prabhakar/telecom/extracted_images/images/image_2972.jpeg,True,23593,dup_group_154,True,True,2,
2973,True,/data/all_images/image_2973.jpeg,/DATA5/prabhakar/telecom/extracted_images/images/image_2973.jpeg,True,23846,singleton_2973,True,False,1,
2974,True,/data/all_images/image_2974.jpeg,/DATA5/prabhakar/telecom/extracted_images/images/image_2974.jpeg,True,40477,singleton_2974,True,False,1,
2975,True,/data/all_images/image_2975.png,/DATA5/prabhakar/telecom/extracted_images/images/image_2975.png,True,21989,singleton_2975,True,False,1,
2976,True,/data/all_images/image_2976.png,/DATA5/prabhakar/telecom/extracted_images/images/image_2976.png,True,23249,dup_group_155,True,True,2,
2977,True,/data/all_images/image_2977.png,/DATA5/prabhakar/telecom/extracted_images/images/image_2977.png,True,29522,singleton_2977,True,False,1,
2978,True,/data/all_images/image_2978.png,/DATA5/prabhakar/telecom/extracted_images/images/image_2978.png,True,21613,singleton_2978,True,False,1,
2979,True,/data/all_images/image_2979.jpeg,/DATA5/prabhakar/telecom/extracted_images/images/image_2979.jpeg,True,58891,singleton_2979,True,False,1,
2980,True,/data/all_images/image_2980.jpeg,/DATA5/prabhakar/telecom/extracted_images/images/image_2980.jpeg,True,27006,singleton_2980,True,False,1,
2981,True,/data/all_images/image_2981.jpeg,/DATA5/prabhakar/telecom/extracted_images/images/image_2981.jpeg,True,34365,singleton_2981,True,False,1,
2982,True,/data/all_images/image_2982.jpeg,/DATA5/prabhakar/telecom/extracted_images/images/image_2982.jpeg,True,57794,singleton_2982,True,False,1,
2983,True,/data/all_images/image_2983.png,/DATA5/prabhakar/telecom/extracted_images/images/image_2983.png,True,26743,dup_group_246,True,True,2,
2984,True,/data/all_images/image_2984.jpeg,/DATA5/prabhakar/telecom/extracted_images/images/image_2984.jpeg,True,43995,singleton_2984,True,False,1,
2985,True,/data/all_images/image_2985.png,/DATA5/prabhakar/telecom/extracted_images/images/image_2985.png,True,38831,singleton_2985,True,False,1,
2986,True,/data/all_images/image_2986.png,/DATA5/prabhakar/telecom/extracted_images/images/image_2986.png,True,36101,singleton_2986,True,False,1,
2987,True,/data/all_images/image_2987.jpeg,/DATA5/prabhakar/telecom/extracted_images/images/image_2987.jpeg,True,27116,singleton_2987,True,False,1,
2988,True,/data/all_images/image_2988.jpeg,/DATA5/prabhakar/telecom/extracted_images/images/image_2988.jpeg,True,25583,dup_group_247,True,True,2,
2989,True,/data/all_images/image_2989.png,/DATA5/prabhakar/telecom/extracted_images/images/image_2989.png,True,30467,dup_group_248,True,True,2,
2990,True,/data/all_images/image_2990.png,/DATA5/prabhakar/telecom/extracted_images/images/image_2990.png,True,27268,dup_group_249,True,True,2,
2991,True,/data/all_images/image_2991.png,/DATA5/prabhakar/telecom/extracted_images/images/image_2991.png,True,26576,dup_group_250,True,True,2,
2992,True,/data/all_images/image_2992.jpeg,/DATA5/prabhakar/telecom/extracted_images/images/image_2992.jpeg,True,40481,singleton_2992,True,False,1,
2993,True,/data/all_images/image_2993.jpeg,/DATA5/prabhakar/telecom/extracted_images/images/image_2993.jpeg,True,53298,singleton_2993,True,False,1,
2994,True,/data/all_images/image_2994.png,/DATA5/prabhakar/telecom/extracted_images/images/image_2994.png,True,32667,singleton_2994,True,False,1,
2995,True,/data/all_images/image_2995.jpeg,/DATA5/prabhakar/telecom/extracted_images/images/image_2995.jpeg,True,21202,singleton_2995,True,False,1,
2996,True,/data/all_images/image_2996.jpeg,/DATA5/prabhakar/telecom/extracted_images/images/image_2996.jpeg,True,21279,dup_group_251,True,True,2,
2997,True,/data/all_images/image_2997.jpeg,/DATA5/prabhakar/telecom/extracted_images/images/image_2997.jpeg,True,39210,dup_group_252,True,True,2,
2998,True,/data/all_images/image_2998.png,/DATA5/prabhakar/telecom/extracted_images/images/image_2998.png,True,21829,dup_group_253,True,True,2,
2999,True,/data/all_images/image_2999.jpeg,/DATA5/prabhakar/telecom/extracted_images/images/image_2999.jpeg,True,29209,singleton_2999,True,False,1,
3000,True,/data/all_images/image_3000.png,/DATA5/prabhakar/telecom/extracted_images/images/image_3000.png,True,25321,dup_group_254,True,True,2,
3001,True,/data/all_images/image_3001.jpeg,/DATA5/prabhakar/telecom/extracted_images/images/image_3001.jpeg,True,41574,dup_group_255,True,True,2,
3002,True,/data/all_images/image_3002.jpeg,/DATA5/prabhakar/telecom/extracted_images/images/image_3002.jpeg,True,49494,dup_group_256,True,True,2,
3003,True,/data/all_images/image_3003.jpeg,/DATA5/prabhakar/telecom/extracted_images/images/image_3003.jpeg,True,34677,dup_group_257,True,True,2,
3004,True,/data/all_images/image_3004.jpeg,/DATA5/prabhakar/telecom/extracted_images/images/image_3004.jpeg,True,30069,dup_group_258,True,True,2,
3005,True,/data/all_images/image_3005.png,/DATA5/prabhakar/telecom/extracted_images/images/image_3005.png,True,40276,dup_group_259,True,True,2,
3006,True,/data/all_images/image_3006.png,/DATA5/prabhakar/telecom/extracted_images/images/image_3006.png,True,31986,dup_group_260,True,True,2,
3007,True,/data/all_images/image_3007.jpeg,/DATA5/prabhakar/telecom/extracted_images/images/image_3007.jpeg,True,28418,dup_group_261,True,True,2,
3008,True,/data/all_images/image_3008.jpeg,/DATA5/prabhakar/telecom/extracted_images/images/image_3008.jpeg,True,27836,dup_group_262,True,True,2,
3009,True,/data/all_images/image_3009.jpeg,/DATA5/prabhakar/telecom/extracted_images/images/image_3009.jpeg,True,28134,dup_group_263,True,True,2,
3010,True,/data/all_images/image_3010.jpeg,/DATA5/prabhakar/telecom/extracted_images/images/image_3010.jpeg,True,27935,dup_group_264,True,True,2,
3011,True,/data/all_images/image_3011.jpeg,/DATA5/prabhakar/telecom/extracted_images/images/image_3011.jpeg,True,26234,dup_group_265,True,True,2,
3012,True,/data/all_images/image_3012.jpeg,/DATA5/prabhakar/telecom/extracted_images/images/image_3012.jpeg,True,26644,dup_group_266,True,True,2,
3013,True,/data/all_images/image_3013.jpeg,/DATA5/prabhakar/telecom/extracted_images/images/image_3013.jpeg,True,25651,singleton_3013,True,False,1,
3014,True,/data/all_images/image_3014.jpeg,/DATA5/prabhakar/telecom/extracted_images/images/image_3014.jpeg,True,34170,dup_group_267,True,True,2,
3015,True,/data/all_images/image_3015.jpeg,/DATA5/prabhakar/telecom/extracted_images/images/image_3015.jpeg,True,33452,dup_group_268,True,True,2,
3016,True,/data/all_images/image_3016.jpeg,/DATA5/prabhakar/telecom/extracted_images/images/image_3016.jpeg,True,29907,dup_group_269,True,True,2,
3017,True,/data/all_images/image_3017.jpeg,/DATA5/prabhakar/telecom/extracted_images/images/image_3017.jpeg,True,33326,dup_group_270,True,True,2,
3018,True,/data/all_images/image_3018.jpeg,/DATA5/prabhakar/telecom/extracted_images/images/image_3018.jpeg,True,32375,dup_group_271,True,True,2,
3019,True,/data/all_images/image_3019.jpeg,/DATA5/prabhakar/telecom/extracted_images/images/image_3019.jpeg,True,32160,dup_group_272,True,True,2,
3020,True,/data/all_images/image_3020.jpeg,/DATA5/prabhakar/telecom/extracted_images/images/image_3020.jpeg,True,28891,dup_group_273,True,True,2,
3021,True,/data/all_images/image_3021.jpeg,/DATA5/prabhakar/telecom/extracted_images/images/image_3021.jpeg,True,31489,dup_group_274,True,True,2,
3022,True,/data/all_images/image_3022.jpeg,/DATA5/prabhakar/telecom/extracted_images/images/image_3022.jpeg,True,32175,singleton_3022,True,False,1,
3023,True,/data/all_images/image_3023.jpeg,/DATA5/prabhakar/telecom/extracted_images/images/image_3023.jpeg,True,26925,singleton_3023,True,False,1,
3024,True,/data/all_images/image_3024.jpeg,/DATA5/prabhakar/telecom/extracted_images/images/image_3024.jpeg,True,28539,dup_group_216,True,True,2,
3025,True,/data/all_images/image_3025.jpeg,/DATA5/prabhakar/telecom/extracted_images/images/image_3025.jpeg,True,28206,dup_group_217,True,True,2,
3026,True,/data/all_images/image_3026.jpeg,/DATA5/prabhakar/telecom/extracted_images/images/image_3026.jpeg,True,36692,dup_group_218,True,True,2,
3027,True,/data/all_images/image_3027.jpeg,/DATA5/prabhakar/telecom/extracted_images/images/image_3027.jpeg,True,43071,singleton_3027,True,False,1,
3028,True,/data/all_images/image_3028.jpeg,/DATA5/prabhakar/telecom/extracted_images/images/image_3028.jpeg,True,22022,singleton_3028,True,False,1,
3029,True,/data/all_images/image_3029.jpeg,/DATA5/prabhakar/telecom/extracted_images/images/image_3029.jpeg,True,25434,singleton_3029,True,False,1,
3030,True,/data/all_images/image_3030.png,/DATA5/prabhakar/telecom/extracted_images/images/image_3030.png,True,22239,dup_group_211,True,True,3,
3031,True,/data/all_images/image_3031.png,/DATA5/prabhakar/telecom/extracted_images/images/image_3031.png,True,26743,dup_group_246,True,True,2,
3032,True,/data/all_images/image_3032.jpeg,/DATA5/prabhakar/telecom/extracted_images/images/image_3032.jpeg,True,47684,dup_group_213,True,True,3,
3033,True,/data/all_images/image_3033.jpeg,/DATA5/prabhakar/telecom/extracted_images/images/image_3033.jpeg,True,36201,dup_group_214,True,True,3,
3034,True,/data/all_images/image_3034.jpeg,/DATA5/prabhakar/telecom/extracted_images/images/image_3034.jpeg,True,23076,singleton_3034,True,False,1,
3035,True,/data/all_images/image_3035.jpeg,/DATA5/prabhakar/telecom/extracted_images/images/image_3035.jpeg,True,23138,singleton_3035,True,False,1,
3036,True,/data/all_images/image_3036.jpeg,/DATA5/prabhakar/telecom/extracted_images/images/image_3036.jpeg,True,31845,singleton_3036,True,False,1,
3037,True,/data/all_images/image_3037.png,/DATA5/prabhakar/telecom/extracted_images/images/image_3037.png,True,27268,dup_group_249,True,True,2,
3038,True,/data/all_images/image_3038.jpeg,/DATA5/prabhakar/telecom/extracted_images/images/image_3038.jpeg,True,25583,dup_group_247,True,True,2,
3039,True,/data/all_images/image_3039.png,/DATA5/prabhakar/telecom/extracted_images/images/image_3039.png,True,30467,dup_group_248,True,True,2,
3040,True,/data/all_images/image_3040.png,/DATA5/prabhakar/telecom/extracted_images/images/image_3040.png,True,26576,dup_group_250,True,True,2,
3041,True,/data/all_images/image_3041.png,/DATA5/prabhakar/telecom/extracted_images/images/image_3041.png,True,21273,singleton_3041,True,False,1,
3042,True,/data/all_images/image_3042.jpeg,/DATA5/prabhakar/telecom/extracted_images/images/image_3042.jpeg,True,25066,singleton_3042,True,False,1,
3043,True,/data/all_images/image_3043.jpeg,/DATA5/prabhakar/telecom/extracted_images/images/image_3043.jpeg,True,40654,singleton_3043,True,False,1,
3044,True,/data/all_images/image_3044.jpeg,/DATA5/prabhakar/telecom/extracted_images/images/image_3044.jpeg,True,27136,singleton_3044,True,False,1,
3045,True,/data/all_images/image_3045.jpeg,/DATA5/prabhakar/telecom/extracted_images/images/image_3045.jpeg,True,30389,singleton_3045,True,False,1,
3046,True,/data/all_images/image_3046.jpeg,/DATA5/prabhakar/telecom/extracted_images/images/image_3046.jpeg,True,21279,dup_group_251,True,True,2,
3047,True,/data/all_images/image_3047.jpeg,/DATA5/prabhakar/telecom/extracted_images/images/image_3047.jpeg,True,39210,dup_group_252,True,True,2,
3048,True,/data/all_images/image_3048.jpeg,/DATA5/prabhakar/telecom/extracted_images/images/image_3048.jpeg,True,25976,singleton_3048,True,False,1,
3049,True,/data/all_images/image_3049.png,/DATA5/prabhakar/telecom/extracted_images/images/image_3049.png,True,21829,dup_group_253,True,True,2,
3050,True,/data/all_images/image_3050.png,/DATA5/prabhakar/telecom/extracted_images/images/image_3050.png,True,25321,dup_group_254,True,True,2,
3051,True,/data/all_images/image_3051.jpeg,/DATA5/prabhakar/telecom/extracted_images/images/image_3051.jpeg,True,41574,dup_group_255,True,True,2,
3052,True,/data/all_images/image_3052.jpeg,/DATA5/prabhakar/telecom/extracted_images/images/image_3052.jpeg,True,49494,dup_group_256,True,True,2,
3053,True,/data/all_images/image_3053.jpeg,/DATA5/prabhakar/telecom/extracted_images/images/image_3053.jpeg,True,34677,dup_group_257,True,True,2,
3054,True,/data/all_images/image_3054.jpeg,/DATA5/prabhakar/telecom/extracted_images/images/image_3054.jpeg,True,30069,dup_group_258,True,True,2,
3055,True,/data/all_images/image_3055.png,/DATA5/prabhakar/telecom/extracted_images/images/image_3055.png,True,40276,dup_group_259,True,True,2,
3056,True,/data/all_images/image_3056.png,/DATA5/prabhakar/telecom/extracted_images/images/image_3056.png,True,31986,dup_group_260,True,True,2,
3057,True,/data/all_images/image_3057.jpeg,/DATA5/prabhakar/telecom/extracted_images/images/image_3057.jpeg,True,28418,dup_group_261,True,True,2,
3058,True,/data/all_images/image_3058.jpeg,/DATA5/prabhakar/telecom/extracted_images/images/image_3058.jpeg,True,27836,dup_group_262,True,True,2,
3059,True,/data/all_images/image_3059.jpeg,/DATA5/prabhakar/telecom/extracted_images/images/image_3059.jpeg,True,28134,dup_group_263,True,True,2,
3060,True,/data/all_images/image_3060.jpeg,/DATA5/prabhakar/telecom/extracted_images/images/image_3060.jpeg,True,27935,dup_group_264,True,True,2,
3061,True,/data/all_images/image_3061.jpeg,/DATA5/prabhakar/telecom/extracted_images/images/image_3061.jpeg,True,26234,dup_group_265,True,True,2,
3062,True,/data/all_images/image_3062.jpeg,/DATA5/prabhakar/telecom/extracted_images/images/image_3062.jpeg,True,26644,dup_group_266,True,True,2,
3063,True,/data/all_images/image_3063.jpeg,/DATA5/prabhakar/telecom/extracted_images/images/image_3063.jpeg,True,34170,dup_group_267,True,True,2,
3064,True,/data/all_images/image_3064.jpeg,/DATA5/prabhakar/telecom/extracted_images/images/image_3064.jpeg,True,33452,dup_group_268,True,True,2,
3065,True,/data/all_images/image_3065.jpeg,/DATA5/prabhakar/telecom/extracted_images/images/image_3065.jpeg,True,29907,dup_group_269,True,True,2,
3066,True,/data/all_images/image_3066.jpeg,/DATA5/prabhakar/telecom/extracted_images/images/image_3066.jpeg,True,33326,dup_group_270,True,True,2,
3067,True,/data/all_images/image_3067.jpeg,/DATA5/prabhakar/telecom/extracted_images/images/image_3067.jpeg,True,32375,dup_group_271,True,True,2,
3068,True,/data/all_images/image_3068.jpeg,/DATA5/prabhakar/telecom/extracted_images/images/image_3068.jpeg,True,32160,dup_group_272,True,True,2,
3069,True,/data/all_images/image_3069.jpeg,/DATA5/prabhakar/telecom/extracted_images/images/image_3069.jpeg,True,28891,dup_group_273,True,True,2,
3070,True,/data/all_images/image_3070.jpeg,/DATA5/prabhakar/telecom/extracted_images/images/image_3070.jpeg,True,31489,dup_group_274,True,True,2,
3071,True,/data/all_images/image_3071.jpeg,/DATA5/prabhakar/telecom/extracted_images/images/image_3071.jpeg,True,44732,singleton_3071,True,False,1,
3072,True,/data/all_images/image_3072.jpeg,/DATA5/prabhakar/telecom/extracted_images/images/image_3072.jpeg,True,28812,singleton_3072,True,False,1,
3073,True,/data/all_images/image_3073.jpeg,/DATA5/prabhakar/telecom/extracted_images/images/image_3073.jpeg,True,27469,singleton_3073,True,False,1,
3074,True,/data/all_images/image_3074.jpeg,/DATA5/prabhakar/telecom/extracted_images/images/image_3074.jpeg,True,60176,singleton_3074,True,False,1,
3075,True,/data/all_images/image_3075.jpeg,/DATA5/prabhakar/telecom/extracted_images/images/image_3075.jpeg,True,33017,singleton_3075,True,False,1,
3076,True,/data/all_images/image_3076.png,/DATA5/prabhakar/telecom/extracted_images/images/image_3076.png,True,40240,singleton_3076,True,False,1,
3077,True,/data/all_images/image_3077.jpeg,/DATA5/prabhakar/telecom/extracted_images/images/image_3077.jpeg,True,29187,singleton_3077,True,False,1,
3078,True,/data/all_images/image_3078.jpeg,/DATA5/prabhakar/telecom/extracted_images/images/image_3078.jpeg,True,34519,singleton_3078,True,False,1,
3079,True,/data/all_images/image_3079.jpeg,/DATA5/prabhakar/telecom/extracted_images/images/image_3079.jpeg,True,34989,singleton_3079,True,False,1,
3080,True,/data/all_images/image_3080.jpeg,/DATA5/prabhakar/telecom/extracted_images/images/image_3080.jpeg,True,28324,singleton_3080,True,False,1,
3081,True,/data/all_images/image_3081.jpeg,/DATA5/prabhakar/telecom/extracted_images/images/image_3081.jpeg,True,27336,singleton_3081,True,False,1,
3082,True,/data/all_images/image_3082.jpeg,/DATA5/prabhakar/telecom/extracted_images/images/image_3082.jpeg,True,27658,singleton_3082,True,False,1,
3083,True,/data/all_images/image_3083.jpeg,/DATA5/prabhakar/telecom/extracted_images/images/image_3083.jpeg,True,27395,singleton_3083,True,False,1,
3084,True,/data/all_images/image_3084.jpeg,/DATA5/prabhakar/telecom/extracted_images/images/image_3084.jpeg,True,28732,singleton_3084,True,False,1,
3085,True,/data/all_images/image_3085.jpeg,/DATA5/prabhakar/telecom/extracted_images/images/image_3085.jpeg,True,31149,singleton_3085,True,False,1,
3086,True,/data/all_images/image_3086.jpeg,/DATA5/prabhakar/telecom/extracted_images/images/image_3086.jpeg,True,28598,singleton_3086,True,False,1,
3087,True,/data/all_images/image_3087.jpeg,/DATA5/prabhakar/telecom/extracted_images/images/image_3087.jpeg,True,30943,singleton_3087,True,False,1,
3088,True,/data/all_images/image_3088.jpeg,/DATA5/prabhakar/telecom/extracted_images/images/image_3088.jpeg,True,23763,singleton_3088,True,False,1,
3089,True,/data/all_images/image_3089.jpeg,/DATA5/prabhakar/telecom/extracted_images/images/image_3089.jpeg,True,52018,singleton_3089,True,False,1,
3090,True,/data/all_images/image_3090.jpeg,/DATA5/prabhakar/telecom/extracted_images/images/image_3090.jpeg,True,46720,singleton_3090,True,False,1,
3091,True,/data/all_images/image_3091.jpeg,/DATA5/prabhakar/telecom/extracted_images/images/image_3091.jpeg,True,43280,singleton_3091,True,False,1,
3092,True,/data/all_images/image_3092.jpeg,/DATA5/prabhakar/telecom/extracted_images/images/image_3092.jpeg,True,41763,singleton_3092,True,False,1,
3093,True,/data/all_images/image_3093.jpeg,/DATA5/prabhakar/telecom/extracted_images/images/image_3093.jpeg,True,38078,singleton_3093,True,False,1,
3094,True,/data/all_images/image_3094.jpeg,/DATA5/prabhakar/telecom/extracted_images/images/image_3094.jpeg,True,44685,singleton_3094,True,False,1,
3095,True,/data/all_images/image_3095.jpeg,/DATA5/prabhakar/telecom/extracted_images/images/image_3095.jpeg,True,70073,singleton_3095,True,False,1,
3096,True,/data/all_images/image_3096.png,/DATA5/prabhakar/telecom/extracted_images/images/image_3096.png,True,22364,singleton_3096,True,False,1,
3097,True,/data/all_images/image_3097.jpeg,/DATA5/prabhakar/telecom/extracted_images/images/image_3097.jpeg,True,61178,singleton_3097,True,False,1,
3098,True,/data/all_images/image_3098.jpeg,/DATA5/prabhakar/telecom/extracted_images/images/image_3098.jpeg,True,60447,singleton_3098,True,False,1,
3099,True,/data/all_images/image_3099.png,/DATA5/prabhakar/telecom/extracted_images/images/image_3099.png,True,37527,singleton_3099,True,False,1,
3100,True,/data/all_images/image_3100.png,/DATA5/prabhakar/telecom/extracted_images/images/image_3100.png,True,49749,singleton_3100,True,False,1,
3101,True,/data/all_images/image_3101.jpeg,/DATA5/prabhakar/telecom/extracted_images/images/image_3101.jpeg,True,61919,singleton_3101,True,False,1,
3102,True,/data/all_images/image_3102.png,/DATA5/prabhakar/telecom/extracted_images/images/image_3102.png,True,41742,singleton_3102,True,False,1,
3103,True,/data/all_images/image_3103.png,/DATA5/prabhakar/telecom/extracted_images/images/image_3103.png,True,32057,singleton_3103,True,False,1,
3104,True,/data/all_images/image_3104.jpeg,/DATA5/prabhakar/telecom/extracted_images/images/image_3104.jpeg,True,43785,singleton_3104,True,False,1,
3105,True,/data/all_images/image_3105.jpeg,/DATA5/prabhakar/telecom/extracted_images/images/image_3105.jpeg,True,43367,singleton_3105,True,False,1,
3106,True,/data/all_images/image_3106.png,/DATA5/prabhakar/telecom/extracted_images/images/image_3106.png,True,42244,singleton_3106,True,False,1,
3107,True,/data/all_images/image_3107.png,/DATA5/prabhakar/telecom/extracted_images/images/image_3107.png,True,39091,singleton_3107,True,False,1,
3108,True,/data/all_images/image_3108.jpeg,/DATA5/prabhakar/telecom/extracted_images/images/image_3108.jpeg,True,20716,singleton_3108,True,False,1,
3109,True,/data/all_images/image_3109.jpeg,/DATA5/prabhakar/telecom/extracted_images/images/image_3109.jpeg,True,40839,dup_group_215,True,True,3,
3110,True,/data/all_images/image_3110.jpeg,/DATA5/prabhakar/telecom/extracted_images/images/image_3110.jpeg,True,44053,dup_group_96,True,True,4,
3111,True,/data/all_images/image_3111.png,/DATA5/prabhakar/telecom/extracted_images/images/image_3111.png,True,31324,dup_group_97,True,True,2,
3112,True,/data/all_images/image_3112.jpeg,/DATA5/prabhakar/telecom/extracted_images/images/image_3112.jpeg,True,31533,dup_group_98,True,True,2,
3113,True,/data/all_images/image_3113.jpeg,/DATA5/prabhakar/telecom/extracted_images/images/image_3113.jpeg,True,21092,dup_group_99,True,True,2,
3114,True,/data/all_images/image_3114.jpeg,/DATA5/prabhakar/telecom/extracted_images/images/image_3114.jpeg,True,46640,dup_group_100,True,True,2,
3115,True,/data/all_images/image_3115.png,/DATA5/prabhakar/telecom/extracted_images/images/image_3115.png,True,32387,dup_group_101,True,True,2,
3116,True,/data/all_images/image_3116.png,/DATA5/prabhakar/telecom/extracted_images/images/image_3116.png,True,33398,dup_group_102,True,True,2,
3117,True,/data/all_images/image_3117.jpeg,/DATA5/prabhakar/telecom/extracted_images/images/image_3117.jpeg,True,27960,dup_group_103,True,True,2,
3118,True,/data/all_images/image_3118.jpeg,/DATA5/prabhakar/telecom/extracted_images/images/image_3118.jpeg,True,60526,dup_group_104,True,True,2,
3119,True,/data/all_images/image_3119.jpeg,/DATA5/prabhakar/telecom/extracted_images/images/image_3119.jpeg,True,45049,dup_group_105,True,True,2,
3120,True,/data/all_images/image_3120.png,/DATA5/prabhakar/telecom/extracted_images/images/image_3120.png,True,54551,dup_group_106,True,True,2,
3121,True,/data/all_images/image_3121.png,/DATA5/prabhakar/telecom/extracted_images/images/image_3121.png,True,29463,dup_group_107,True,True,2,
3122,True,/data/all_images/image_3122.jpeg,/DATA5/prabhakar/telecom/extracted_images/images/image_3122.jpeg,True,32555,dup_group_108,True,True,2,
3123,True,/data/all_images/image_3123.png,/DATA5/prabhakar/telecom/extracted_images/images/image_3123.png,True,36038,dup_group_109,True,True,2,
3124,True,/data/all_images/image_3124.jpeg,/DATA5/prabhakar/telecom/extracted_images/images/image_3124.jpeg,True,47236,dup_group_110,True,True,2,
3125,True,/data/all_images/image_3125.jpeg,/DATA5/prabhakar/telecom/extracted_images/images/image_3125.jpeg,True,47360,singleton_3125,True,False,1,
3126,True,/data/all_images/image_3126.png,/DATA5/prabhakar/telecom/extracted_images/images/image_3126.png,True,33089,dup_group_111,True,True,2,
3127,True,/data/all_images/image_3127.png,/DATA5/prabhakar/telecom/extracted_images/images/image_3127.png,True,33206,dup_group_112,True,True,2,
3128,True,/data/all_images/image_3128.png,/DATA5/prabhakar/telecom/extracted_images/images/image_3128.png,True,33620,dup_group_113,True,True,2,
3129,True,/data/all_images/image_3129.jpeg,/DATA5/prabhakar/telecom/extracted_images/images/image_3129.jpeg,True,44153,dup_group_114,True,True,2,
3130,True,/data/all_images/image_3130.jpeg,/DATA5/prabhakar/telecom/extracted_images/images/image_3130.jpeg,True,41444,dup_group_115,True,True,2,
3131,True,/data/all_images/image_3131.jpeg,/DATA5/prabhakar/telecom/extracted_images/images/image_3131.jpeg,True,47804,dup_group_116,True,True,2,
3132,True,/data/all_images/image_3132.jpeg,/DATA5/prabhakar/telecom/extracted_images/images/image_3132.jpeg,True,43486,dup_group_117,True,True,2,
3133,True,/data/all_images/image_3133.jpeg,/DATA5/prabhakar/telecom/extracted_images/images/image_3133.jpeg,True,34484,dup_group_118,True,True,2,
3134,True,/data/all_images/image_3134.jpeg,/DATA5/prabhakar/telecom/extracted_images/images/image_3134.jpeg,True,30789,dup_group_119,True,True,2,
3135,True,/data/all_images/image_3135.jpeg,/DATA5/prabhakar/telecom/extracted_images/images/image_3135.jpeg,True,32479,dup_group_120,True,True,2,
3136,True,/data/all_images/image_3136.png,/DATA5/prabhakar/telecom/extracted_images/images/image_3136.png,True,24926,dup_group_121,True,True,2,
3137,True,/data/all_images/image_3137.jpeg,/DATA5/prabhakar/telecom/extracted_images/images/image_3137.jpeg,True,37521,dup_group_122,True,True,2,
3138,True,/data/all_images/image_3138.jpeg,/DATA5/prabhakar/telecom/extracted_images/images/image_3138.jpeg,True,38297,dup_group_123,True,True,2,
3139,True,/data/all_images/image_3139.jpeg,/DATA5/prabhakar/telecom/extracted_images/images/image_3139.jpeg,True,32560,dup_group_124,True,True,2,
3140,True,/data/all_images/image_3140.png,/DATA5/prabhakar/telecom/extracted_images/images/image_3140.png,True,29058,singleton_3140,True,False,1,
3141,True,/data/all_images/image_3141.png,/DATA5/prabhakar/telecom/extracted_images/images/image_3141.png,True,23079,dup_group_125,True,True,2,
3142,True,/data/all_images/image_3142.png,/DATA5/prabhakar/telecom/extracted_images/images/image_3142.png,True,20600,dup_group_126,True,True,2,
3143,True,/data/all_images/image_3143.png,/DATA5/prabhakar/telecom/extracted_images/images/image_3143.png,True,29096,dup_group_127,True,True,2,
3144,True,/data/all_images/image_3144.png,/DATA5/prabhakar/telecom/extracted_images/images/image_3144.png,True,30679,dup_group_128,True,True,2,
3145,True,/data/all_images/image_3145.jpeg,/DATA5/prabhakar/telecom/extracted_images/images/image_3145.jpeg,True,30999,dup_group_129,True,True,2,
3146,True,/data/all_images/image_3146.jpeg,/DATA5/prabhakar/telecom/extracted_images/images/image_3146.jpeg,True,22088,dup_group_130,True,True,2,
3147,True,/data/all_images/image_3147.jpeg,/DATA5/prabhakar/telecom/extracted_images/images/image_3147.jpeg,True,26905,dup_group_131,True,True,2,
3148,True,/data/all_images/image_3148.jpeg,/DATA5/prabhakar/telecom/extracted_images/images/image_3148.jpeg,True,21911,dup_group_132,True,True,2,
3149,True,/data/all_images/image_3149.jpeg,/DATA5/prabhakar/telecom/extracted_images/images/image_3149.jpeg,True,30828,dup_group_133,True,True,2,
3150,True,/data/all_images/image_3150.jpeg,/DATA5/prabhakar/telecom/extracted_images/images/image_3150.jpeg,True,33114,dup_group_134,True,True,2,
3151,True,/data/all_images/image_3151.png,/DATA5/prabhakar/telecom/extracted_images/images/image_3151.png,True,42499,singleton_3151,True,False,1,
3152,True,/data/all_images/image_3152.jpeg,/DATA5/prabhakar/telecom/extracted_images/images/image_3152.jpeg,True,57674,singleton_3152,True,False,1,
3153,True,/data/all_images/image_3153.png,/DATA5/prabhakar/telecom/extracted_images/images/image_3153.png,True,32538,singleton_3153,True,False,1,
3154,True,/data/all_images/image_3154.png,/DATA5/prabhakar/telecom/extracted_images/images/image_3154.png,True,37956,singleton_3154,True,False,1,
3155,True,/data/all_images/image_3155.png,/DATA5/prabhakar/telecom/extracted_images/images/image_3155.png,True,24093,singleton_3155,True,False,1,
3156,True,/data/all_images/image_3156.png,/DATA5/prabhakar/telecom/extracted_images/images/image_3156.png,True,39237,dup_group_135,True,True,2,
3157,True,/data/all_images/image_3157.png,/DATA5/prabhakar/telecom/extracted_images/images/image_3157.png,True,26551,dup_group_136,True,True,2,
3158,True,/data/all_images/image_3158.png,/DATA5/prabhakar/telecom/extracted_images/images/image_3158.png,True,25140,dup_group_137,True,True,2,
3159,True,/data/all_images/image_3159.jpeg,/DATA5/prabhakar/telecom/extracted_images/images/image_3159.jpeg,True,49221,dup_group_138,True,True,2,
3160,True,/data/all_images/image_3160.png,/DATA5/prabhakar/telecom/extracted_images/images/image_3160.png,True,26706,dup_group_139,True,True,2,
3161,True,/data/all_images/image_3161.png,/DATA5/prabhakar/telecom/extracted_images/images/image_3161.png,True,29849,dup_group_140,True,True,2,
3162,True,/data/all_images/image_3162.png,/DATA5/prabhakar/telecom/extracted_images/images/image_3162.png,True,44776,dup_group_141,True,True,2,
3163,True,/data/all_images/image_3163.png,/DATA5/prabhakar/telecom/extracted_images/images/image_3163.png,True,46519,dup_group_142,True,True,2,
3164,True,/data/all_images/image_3164.png,/DATA5/prabhakar/telecom/extracted_images/images/image_3164.png,True,39768,dup_group_143,True,True,2,
3165,True,/data/all_images/image_3165.jpeg,/DATA5/prabhakar/telecom/extracted_images/images/image_3165.jpeg,True,26255,dup_group_144,True,True,2,
3166,True,/data/all_images/image_3166.png,/DATA5/prabhakar/telecom/extracted_images/images/image_3166.png,True,21596,dup_group_145,True,True,2,
3167,True,/data/all_images/image_3167.jpeg,/DATA5/prabhakar/telecom/extracted_images/images/image_3167.jpeg,True,27705,singleton_3167,True,False,1,
3168,True,/data/all_images/image_3168.jpeg,/DATA5/prabhakar/telecom/extracted_images/images/image_3168.jpeg,True,21995,singleton_3168,True,False,1,
3169,True,/data/all_images/image_3169.jpeg,/DATA5/prabhakar/telecom/extracted_images/images/image_3169.jpeg,True,61779,singleton_3169,True,False,1,
3170,True,/data/all_images/image_3170.jpeg,/DATA5/prabhakar/telecom/extracted_images/images/image_3170.jpeg,True,30637,dup_group_146,True,True,2,
3171,True,/data/all_images/image_3171.png,/DATA5/prabhakar/telecom/extracted_images/images/image_3171.png,True,22154,dup_group_147,True,True,2,
3172,True,/data/all_images/image_3172.jpeg,/DATA5/prabhakar/telecom/extracted_images/images/image_3172.jpeg,True,23600,dup_group_148,True,True,2,
3173,True,/data/all_images/image_3173.jpeg,/DATA5/prabhakar/telecom/extracted_images/images/image_3173.jpeg,True,44362,singleton_3173,True,False,1,
3174,True,/data/all_images/image_3174.jpeg,/DATA5/prabhakar/telecom/extracted_images/images/image_3174.jpeg,True,34759,dup_group_149,True,True,2,
3175,True,/data/all_images/image_3175.jpeg,/DATA5/prabhakar/telecom/extracted_images/images/image_3175.jpeg,True,27977,singleton_3175,True,False,1,
3176,True,/data/all_images/image_3176.png,/DATA5/prabhakar/telecom/extracted_images/images/image_3176.png,True,41820,singleton_3176,True,False,1,
3177,True,/data/all_images/image_3177.png,/DATA5/prabhakar/telecom/extracted_images/images/image_3177.png,True,41671,singleton_3177,True,False,1,
3178,True,/data/all_images/image_3178.png,/DATA5/prabhakar/telecom/extracted_images/images/image_3178.png,True,38073,singleton_3178,True,False,1,
3179,True,/data/all_images/image_3179.png,/DATA5/prabhakar/telecom/extracted_images/images/image_3179.png,True,36370,singleton_3179,True,False,1,
3180,True,/data/all_images/image_3180.png,/DATA5/prabhakar/telecom/extracted_images/images/image_3180.png,True,31094,singleton_3180,True,False,1,
3181,True,/data/all_images/image_3181.png,/DATA5/prabhakar/telecom/extracted_images/images/image_3181.png,True,46433,singleton_3181,True,False,1,
3182,True,/data/all_images/image_3182.png,/DATA5/prabhakar/telecom/extracted_images/images/image_3182.png,True,39768,singleton_3182,True,False,1,
3183,True,/data/all_images/image_3183.png,/DATA5/prabhakar/telecom/extracted_images/images/image_3183.png,True,64242,singleton_3183,True,False,1,
3184,True,/data/all_images/image_3184.png,/DATA5/prabhakar/telecom/extracted_images/images/image_3184.png,True,34249,singleton_3184,True,False,1,
3185,True,/data/all_images/image_3185.png,/DATA5/prabhakar/telecom/extracted_images/images/image_3185.png,True,32086,singleton_3185,True,False,1,
3186,True,/data/all_images/image_3186.png,/DATA5/prabhakar/telecom/extracted_images/images/image_3186.png,True,34496,singleton_3186,True,False,1,
3187,True,/data/all_images/image_3187.png,/DATA5/prabhakar/telecom/extracted_images/images/image_3187.png,True,34827,singleton_3187,True,False,1,
3188,True,/data/all_images/image_3188.png,/DATA5/prabhakar/telecom/extracted_images/images/image_3188.png,True,41832,singleton_3188,True,False,1,
3189,True,/data/all_images/image_3189.png,/DATA5/prabhakar/telecom/extracted_images/images/image_3189.png,True,24369,singleton_3189,True,False,1,
3190,True,/data/all_images/image_3190.png,/DATA5/prabhakar/telecom/extracted_images/images/image_3190.png,True,23671,singleton_3190,True,False,1,
3191,True,/data/all_images/image_3191.png,/DATA5/prabhakar/telecom/extracted_images/images/image_3191.png,True,77909,singleton_3191,True,False,1,
3192,True,/data/all_images/image_3192.jpeg,/DATA5/prabhakar/telecom/extracted_images/images/image_3192.jpeg,True,65438,singleton_3192,True,False,1,
3193,True,/data/all_images/image_3193.png,/DATA5/prabhakar/telecom/extracted_images/images/image_3193.png,True,58849,singleton_3193,True,False,1,
3194,True,/data/all_images/image_3194.jpeg,/DATA5/prabhakar/telecom/extracted_images/images/image_3194.jpeg,True,45416,singleton_3194,True,False,1,
3195,True,/data/all_images/image_3195.png,/DATA5/prabhakar/telecom/extracted_images/images/image_3195.png,True,60068,singleton_3195,True,False,1,
3196,True,/data/all_images/image_3196.png,/DATA5/prabhakar/telecom/extracted_images/images/image_3196.png,True,52535,singleton_3196,True,False,1,
3197,True,/data/all_images/image_3197.png,/DATA5/prabhakar/telecom/extracted_images/images/image_3197.png,True,46700,singleton_3197,True,False,1,
3198,True,/data/all_images/image_3198.png,/DATA5/prabhakar/telecom/extracted_images/images/image_3198.png,True,44684,singleton_3198,True,False,1,
3199,True,/data/all_images/image_3199.png,/DATA5/prabhakar/telecom/extracted_images/images/image_3199.png,True,35740,singleton_3199,True,False,1,
3200,True,/data/all_images/image_3200.png,/DATA5/prabhakar/telecom/extracted_images/images/image_3200.png,True,29599,singleton_3200,True,False,1,
3201,True,/data/all_images/image_3201.png,/DATA5/prabhakar/telecom/extracted_images/images/image_3201.png,True,60448,singleton_3201,True,False,1,
3202,True,/data/all_images/image_3202.jpeg,/DATA5/prabhakar/telecom/extracted_images/images/image_3202.jpeg,True,51421,singleton_3202,True,False,1,
3203,True,/data/all_images/image_3203.jpeg,/DATA5/prabhakar/telecom/extracted_images/images/image_3203.jpeg,True,53430,singleton_3203,True,False,1,
3204,True,/data/all_images/image_3204.jpeg,/DATA5/prabhakar/telecom/extracted_images/images/image_3204.jpeg,True,50119,singleton_3204,True,False,1,
3205,True,/data/all_images/image_3205.jpeg,/DATA5/prabhakar/telecom/extracted_images/images/image_3205.jpeg,True,40187,singleton_3205,True,False,1,
3206,True,/data/all_images/image_3206.jpeg,/DATA5/prabhakar/telecom/extracted_images/images/image_3206.jpeg,True,43961,singleton_3206,True,False,1,
3207,True,/data/all_images/image_3207.jpeg,/DATA5/prabhakar/telecom/extracted_images/images/image_3207.jpeg,True,30710,singleton_3207,True,False,1,
3208,True,/data/all_images/image_3208.jpeg,/DATA5/prabhakar/telecom/extracted_images/images/image_3208.jpeg,True,33432,singleton_3208,True,False,1,
3209,True,/data/all_images/image_3209.jpeg,/DATA5/prabhakar/telecom/extracted_images/images/image_3209.jpeg,True,32833,singleton_3209,True,False,1,
3210,True,/data/all_images/image_3210.jpeg,/DATA5/prabhakar/telecom/extracted_images/images/image_3210.jpeg,True,25741,singleton_3210,True,False,1,
3211,True,/data/all_images/image_3211.jpeg,/DATA5/prabhakar/telecom/extracted_images/images/image_3211.jpeg,True,46878,singleton_3211,True,False,1,
3212,True,/data/all_images/image_3212.png,/DATA5/prabhakar/telecom/extracted_images/images/image_3212.png,True,28877,singleton_3212,True,False,1,
3213,True,/data/all_images/image_3213.jpeg,/DATA5/prabhakar/telecom/extracted_images/images/image_3213.jpeg,True,37005,singleton_3213,True,False,1,
3214,True,/data/all_images/image_3214.jpeg,/DATA5/prabhakar/telecom/extracted_images/images/image_3214.jpeg,True,55349,singleton_3214,True,False,1,
3215,True,/data/all_images/image_3215.jpeg,/DATA5/prabhakar/telecom/extracted_images/images/image_3215.jpeg,True,60652,singleton_3215,True,False,1,
3216,True,/data/all_images/image_3216.jpeg,/DATA5/prabhakar/telecom/extracted_images/images/image_3216.jpeg,True,34323,singleton_3216,True,False,1,
3217,True,/data/all_images/image_3217.jpeg,/DATA5/prabhakar/telecom/extracted_images/images/image_3217.jpeg,True,44178,singleton_3217,True,False,1,
3218,True,/data/all_images/image_3218.jpeg,/DATA5/prabhakar/telecom/extracted_images/images/image_3218.jpeg,True,41341,singleton_3218,True,False,1,
3219,True,/data/all_images/image_3219.jpeg,/DATA5/prabhakar/telecom/extracted_images/images/image_3219.jpeg,True,30358,singleton_3219,True,False,1,
3220,True,/data/all_images/image_3220.png,/DATA5/prabhakar/telecom/extracted_images/images/image_3220.png,True,39284,dup_group_208,True,True,5,
3221,True,/data/all_images/image_3221.jpeg,/DATA5/prabhakar/telecom/extracted_images/images/image_3221.jpeg,True,39133,singleton_3221,True,False,1,
3222,True,/data/all_images/image_3222.jpeg,/DATA5/prabhakar/telecom/extracted_images/images/image_3222.jpeg,True,29217,singleton_3222,True,False,1,
3223,True,/data/all_images/image_3223.jpeg,/DATA5/prabhakar/telecom/extracted_images/images/image_3223.jpeg,True,26321,singleton_3223,True,False,1,
3224,True,/data/all_images/image_3224.jpeg,/DATA5/prabhakar/telecom/extracted_images/images/image_3224.jpeg,True,33756,singleton_3224,True,False,1,
3225,True,/data/all_images/image_3225.jpeg,/DATA5/prabhakar/telecom/extracted_images/images/image_3225.jpeg,True,58218,singleton_3225,True,False,1,
3226,True,/data/all_images/image_3226.png,/DATA5/prabhakar/telecom/extracted_images/images/image_3226.png,True,22489,singleton_3226,True,False,1,
3227,True,/data/all_images/image_3227.png,/DATA5/prabhakar/telecom/extracted_images/images/image_3227.png,True,27678,singleton_3227,True,False,1,
3228,True,/data/all_images/image_3228.png,/DATA5/prabhakar/telecom/extracted_images/images/image_3228.png,True,30833,singleton_3228,True,False,1,
3229,True,/data/all_images/image_3229.jpeg,/DATA5/prabhakar/telecom/extracted_images/images/image_3229.jpeg,True,58347,singleton_3229,True,False,1,
3230,True,/data/all_images/image_3230.jpeg,/DATA5/prabhakar/telecom/extracted_images/images/image_3230.jpeg,True,34404,singleton_3230,True,False,1,
3231,True,/data/all_images/image_3231.jpeg,/DATA5/prabhakar/telecom/extracted_images/images/image_3231.jpeg,True,86138,singleton_3231,True,False,1,
3232,True,/data/all_images/image_3232.jpeg,/DATA5/prabhakar/telecom/extracted_images/images/image_3232.jpeg,True,53846,dup_group_222,True,True,2,
3233,True,/data/all_images/image_3233.jpeg,/DATA5/prabhakar/telecom/extracted_images/images/image_3233.jpeg,True,20504,dup_group_223,True,True,2,
3234,True,/data/all_images/image_3234.png,/DATA5/prabhakar/telecom/extracted_images/images/image_3234.png,True,39284,dup_group_208,True,True,5,
3235,True,/data/all_images/image_3235.jpeg,/DATA5/prabhakar/telecom/extracted_images/images/image_3235.jpeg,True,27302,dup_group_224,True,True,2,
3236,True,/data/all_images/image_3236.png,/DATA5/prabhakar/telecom/extracted_images/images/image_3236.png,True,33752,dup_group_225,True,True,2,
3237,True,/data/all_images/image_3237.jpeg,/DATA5/prabhakar/telecom/extracted_images/images/image_3237.jpeg,True,33229,singleton_3237,True,False,1,
3238,True,/data/all_images/image_3238.jpeg,/DATA5/prabhakar/telecom/extracted_images/images/image_3238.jpeg,True,31053,singleton_3238,True,False,1,
3239,True,/data/all_images/image_3239.jpeg,/DATA5/prabhakar/telecom/extracted_images/images/image_3239.jpeg,True,33871,singleton_3239,True,False,1,
3240,True,/data/all_images/image_3240.jpeg,/DATA5/prabhakar/telecom/extracted_images/images/image_3240.jpeg,True,31500,singleton_3240,True,False,1,
3241,True,/data/all_images/image_3241.jpeg,/DATA5/prabhakar/telecom/extracted_images/images/image_3241.jpeg,True,29107,dup_group_226,True,True,2,
3242,True,/data/all_images/image_3242.jpeg,/DATA5/prabhakar/telecom/extracted_images/images/image_3242.jpeg,True,56970,dup_group_227,True,True,2,
3243,True,/data/all_images/image_3243.jpeg,/DATA5/prabhakar/telecom/extracted_images/images/image_3243.jpeg,True,25888,dup_group_228,True,True,2,
3244,True,/data/all_images/image_3244.png,/DATA5/prabhakar/telecom/extracted_images/images/image_3244.png,True,26052,dup_group_229,True,True,2,
3245,True,/data/all_images/image_3245.jpeg,/DATA5/prabhakar/telecom/extracted_images/images/image_3245.jpeg,True,43016,dup_group_230,True,True,2,
3246,True,/data/all_images/image_3246.png,/DATA5/prabhakar/telecom/extracted_images/images/image_3246.png,True,35919,dup_group_231,True,True,2,
3247,True,/data/all_images/image_3247.png,/DATA5/prabhakar/telecom/extracted_images/images/image_3247.png,True,39180,singleton_3247,True,False,1,
3248,True,/data/all_images/image_3248.jpeg,/DATA5/prabhakar/telecom/extracted_images/images/image_3248.jpeg,True,28470,dup_group_232,True,True,2,
3249,True,/data/all_images/image_3249.jpeg,/DATA5/prabhakar/telecom/extracted_images/images/image_3249.jpeg,True,28245,dup_group_233,True,True,2,
3250,True,/data/all_images/image_3250.jpeg,/DATA5/prabhakar/telecom/extracted_images/images/image_3250.jpeg,True,27831,dup_group_234,True,True,2,
3251,True,/data/all_images/image_3251.jpeg,/DATA5/prabhakar/telecom/extracted_images/images/image_3251.jpeg,True,35497,dup_group_235,True,True,2,
3252,True,/data/all_images/image_3252.png,/DATA5/prabhakar/telecom/extracted_images/images/image_3252.png,True,28520,dup_group_236,True,True,2,
3253,True,/data/all_images/image_3253.png,/DATA5/prabhakar/telecom/extracted_images/images/image_3253.png,True,30854,dup_group_237,True,True,2,
3254,True,/data/all_images/image_3254.png,/DATA5/prabhakar/telecom/extracted_images/images/image_3254.png,True,24461,singleton_3254,True,False,1,
3255,True,/data/all_images/image_3255.jpeg,/DATA5/prabhakar/telecom/extracted_images/images/image_3255.jpeg,True,28008,singleton_3255,True,False,1,
3256,True,/data/all_images/image_3256.jpeg,/DATA5/prabhakar/telecom/extracted_images/images/image_3256.jpeg,True,34754,singleton_3256,True,False,1,
3257,True,/data/all_images/image_3257.jpeg,/DATA5/prabhakar/telecom/extracted_images/images/image_3257.jpeg,True,44374,singleton_3257,True,False,1,
3258,True,/data/all_images/image_3258.jpeg,/DATA5/prabhakar/telecom/extracted_images/images/image_3258.jpeg,True,46168,singleton_3258,True,False,1,
3259,True,/data/all_images/image_3259.jpeg,/DATA5/prabhakar/telecom/extracted_images/images/image_3259.jpeg,True,38871,singleton_3259,True,False,1,
3260,True,/data/all_images/image_3260.jpeg,/DATA5/prabhakar/telecom/extracted_images/images/image_3260.jpeg,True,41935,singleton_3260,True,False,1,
3261,True,/data/all_images/image_3261.jpeg,/DATA5/prabhakar/telecom/extracted_images/images/image_3261.jpeg,True,32431,dup_group_238,True,True,2,
3262,True,/data/all_images/image_3262.jpeg,/DATA5/prabhakar/telecom/extracted_images/images/image_3262.jpeg,True,42567,dup_group_239,True,True,2,
3263,True,/data/all_images/image_3263.jpeg,/DATA5/prabhakar/telecom/extracted_images/images/image_3263.jpeg,True,46686,singleton_3263,True,False,1,
3264,True,/data/all_images/image_3264.png,/DATA5/prabhakar/telecom/extracted_images/images/image_3264.png,True,35043,singleton_3264,True,False,1,
3265,True,/data/all_images/image_3265.jpeg,/DATA5/prabhakar/telecom/extracted_images/images/image_3265.jpeg,True,21428,dup_group_240,True,True,2,
3266,True,/data/all_images/image_3266.jpeg,/DATA5/prabhakar/telecom/extracted_images/images/image_3266.jpeg,True,23486,singleton_3266,True,False,1,
3267,True,/data/all_images/image_3267.jpeg,/DATA5/prabhakar/telecom/extracted_images/images/image_3267.jpeg,True,24357,dup_group_241,True,True,2,
3268,True,/data/all_images/image_3268.jpeg,/DATA5/prabhakar/telecom/extracted_images/images/image_3268.jpeg,True,38761,dup_group_242,True,True,2,
3269,True,/data/all_images/image_3269.png,/DATA5/prabhakar/telecom/extracted_images/images/image_3269.png,True,38232,dup_group_243,True,True,2,
3270,True,/data/all_images/image_3270.png,/DATA5/prabhakar/telecom/extracted_images/images/image_3270.png,True,33198,dup_group_244,True,True,2,
3271,True,/data/all_images/image_3271.png,/DATA5/prabhakar/telecom/extracted_images/images/image_3271.png,True,21698,dup_group_245,True,True,2,
3272,True,/data/all_images/image_3272.jpeg,/DATA5/prabhakar/telecom/extracted_images/images/image_3272.jpeg,True,37058,singleton_3272,True,False,1,
3273,True,/data/all_images/image_3273.jpeg,/DATA5/prabhakar/telecom/extracted_images/images/image_3273.jpeg,True,26245,singleton_3273,True,False,1,
3274,True,/data/all_images/image_3274.jpeg,/DATA5/prabhakar/telecom/extracted_images/images/image_3274.jpeg,True,21780,singleton_3274,True,False,1,
3275,True,/data/all_images/image_3275.jpeg,/DATA5/prabhakar/telecom/extracted_images/images/image_3275.jpeg,True,36618,singleton_3275,True,False,1,
3276,True,/data/all_images/image_3276.jpeg,/DATA5/prabhakar/telecom/extracted_images/images/image_3276.jpeg,True,24338,singleton_3276,True,False,1,
3277,True,/data/all_images/image_3277.jpeg,/DATA5/prabhakar/telecom/extracted_images/images/image_3277.jpeg,True,21233,singleton_3277,True,False,1,
3278,True,/data/all_images/image_3278.jpeg,/DATA5/prabhakar/telecom/extracted_images/images/image_3278.jpeg,True,36245,singleton_3278,True,False,1,
3279,True,/data/all_images/image_3279.jpeg,/DATA5/prabhakar/telecom/extracted_images/images/image_3279.jpeg,True,33395,singleton_3279,True,False,1,
3280,True,/data/all_images/image_3280.jpeg,/DATA5/prabhakar/telecom/extracted_images/images/image_3280.jpeg,True,28100,singleton_3280,True,False,1,
3281,True,/data/all_images/image_3281.png,/DATA5/prabhakar/telecom/extracted_images/images/image_3281.png,True,28788,singleton_3281,True,False,1,
3282,True,/data/all_images/image_3282.jpeg,/DATA5/prabhakar/telecom/extracted_images/images/image_3282.jpeg,True,35443,singleton_3282,True,False,1,
3283,True,/data/all_images/image_3283.jpeg,/DATA5/prabhakar/telecom/extracted_images/images/image_3283.jpeg,True,37877,singleton_3283,True,False,1,
3284,True,/data/all_images/image_3284.jpeg,/DATA5/prabhakar/telecom/extracted_images/images/image_3284.jpeg,True,38893,singleton_3284,True,False,1,
3285,True,/data/all_images/image_3285.jpeg,/DATA5/prabhakar/telecom/extracted_images/images/image_3285.jpeg,True,42115,singleton_3285,True,False,1,
3286,True,/data/all_images/image_3286.jpeg,/DATA5/prabhakar/telecom/extracted_images/images/image_3286.jpeg,True,41255,singleton_3286,True,False,1,
3287,True,/data/all_images/image_3287.jpeg,/DATA5/prabhakar/telecom/extracted_images/images/image_3287.jpeg,True,37956,singleton_3287,True,False,1,
3288,True,/data/all_images/image_3288.jpeg,/DATA5/prabhakar/telecom/extracted_images/images/image_3288.jpeg,True,48931,singleton_3288,True,False,1,
3289,True,/data/all_images/image_3289.jpeg,/DATA5/prabhakar/telecom/extracted_images/images/image_3289.jpeg,True,31495,singleton_3289,True,False,1,
3290,True,/data/all_images/image_3290.jpeg,/DATA5/prabhakar/telecom/extracted_images/images/image_3290.jpeg,True,33985,singleton_3290,True,False,1,
3291,True,/data/all_images/image_3291.jpeg,/DATA5/prabhakar/telecom/extracted_images/images/image_3291.jpeg,True,33533,dup_group_205,True,True,2,
3292,True,/data/all_images/image_3292.jpeg,/DATA5/prabhakar/telecom/extracted_images/images/image_3292.jpeg,True,49946,dup_group_206,True,True,3,
3293,True,/data/all_images/image_3293.jpeg,/DATA5/prabhakar/telecom/extracted_images/images/image_3293.jpeg,True,46598,dup_group_207,True,True,3,
3294,True,/data/all_images/image_3294.png,/DATA5/prabhakar/telecom/extracted_images/images/image_3294.png,True,39284,dup_group_208,True,True,5,
3295,True,/data/all_images/image_3295.jpeg,/DATA5/prabhakar/telecom/extracted_images/images/image_3295.jpeg,True,36368,dup_group_209,True,True,3,
3296,True,/data/all_images/image_3296.jpeg,/DATA5/prabhakar/telecom/extracted_images/images/image_3296.jpeg,True,41690,dup_group_210,True,True,3,
3297,True,/data/all_images/image_3297.jpeg,/DATA5/prabhakar/telecom/extracted_images/images/image_3297.jpeg,True,40643,dup_group_47,True,True,3,
3298,True,/data/all_images/image_3298.png,/DATA5/prabhakar/telecom/extracted_images/images/image_3298.png,True,22239,dup_group_211,True,True,3,
3299,True,/data/all_images/image_3299.png,/DATA5/prabhakar/telecom/extracted_images/images/image_3299.png,True,25002,dup_group_212,True,True,2,
3300,True,/data/all_images/image_3300.jpeg,/DATA5/prabhakar/telecom/extracted_images/images/image_3300.jpeg,True,47684,dup_group_213,True,True,3,
3301,True,/data/all_images/image_3301.jpeg,/DATA5/prabhakar/telecom/extracted_images/images/image_3301.jpeg,True,36201,dup_group_214,True,True,3,
3302,True,/data/all_images/image_3302.jpeg,/DATA5/prabhakar/telecom/extracted_images/images/image_3302.jpeg,True,40839,dup_group_215,True,True,3,
3303,True,/data/all_images/image_3303.jpeg,/DATA5/prabhakar/telecom/extracted_images/images/image_3303.jpeg,True,44053,dup_group_96,True,True,4,
3304,True,/data/all_images/image_3304.jpeg,/DATA5/prabhakar/telecom/extracted_images/images/image_3304.jpeg,True,32439,dup_group_156,True,True,2,
3305,True,/data/all_images/image_3305.jpeg,/DATA5/prabhakar/telecom/extracted_images/images/image_3305.jpeg,True,37074,dup_group_157,True,True,2,
3306,True,/data/all_images/image_3306.jpeg,/DATA5/prabhakar/telecom/extracted_images/images/image_3306.jpeg,True,26085,dup_group_158,True,True,2,
3307,True,/data/all_images/image_3307.jpeg,/DATA5/prabhakar/telecom/extracted_images/images/image_3307.jpeg,True,35109,dup_group_159,True,True,2,
3308,True,/data/all_images/image_3308.jpeg,/DATA5/prabhakar/telecom/extracted_images/images/image_3308.jpeg,True,34268,dup_group_160,True,True,2,
3309,True,/data/all_images/image_3309.jpeg,/DATA5/prabhakar/telecom/extracted_images/images/image_3309.jpeg,True,47903,dup_group_161,True,True,2,
3310,True,/data/all_images/image_3310.jpeg,/DATA5/prabhakar/telecom/extracted_images/images/image_3310.jpeg,True,39850,dup_group_162,True,True,2,
3311,True,/data/all_images/image_3311.png,/DATA5/prabhakar/telecom/extracted_images/images/image_3311.png,True,28361,dup_group_163,True,True,2,
3312,True,/data/all_images/image_3312.png,/DATA5/prabhakar/telecom/extracted_images/images/image_3312.png,True,24674,dup_group_164,True,True,2,
3313,True,/data/all_images/image_3313.jpeg,/DATA5/prabhakar/telecom/extracted_images/images/image_3313.jpeg,True,38241,dup_group_165,True,True,2,
3314,True,/data/all_images/image_3314.jpeg,/DATA5/prabhakar/telecom/extracted_images/images/image_3314.jpeg,True,40072,dup_group_166,True,True,2,
3315,True,/data/all_images/image_3315.jpeg,/DATA5/prabhakar/telecom/extracted_images/images/image_3315.jpeg,True,46267,dup_group_167,True,True,2,
3316,True,/data/all_images/image_3316.jpeg,/DATA5/prabhakar/telecom/extracted_images/images/image_3316.jpeg,True,34665,dup_group_168,True,True,2,
3317,True,/data/all_images/image_3317.jpeg,/DATA5/prabhakar/telecom/extracted_images/images/image_3317.jpeg,True,44981,dup_group_169,True,True,2,
3318,True,/data/all_images/image_3318.jpeg,/DATA5/prabhakar/telecom/extracted_images/images/image_3318.jpeg,True,37947,dup_group_170,True,True,2,
3319,True,/data/all_images/image_3319.jpeg,/DATA5/prabhakar/telecom/extracted_images/images/image_3319.jpeg,True,42385,dup_group_171,True,True,2,
3320,True,/data/all_images/image_3320.jpeg,/DATA5/prabhakar/telecom/extracted_images/images/image_3320.jpeg,True,37446,dup_group_172,True,True,2,
3321,True,/data/all_images/image_3321.jpeg,/DATA5/prabhakar/telecom/extracted_images/images/image_3321.jpeg,True,30423,dup_group_173,True,True,2,
3322,True,/data/all_images/image_3322.jpeg,/DATA5/prabhakar/telecom/extracted_images/images/image_3322.jpeg,True,42643,dup_group_174,True,True,2,
3323,True,/data/all_images/image_3323.jpeg,/DATA5/prabhakar/telecom/extracted_images/images/image_3323.jpeg,True,21652,dup_group_175,True,True,2,
3324,True,/data/all_images/image_3324.jpeg,/DATA5/prabhakar/telecom/extracted_images/images/image_3324.jpeg,True,43620,dup_group_176,True,True,2,
3325,True,/data/all_images/image_3325.png,/DATA5/prabhakar/telecom/extracted_images/images/image_3325.png,True,25993,dup_group_177,True,True,2,
3326,True,/data/all_images/image_3326.jpeg,/DATA5/prabhakar/telecom/extracted_images/images/image_3326.jpeg,True,27496,dup_group_178,True,True,2,
3327,True,/data/all_images/image_3327.jpeg,/DATA5/prabhakar/telecom/extracted_images/images/image_3327.jpeg,True,26384,dup_group_179,True,True,2,
3328,True,/data/all_images/image_3328.jpeg,/DATA5/prabhakar/telecom/extracted_images/images/image_3328.jpeg,True,38584,dup_group_180,True,True,2,
3329,True,/data/all_images/image_3329.jpeg,/DATA5/prabhakar/telecom/extracted_images/images/image_3329.jpeg,True,38601,dup_group_181,True,True,2,
3330,True,/data/all_images/image_3330.jpeg,/DATA5/prabhakar/telecom/extracted_images/images/image_3330.jpeg,True,28127,dup_group_182,True,True,2,
3331,True,/data/all_images/image_3331.jpeg,/DATA5/prabhakar/telecom/extracted_images/images/image_3331.jpeg,True,31801,dup_group_183,True,True,2,
3332,True,/data/all_images/image_3332.jpeg,/DATA5/prabhakar/telecom/extracted_images/images/image_3332.jpeg,True,31551,dup_group_184,True,True,2,
3333,True,/data/all_images/image_3333.jpeg,/DATA5/prabhakar/telecom/extracted_images/images/image_3333.jpeg,True,37385,dup_group_185,True,True,2,
3334,True,/data/all_images/image_3334.jpeg,/DATA5/prabhakar/telecom/extracted_images/images/image_3334.jpeg,True,36957,dup_group_186,True,True,2,
3335,True,/data/all_images/image_3335.jpeg,/DATA5/prabhakar/telecom/extracted_images/images/image_3335.jpeg,True,32863,dup_group_187,True,True,2,
3336,True,/data/all_images/image_3336.jpeg,/DATA5/prabhakar/telecom/extracted_images/images/image_3336.jpeg,True,38424,dup_group_188,True,True,2,
3337,True,/data/all_images/image_3337.jpeg,/DATA5/prabhakar/telecom/extracted_images/images/image_3337.jpeg,True,37910,dup_group_189,True,True,2,
3338,True,/data/all_images/image_3338.jpeg,/DATA5/prabhakar/telecom/extracted_images/images/image_3338.jpeg,True,53376,dup_group_190,True,True,2,
3339,True,/data/all_images/image_3339.jpeg,/DATA5/prabhakar/telecom/extracted_images/images/image_3339.jpeg,True,46894,dup_group_191,True,True,2,
3340,True,/data/all_images/image_3340.png,/DATA5/prabhakar/telecom/extracted_images/images/image_3340.png,True,29628,dup_group_192,True,True,2,
3341,True,/data/all_images/image_3341.jpeg,/DATA5/prabhakar/telecom/extracted_images/images/image_3341.jpeg,True,46812,dup_group_193,True,True,2,
3342,True,/data/all_images/image_3342.jpeg,/DATA5/prabhakar/telecom/extracted_images/images/image_3342.jpeg,True,33680,dup_group_194,True,True,2,
3343,True,/data/all_images/image_3343.jpeg,/DATA5/prabhakar/telecom/extracted_images/images/image_3343.jpeg,True,51020,dup_group_195,True,True,2,
3344,True,/data/all_images/image_3344.jpeg,/DATA5/prabhakar/telecom/extracted_images/images/image_3344.jpeg,True,24944,dup_group_196,True,True,2,
3345,True,/data/all_images/image_3345.jpeg,/DATA5/prabhakar/telecom/extracted_images/images/image_3345.jpeg,True,47539,dup_group_197,True,True,2,
3346,True,/data/all_images/image_3346.jpeg,/DATA5/prabhakar/telecom/extracted_images/images/image_3346.jpeg,True,43883,dup_group_198,True,True,2,
3347,True,/data/all_images/image_3347.png,/DATA5/prabhakar/telecom/extracted_images/images/image_3347.png,True,32302,dup_group_199,True,True,2,
3348,True,/data/all_images/image_3348.jpeg,/DATA5/prabhakar/telecom/extracted_images/images/image_3348.jpeg,True,50815,dup_group_200,True,True,2,
3349,True,/data/all_images/image_3349.jpeg,/DATA5/prabhakar/telecom/extracted_images/images/image_3349.jpeg,True,33477,dup_group_201,True,True,2,
3350,True,/data/all_images/image_3350.png,/DATA5/prabhakar/telecom/extracted_images/images/image_3350.png,True,20752,dup_group_202,True,True,2,
3351,True,/data/all_images/image_3351.jpeg,/DATA5/prabhakar/telecom/extracted_images/images/image_3351.jpeg,True,34615,dup_group_203,True,True,2,
3352,True,/data/all_images/image_3352.jpeg,/DATA5/prabhakar/telecom/extracted_images/images/image_3352.jpeg,True,21500,dup_group_204,True,True,2,
3353,True,/data/all_images/image_3353.jpeg,/DATA5/prabhakar/telecom/extracted_images/images/image_3353.jpeg,True,25792,singleton_3353,True,False,1,
3354,True,/data/all_images/image_3354.jpeg,/DATA5/prabhakar/telecom/extracted_images/images/image_3354.jpeg,True,22571,singleton_3354,True,False,1,
3355,True,/data/all_images/image_3355.jpeg,/DATA5/prabhakar/telecom/extracted_images/images/image_3355.jpeg,True,22567,singleton_3355,True,False,1,
3356,True,/data/all_images/image_3356.jpeg,/DATA5/prabhakar/telecom/extracted_images/images/image_3356.jpeg,True,27371,singleton_3356,True,False,1,
3357,True,/data/all_images/image_3357.jpeg,/DATA5/prabhakar/telecom/extracted_images/images/image_3357.jpeg,True,39223,singleton_3357,True,False,1,
3358,True,/data/all_images/image_3358.jpeg,/DATA5/prabhakar/telecom/extracted_images/images/image_3358.jpeg,True,36477,singleton_3358,True,False,1,
3359,True,/data/all_images/image_3359.png,/DATA5/prabhakar/telecom/extracted_images/images/image_3359.png,True,21661,singleton_3359,True,False,1,
3360,True,/data/all_images/image_3360.jpeg,/DATA5/prabhakar/telecom/extracted_images/images/image_3360.jpeg,True,45422,singleton_3360,True,False,1,
3361,True,/data/all_images/image_3361.jpeg,/DATA5/prabhakar/telecom/extracted_images/images/image_3361.jpeg,True,28554,singleton_3361,True,False,1,
3362,True,/data/all_images/image_3362.jpeg,/DATA5/prabhakar/telecom/extracted_images/images/image_3362.jpeg,True,36967,singleton_3362,True,False,1,
3363,True,/data/all_images/image_3363.jpeg,/DATA5/prabhakar/telecom/extracted_images/images/image_3363.jpeg,True,27000,singleton_3363,True,False,1,
3364,True,/data/all_images/image_3364.jpeg,/DATA5/prabhakar/telecom/extracted_images/images/image_3364.jpeg,True,31056,singleton_3364,True,False,1,
3365,True,/data/all_images/image_3365.jpeg,/DATA5/prabhakar/telecom/extracted_images/images/image_3365.jpeg,True,24260,singleton_3365,True,False,1,
3366,True,/data/all_images/image_3366.jpeg,/DATA5/prabhakar/telecom/extracted_images/images/image_3366.jpeg,True,109238,singleton_3366,True,False,1,
3367,True,/data/all_images/image_3367.jpeg,/DATA5/prabhakar/telecom/extracted_images/images/image_3367.jpeg,True,57086,singleton_3367,True,False,1,
3368,True,/data/all_images/image_3368.jpeg,/DATA5/prabhakar/telecom/extracted_images/images/image_3368.jpeg,True,71202,singleton_3368,True,False,1,
3369,True,/data/all_images/image_3369.jpeg,/DATA5/prabhakar/telecom/extracted_images/images/image_3369.jpeg,True,75279,singleton_3369,True,False,1,
3370,True,/data/all_images/image_3370.jpeg,/DATA5/prabhakar/telecom/extracted_images/images/image_3370.jpeg,True,35845,singleton_3370,True,False,1,
3371,True,/data/all_images/image_3371.jpeg,/DATA5/prabhakar/telecom/extracted_images/images/image_3371.jpeg,True,41678,singleton_3371,True,False,1,
3372,True,/data/all_images/image_3372.jpeg,/DATA5/prabhakar/telecom/extracted_images/images/image_3372.jpeg,True,31528,singleton_3372,True,False,1,
3373,True,/data/all_images/image_3373.jpeg,/DATA5/prabhakar/telecom/extracted_images/images/image_3373.jpeg,True,29443,singleton_3373,True,False,1,
3374,True,/data/all_images/image_3374.jpeg,/DATA5/prabhakar/telecom/extracted_images/images/image_3374.jpeg,True,29460,singleton_3374,True,False,1,
3375,True,/data/all_images/image_3375.jpeg,/DATA5/prabhakar/telecom/extracted_images/images/image_3375.jpeg,True,33425,singleton_3375,True,False,1,
3376,True,/data/all_images/image_3376.jpeg,/DATA5/prabhakar/telecom/extracted_images/images/image_3376.jpeg,True,50565,singleton_3376,True,False,1,
3377,True,/data/all_images/image_3377.jpeg,/DATA5/prabhakar/telecom/extracted_images/images/image_3377.jpeg,True,35290,singleton_3377,True,False,1,
3378,True,/data/all_images/image_3378.jpeg,/DATA5/prabhakar/telecom/extracted_images/images/image_3378.jpeg,True,34288,singleton_3378,True,False,1,
3379,True,/data/all_images/image_3379.jpeg,/DATA5/prabhakar/telecom/extracted_images/images/image_3379.jpeg,True,26226,singleton_3379,True,False,1,
3380,True,/data/all_images/image_3380.jpeg,/DATA5/prabhakar/telecom/extracted_images/images/image_3380.jpeg,True,53266,singleton_3380,True,False,1,
3381,True,/data/all_images/image_3381.jpeg,/DATA5/prabhakar/telecom/extracted_images/images/image_3381.jpeg,True,31523,singleton_3381,True,False,1,
3382,True,/data/all_images/image_3382.png,/DATA5/prabhakar/telecom/extracted_images/images/image_3382.png,True,23544,singleton_3382,True,False,1,
3383,True,/data/all_images/image_3383.jpeg,/DATA5/prabhakar/telecom/extracted_images/images/image_3383.jpeg,True,47820,singleton_3383,True,False,1,
3384,True,/data/all_images/image_3384.jpeg,/DATA5/prabhakar/telecom/extracted_images/images/image_3384.jpeg,True,28333,singleton_3384,True,False,1,
3385,True,/data/all_images/image_3385.png,/DATA5/prabhakar/telecom/extracted_images/images/image_3385.png,True,39494,singleton_3385,True,False,1,
3386,True,/data/all_images/image_3386.jpeg,/DATA5/prabhakar/telecom/extracted_images/images/image_3386.jpeg,True,64322,singleton_3386,True,False,1,
3387,True,/data/all_images/image_3387.jpeg,/DATA5/prabhakar/telecom/extracted_images/images/image_3387.jpeg,True,116405,singleton_3387,True,False,1,
3388,True,/data/all_images/image_3388.jpeg,/DATA5/prabhakar/telecom/extracted_images/images/image_3388.jpeg,True,43020,singleton_3388,True,False,1,
3389,True,/data/all_images/image_3389.jpeg,/DATA5/prabhakar/telecom/extracted_images/images/image_3389.jpeg,True,47321,singleton_3389,True,False,1,
3390,True,/data/all_images/image_3390.jpeg,/DATA5/prabhakar/telecom/extracted_images/images/image_3390.jpeg,True,100430,singleton_3390,True,False,1,
3391,True,/data/all_images/image_3391.jpeg,/DATA5/prabhakar/telecom/extracted_images/images/image_3391.jpeg,True,38739,singleton_3391,True,False,1,
3392,True,/data/all_images/image_3392.jpeg,/DATA5/prabhakar/telecom/extracted_images/images/image_3392.jpeg,True,46155,singleton_3392,True,False,1,
3393,True,/data/all_images/image_3393.jpeg,/DATA5/prabhakar/telecom/extracted_images/images/image_3393.jpeg,True,101791,singleton_3393,True,False,1,
3394,True,/data/all_images/image_3394.jpeg,/DATA5/prabhakar/telecom/extracted_images/images/image_3394.jpeg,True,38686,singleton_3394,True,False,1,
3395,True,/data/all_images/image_3395.jpeg,/DATA5/prabhakar/telecom/extracted_images/images/image_3395.jpeg,True,44269,singleton_3395,True,False,1,
3396,True,/data/all_images/image_3396.jpeg,/DATA5/prabhakar/telecom/extracted_images/images/image_3396.jpeg,True,104272,singleton_3396,True,False,1,
3397,True,/data/all_images/image_3397.jpeg,/DATA5/prabhakar/telecom/extracted_images/images/image_3397.jpeg,True,37986,singleton_3397,True,False,1,
3398,True,/data/all_images/image_3398.jpeg,/DATA5/prabhakar/telecom/extracted_images/images/image_3398.jpeg,True,50458,singleton_3398,True,False,1,
3399,True,/data/all_images/image_3399.jpeg,/DATA5/prabhakar/telecom/extracted_images/images/image_3399.jpeg,True,92572,singleton_3399,True,False,1,
3400,True,/data/all_images/image_3400.jpeg,/DATA5/prabhakar/telecom/extracted_images/images/image_3400.jpeg,True,43319,singleton_3400,True,False,1,
3401,True,/data/all_images/image_3401.jpeg,/DATA5/prabhakar/telecom/extracted_images/images/image_3401.jpeg,True,63490,singleton_3401,True,False,1,
3402,True,/data/all_images/image_3402.jpeg,/DATA5/prabhakar/telecom/extracted_images/images/image_3402.jpeg,True,25170,singleton_3402,True,False,1,
3403,True,/data/all_images/image_3403.jpeg,/DATA5/prabhakar/telecom/extracted_images/images/image_3403.jpeg,True,60554,singleton_3403,True,False,1,
3404,True,/data/all_images/image_3404.jpeg,/DATA5/prabhakar/telecom/extracted_images/images/image_3404.jpeg,True,36775,singleton_3404,True,False,1,
3405,True,/data/all_images/image_3405.jpeg,/DATA5/prabhakar/telecom/extracted_images/images/image_3405.jpeg,True,38690,singleton_3405,True,False,1,
3406,True,/data/all_images/image_3406.png,/DATA5/prabhakar/telecom/extracted_images/images/image_3406.png,True,47719,singleton_3406,True,False,1,
3407,True,/data/all_images/image_3407.png,/DATA5/prabhakar/telecom/extracted_images/images/image_3407.png,True,25817,singleton_3407,True,False,1,
3408,True,/data/all_images/image_3408.jpeg,/DATA5/prabhakar/telecom/extracted_images/images/image_3408.jpeg,True,20496,dup_group_35,True,True,4,
3409,True,/data/all_images/image_3409.jpeg,/DATA5/prabhakar/telecom/extracted_images/images/image_3409.jpeg,True,24285,singleton_3409,True,False,1,
3410,True,/data/all_images/image_3410.jpeg,/DATA5/prabhakar/telecom/extracted_images/images/image_3410.jpeg,True,29911,singleton_3410,True,False,1,
3411,True,/data/all_images/image_3411.png,/DATA5/prabhakar/telecom/extracted_images/images/image_3411.png,True,62236,singleton_3411,True,False,1,
3412,True,/data/all_images/image_3412.jpeg,/DATA5/prabhakar/telecom/extracted_images/images/image_3412.jpeg,True,28606,singleton_3412,True,False,1,
3413,True,/data/all_images/image_3413.png,/DATA5/prabhakar/telecom/extracted_images/images/image_3413.png,True,33784,singleton_3413,True,False,1,
3414,True,/data/all_images/image_3414.jpeg,/DATA5/prabhakar/telecom/extracted_images/images/image_3414.jpeg,True,56187,singleton_3414,True,False,1,
3415,True,/data/all_images/image_3415.jpeg,/DATA5/prabhakar/telecom/extracted_images/images/image_3415.jpeg,True,31638,singleton_3415,True,False,1,
3416,True,/data/all_images/image_3416.jpeg,/DATA5/prabhakar/telecom/extracted_images/images/image_3416.jpeg,True,31891,singleton_3416,True,False,1,
3417,True,/data/all_images/image_3417.jpeg,/DATA5/prabhakar/telecom/extracted_images/images/image_3417.jpeg,True,22761,singleton_3417,True,False,1,
3418,True,/data/all_images/image_3418.jpeg,/DATA5/prabhakar/telecom/extracted_images/images/image_3418.jpeg,True,47416,singleton_3418,True,False,1,
3419,True,/data/all_images/image_3419.jpeg,/DATA5/prabhakar/telecom/extracted_images/images/image_3419.jpeg,True,29658,singleton_3419,True,False,1,
3420,True,/data/all_images/image_3420.jpeg,/DATA5/prabhakar/telecom/extracted_images/images/image_3420.jpeg,True,32252,dup_group_36,True,True,2,
3421,True,/data/all_images/image_3421.png,/DATA5/prabhakar/telecom/extracted_images/images/image_3421.png,True,28008,singleton_3421,True,False,1,
3422,True,/data/all_images/image_3422.jpeg,/DATA5/prabhakar/telecom/extracted_images/images/image_3422.jpeg,True,20925,singleton_3422,True,False,1,
3423,True,/data/all_images/image_3423.png,/DATA5/prabhakar/telecom/extracted_images/images/image_3423.png,True,33561,singleton_3423,True,False,1,
3424,True,/data/all_images/image_3424.jpeg,/DATA5/prabhakar/telecom/extracted_images/images/image_3424.jpeg,True,29046,singleton_3424,True,False,1,
3425,True,/data/all_images/image_3425.jpeg,/DATA5/prabhakar/telecom/extracted_images/images/image_3425.jpeg,True,36109,singleton_3425,True,False,1,
3426,True,/data/all_images/image_3426.jpeg,/DATA5/prabhakar/telecom/extracted_images/images/image_3426.jpeg,True,29175,singleton_3426,True,False,1,
3427,True,/data/all_images/image_3427.jpeg,/DATA5/prabhakar/telecom/extracted_images/images/image_3427.jpeg,True,52901,singleton_3427,True,False,1,
3428,True,/data/all_images/image_3428.png,/DATA5/prabhakar/telecom/extracted_images/images/image_3428.png,True,26695,singleton_3428,True,False,1,
3429,True,/data/all_images/image_3429.png,/DATA5/prabhakar/telecom/extracted_images/images/image_3429.png,True,35731,singleton_3429,True,False,1,
3430,True,/data/all_images/image_3430.jpeg,/DATA5/prabhakar/telecom/extracted_images/images/image_3430.jpeg,True,31259,singleton_3430,True,False,1,
3431,True,/data/all_images/image_3431.jpeg,/DATA5/prabhakar/telecom/extracted_images/images/image_3431.jpeg,True,26636,singleton_3431,True,False,1,
3432,True,/data/all_images/image_3432.jpeg,/DATA5/prabhakar/telecom/extracted_images/images/image_3432.jpeg,True,49175,singleton_3432,True,False,1,
3433,True,/data/all_images/image_3433.jpeg,/DATA5/prabhakar/telecom/extracted_images/images/image_3433.jpeg,True,36564,singleton_3433,True,False,1,
3434,True,/data/all_images/image_3434.jpeg,/DATA5/prabhakar/telecom/extracted_images/images/image_3434.jpeg,True,25097,singleton_3434,True,False,1,
3435,True,/data/all_images/image_3435.jpeg,/DATA5/prabhakar/telecom/extracted_images/images/image_3435.jpeg,True,35669,singleton_3435,True,False,1,
3436,True,/data/all_images/image_3436.jpeg,/DATA5/prabhakar/telecom/extracted_images/images/image_3436.jpeg,True,21446,singleton_3436,True,False,1,
3437,True,/data/all_images/image_3437.jpeg,/DATA5/prabhakar/telecom/extracted_images/images/image_3437.jpeg,True,23639,singleton_3437,True,False,1,
3438,True,/data/all_images/image_3438.jpeg,/DATA5/prabhakar/telecom/extracted_images/images/image_3438.jpeg,True,34911,singleton_3438,True,False,1,
3439,True,/data/all_images/image_3439.jpeg,/DATA5/prabhakar/telecom/extracted_images/images/image_3439.jpeg,True,57274,singleton_3439,True,False,1,
3440,True,/data/all_images/image_3440.jpeg,/DATA5/prabhakar/telecom/extracted_images/images/image_3440.jpeg,True,43046,singleton_3440,True,False,1,
3441,True,/data/all_images/image_3441.jpeg,/DATA5/prabhakar/telecom/extracted_images/images/image_3441.jpeg,True,61965,singleton_3441,True,False,1,
3442,True,/data/all_images/image_3442.jpeg,/DATA5/prabhakar/telecom/extracted_images/images/image_3442.jpeg,True,57435,singleton_3442,True,False,1,
3443,True,/data/all_images/image_3443.png,/DATA5/prabhakar/telecom/extracted_images/images/image_3443.png,True,27701,singleton_3443,True,False,1,
3444,True,/data/all_images/image_3444.jpeg,/DATA5/prabhakar/telecom/extracted_images/images/image_3444.jpeg,True,21446,singleton_3444,True,False,1,
3445,True,/data/all_images/image_3445.jpeg,/DATA5/prabhakar/telecom/extracted_images/images/image_3445.jpeg,True,40498,singleton_3445,True,False,1,
3446,True,/data/all_images/image_3446.jpeg,/DATA5/prabhakar/telecom/extracted_images/images/image_3446.jpeg,True,24742,singleton_3446,True,False,1,
3447,True,/data/all_images/image_3447.jpeg,/DATA5/prabhakar/telecom/extracted_images/images/image_3447.jpeg,True,44737,singleton_3447,True,False,1,
3448,True,/data/all_images/image_3448.jpeg,/DATA5/prabhakar/telecom/extracted_images/images/image_3448.jpeg,True,58999,singleton_3448,True,False,1,
3449,True,/data/all_images/image_3449.jpeg,/DATA5/prabhakar/telecom/extracted_images/images/image_3449.jpeg,True,42794,singleton_3449,True,False,1,
3450,True,/data/all_images/image_3450.jpeg,/DATA5/prabhakar/telecom/extracted_images/images/image_3450.jpeg,True,28156,singleton_3450,True,False,1,
3451,True,/data/all_images/image_3451.png,/DATA5/prabhakar/telecom/extracted_images/images/image_3451.png,True,30343,singleton_3451,True,False,1,
3452,True,/data/all_images/image_3452.png,/DATA5/prabhakar/telecom/extracted_images/images/image_3452.png,True,30065,singleton_3452,True,False,1,
3453,True,/data/all_images/image_3453.jpeg,/DATA5/prabhakar/telecom/extracted_images/images/image_3453.jpeg,True,30121,singleton_3453,True,False,1,
3454,True,/data/all_images/image_3454.jpeg,/DATA5/prabhakar/telecom/extracted_images/images/image_3454.jpeg,True,30079,singleton_3454,True,False,1,
3455,True,/data/all_images/image_3455.jpeg,/DATA5/prabhakar/telecom/extracted_images/images/image_3455.jpeg,True,21560,dup_group_275,True,True,2,
3456,True,/data/all_images/image_3456.jpeg,/DATA5/prabhakar/telecom/extracted_images/images/image_3456.jpeg,True,21560,dup_group_275,True,True,2,
3457,True,/data/all_images/image_3457.jpeg,/DATA5/prabhakar/telecom/extracted_images/images/image_3457.jpeg,True,47829,singleton_3457,True,False,1,
3458,True,/data/all_images/image_3458.jpeg,/DATA5/prabhakar/telecom/extracted_images/images/image_3458.jpeg,True,34288,singleton_3458,True,False,1,
3459,True,/data/all_images/image_3459.png,/DATA5/prabhakar/telecom/extracted_images/images/image_3459.png,True,47994,singleton_3459,True,False,1,
3460,True,/data/all_images/image_3460.jpeg,/DATA5/prabhakar/telecom/extracted_images/images/image_3460.jpeg,True,21237,singleton_3460,True,False,1,
3461,True,/data/all_images/image_3461.jpeg,/DATA5/prabhakar/telecom/extracted_images/images/image_3461.jpeg,True,29301,singleton_3461,True,False,1,
3462,True,/data/all_images/image_3462.jpeg,/DATA5/prabhakar/telecom/extracted_images/images/image_3462.jpeg,True,21443,singleton_3462,True,False,1,
3463,True,/data/all_images/image_3463.png,/DATA5/prabhakar/telecom/extracted_images/images/image_3463.png,True,32462,singleton_3463,True,False,1,
3464,True,/data/all_images/image_3464.png,/DATA5/prabhakar/telecom/extracted_images/images/image_3464.png,True,32152,singleton_3464,True,False,1,
3465,True,/data/all_images/image_3465.png,/DATA5/prabhakar/telecom/extracted_images/images/image_3465.png,True,31427,singleton_3465,True,False,1,
3466,True,/data/all_images/image_3466.png,/DATA5/prabhakar/telecom/extracted_images/images/image_3466.png,True,33015,singleton_3466,True,False,1,
3467,True,/data/all_images/image_3467.png,/DATA5/prabhakar/telecom/extracted_images/images/image_3467.png,True,36660,singleton_3467,True,False,1,
3468,True,/data/all_images/image_3468.png,/DATA5/prabhakar/telecom/extracted_images/images/image_3468.png,True,33592,singleton_3468,True,False,1,
3469,True,/data/all_images/image_3469.png,/DATA5/prabhakar/telecom/extracted_images/images/image_3469.png,True,37849,singleton_3469,True,False,1,
3470,True,/data/all_images/image_3470.png,/DATA5/prabhakar/telecom/extracted_images/images/image_3470.png,True,36887,singleton_3470,True,False,1,
3471,True,/data/all_images/image_3471.png,/DATA5/prabhakar/telecom/extracted_images/images/image_3471.png,True,37679,singleton_3471,True,False,1,
3472,True,/data/all_images/image_3472.png,/DATA5/prabhakar/telecom/extracted_images/images/image_3472.png,True,34458,singleton_3472,True,False,1,
3473,True,/data/all_images/image_3473.png,/DATA5/prabhakar/telecom/extracted_images/images/image_3473.png,True,32139,singleton_3473,True,False,1,
3474,True,/data/all_images/image_3474.png,/DATA5/prabhakar/telecom/extracted_images/images/image_3474.png,True,31878,singleton_3474,True,False,1,
3475,True,/data/all_images/image_3475.png,/DATA5/prabhakar/telecom/extracted_images/images/image_3475.png,True,34995,singleton_3475,True,False,1,
3476,True,/data/all_images/image_3476.png,/DATA5/prabhakar/telecom/extracted_images/images/image_3476.png,True,35177,singleton_3476,True,False,1,
3477,True,/data/all_images/image_3477.png,/DATA5/prabhakar/telecom/extracted_images/images/image_3477.png,True,31215,singleton_3477,True,False,1,
3478,True,/data/all_images/image_3478.png,/DATA5/prabhakar/telecom/extracted_images/images/image_3478.png,True,34542,singleton_3478,True,False,1,
3479,True,/data/all_images/image_3479.png,/DATA5/prabhakar/telecom/extracted_images/images/image_3479.png,True,34125,singleton_3479,True,False,1,
3480,True,/data/all_images/image_3480.png,/DATA5/prabhakar/telecom/extracted_images/images/image_3480.png,True,33535,singleton_3480,True,False,1,
3481,True,/data/all_images/image_3481.png,/DATA5/prabhakar/telecom/extracted_images/images/image_3481.png,True,33116,singleton_3481,True,False,1,
3482,True,/data/all_images/image_3482.png,/DATA5/prabhakar/telecom/extracted_images/images/image_3482.png,True,32131,singleton_3482,True,False,1,
3483,True,/data/all_images/image_3483.png,/DATA5/prabhakar/telecom/extracted_images/images/image_3483.png,True,35700,singleton_3483,True,False,1,
3484,True,/data/all_images/image_3484.png,/DATA5/prabhakar/telecom/extracted_images/images/image_3484.png,True,33809,singleton_3484,True,False,1,
3485,True,/data/all_images/image_3485.jpeg,/DATA5/prabhakar/telecom/extracted_images/images/image_3485.jpeg,True,43467,singleton_3485,True,False,1,
3486,True,/data/all_images/image_3486.jpeg,/DATA5/prabhakar/telecom/extracted_images/images/image_3486.jpeg,True,57717,singleton_3486,True,False,1,
3487,True,/data/all_images/image_3487.jpeg,/DATA5/prabhakar/telecom/extracted_images/images/image_3487.jpeg,True,57020,singleton_3487,True,False,1,
3488,True,/data/all_images/image_3488.png,/DATA5/prabhakar/telecom/extracted_images/images/image_3488.png,True,43930,singleton_3488,True,False,1,
3489,True,/data/all_images/image_3489.png,/DATA5/prabhakar/telecom/extracted_images/images/image_3489.png,True,42240,singleton_3489,True,False,1,
3490,True,/data/all_images/image_3490.png,/DATA5/prabhakar/telecom/extracted_images/images/image_3490.png,True,32135,singleton_3490,True,False,1,
3491,True,/data/all_images/image_3491.png,/DATA5/prabhakar/telecom/extracted_images/images/image_3491.png,True,44250,singleton_3491,True,False,1,
3492,True,/data/all_images/image_3492.png,/DATA5/prabhakar/telecom/extracted_images/images/image_3492.png,True,42754,singleton_3492,True,False,1,
3493,True,/data/all_images/image_3493.jpeg,/DATA5/prabhakar/telecom/extracted_images/images/image_3493.jpeg,True,69299,singleton_3493,True,False,1,
3494,True,/data/all_images/image_3494.jpeg,/DATA5/prabhakar/telecom/extracted_images/images/image_3494.jpeg,True,75228,singleton_3494,True,False,1,
3495,True,/data/all_images/image_3495.jpeg,/DATA5/prabhakar/telecom/extracted_images/images/image_3495.jpeg,True,62809,singleton_3495,True,False,1,
3496,True,/data/all_images/image_3496.jpeg,/DATA5/prabhakar/telecom/extracted_images/images/image_3496.jpeg,True,76252,singleton_3496,True,False,1,
3497,True,/data/all_images/image_3497.jpeg,/DATA5/prabhakar/telecom/extracted_images/images/image_3497.jpeg,True,77916,singleton_3497,True,False,1,
3498,True,/data/all_images/image_3498.png,/DATA5/prabhakar/telecom/extracted_images/images/image_3498.png,True,68816,singleton_3498,True,False,1,
3499,True,/data/all_images/image_3499.png,/DATA5/prabhakar/telecom/extracted_images/images/image_3499.png,True,63053,singleton_3499,True,False,1,
3500,True,/data/all_images/image_3500.png,/DATA5/prabhakar/telecom/extracted_images/images/image_3500.png,True,61418,singleton_3500,True,False,1,
3501,True,/data/all_images/image_3501.png,/DATA5/prabhakar/telecom/extracted_images/images/image_3501.png,True,56181,singleton_3501,True,False,1,
3502,True,/data/all_images/image_3502.jpeg,/DATA5/prabhakar/telecom/extracted_images/images/image_3502.jpeg,True,35970,singleton_3502,True,False,1,
3503,True,/data/all_images/image_3503.jpeg,/DATA5/prabhakar/telecom/extracted_images/images/image_3503.jpeg,True,39722,singleton_3503,True,False,1,
3504,True,/data/all_images/image_3504.jpeg,/DATA5/prabhakar/telecom/extracted_images/images/image_3504.jpeg,True,38720,singleton_3504,True,False,1,
3505,True,/data/all_images/image_3505.jpeg,/DATA5/prabhakar/telecom/extracted_images/images/image_3505.jpeg,True,68591,singleton_3505,True,False,1,
3506,True,/data/all_images/image_3506.jpeg,/DATA5/prabhakar/telecom/extracted_images/images/image_3506.jpeg,True,53536,singleton_3506,True,False,1,
3507,True,/data/all_images/image_3507.jpeg,/DATA5/prabhakar/telecom/extracted_images/images/image_3507.jpeg,True,42841,singleton_3507,True,False,1,
3508,True,/data/all_images/image_3508.jpeg,/DATA5/prabhakar/telecom/extracted_images/images/image_3508.jpeg,True,54637,singleton_3508,True,False,1,
3509,True,/data/all_images/image_3509.jpeg,/DATA5/prabhakar/telecom/extracted_images/images/image_3509.jpeg,True,24071,singleton_3509,True,False,1,
3510,True,/data/all_images/image_3510.jpeg,/DATA5/prabhakar/telecom/extracted_images/images/image_3510.jpeg,True,38292,singleton_3510,True,False,1,
3511,True,/data/all_images/image_3511.jpeg,/DATA5/prabhakar/telecom/extracted_images/images/image_3511.jpeg,True,39989,singleton_3511,True,False,1,
3512,True,/data/all_images/image_3512.png,/DATA5/prabhakar/telecom/extracted_images/images/image_3512.png,True,26772,singleton_3512,True,False,1,
3513,True,/data/all_images/image_3513.png,/DATA5/prabhakar/telecom/extracted_images/images/image_3513.png,True,22300,singleton_3513,True,False,1,
3514,True,/data/all_images/image_3514.jpeg,/DATA5/prabhakar/telecom/extracted_images/images/image_3514.jpeg,True,35912,singleton_3514,True,False,1,
3515,True,/data/all_images/image_3515.png,/DATA5/prabhakar/telecom/extracted_images/images/image_3515.png,True,57950,singleton_3515,True,False,1,
3516,True,/data/all_images/image_3516.png,/DATA5/prabhakar/telecom/extracted_images/images/image_3516.png,True,34713,singleton_3516,True,False,1,
3517,True,/data/all_images/image_3517.png,/DATA5/prabhakar/telecom/extracted_images/images/image_3517.png,True,34438,singleton_3517,True,False,1,
3518,True,/data/all_images/image_3518.png,/DATA5/prabhakar/telecom/extracted_images/images/image_3518.png,True,30182,singleton_3518,True,False,1,
3519,True,/data/all_images/image_3519.png,/DATA5/prabhakar/telecom/extracted_images/images/image_3519.png,True,21372,singleton_3519,True,False,1,
3520,True,/data/all_images/image_3520.png,/DATA5/prabhakar/telecom/extracted_images/images/image_3520.png,True,27524,singleton_3520,True,False,1,
3521,True,/data/all_images/image_3521.png,/DATA5/prabhakar/telecom/extracted_images/images/image_3521.png,True,24636,singleton_3521,True,False,1,
3522,True,/data/all_images/image_3522.png,/DATA5/prabhakar/telecom/extracted_images/images/image_3522.png,True,22196,singleton_3522,True,False,1,
3523,True,/data/all_images/image_3523.png,/DATA5/prabhakar/telecom/extracted_images/images/image_3523.png,True,20740,singleton_3523,True,False,1,
3524,True,/data/all_images/image_3524.png,/DATA5/prabhakar/telecom/extracted_images/images/image_3524.png,True,21104,singleton_3524,True,False,1,
3525,True,/data/all_images/image_3525.png,/DATA5/prabhakar/telecom/extracted_images/images/image_3525.png,True,37836,singleton_3525,True,False,1,
3526,True,/data/all_images/image_3526.png,/DATA5/prabhakar/telecom/extracted_images/images/image_3526.png,True,44310,singleton_3526,True,False,1,
3527,True,/data/all_images/image_3527.png,/DATA5/prabhakar/telecom/extracted_images/images/image_3527.png,True,25613,singleton_3527,True,False,1,
3528,True,/data/all_images/image_3528.png,/DATA5/prabhakar/telecom/extracted_images/images/image_3528.png,True,20905,singleton_3528,True,False,1,
3529,True,/data/all_images/image_3529.png,/DATA5/prabhakar/telecom/extracted_images/images/image_3529.png,True,23323,singleton_3529,True,False,1,
3530,True,/data/all_images/image_3530.png,/DATA5/prabhakar/telecom/extracted_images/images/image_3530.png,True,20780,singleton_3530,True,False,1,
3531,True,/data/all_images/image_3531.png,/DATA5/prabhakar/telecom/extracted_images/images/image_3531.png,True,24200,singleton_3531,True,False,1,
3532,True,/data/all_images/image_3532.png,/DATA5/prabhakar/telecom/extracted_images/images/image_3532.png,True,27086,singleton_3532,True,False,1,
3533,True,/data/all_images/image_3533.jpeg,/DATA5/prabhakar/telecom/extracted_images/images/image_3533.jpeg,True,43994,singleton_3533,True,False,1,
3534,True,/data/all_images/image_3534.png,/DATA5/prabhakar/telecom/extracted_images/images/image_3534.png,True,51179,singleton_3534,True,False,1,
3535,True,/data/all_images/image_3535.png,/DATA5/prabhakar/telecom/extracted_images/images/image_3535.png,True,50060,singleton_3535,True,False,1,
3536,True,/data/all_images/image_3536.jpeg,/DATA5/prabhakar/telecom/extracted_images/images/image_3536.jpeg,True,50618,singleton_3536,True,False,1,
3537,True,/data/all_images/image_3537.jpeg,/DATA5/prabhakar/telecom/extracted_images/images/image_3537.jpeg,True,28404,singleton_3537,True,False,1,
3538,True,/data/all_images/image_3538.jpeg,/DATA5/prabhakar/telecom/extracted_images/images/image_3538.jpeg,True,32811,singleton_3538,True,False,1,
3539,True,/data/all_images/image_3539.jpeg,/DATA5/prabhakar/telecom/extracted_images/images/image_3539.jpeg,True,75431,singleton_3539,True,False,1,
3540,True,/data/all_images/image_3540.jpeg,/DATA5/prabhakar/telecom/extracted_images/images/image_3540.jpeg,True,62269,singleton_3540,True,False,1,
3541,True,/data/all_images/image_3541.png,/DATA5/prabhakar/telecom/extracted_images/images/image_3541.png,True,59790,singleton_3541,True,False,1,
3542,True,/data/all_images/image_3542.png,/DATA5/prabhakar/telecom/extracted_images/images/image_3542.png,True,58402,singleton_3542,True,False,1,
3543,True,/data/all_images/image_3543.png,/DATA5/prabhakar/telecom/extracted_images/images/image_3543.png,True,58543,singleton_3543,True,False,1,
3544,True,/data/all_images/image_3544.png,/DATA5/prabhakar/telecom/extracted_images/images/image_3544.png,True,28244,singleton_3544,True,False,1,
3545,True,/data/all_images/image_3545.png,/DATA5/prabhakar/telecom/extracted_images/images/image_3545.png,True,40551,singleton_3545,True,False,1,
3546,True,/data/all_images/image_3546.jpeg,/DATA5/prabhakar/telecom/extracted_images/images/image_3546.jpeg,True,55309,singleton_3546,True,False,1,
3547,True,/data/all_images/image_3547.jpeg,/DATA5/prabhakar/telecom/extracted_images/images/image_3547.jpeg,True,54983,singleton_3547,True,False,1,
3548,True,/data/all_images/image_3548.png,/DATA5/prabhakar/telecom/extracted_images/images/image_3548.png,True,28140,singleton_3548,True,False,1,
3549,True,/data/all_images/image_3549.jpeg,/DATA5/prabhakar/telecom/extracted_images/images/image_3549.jpeg,True,47507,singleton_3549,True,False,1,
3550,True,/data/all_images/image_3550.jpeg,/DATA5/prabhakar/telecom/extracted_images/images/image_3550.jpeg,True,46556,singleton_3550,True,False,1,
3551,True,/data/all_images/image_3551.jpeg,/DATA5/prabhakar/telecom/extracted_images/images/image_3551.jpeg,True,45942,singleton_3551,True,False,1,
3552,True,/data/all_images/image_3552.jpeg,/DATA5/prabhakar/telecom/extracted_images/images/image_3552.jpeg,True,47218,singleton_3552,True,False,1,
3553,True,/data/all_images/image_3553.png,/DATA5/prabhakar/telecom/extracted_images/images/image_3553.png,True,36146,singleton_3553,True,False,1,
3554,True,/data/all_images/image_3554.png,/DATA5/prabhakar/telecom/extracted_images/images/image_3554.png,True,38659,singleton_3554,True,False,1,
3555,True,/data/all_images/image_3555.jpeg,/DATA5/prabhakar/telecom/extracted_images/images/image_3555.jpeg,True,65100,singleton_3555,True,False,1,
3556,True,/data/all_images/image_3556.png,/DATA5/prabhakar/telecom/extracted_images/images/image_3556.png,True,31873,singleton_3556,True,False,1,
3557,True,/data/all_images/image_3557.jpeg,/DATA5/prabhakar/telecom/extracted_images/images/image_3557.jpeg,True,47219,singleton_3557,True,False,1,
3558,True,/data/all_images/image_3558.jpeg,/DATA5/prabhakar/telecom/extracted_images/images/image_3558.jpeg,True,41068,singleton_3558,True,False,1,
3559,True,/data/all_images/image_3559.jpeg,/DATA5/prabhakar/telecom/extracted_images/images/image_3559.jpeg,True,67439,singleton_3559,True,False,1,
3560,True,/data/all_images/image_3560.jpeg,/DATA5/prabhakar/telecom/extracted_images/images/image_3560.jpeg,True,79450,singleton_3560,True,False,1,
3561,True,/data/all_images/image_3561.jpeg,/DATA5/prabhakar/telecom/extracted_images/images/image_3561.jpeg,True,39782,singleton_3561,True,False,1,
3562,True,/data/all_images/image_3562.jpeg,/DATA5/prabhakar/telecom/extracted_images/images/image_3562.jpeg,True,78238,singleton_3562,True,False,1,
3563,True,/data/all_images/image_3563.jpeg,/DATA5/prabhakar/telecom/extracted_images/images/image_3563.jpeg,True,43705,singleton_3563,True,False,1,
3564,True,/data/all_images/image_3564.jpeg,/DATA5/prabhakar/telecom/extracted_images/images/image_3564.jpeg,True,85949,singleton_3564,True,False,1,
3565,True,/data/all_images/image_3565.jpeg,/DATA5/prabhakar/telecom/extracted_images/images/image_3565.jpeg,True,86697,singleton_3565,True,False,1,
3566,True,/data/all_images/image_3566.jpeg,/DATA5/prabhakar/telecom/extracted_images/images/image_3566.jpeg,True,86332,singleton_3566,True,False,1,
3567,True,/data/all_images/image_3567.jpeg,/DATA5/prabhakar/telecom/extracted_images/images/image_3567.jpeg,True,73811,singleton_3567,True,False,1,
3568,True,/data/all_images/image_3568.png,/DATA5/prabhakar/telecom/extracted_images/images/image_3568.png,True,51082,singleton_3568,True,False,1,
3569,True,/data/all_images/image_3569.jpeg,/DATA5/prabhakar/telecom/extracted_images/images/image_3569.jpeg,True,48020,singleton_3569,True,False,1,
3570,True,/data/all_images/image_3570.jpeg,/DATA5/prabhakar/telecom/extracted_images/images/image_3570.jpeg,True,67803,singleton_3570,True,False,1,
3571,True,/data/all_images/image_3571.jpeg,/DATA5/prabhakar/telecom/extracted_images/images/image_3571.jpeg,True,59071,singleton_3571,True,False,1,
3572,True,/data/all_images/image_3572.jpeg,/DATA5/prabhakar/telecom/extracted_images/images/image_3572.jpeg,True,50690,singleton_3572,True,False,1,
3573,True,/data/all_images/image_3573.jpeg,/DATA5/prabhakar/telecom/extracted_images/images/image_3573.jpeg,True,30737,singleton_3573,True,False,1,
3574,True,/data/all_images/image_3574.jpeg,/DATA5/prabhakar/telecom/extracted_images/images/image_3574.jpeg,True,122639,singleton_3574,True,False,1,
3575,True,/data/all_images/image_3575.jpeg,/DATA5/prabhakar/telecom/extracted_images/images/image_3575.jpeg,True,112521,singleton_3575,True,False,1,
3576,True,/data/all_images/image_3576.jpeg,/DATA5/prabhakar/telecom/extracted_images/images/image_3576.jpeg,True,45708,singleton_3576,True,False,1,
3577,True,/data/all_images/image_3577.png,/DATA5/prabhakar/telecom/extracted_images/images/image_3577.png,True,25622,singleton_3577,True,False,1,
3578,True,/data/all_images/image_3578.jpeg,/DATA5/prabhakar/telecom/extracted_images/images/image_3578.jpeg,True,38107,singleton_3578,True,False,1,
3579,True,/data/all_images/image_3579.jpeg,/DATA5/prabhakar/telecom/extracted_images/images/image_3579.jpeg,True,49642,singleton_3579,True,False,1,
3580,True,/data/all_images/image_3580.png,/DATA5/prabhakar/telecom/extracted_images/images/image_3580.png,True,38968,singleton_3580,True,False,1,
3581,True,/data/all_images/image_3581.jpeg,/DATA5/prabhakar/telecom/extracted_images/images/image_3581.jpeg,True,79962,singleton_3581,True,False,1,
3582,True,/data/all_images/image_3582.jpeg,/DATA5/prabhakar/telecom/extracted_images/images/image_3582.jpeg,True,20656,singleton_3582,True,False,1,
3583,True,/data/all_images/image_3583.png,/DATA5/prabhakar/telecom/extracted_images/images/image_3583.png,True,23577,singleton_3583,True,False,1,
3584,True,/data/all_images/image_3584.png,/DATA5/prabhakar/telecom/extracted_images/images/image_3584.png,True,34277,singleton_3584,True,False,1,
3585,True,/data/all_images/image_3585.jpeg,/DATA5/prabhakar/telecom/extracted_images/images/image_3585.jpeg,True,31593,singleton_3585,True,False,1,
3586,True,/data/all_images/image_3586.jpeg,/DATA5/prabhakar/telecom/extracted_images/images/image_3586.jpeg,True,44642,singleton_3586,True,False,1,
3587,True,/data/all_images/image_3587.jpeg,/DATA5/prabhakar/telecom/extracted_images/images/image_3587.jpeg,True,45717,singleton_3587,True,False,1,
3588,True,/data/all_images/image_3588.jpeg,/DATA5/prabhakar/telecom/extracted_images/images/image_3588.jpeg,True,59792,singleton_3588,True,False,1,
3589,True,/data/all_images/image_3589.jpeg,/DATA5/prabhakar/telecom/extracted_images/images/image_3589.jpeg,True,60709,singleton_3589,True,False,1,
3590,True,/data/all_images/image_3590.jpeg,/DATA5/prabhakar/telecom/extracted_images/images/image_3590.jpeg,True,56343,singleton_3590,True,False,1,
3591,True,/data/all_images/image_3591.jpeg,/DATA5/prabhakar/telecom/extracted_images/images/image_3591.jpeg,True,60896,singleton_3591,True,False,1,
3592,True,/data/all_images/image_3592.jpeg,/DATA5/prabhakar/telecom/extracted_images/images/image_3592.jpeg,True,71908,singleton_3592,True,False,1,
3593,True,/data/all_images/image_3593.jpeg,/DATA5/prabhakar/telecom/extracted_images/images/image_3593.jpeg,True,69413,singleton_3593,True,False,1,
3594,True,/data/all_images/image_3594.jpeg,/DATA5/prabhakar/telecom/extracted_images/images/image_3594.jpeg,True,54669,singleton_3594,True,False,1,
3595,True,/data/all_images/image_3595.jpeg,/DATA5/prabhakar/telecom/extracted_images/images/image_3595.jpeg,True,55726,singleton_3595,True,False,1,
3596,True,/data/all_images/image_3596.jpeg,/DATA5/prabhakar/telecom/extracted_images/images/image_3596.jpeg,True,55183,singleton_3596,True,False,1,
3597,True,/data/all_images/image_3597.jpeg,/DATA5/prabhakar/telecom/extracted_images/images/image_3597.jpeg,True,71730,singleton_3597,True,False,1,
3598,True,/data/all_images/image_3598.jpeg,/DATA5/prabhakar/telecom/extracted_images/images/image_3598.jpeg,True,71308,singleton_3598,True,False,1,
3599,True,/data/all_images/image_3599.jpeg,/DATA5/prabhakar/telecom/extracted_images/images/image_3599.jpeg,True,29600,singleton_3599,True,False,1,
3600,True,/data/all_images/image_3600.png,/DATA5/prabhakar/telecom/extracted_images/images/image_3600.png,True,30023,singleton_3600,True,False,1,
3601,True,/data/all_images/image_3601.png,/DATA5/prabhakar/telecom/extracted_images/images/image_3601.png,True,36361,singleton_3601,True,False,1,
3602,True,/data/all_images/image_3602.png,/DATA5/prabhakar/telecom/extracted_images/images/image_3602.png,True,33765,singleton_3602,True,False,1,
3603,True,/data/all_images/image_3603.jpeg,/DATA5/prabhakar/telecom/extracted_images/images/image_3603.jpeg,True,43044,singleton_3603,True,False,1,
3604,True,/data/all_images/image_3604.jpeg,/DATA5/prabhakar/telecom/extracted_images/images/image_3604.jpeg,True,28188,singleton_3604,True,False,1,
3605,True,/data/all_images/image_3605.png,/DATA5/prabhakar/telecom/extracted_images/images/image_3605.png,True,54651,singleton_3605,True,False,1,
3606,True,/data/all_images/image_3606.png,/DATA5/prabhakar/telecom/extracted_images/images/image_3606.png,True,27020,singleton_3606,True,False,1,
3607,True,/data/all_images/image_3607.png,/DATA5/prabhakar/telecom/extracted_images/images/image_3607.png,True,21186,singleton_3607,True,False,1,
3608,True,/data/all_images/image_3608.png,/DATA5/prabhakar/telecom/extracted_images/images/image_3608.png,True,24164,singleton_3608,True,False,1,
3609,True,/data/all_images/image_3609.png,/DATA5/prabhakar/telecom/extracted_images/images/image_3609.png,True,27572,singleton_3609,True,False,1,
3610,True,/data/all_images/image_3610.png,/DATA5/prabhakar/telecom/extracted_images/images/image_3610.png,True,29409,singleton_3610,True,False,1,
3611,True,/data/all_images/image_3611.png,/DATA5/prabhakar/telecom/extracted_images/images/image_3611.png,True,30121,singleton_3611,True,False,1,
3612,True,/data/all_images/image_3612.png,/DATA5/prabhakar/telecom/extracted_images/images/image_3612.png,True,33748,singleton_3612,True,False,1,
3613,True,/data/all_images/image_3613.png,/DATA5/prabhakar/telecom/extracted_images/images/image_3613.png,True,21770,singleton_3613,True,False,1,
3614,True,/data/all_images/image_3614.jpeg,/DATA5/prabhakar/telecom/extracted_images/images/image_3614.jpeg,True,99723,singleton_3614,True,False,1,
3615,True,/data/all_images/image_3615.png,/DATA5/prabhakar/telecom/extracted_images/images/image_3615.png,True,120540,singleton_3615,True,False,1,
3616,True,/data/all_images/image_3616.png,/DATA5/prabhakar/telecom/extracted_images/images/image_3616.png,True,32259,singleton_3616,True,False,1,
3617,True,/data/all_images/image_3617.png,/DATA5/prabhakar/telecom/extracted_images/images/image_3617.png,True,55011,singleton_3617,True,False,1,
3618,True,/data/all_images/image_3618.png,/DATA5/prabhakar/telecom/extracted_images/images/image_3618.png,True,55607,singleton_3618,True,False,1,
3619,True,/data/all_images/image_3619.jpeg,/DATA5/prabhakar/telecom/extracted_images/images/image_3619.jpeg,True,106249,singleton_3619,True,False,1,
3620,True,/data/all_images/image_3620.jpeg,/DATA5/prabhakar/telecom/extracted_images/images/image_3620.jpeg,True,80652,singleton_3620,True,False,1,
3621,True,/data/all_images/image_3621.jpeg,/DATA5/prabhakar/telecom/extracted_images/images/image_3621.jpeg,True,31316,singleton_3621,True,False,1,
3622,True,/data/all_images/image_3622.jpeg,/DATA5/prabhakar/telecom/extracted_images/images/image_3622.jpeg,True,35325,singleton_3622,True,False,1,
3623,True,/data/all_images/image_3623.png,/DATA5/prabhakar/telecom/extracted_images/images/image_3623.png,True,50324,singleton_3623,True,False,1,
3624,True,/data/all_images/image_3624.jpeg,/DATA5/prabhakar/telecom/extracted_images/images/image_3624.jpeg,True,43336,singleton_3624,True,False,1,
3625,True,/data/all_images/image_3625.jpeg,/DATA5/prabhakar/telecom/extracted_images/images/image_3625.jpeg,True,43152,singleton_3625,True,False,1,
3626,True,/data/all_images/image_3626.png,/DATA5/prabhakar/telecom/extracted_images/images/image_3626.png,True,29442,singleton_3626,True,False,1,
3627,True,/data/all_images/image_3627.jpeg,/DATA5/prabhakar/telecom/extracted_images/images/image_3627.jpeg,True,23157,dup_group_40,True,True,2,
3628,True,/data/all_images/image_3628.jpeg,/DATA5/prabhakar/telecom/extracted_images/images/image_3628.jpeg,True,32602,singleton_3628,True,False,1,
3629,True,/data/all_images/image_3629.jpeg,/DATA5/prabhakar/telecom/extracted_images/images/image_3629.jpeg,True,27589,singleton_3629,True,False,1,
3630,True,/data/all_images/image_3630.jpeg,/DATA5/prabhakar/telecom/extracted_images/images/image_3630.jpeg,True,49362,dup_group_276,True,True,2,
3631,True,/data/all_images/image_3631.png,/DATA5/prabhakar/telecom/extracted_images/images/image_3631.png,True,32974,singleton_3631,True,False,1,
3632,True,/data/all_images/image_3632.jpeg,/DATA5/prabhakar/telecom/extracted_images/images/image_3632.jpeg,True,150063,singleton_3632,True,False,1,
3633,True,/data/all_images/image_3633.png,/DATA5/prabhakar/telecom/extracted_images/images/image_3633.png,True,38286,singleton_3633,True,False,1,
3634,True,/data/all_images/image_3634.jpeg,/DATA5/prabhakar/telecom/extracted_images/images/image_3634.jpeg,True,37928,singleton_3634,True,False,1,
3635,True,/data/all_images/image_3635.jpeg,/DATA5/prabhakar/telecom/extracted_images/images/image_3635.jpeg,True,33786,singleton_3635,True,False,1,
3636,True,/data/all_images/image_3636.jpeg,/DATA5/prabhakar/telecom/extracted_images/images/image_3636.jpeg,True,32955,singleton_3636,True,False,1,
3637,True,/data/all_images/image_3637.png,/DATA5/prabhakar/telecom/extracted_images/images/image_3637.png,True,37570,singleton_3637,True,False,1,
3638,True,/data/all_images/image_3638.png,/DATA5/prabhakar/telecom/extracted_images/images/image_3638.png,True,37297,singleton_3638,True,False,1,
3639,True,/data/all_images/image_3639.png,/DATA5/prabhakar/telecom/extracted_images/images/image_3639.png,True,27588,singleton_3639,True,False,1,
3640,True,/data/all_images/image_3640.png,/DATA5/prabhakar/telecom/extracted_images/images/image_3640.png,True,23939,singleton_3640,True,False,1,
3641,True,/data/all_images/image_3641.jpeg,/DATA5/prabhakar/telecom/extracted_images/images/image_3641.jpeg,True,34178,singleton_3641,True,False,1,
3642,True,/data/all_images/image_3642.png,/DATA5/prabhakar/telecom/extracted_images/images/image_3642.png,True,26134,singleton_3642,True,False,1,
3643,True,/data/all_images/image_3643.jpeg,/DATA5/prabhakar/telecom/extracted_images/images/image_3643.jpeg,True,32031,singleton_3643,True,False,1,
3644,True,/data/all_images/image_3644.png,/DATA5/prabhakar/telecom/extracted_images/images/image_3644.png,True,43940,singleton_3644,True,False,1,
3645,True,/data/all_images/image_3645.png,/DATA5/prabhakar/telecom/extracted_images/images/image_3645.png,True,42427,singleton_3645,True,False,1,
3646,True,/data/all_images/image_3646.png,/DATA5/prabhakar/telecom/extracted_images/images/image_3646.png,True,42110,singleton_3646,True,False,1,
3647,True,/data/all_images/image_3647.png,/DATA5/prabhakar/telecom/extracted_images/images/image_3647.png,True,41130,singleton_3647,True,False,1,
3648,True,/data/all_images/image_3648.png,/DATA5/prabhakar/telecom/extracted_images/images/image_3648.png,True,42003,singleton_3648,True,False,1,
3649,True,/data/all_images/image_3649.png,/DATA5/prabhakar/telecom/extracted_images/images/image_3649.png,True,41915,singleton_3649,True,False,1,
3650,True,/data/all_images/image_3650.png,/DATA5/prabhakar/telecom/extracted_images/images/image_3650.png,True,44969,singleton_3650,True,False,1,
3651,True,/data/all_images/image_3651.png,/DATA5/prabhakar/telecom/extracted_images/images/image_3651.png,True,43179,singleton_3651,True,False,1,
3652,True,/data/all_images/image_3652.jpeg,/DATA5/prabhakar/telecom/extracted_images/images/image_3652.jpeg,True,74223,singleton_3652,True,False,1,
3653,True,/data/all_images/image_3653.jpeg,/DATA5/prabhakar/telecom/extracted_images/images/image_3653.jpeg,True,108532,singleton_3653,True,False,1,
3654,True,/data/all_images/image_3654.jpeg,/DATA5/prabhakar/telecom/extracted_images/images/image_3654.jpeg,True,73562,singleton_3654,True,False,1,
3655,True,/data/all_images/image_3655.jpeg,/DATA5/prabhakar/telecom/extracted_images/images/image_3655.jpeg,True,83563,singleton_3655,True,False,1,
3656,True,/data/all_images/image_3656.jpeg,/DATA5/prabhakar/telecom/extracted_images/images/image_3656.jpeg,True,36669,singleton_3656,True,False,1,
3657,True,/data/all_images/image_3657.jpeg,/DATA5/prabhakar/telecom/extracted_images/images/image_3657.jpeg,True,43390,singleton_3657,True,False,1,
3658,True,/data/all_images/image_3658.jpeg,/DATA5/prabhakar/telecom/extracted_images/images/image_3658.jpeg,True,51462,singleton_3658,True,False,1,
3659,True,/data/all_images/image_3659.jpeg,/DATA5/prabhakar/telecom/extracted_images/images/image_3659.jpeg,True,31175,singleton_3659,True,False,1,
3660,True,/data/all_images/image_3660.jpeg,/DATA5/prabhakar/telecom/extracted_images/images/image_3660.jpeg,True,39633,singleton_3660,True,False,1,
3661,True,/data/all_images/image_3661.jpeg,/DATA5/prabhakar/telecom/extracted_images/images/image_3661.jpeg,True,43994,singleton_3661,True,False,1,
3662,True,/data/all_images/image_3662.png,/DATA5/prabhakar/telecom/extracted_images/images/image_3662.png,True,54762,singleton_3662,True,False,1,
3663,True,/data/all_images/image_3663.jpeg,/DATA5/prabhakar/telecom/extracted_images/images/image_3663.jpeg,True,22578,singleton_3663,True,False,1,
3664,True,/data/all_images/image_3664.jpeg,/DATA5/prabhakar/telecom/extracted_images/images/image_3664.jpeg,True,23509,singleton_3664,True,False,1,
3665,True,/data/all_images/image_3665.jpeg,/DATA5/prabhakar/telecom/extracted_images/images/image_3665.jpeg,True,26116,singleton_3665,True,False,1,
3666,True,/data/all_images/image_3666.jpeg,/DATA5/prabhakar/telecom/extracted_images/images/image_3666.jpeg,True,27157,singleton_3666,True,False,1,
3667,True,/data/all_images/image_3667.jpeg,/DATA5/prabhakar/telecom/extracted_images/images/image_3667.jpeg,True,38601,singleton_3667,True,False,1,
3668,True,/data/all_images/image_3668.jpeg,/DATA5/prabhakar/telecom/extracted_images/images/image_3668.jpeg,True,49362,dup_group_276,True,True,2,
3669,True,/data/all_images/image_3669.jpeg,/DATA5/prabhakar/telecom/extracted_images/images/image_3669.jpeg,True,35228,singleton_3669,True,False,1,
3670,True,/data/all_images/image_3670.jpeg,/DATA5/prabhakar/telecom/extracted_images/images/image_3670.jpeg,True,37373,singleton_3670,True,False,1,
3671,True,/data/all_images/image_3671.jpeg,/DATA5/prabhakar/telecom/extracted_images/images/image_3671.jpeg,True,86432,singleton_3671,True,False,1,
3672,True,/data/all_images/image_3672.jpeg,/DATA5/prabhakar/telecom/extracted_images/images/image_3672.jpeg,True,25882,singleton_3672,True,False,1,
3673,True,/data/all_images/image_3673.jpeg,/DATA5/prabhakar/telecom/extracted_images/images/image_3673.jpeg,True,65914,singleton_3673,True,False,1,
3674,True,/data/all_images/image_3674.jpeg,/DATA5/prabhakar/telecom/extracted_images/images/image_3674.jpeg,True,28106,singleton_3674,True,False,1,
3675,True,/data/all_images/image_3675.jpeg,/DATA5/prabhakar/telecom/extracted_images/images/image_3675.jpeg,True,40866,singleton_3675,True,False,1,
3676,True,/data/all_images/image_3676.jpeg,/DATA5/prabhakar/telecom/extracted_images/images/image_3676.jpeg,True,21601,singleton_3676,True,False,1,
3677,True,/data/all_images/image_3677.jpeg,/DATA5/prabhakar/telecom/extracted_images/images/image_3677.jpeg,True,25233,singleton_3677,True,False,1,
3678,True,/data/all_images/image_3678.png,/DATA5/prabhakar/telecom/extracted_images/images/image_3678.png,True,25479,singleton_3678,True,False,1,
3679,True,/data/all_images/image_3679.jpeg,/DATA5/prabhakar/telecom/extracted_images/images/image_3679.jpeg,True,28748,singleton_3679,True,False,1,
3680,True,/data/all_images/image_3680.jpeg,/DATA5/prabhakar/telecom/extracted_images/images/image_3680.jpeg,True,27155,singleton_3680,True,False,1,
3681,True,/data/all_images/image_3681.png,/DATA5/prabhakar/telecom/extracted_images/images/image_3681.png,True,52516,singleton_3681,True,False,1,
3682,True,/data/all_images/image_3682.jpeg,/DATA5/prabhakar/telecom/extracted_images/images/image_3682.jpeg,True,73725,singleton_3682,True,False,1,
3683,True,/data/all_images/image_3683.jpeg,/DATA5/prabhakar/telecom/extracted_images/images/image_3683.jpeg,True,25165,singleton_3683,True,False,1,
3684,True,/data/all_images/image_3684.jpeg,/DATA5/prabhakar/telecom/extracted_images/images/image_3684.jpeg,True,21056,singleton_3684,True,False,1,
3685,True,/data/all_images/image_3685.jpeg,/DATA5/prabhakar/telecom/extracted_images/images/image_3685.jpeg,True,23197,dup_group_277,True,True,3,
3686,True,/data/all_images/image_3686.png,/DATA5/prabhakar/telecom/extracted_images/images/image_3686.png,True,55349,singleton_3686,True,False,1,
3687,True,/data/all_images/image_3687.jpeg,/DATA5/prabhakar/telecom/extracted_images/images/image_3687.jpeg,True,23197,dup_group_277,True,True,3,
3688,True,/data/all_images/image_3688.png,/DATA5/prabhakar/telecom/extracted_images/images/image_3688.png,True,46728,singleton_3688,True,False,1,
3689,True,/data/all_images/image_3689.jpeg,/DATA5/prabhakar/telecom/extracted_images/images/image_3689.jpeg,True,23197,dup_group_277,True,True,3,
3690,True,/data/all_images/image_3690.png,/DATA5/prabhakar/telecom/extracted_images/images/image_3690.png,True,46709,singleton_3690,True,False,1,
3691,True,/data/all_images/image_3691.png,/DATA5/prabhakar/telecom/extracted_images/images/image_3691.png,True,20963,singleton_3691,True,False,1,
3692,True,/data/all_images/image_3692.jpeg,/DATA5/prabhakar/telecom/extracted_images/images/image_3692.jpeg,True,82845,singleton_3692,True,False,1,
3693,True,/data/all_images/image_3693.jpeg,/DATA5/prabhakar/telecom/extracted_images/images/image_3693.jpeg,True,84735,singleton_3693,True,False,1,
3694,True,/data/all_images/image_3694.png,/DATA5/prabhakar/telecom/extracted_images/images/image_3694.png,True,69389,singleton_3694,True,False,1,
3695,True,/data/all_images/image_3695.png,/DATA5/prabhakar/telecom/extracted_images/images/image_3695.png,True,29878,singleton_3695,True,False,1,
3696,True,/data/all_images/image_3696.jpeg,/DATA5/prabhakar/telecom/extracted_images/images/image_3696.jpeg,True,46524,singleton_3696,True,False,1,
3697,True,/data/all_images/image_3697.jpeg,/DATA5/prabhakar/telecom/extracted_images/images/image_3697.jpeg,True,25898,singleton_3697,True,False,1,
3698,True,/data/all_images/image_3698.png,/DATA5/prabhakar/telecom/extracted_images/images/image_3698.png,True,52512,singleton_3698,True,False,1,
3699,True,/data/all_images/image_3699.jpeg,/DATA5/prabhakar/telecom/extracted_images/images/image_3699.jpeg,True,74118,singleton_3699,True,False,1,
3700,True,/data/all_images/image_3700.png,/DATA5/prabhakar/telecom/extracted_images/images/image_3700.png,True,67532,singleton_3700,True,False,1,
3701,True,/data/all_images/image_3701.jpeg,/DATA5/prabhakar/telecom/extracted_images/images/image_3701.jpeg,True,65595,singleton_3701,True,False,1,
3702,True,/data/all_images/image_3702.jpeg,/DATA5/prabhakar/telecom/extracted_images/images/image_3702.jpeg,True,34842,singleton_3702,True,False,1,
3703,True,/data/all_images/image_3703.jpeg,/DATA5/prabhakar/telecom/extracted_images/images/image_3703.jpeg,True,46800,singleton_3703,True,False,1,
3704,True,/data/all_images/image_3704.jpeg,/DATA5/prabhakar/telecom/extracted_images/images/image_3704.jpeg,True,41149,singleton_3704,True,False,1,
3705,True,/data/all_images/image_3705.jpeg,/DATA5/prabhakar/telecom/extracted_images/images/image_3705.jpeg,True,51005,singleton_3705,True,False,1,
3706,True,/data/all_images/image_3706.png,/DATA5/prabhakar/telecom/extracted_images/images/image_3706.png,True,54372,singleton_3706,True,False,1,
3707,True,/data/all_images/image_3707.png,/DATA5/prabhakar/telecom/extracted_images/images/image_3707.png,True,46611,singleton_3707,True,False,1,
3708,True,/data/all_images/image_3708.png,/DATA5/prabhakar/telecom/extracted_images/images/image_3708.png,True,33975,singleton_3708,True,False,1,
3709,True,/data/all_images/image_3709.png,/DATA5/prabhakar/telecom/extracted_images/images/image_3709.png,True,31592,singleton_3709,True,False,1,
3710,True,/data/all_images/image_3710.png,/DATA5/prabhakar/telecom/extracted_images/images/image_3710.png,True,24719,singleton_3710,True,False,1,
3711,True,/data/all_images/image_3711.jpeg,/DATA5/prabhakar/telecom/extracted_images/images/image_3711.jpeg,True,65777,singleton_3711,True,False,1,
3712,True,/data/all_images/image_3712.png,/DATA5/prabhakar/telecom/extracted_images/images/image_3712.png,True,30050,singleton_3712,True,False,1,
3713,True,/data/all_images/image_3713.png,/DATA5/prabhakar/telecom/extracted_images/images/image_3713.png,True,24922,singleton_3713,True,False,1,
3714,True,/data/all_images/image_3714.png,/DATA5/prabhakar/telecom/extracted_images/images/image_3714.png,True,31658,singleton_3714,True,False,1,
3715,True,/data/all_images/image_3715.png,/DATA5/prabhakar/telecom/extracted_images/images/image_3715.png,True,25494,singleton_3715,True,False,1,
3716,True,/data/all_images/image_3716.jpeg,/DATA5/prabhakar/telecom/extracted_images/images/image_3716.jpeg,True,40975,singleton_3716,True,False,1,
3717,True,/data/all_images/image_3717.png,/DATA5/prabhakar/telecom/extracted_images/images/image_3717.png,True,35071,singleton_3717,True,False,1,
3718,True,/data/all_images/image_3718.jpeg,/DATA5/prabhakar/telecom/extracted_images/images/image_3718.jpeg,True,35455,singleton_3718,True,False,1,
3719,True,/data/all_images/image_3719.png,/DATA5/prabhakar/telecom/extracted_images/images/image_3719.png,True,41683,singleton_3719,True,False,1,
3720,True,/data/all_images/image_3720.jpeg,/DATA5/prabhakar/telecom/extracted_images/images/image_3720.jpeg,True,23157,singleton_3720,True,False,1,
3721,True,/data/all_images/image_3721.jpeg,/DATA5/prabhakar/telecom/extracted_images/images/image_3721.jpeg,True,74317,singleton_3721,True,False,1,
3722,True,/data/all_images/image_3722.jpeg,/DATA5/prabhakar/telecom/extracted_images/images/image_3722.jpeg,True,42133,singleton_3722,True,False,1,
3723,True,/data/all_images/image_3723.jpeg,/DATA5/prabhakar/telecom/extracted_images/images/image_3723.jpeg,True,55061,singleton_3723,True,False,1,
3724,True,/data/all_images/image_3724.jpeg,/DATA5/prabhakar/telecom/extracted_images/images/image_3724.jpeg,True,27431,singleton_3724,True,False,1,
3725,True,/data/all_images/image_3725.jpeg,/DATA5/prabhakar/telecom/extracted_images/images/image_3725.jpeg,True,36644,singleton_3725,True,False,1,
3726,True,/data/all_images/image_3726.jpeg,/DATA5/prabhakar/telecom/extracted_images/images/image_3726.jpeg,True,35947,singleton_3726,True,False,1,
3727,True,/data/all_images/image_3727.jpeg,/DATA5/prabhakar/telecom/extracted_images/images/image_3727.jpeg,True,58056,singleton_3727,True,False,1,
3728,True,/data/all_images/image_3728.jpeg,/DATA5/prabhakar/telecom/extracted_images/images/image_3728.jpeg,True,51360,singleton_3728,True,False,1,
3729,True,/data/all_images/image_3729.jpeg,/DATA5/prabhakar/telecom/extracted_images/images/image_3729.jpeg,True,60964,singleton_3729,True,False,1,
3730,True,/data/all_images/image_3730.jpeg,/DATA5/prabhakar/telecom/extracted_images/images/image_3730.jpeg,True,66982,singleton_3730,True,False,1,
3731,True,/data/all_images/image_3731.jpeg,/DATA5/prabhakar/telecom/extracted_images/images/image_3731.jpeg,True,23749,singleton_3731,True,False,1,
3732,True,/data/all_images/image_3732.png,/DATA5/prabhakar/telecom/extracted_images/images/image_3732.png,True,50001,singleton_3732,True,False,1,
3733,True,/data/all_images/image_3733.jpeg,/DATA5/prabhakar/telecom/extracted_images/images/image_3733.jpeg,True,21707,singleton_3733,True,False,1,
3734,True,/data/all_images/image_3734.jpeg,/DATA5/prabhakar/telecom/extracted_images/images/image_3734.jpeg,True,50565,singleton_3734,True,False,1,
3735,True,/data/all_images/image_3735.jpeg,/DATA5/prabhakar/telecom/extracted_images/images/image_3735.jpeg,True,59608,singleton_3735,True,False,1,
3736,True,/data/all_images/image_3736.png,/DATA5/prabhakar/telecom/extracted_images/images/image_3736.png,True,50381,singleton_3736,True,False,1,
3737,True,/data/all_images/image_3737.png,/DATA5/prabhakar/telecom/extracted_images/images/image_3737.png,True,65957,singleton_3737,True,False,1,
3738,True,/data/all_images/image_3738.jpeg,/DATA5/prabhakar/telecom/extracted_images/images/image_3738.jpeg,True,51665,singleton_3738,True,False,1,
3739,True,/data/all_images/image_3739.png,/DATA5/prabhakar/telecom/extracted_images/images/image_3739.png,True,68369,singleton_3739,True,False,1,
3740,True,/data/all_images/image_3740.png,/DATA5/prabhakar/telecom/extracted_images/images/image_3740.png,True,87753,singleton_3740,True,False,1,
3741,True,/data/all_images/image_3741.png,/DATA5/prabhakar/telecom/extracted_images/images/image_3741.png,True,59232,singleton_3741,True,False,1,
3742,True,/data/all_images/image_3742.jpeg,/DATA5/prabhakar/telecom/extracted_images/images/image_3742.jpeg,True,38584,singleton_3742,True,False,1,
3743,True,/data/all_images/image_3743.jpeg,/DATA5/prabhakar/telecom/extracted_images/images/image_3743.jpeg,True,25895,singleton_3743,True,False,1,
3744,True,/data/all_images/image_3744.jpeg,/DATA5/prabhakar/telecom/extracted_images/images/image_3744.jpeg,True,36274,singleton_3744,True,False,1,
3745,True,/data/all_images/image_3745.jpeg,/DATA5/prabhakar/telecom/extracted_images/images/image_3745.jpeg,True,53817,singleton_3745,True,False,1,
3746,True,/data/all_images/image_3746.jpeg,/DATA5/prabhakar/telecom/extracted_images/images/image_3746.jpeg,True,59914,singleton_3746,True,False,1,
3747,True,/data/all_images/image_3747.png,/DATA5/prabhakar/telecom/extracted_images/images/image_3747.png,True,43734,dup_group_278,True,True,2,
3748,True,/data/all_images/image_3748.png,/DATA5/prabhakar/telecom/extracted_images/images/image_3748.png,True,49162,singleton_3748,True,False,1,
3749,True,/data/all_images/image_3749.jpeg,/DATA5/prabhakar/telecom/extracted_images/images/image_3749.jpeg,True,66634,dup_group_279,True,True,2,
3750,True,/data/all_images/image_3750.png,/DATA5/prabhakar/telecom/extracted_images/images/image_3750.png,True,36288,dup_group_280,True,True,2,
3751,True,/data/all_images/image_3751.jpeg,/DATA5/prabhakar/telecom/extracted_images/images/image_3751.jpeg,True,20496,dup_group_35,True,True,4,
3752,True,/data/all_images/image_3752.jpeg,/DATA5/prabhakar/telecom/extracted_images/images/image_3752.jpeg,True,28043,dup_group_15,True,True,4,
3753,True,/data/all_images/image_3753.jpeg,/DATA5/prabhakar/telecom/extracted_images/images/image_3753.jpeg,True,23500,singleton_3753,True,False,1,
3754,True,/data/all_images/image_3754.jpeg,/DATA5/prabhakar/telecom/extracted_images/images/image_3754.jpeg,True,42051,singleton_3754,True,False,1,
3755,True,/data/all_images/image_3755.jpeg,/DATA5/prabhakar/telecom/extracted_images/images/image_3755.jpeg,True,26868,singleton_3755,True,False,1,
3756,True,/data/all_images/image_3756.jpeg,/DATA5/prabhakar/telecom/extracted_images/images/image_3756.jpeg,True,46391,singleton_3756,True,False,1,
3757,True,/data/all_images/image_3757.jpeg,/DATA5/prabhakar/telecom/extracted_images/images/image_3757.jpeg,True,46826,singleton_3757,True,False,1,
3758,True,/data/all_images/image_3758.jpeg,/DATA5/prabhakar/telecom/extracted_images/images/image_3758.jpeg,True,23955,singleton_3758,True,False,1,
3759,True,/data/all_images/image_3759.jpeg,/DATA5/prabhakar/telecom/extracted_images/images/image_3759.jpeg,True,23930,singleton_3759,True,False,1,
3760,True,/data/all_images/image_3760.jpeg,/DATA5/prabhakar/telecom/extracted_images/images/image_3760.jpeg,True,62552,singleton_3760,True,False,1,
3761,True,/data/all_images/image_3761.png,/DATA5/prabhakar/telecom/extracted_images/images/image_3761.png,True,43734,dup_group_278,True,True,2,
3762,True,/data/all_images/image_3762.png,/DATA5/prabhakar/telecom/extracted_images/images/image_3762.png,True,48390,singleton_3762,True,False,1,
3763,True,/data/all_images/image_3763.jpeg,/DATA5/prabhakar/telecom/extracted_images/images/image_3763.jpeg,True,66634,dup_group_279,True,True,2,
3764,True,/data/all_images/image_3764.png,/DATA5/prabhakar/telecom/extracted_images/images/image_3764.png,True,36288,dup_group_280,True,True,2,
3765,True,/data/all_images/image_3765.jpeg,/DATA5/prabhakar/telecom/extracted_images/images/image_3765.jpeg,True,36527,singleton_3765,True,False,1,
